{"delta_t": 77.645495259, "avg_ep_lens": 200.0, "avg_ep_rews": 4.512616813182831, "min_ep_rews": 1.4970892667770386, "max_ep_rews": 7.528144359588623, "avg_actor_loss": -0.0973472036421299, "avg_critic_loss": 4.557210922241211, "_timestamp": 1742883879.8067877, "train/opt_f1": 22.57537078857422, "train/opt_prob": 79.89045715332031, "train/opt_cov": 100.0, "valid/opt_f1": 10.0, "valid/opt_prob": 17.782684326171875, "valid/opt_cov": 10.0, "train/last_f1": 1.9719973802566528, "train/last_prob": 20.436155319213867, "train/last_cov": 25.0, "valid/last_f1": 10.0, "valid/last_prob": 18.046579360961914, "valid/last_cov": 10.0, "_runtime": 5552.48930978775, "_step": 65}