{"delta_t": 82.691036716, "avg_ep_lens": 200.0, "avg_ep_rews": 5.889097213745117, "min_ep_rews": 3.5363006591796875, "max_ep_rews": 8.241893768310547, "avg_actor_loss": -0.10018190369009972, "avg_critic_loss": 4.036922979354858, "_timestamp": 1742883654.2583883, "train/opt_f1": 19.731658935546875, "train/opt_prob": 47.24414825439453, "train/opt_cov": 81.25, "valid/opt_f1": 10.0, "valid/opt_prob": 17.782684326171875, "valid/opt_cov": 10.0, "train/last_f1": 12.988231658935547, "train/last_prob": 35.868446350097656, "train/last_cov": 68.75, "valid/last_f1": 0.0, "valid/last_prob": 0.0, "valid/last_cov": 0.0, "_runtime": 5326.9409103393555, "_step": 62}