{"delta_t": 103.581639777, "avg_ep_lens": 200.0, "avg_ep_rews": 8.944819927215576, "min_ep_rews": 6.746095657348633, "max_ep_rews": 11.14354419708252, "avg_actor_loss": -0.12296752035617828, "avg_critic_loss": 3.3586856365203857, "_timestamp": 1742880457.9755254, "train/opt_f1": 7.225205421447754, "train/opt_prob": 17.265655517578125, "train/opt_cov": 81.25, "valid/opt_f1": 0.0, "valid/opt_prob": 0.0, "valid/opt_cov": 0.0, "train/last_f1": 7.375340461730957, "train/last_prob": 59.42475128173828, "train/last_cov": 87.5, "valid/last_f1": 0.0, "valid/last_prob": 0.0, "valid/last_cov": 0.0, "_runtime": 2130.658047437668, "_step": 23}