{"delta_t": 10487.355078855, "avg_ep_lens": 1000.0, "avg_ep_rews": 14.931615948677063, "min_ep_rews": 8.22313117980957, "max_ep_rews": 19.346752166748047, "avg_actor_loss": -0.13970038369297982, "avg_critic_loss": 4.178540873527527, "_timestamp": 1742875900.8073382, "train/opt_f1": 21.90771484375, "train/opt_prob": 54.9117431640625, "train/opt_cov": 99.21875, "valid/opt_f1": 22.35230255126953, "valid/opt_prob": 55.81489944458008, "valid/opt_cov": 99.11712646484375, "train/last_f1": 18.835660934448242, "train/last_prob": 55.580238342285156, "train/last_cov": 99.609375, "valid/last_f1": 16.906105041503906, "valid/last_prob": 55.0133171081543, "valid/last_cov": 98.99940490722656, "_runtime": 10540.203902244568, "_step": 0}