{
    "train_f1": 9.139350891113281,
    "train_prob": 17.216503143310547,
    "train_cov": 75.0,
    "valid_f1": 0.0,
    "valid_prob": 17.776052474975586,
    "valid_cov": 10.0,
    "len": 186,
    "binary_grammar": {
        "num_nt": 4,
        "num_pt": 14,
        "num_rhs": 324,
        "rule_probs": [
            [0, 0, 6, 0.019607843831181526],
            [0, 0, 7, 0.03921568766236305],
            [0, 1, 4, 0.019607843831181526],
            [0, 1, 5, 0.019607843831181526],
            [0, 1, 7, 0.019607843831181526],
            [0, 1, 12, 0.019607843831181526],
            [0, 2, 8, 0.019607843831181526],
            [0, 2, 12, 0.019607843831181526],
            [0, 2, 15, 0.019607843831181526],
            [0, 3, 2, 0.019607843831181526],
            [0, 3, 5, 0.019607843831181526],
            [0, 3, 6, 0.019607843831181526],
            [0, 4, 9, 0.019607843831181526],
            [0, 4, 15, 0.019607843831181526],
            [0, 4, 16, 0.019607843831181526],
            [0, 5, 8, 0.03921568766236305],
            [0, 5, 9, 0.019607843831181526],
            [0, 5, 16, 0.019607843831181526],
            [0, 6, 0, 0.019607843831181526],
            [0, 6, 3, 0.03921568766236305],
            [0, 6, 4, 0.019607843831181526],
            [0, 6, 7, 0.019607843831181526],
            [0, 7, 0, 0.019607843831181526],
            [0, 7, 5, 0.019607843831181526],
            [0, 7, 13, 0.019607843831181526],
            [0, 7, 14, 0.03921568766236305],
            [0, 7, 15, 0.019607843831181526],
            [0, 9, 0, 0.019607843831181526],
            [0, 9, 5, 0.019607843831181526],
            [0, 9, 8, 0.019607843831181526],
            [0, 9, 14, 0.019607843831181526],
            [0, 10, 4, 0.019607843831181526],
            [0, 10, 13, 0.019607843831181526],
            [0, 10, 17, 0.019607843831181526],
            [0, 11, 1, 0.019607843831181526],
            [0, 12, 4, 0.019607843831181526],
            [0, 13, 2, 0.019607843831181526],
            [0, 13, 5, 0.019607843831181526],
            [0, 13, 10, 0.03921568766236305],
            [0, 14, 3, 0.019607843831181526],
            [0, 14, 5, 0.019607843831181526],
            [0, 15, 5, 0.019607843831181526],
            [0, 17, 1, 0.019607843831181526],
            [0, 17, 3, 0.019607843831181526],
            [0, 17, 8, 0.03921568766236305],
            [1, 0, 3, 0.01923076994717121],
            [1, 0, 9, 0.01923076994717121],
            [1, 1, 16, 0.01923076994717121],
            [1, 2, 15, 0.01923076994717121],
            [1, 3, 1, 0.01923076994717121],
            [1, 3, 3, 0.01923076994717121],
            [1, 3, 5, 0.01923076994717121],
            [1, 3, 15, 0.01923076994717121],
            [1, 5, 11, 0.01923076994717121],
            [1, 6, 1, 0.01923076994717121],
            [1, 6, 6, 0.01923076994717121],
            [1, 6, 11, 0.01923076994717121],
            [1, 6, 13, 0.01923076994717121],
            [1, 6, 14, 0.01923076994717121],
            [1, 7, 0, 0.01923076994717121],
            [1, 7, 4, 0.01923076994717121],
            [1, 7, 7, 0.01923076994717121],
            [1, 7, 8, 0.01923076994717121],
            [1, 7, 13, 0.01923076994717121],
            [1, 8, 1, 0.01923076994717121],
            [1, 9, 3, 0.01923076994717121],
            [1, 9, 13, 0.01923076994717121],
            [1, 9, 14, 0.01923076994717121],
            [1, 9, 15, 0.01923076994717121],
            [1, 9, 16, 0.01923076994717121],
            [1, 10, 4, 0.01923076994717121],
            [1, 10, 11, 0.01923076994717121],
            [1, 11, 5, 0.01923076994717121],
            [1, 11, 8, 0.01923076994717121],
            [1, 11, 16, 0.01923076994717121],
            [1, 12, 9, 0.01923076994717121],
            [1, 12, 12, 0.03846153989434242],
            [1, 12, 17, 0.01923076994717121],
            [1, 13, 4, 0.01923076994717121],
            [1, 14, 3, 0.01923076994717121],
            [1, 14, 5, 0.01923076994717121],
            [1, 14, 8, 0.01923076994717121],
            [1, 14, 16, 0.01923076994717121],
            [1, 15, 1, 0.01923076994717121],
            [1, 15, 2, 0.01923076994717121],
            [1, 15, 5, 0.01923076994717121],
            [1, 15, 10, 0.01923076994717121],
            [1, 15, 11, 0.01923076994717121],
            [1, 15, 13, 0.01923076994717121],
            [1, 15, 14, 0.01923076994717121],
            [1, 16, 3, 0.01923076994717121],
            [1, 16, 5, 0.01923076994717121],
            [1, 16, 13, 0.01923076994717121],
            [1, 17, 2, 0.01923076994717121],
            [1, 17, 5, 0.01923076994717121],
            [1, 17, 14, 0.01923076994717121],
            [2, 0, 3, 0.03773584961891174],
            [2, 0, 12, 0.01886792480945587],
            [2, 1, 2, 0.03773584961891174],
            [2, 2, 5, 0.01886792480945587],
            [2, 2, 11, 0.01886792480945587],
            [2, 3, 2, 0.01886792480945587],
            [2, 3, 9, 0.01886792480945587],
            [2, 3, 15, 0.01886792480945587],
            [2, 3, 16, 0.01886792480945587],
            [2, 4, 1, 0.01886792480945587],
            [2, 4, 2, 0.01886792480945587],
            [2, 4, 7, 0.01886792480945587],
            [2, 4, 14, 0.01886792480945587],
            [2, 5, 1, 0.03773584961891174],
            [2, 5, 10, 0.01886792480945587],
            [2, 5, 11, 0.01886792480945587],
            [2, 6, 1, 0.01886792480945587],
            [2, 6, 6, 0.01886792480945587],
            [2, 6, 7, 0.01886792480945587],
            [2, 6, 9, 0.01886792480945587],
            [2, 7, 11, 0.01886792480945587],
            [2, 7, 13, 0.01886792480945587],
            [2, 7, 16, 0.01886792480945587],
            [2, 8, 1, 0.01886792480945587],
            [2, 8, 14, 0.01886792480945587],
            [2, 9, 3, 0.01886792480945587],
            [2, 9, 11, 0.01886792480945587],
            [2, 9, 13, 0.01886792480945587],
            [2, 9, 14, 0.01886792480945587],
            [2, 9, 17, 0.01886792480945587],
            [2, 10, 2, 0.01886792480945587],
            [2, 10, 12, 0.01886792480945587],
            [2, 11, 1, 0.01886792480945587],
            [2, 11, 5, 0.01886792480945587],
            [2, 12, 1, 0.01886792480945587],
            [2, 12, 3, 0.01886792480945587],
            [2, 12, 6, 0.01886792480945587],
            [2, 12, 9, 0.01886792480945587],
            [2, 12, 17, 0.01886792480945587],
            [2, 14, 11, 0.01886792480945587],
            [2, 14, 12, 0.01886792480945587],
            [2, 15, 6, 0.01886792480945587],
            [2, 15, 17, 0.01886792480945587],
            [2, 16, 5, 0.01886792480945587],
            [2, 16, 6, 0.03773584961891174],
            [2, 17, 5, 0.01886792480945587],
            [2, 17, 7, 0.01886792480945587],
            [2, 17, 14, 0.01886792480945587],
            [2, 17, 16, 0.01886792480945587],
            [3, 0, 5, 0.022727273404598236],
            [3, 0, 8, 0.022727273404598236],
            [3, 1, 5, 0.022727273404598236],
            [3, 2, 16, 0.022727273404598236],
            [3, 3, 3, 0.022727273404598236],
            [3, 3, 7, 0.022727273404598236],
            [3, 3, 12, 0.022727273404598236],
            [3, 4, 0, 0.022727273404598236],
            [3, 4, 5, 0.022727273404598236],
            [3, 4, 8, 0.022727273404598236],
            [3, 5, 6, 0.022727273404598236],
            [3, 5, 12, 0.022727273404598236],
            [3, 5, 13, 0.022727273404598236],
            [3, 6, 12, 0.04545454680919647],
            [3, 6, 13, 0.022727273404598236],
            [3, 7, 8, 0.022727273404598236],
            [3, 8, 4, 0.022727273404598236],
            [3, 8, 17, 0.022727273404598236],
            [3, 9, 4, 0.022727273404598236],
            [3, 9, 11, 0.022727273404598236],
            [3, 10, 4, 0.022727273404598236],
            [3, 11, 2, 0.04545454680919647],
            [3, 11, 12, 0.022727273404598236],
            [3, 12, 11, 0.022727273404598236],
            [3, 12, 12, 0.022727273404598236],
