{
    "train_f1": 10.533798217773438,
    "train_prob": 28.217222213745117,
    "train_cov": 62.5,
    "valid_f1": 0.0,
    "valid_prob": 0.0,
    "valid_cov": 0.0,
    "len": 187,
    "binary_grammar": {
        "num_nt": 4,
        "num_pt": 14,
        "num_rhs": 324,
        "rule_probs": [
            [0, 0, 8, 0.020408162847161293],
            [0, 0, 9, 0.020408162847161293],
            [0, 0, 15, 0.020408162847161293],
            [0, 1, 12, 0.020408162847161293],
            [0, 1, 14, 0.020408162847161293],
            [0, 2, 1, 0.020408162847161293],
            [0, 3, 1, 0.020408162847161293],
            [0, 3, 3, 0.020408162847161293],
            [0, 3, 4, 0.020408162847161293],
            [0, 3, 14, 0.020408162847161293],
            [0, 4, 11, 0.020408162847161293],
            [0, 4, 15, 0.020408162847161293],
            [0, 5, 10, 0.020408162847161293],
            [0, 5, 12, 0.020408162847161293],
            [0, 6, 13, 0.020408162847161293],
            [0, 6, 15, 0.020408162847161293],
            [0, 7, 1, 0.020408162847161293],
            [0, 7, 11, 0.020408162847161293],
            [0, 7, 13, 0.020408162847161293],
            [0, 8, 2, 0.020408162847161293],
            [0, 8, 3, 0.020408162847161293],
            [0, 8, 10, 0.020408162847161293],
            [0, 8, 12, 0.020408162847161293],
            [0, 9, 6, 0.020408162847161293],
            [0, 9, 16, 0.020408162847161293],
            [0, 10, 0, 0.020408162847161293],
            [0, 10, 6, 0.020408162847161293],
            [0, 10, 9, 0.020408162847161293],
            [0, 10, 16, 0.020408162847161293],
            [0, 11, 0, 0.020408162847161293],
            [0, 11, 6, 0.020408162847161293],
            [0, 11, 7, 0.020408162847161293],
            [0, 12, 9, 0.020408162847161293],
            [0, 12, 10, 0.020408162847161293],
            [0, 13, 1, 0.020408162847161293],
            [0, 13, 9, 0.020408162847161293],
            [0, 14, 5, 0.020408162847161293],
            [0, 14, 7, 0.020408162847161293],
            [0, 14, 12, 0.020408162847161293],
            [0, 14, 15, 0.040816325694322586],
            [0, 15, 9, 0.020408162847161293],
            [0, 15, 15, 0.040816325694322586],
            [0, 16, 13, 0.020408162847161293],
            [0, 16, 16, 0.020408162847161293],
            [0, 17, 1, 0.020408162847161293],
            [0, 17, 6, 0.020408162847161293],
            [0, 17, 12, 0.020408162847161293],
            [1, 0, 13, 0.024390242993831635],
            [1, 0, 15, 0.024390242993831635],
            [1, 1, 4, 0.024390242993831635],
            [1, 2, 5, 0.024390242993831635],
            [1, 2, 14, 0.024390242993831635],
            [1, 2, 17, 0.024390242993831635],
            [1, 3, 11, 0.024390242993831635],
            [1, 3, 12, 0.024390242993831635],
            [1, 4, 2, 0.024390242993831635],
            [1, 4, 4, 0.04878048598766327],
            [1, 5, 16, 0.04878048598766327],
            [1, 6, 14, 0.024390242993831635],
            [1, 6, 15, 0.024390242993831635],
            [1, 7, 3, 0.024390242993831635],
            [1, 8, 1, 0.024390242993831635],
            [1, 8, 7, 0.024390242993831635],
            [1, 8, 9, 0.024390242993831635],
            [1, 9, 11, 0.024390242993831635],
            [1, 9, 15, 0.024390242993831635],
            [1, 10, 16, 0.024390242993831635],
            [1, 11, 0, 0.024390242993831635],
            [1, 12, 4, 0.024390242993831635],
            [1, 12, 9, 0.024390242993831635],
            [1, 12, 11, 0.024390242993831635],
            [1, 12, 13, 0.024390242993831635],
            [1, 12, 15, 0.024390242993831635],
            [1, 13, 6, 0.024390242993831635],
            [1, 13, 14, 0.04878048598766327],
            [1, 14, 15, 0.024390242993831635],
            [1, 15, 11, 0.024390242993831635],
            [1, 16, 0, 0.024390242993831635],
            [1, 16, 1, 0.024390242993831635],
            [1, 17, 0, 0.024390242993831635],
            [1, 17, 1, 0.024390242993831635],
            [1, 17, 4, 0.024390242993831635],
            [1, 17, 6, 0.024390242993831635],
            [1, 17, 9, 0.024390242993831635],
            [1, 17, 13, 0.024390242993831635],
            [2, 0, 5, 0.02083333395421505],
            [2, 0, 9, 0.02083333395421505],
            [2, 0, 11, 0.02083333395421505],
            [2, 1, 0, 0.02083333395421505],
            [2, 1, 2, 0.02083333395421505],
            [2, 1, 12, 0.02083333395421505],
            [2, 2, 16, 0.02083333395421505],
            [2, 3, 5, 0.02083333395421505],
            [2, 4, 3, 0.02083333395421505],
            [2, 4, 15, 0.02083333395421505],
            [2, 5, 4, 0.02083333395421505],
            [2, 5, 13, 0.02083333395421505],
            [2, 6, 3, 0.02083333395421505],
            [2, 6, 11, 0.02083333395421505],
            [2, 7, 1, 0.02083333395421505],
            [2, 7, 2, 0.02083333395421505],
            [2, 7, 6, 0.02083333395421505],
            [2, 7, 15, 0.02083333395421505],
            [2, 9, 5, 0.02083333395421505],
            [2, 9, 17, 0.02083333395421505],
            [2, 10, 2, 0.02083333395421505],
            [2, 10, 9, 0.02083333395421505],
            [2, 10, 10, 0.02083333395421505],
            [2, 11, 4, 0.02083333395421505],
            [2, 11, 10, 0.02083333395421505],
            [2, 12, 1, 0.02083333395421505],
            [2, 12, 2, 0.02083333395421505],
            [2, 12, 15, 0.02083333395421505],
            [2, 13, 2, 0.02083333395421505],
            [2, 13, 4, 0.0416666679084301],
            [2, 13, 8, 0.02083333395421505],
            [2, 13, 14, 0.02083333395421505],
            [2, 14, 0, 0.02083333395421505],
            [2, 14, 5, 0.02083333395421505],
            [2, 14, 13, 0.02083333395421505],
            [2, 15, 0, 0.02083333395421505],
            [2, 15, 3, 0.02083333395421505],
            [2, 15, 15, 0.02083333395421505],
            [2, 16, 3, 0.02083333395421505],
            [2, 16, 4, 0.02083333395421505],
            [2, 16, 6, 0.0416666679084301],
            [2, 16, 15, 0.02083333395421505],
            [2, 16, 17, 0.02083333395421505],
            [2, 17, 0, 0.02083333395421505],
            [2, 17, 16, 0.02083333395421505],
            [2, 17, 17, 0.02083333395421505],
            [3, 0, 4, 0.032258063554763794],
            [3, 0, 6, 0.016129031777381897],
            [3, 1, 3, 0.016129031777381897],
            [3, 1, 4, 0.016129031777381897],
            [3, 1, 9, 0.04838709533214569],
            [3, 1, 15, 0.016129031777381897],
            [3, 2, 13, 0.016129031777381897],
            [3, 3, 11, 0.016129031777381897],
            [3, 3, 16, 0.016129031777381897],
            [3, 3, 17, 0.016129031777381897],
            [3, 4, 2, 0.016129031777381897],
            [3, 4, 3, 0.016129031777381897],
            [3, 4, 10, 0.016129031777381897],
            [3, 4, 11, 0.016129031777381897],
            [3, 4, 17, 0.016129031777381897],
            [3, 5, 8, 0.016129031777381897],
            [3, 5, 11, 0.016129031777381897],
            [3, 6, 7, 0.016129031777381897],
            [3, 6, 12, 0.016129031777381897],
            [3, 6, 13, 0.016129031777381897],
            [3, 6, 16, 0.016129031777381897],
            [3, 7, 5, 0.016129031777381897],
            [3, 7, 11, 0.016129031777381897],
            [3, 7, 12, 0.016129031777381897],
            [3, 7, 15, 0.016129031777381897],
            [3, 8, 3, 0.016129031777381897],
            [3, 8, 6, 0.016129031777381897],
            [3, 8, 14, 0.032258063554763794],
            [3, 8, 15, 0.032258063554763794],
            [3, 9, 16, 0.016129031777381897],
            [3, 10, 3, 0.016129031777381897],
            [3, 10, 5, 0.016129031777381897],
            [3, 10, 13, 0.016129031777381897],
            [3, 10, 15, 0.016129031777381897],
            [3, 11, 1, 0.016129031777381897],
            [3, 11, 7, 0.016129031777381897],
            [3, 12, 1, 0.016129031777381897],
