{
    "train_f1": 16.89595603942871,
    "train_prob": 63.822593688964844,
    "train_cov": 93.75,
    "valid_f1": 0.0,
    "valid_prob": 0.0,
    "valid_cov": 0.0,
    "len": 181,
    "binary_grammar": {
        "num_nt": 4,
        "num_pt": 14,
        "num_rhs": 324,
        "rule_probs": [
            [0, 0, 1, 0.01886792480945587],
            [0, 0, 6, 0.01886792480945587],
            [0, 0, 15, 0.01886792480945587],
            [0, 1, 0, 0.01886792480945587],
            [0, 2, 16, 0.01886792480945587],
            [0, 3, 2, 0.01886792480945587],
            [0, 3, 5, 0.01886792480945587],
            [0, 3, 7, 0.03773584961891174],
            [0, 3, 10, 0.01886792480945587],
            [0, 3, 15, 0.01886792480945587],
            [0, 3, 16, 0.01886792480945587],
            [0, 4, 3, 0.01886792480945587],
            [0, 4, 16, 0.01886792480945587],
            [0, 5, 6, 0.01886792480945587],
            [0, 6, 11, 0.01886792480945587],
            [0, 7, 4, 0.01886792480945587],
            [0, 8, 5, 0.03773584961891174],
            [0, 8, 12, 0.01886792480945587],
            [0, 9, 5, 0.01886792480945587],
            [0, 9, 12, 0.01886792480945587],
            [0, 9, 15, 0.01886792480945587],
            [0, 10, 6, 0.01886792480945587],
            [0, 10, 9, 0.01886792480945587],
            [0, 10, 12, 0.01886792480945587],
            [0, 10, 14, 0.01886792480945587],
            [0, 11, 2, 0.01886792480945587],
            [0, 11, 6, 0.03773584961891174],
            [0, 11, 9, 0.01886792480945587],
            [0, 11, 11, 0.01886792480945587],
            [0, 11, 13, 0.01886792480945587],
            [0, 11, 15, 0.01886792480945587],
            [0, 12, 0, 0.01886792480945587],
            [0, 12, 12, 0.01886792480945587],
            [0, 12, 14, 0.01886792480945587],
            [0, 12, 16, 0.01886792480945587],
            [0, 13, 13, 0.01886792480945587],
            [0, 14, 2, 0.01886792480945587],
            [0, 14, 5, 0.01886792480945587],
            [0, 14, 6, 0.01886792480945587],
            [0, 14, 12, 0.01886792480945587],
            [0, 14, 14, 0.01886792480945587],
            [0, 14, 15, 0.01886792480945587],
            [0, 14, 17, 0.01886792480945587],
            [0, 15, 9, 0.01886792480945587],
            [0, 15, 10, 0.01886792480945587],
            [0, 16, 1, 0.01886792480945587],
            [0, 16, 17, 0.01886792480945587],
            [0, 17, 3, 0.01886792480945587],
            [0, 17, 7, 0.01886792480945587],
            [0, 17, 15, 0.01886792480945587],
            [1, 0, 12, 0.021739130839705467],
            [1, 0, 14, 0.021739130839705467],
            [1, 0, 15, 0.021739130839705467],
            [1, 1, 3, 0.021739130839705467],
            [1, 1, 7, 0.021739130839705467],
            [1, 1, 9, 0.021739130839705467],
            [1, 2, 6, 0.043478261679410934],
            [1, 2, 8, 0.021739130839705467],
            [1, 3, 13, 0.021739130839705467],
            [1, 4, 4, 0.021739130839705467],
            [1, 5, 1, 0.043478261679410934],
            [1, 7, 2, 0.021739130839705467],
            [1, 7, 9, 0.021739130839705467],
            [1, 8, 0, 0.021739130839705467],
            [1, 8, 16, 0.021739130839705467],
            [1, 9, 8, 0.021739130839705467],
            [1, 9, 10, 0.021739130839705467],
            [1, 9, 15, 0.043478261679410934],
            [1, 10, 6, 0.043478261679410934],
            [1, 11, 1, 0.043478261679410934],
            [1, 11, 12, 0.021739130839705467],
            [1, 12, 5, 0.021739130839705467],
            [1, 12, 6, 0.021739130839705467],
            [1, 12, 7, 0.021739130839705467],
            [1, 12, 14, 0.021739130839705467],
            [1, 13, 2, 0.021739130839705467],
            [1, 13, 3, 0.021739130839705467],
            [1, 13, 4, 0.021739130839705467],
            [1, 13, 7, 0.021739130839705467],
            [1, 14, 3, 0.021739130839705467],
            [1, 14, 12, 0.021739130839705467],
            [1, 15, 1, 0.043478261679410934],
            [1, 15, 4, 0.021739130839705467],
            [1, 15, 12, 0.021739130839705467],
            [1, 16, 16, 0.021739130839705467],
            [1, 17, 0, 0.021739130839705467],
            [1, 17, 15, 0.043478261679410934],
            [1, 17, 16, 0.021739130839705467],
            [1, 17, 17, 0.021739130839705467],
            [2, 0, 2, 0.020408162847161293],
            [2, 0, 6, 0.020408162847161293],
            [2, 0, 8, 0.020408162847161293],
            [2, 0, 9, 0.020408162847161293],
            [2, 1, 17, 0.020408162847161293],
            [2, 2, 3, 0.020408162847161293],
            [2, 2, 5, 0.020408162847161293],
            [2, 2, 10, 0.020408162847161293],
            [2, 3, 1, 0.020408162847161293],
            [2, 3, 6, 0.020408162847161293],
            [2, 3, 12, 0.020408162847161293],
            [2, 3, 14, 0.040816325694322586],
            [2, 4, 7, 0.020408162847161293],
            [2, 5, 15, 0.020408162847161293],
            [2, 7, 9, 0.020408162847161293],
            [2, 7, 10, 0.020408162847161293],
            [2, 8, 5, 0.020408162847161293],
            [2, 8, 7, 0.040816325694322586],
            [2, 8, 14, 0.020408162847161293],
            [2, 8, 17, 0.020408162847161293],
            [2, 9, 7, 0.020408162847161293],
            [2, 9, 11, 0.020408162847161293],
            [2, 9, 14, 0.020408162847161293],
            [2, 9, 17, 0.040816325694322586],
            [2, 10, 0, 0.020408162847161293],
            [2, 10, 10, 0.020408162847161293],
            [2, 11, 0, 0.020408162847161293],
            [2, 11, 11, 0.020408162847161293],
            [2, 12, 4, 0.040816325694322586],
            [2, 12, 6, 0.020408162847161293],
            [2, 12, 10, 0.020408162847161293],
            [2, 12, 15, 0.020408162847161293],
            [2, 13, 11, 0.020408162847161293],
            [2, 14, 3, 0.020408162847161293],
            [2, 14, 4, 0.020408162847161293],
            [2, 15, 5, 0.020408162847161293],
            [2, 15, 11, 0.040816325694322586],
            [2, 15, 15, 0.020408162847161293],
            [2, 16, 1, 0.040816325694322586],
            [2, 16, 9, 0.020408162847161293],
            [2, 16, 14, 0.020408162847161293],
            [2, 16, 17, 0.020408162847161293],
            [2, 17, 7, 0.020408162847161293],
            [3, 0, 1, 0.019607843831181526],
            [3, 0, 11, 0.019607843831181526],
            [3, 0, 13, 0.019607843831181526],
            [3, 0, 14, 0.019607843831181526],
            [3, 1, 8, 0.019607843831181526],
            [3, 1, 10, 0.019607843831181526],
            [3, 1, 12, 0.019607843831181526],
            [3, 2, 0, 0.019607843831181526],
            [3, 2, 10, 0.019607843831181526],
            [3, 2, 16, 0.019607843831181526],
            [3, 3, 4, 0.019607843831181526],
            [3, 3, 9, 0.03921568766236305],
            [3, 3, 10, 0.019607843831181526],
            [3, 3, 17, 0.019607843831181526],
            [3, 4, 11, 0.019607843831181526],
            [3, 6, 2, 0.019607843831181526],
            [3, 6, 10, 0.019607843831181526],
            [3, 6, 11, 0.019607843831181526],
            [3, 6, 15, 0.019607843831181526],
            [3, 8, 5, 0.019607843831181526],
            [3, 8, 12, 0.019607843831181526],
            [3, 8, 15, 0.019607843831181526],
            [3, 8, 16, 0.019607843831181526],
            [3, 9, 3, 0.03921568766236305],
            [3, 9, 6, 0.019607843831181526],
            [3, 9, 8, 0.019607843831181526],
            [3, 9, 10, 0.019607843831181526],
            [3, 10, 4, 0.019607843831181526],
            [3, 10, 15, 0.019607843831181526],
            [3, 11, 6, 0.019607843831181526],
            [3, 11, 11, 0.019607843831181526],
            [3, 12, 8, 0.019607843831181526],
            [3, 12, 14, 0.019607843831181526],
            [3, 13, 6, 0.019607843831181526],
            [3, 13, 9, 0.019607843831181526],
            [3, 13, 13, 0.019607843831181526],
