{
    "train_f1": 6.119060516357422,
    "train_prob": 18.51557731628418,
    "train_cov": 43.75,
    "valid_f1": 0.0,
    "valid_prob": 0.0,
    "valid_cov": 0.0,
    "len": 183,
    "binary_grammar": {
        "num_nt": 4,
        "num_pt": 14,
        "num_rhs": 324,
        "rule_probs": [
            [0, 0, 0, 0.02083333395421505],
            [0, 0, 9, 0.02083333395421505],
            [0, 0, 13, 0.02083333395421505],
            [0, 0, 17, 0.02083333395421505],
            [0, 1, 1, 0.02083333395421505],
            [0, 1, 2, 0.02083333395421505],
            [0, 1, 8, 0.02083333395421505],
            [0, 2, 2, 0.02083333395421505],
            [0, 2, 8, 0.02083333395421505],
            [0, 2, 11, 0.02083333395421505],
            [0, 3, 1, 0.02083333395421505],
            [0, 4, 2, 0.02083333395421505],
            [0, 4, 9, 0.02083333395421505],
            [0, 5, 1, 0.02083333395421505],
            [0, 5, 3, 0.02083333395421505],
            [0, 5, 11, 0.02083333395421505],
            [0, 5, 12, 0.02083333395421505],
            [0, 7, 0, 0.02083333395421505],
            [0, 7, 9, 0.02083333395421505],
            [0, 7, 14, 0.02083333395421505],
            [0, 8, 7, 0.02083333395421505],
            [0, 8, 13, 0.02083333395421505],
            [0, 8, 14, 0.02083333395421505],
            [0, 9, 0, 0.02083333395421505],
            [0, 9, 2, 0.02083333395421505],
            [0, 9, 8, 0.02083333395421505],
            [0, 9, 10, 0.02083333395421505],
            [0, 9, 11, 0.02083333395421505],
            [0, 9, 12, 0.0416666679084301],
            [0, 9, 13, 0.02083333395421505],
            [0, 10, 1, 0.02083333395421505],
            [0, 10, 5, 0.02083333395421505],
            [0, 10, 9, 0.02083333395421505],
            [0, 11, 13, 0.02083333395421505],
            [0, 12, 4, 0.02083333395421505],
            [0, 12, 7, 0.02083333395421505],
            [0, 12, 9, 0.02083333395421505],
            [0, 13, 2, 0.02083333395421505],
            [0, 14, 2, 0.02083333395421505],
            [0, 14, 4, 0.02083333395421505],
            [0, 14, 13, 0.02083333395421505],
            [0, 14, 17, 0.02083333395421505],
            [0, 15, 7, 0.02083333395421505],
            [0, 15, 17, 0.0416666679084301],
            [0, 16, 13, 0.02083333395421505],
            [0, 17, 16, 0.02083333395421505],
            [1, 0, 7, 0.03773584961891174],
            [1, 1, 1, 0.01886792480945587],
            [1, 1, 12, 0.01886792480945587],
            [1, 2, 7, 0.01886792480945587],
            [1, 2, 10, 0.01886792480945587],
            [1, 3, 17, 0.01886792480945587],
            [1, 4, 3, 0.01886792480945587],
            [1, 5, 17, 0.01886792480945587],
            [1, 6, 13, 0.03773584961891174],
            [1, 7, 6, 0.01886792480945587],
            [1, 7, 14, 0.01886792480945587],
            [1, 8, 2, 0.01886792480945587],
            [1, 8, 11, 0.01886792480945587],
            [1, 8, 15, 0.01886792480945587],
            [1, 8, 16, 0.01886792480945587],
            [1, 9, 1, 0.01886792480945587],
            [1, 9, 16, 0.01886792480945587],
            [1, 9, 17, 0.01886792480945587],
            [1, 10, 4, 0.01886792480945587],
            [1, 10, 6, 0.03773584961891174],
            [1, 10, 11, 0.01886792480945587],
            [1, 10, 13, 0.01886792480945587],
            [1, 10, 16, 0.01886792480945587],
            [1, 10, 17, 0.01886792480945587],
            [1, 11, 0, 0.01886792480945587],
            [1, 11, 10, 0.01886792480945587],
            [1, 11, 11, 0.01886792480945587],
            [1, 12, 1, 0.01886792480945587],
            [1, 12, 6, 0.01886792480945587],
            [1, 12, 9, 0.01886792480945587],
            [1, 13, 1, 0.01886792480945587],
            [1, 13, 2, 0.03773584961891174],
            [1, 13, 6, 0.01886792480945587],
            [1, 13, 14, 0.01886792480945587],
            [1, 14, 7, 0.03773584961891174],
            [1, 14, 10, 0.01886792480945587],
            [1, 15, 1, 0.01886792480945587],
            [1, 15, 2, 0.01886792480945587],
            [1, 15, 4, 0.03773584961891174],
            [1, 15, 10, 0.01886792480945587],
            [1, 16, 1, 0.01886792480945587],
            [1, 16, 4, 0.01886792480945587],
            [1, 16, 5, 0.01886792480945587],
            [1, 16, 15, 0.01886792480945587],
            [1, 17, 2, 0.01886792480945587],
            [1, 17, 4, 0.01886792480945587],
            [1, 17, 12, 0.01886792480945587],
            [2, 0, 6, 0.04545454680919647],
            [2, 0, 16, 0.022727273404598236],
            [2, 1, 6, 0.022727273404598236],
            [2, 1, 11, 0.022727273404598236],
            [2, 3, 12, 0.022727273404598236],
            [2, 3, 13, 0.022727273404598236],
            [2, 4, 7, 0.022727273404598236],
            [2, 4, 9, 0.022727273404598236],
            [2, 5, 3, 0.022727273404598236],
            [2, 5, 6, 0.022727273404598236],
            [2, 5, 7, 0.022727273404598236],
            [2, 5, 12, 0.022727273404598236],
            [2, 6, 16, 0.022727273404598236],
            [2, 7, 3, 0.022727273404598236],
            [2, 7, 10, 0.022727273404598236],
            [2, 7, 16, 0.022727273404598236],
            [2, 8, 7, 0.022727273404598236],
            [2, 9, 7, 0.022727273404598236],
            [2, 9, 12, 0.022727273404598236],
            [2, 9, 13, 0.022727273404598236],
            [2, 9, 16, 0.04545454680919647],
            [2, 10, 0, 0.022727273404598236],
            [2, 11, 0, 0.022727273404598236],
            [2, 11, 10, 0.022727273404598236],
            [2, 11, 14, 0.022727273404598236],
            [2, 11, 15, 0.022727273404598236],
            [2, 11, 17, 0.022727273404598236],
            [2, 12, 1, 0.022727273404598236],
            [2, 12, 11, 0.022727273404598236],
            [2, 13, 17, 0.022727273404598236],
            [2, 14, 10, 0.022727273404598236],
            [2, 14, 12, 0.022727273404598236],
            [2, 15, 8, 0.022727273404598236],
            [2, 15, 10, 0.022727273404598236],
            [2, 15, 14, 0.022727273404598236],
            [2, 16, 1, 0.022727273404598236],
            [2, 16, 6, 0.022727273404598236],
            [2, 16, 10, 0.022727273404598236],
            [2, 16, 16, 0.022727273404598236],
            [2, 17, 0, 0.022727273404598236],
            [2, 17, 1, 0.022727273404598236],
            [2, 17, 2, 0.022727273404598236],
            [3, 0, 0, 0.0181818176060915],
            [3, 0, 8, 0.0181818176060915],
            [3, 0, 13, 0.0181818176060915],
            [3, 1, 15, 0.0181818176060915],
            [3, 1, 17, 0.036363635212183],
            [3, 2, 0, 0.0181818176060915],
            [3, 2, 16, 0.0181818176060915],
            [3, 4, 14, 0.0181818176060915],
            [3, 5, 12, 0.036363635212183],
            [3, 5, 13, 0.036363635212183],
            [3, 5, 16, 0.0181818176060915],
            [3, 6, 7, 0.0181818176060915],
            [3, 6, 10, 0.0181818176060915],
            [3, 6, 12, 0.0181818176060915],
            [3, 6, 13, 0.0181818176060915],
            [3, 6, 16, 0.036363635212183],
            [3, 8, 2, 0.0181818176060915],
            [3, 8, 4, 0.0181818176060915],
            [3, 8, 5, 0.0181818176060915],
            [3, 8, 6, 0.0181818176060915],
            [3, 9, 2, 0.0181818176060915],
            [3, 9, 4, 0.0181818176060915],
            [3, 9, 12, 0.0181818176060915],
            [3, 9, 14, 0.0181818176060915],
            [3, 9, 15, 0.0181818176060915],
            [3, 10, 0, 0.0181818176060915],
            [3, 10, 1, 0.0181818176060915],
            [3, 10, 8, 0.0181818176060915],
            [3, 10, 11, 0.0181818176060915],
            [3, 10, 12, 0.0181818176060915],
            [3, 11, 3, 0.036363635212183],
            [3, 11, 15, 0.0181818176060915],
            [3, 12, 8, 0.0181818176060915],
            [3, 12, 11, 0.0181818176060915],
            [3, 12, 14, 0.0181818176060915],
            [3, 13, 4, 0.036363635212183],
