{
    "train_f1": 6.45539665222168,
    "train_prob": 29.0784912109375,
    "train_cov": 68.75,
    "valid_f1": 0.0,
    "valid_prob": 0.0,
    "valid_cov": 0.0,
    "len": 176,
    "binary_grammar": {
        "num_nt": 4,
        "num_pt": 14,
        "num_rhs": 324,
        "rule_probs": [
            [0, 0, 11, 0.022727273404598236],
            [0, 1, 9, 0.022727273404598236],
            [0, 1, 11, 0.04545454680919647],
            [0, 2, 0, 0.022727273404598236],
            [0, 2, 10, 0.022727273404598236],
            [0, 2, 13, 0.022727273404598236],
            [0, 3, 2, 0.022727273404598236],
            [0, 3, 8, 0.022727273404598236],
            [0, 4, 15, 0.04545454680919647],
            [0, 4, 16, 0.022727273404598236],
            [0, 5, 2, 0.022727273404598236],
            [0, 5, 9, 0.022727273404598236],
            [0, 6, 3, 0.022727273404598236],
            [0, 6, 12, 0.022727273404598236],
            [0, 6, 13, 0.04545454680919647],
            [0, 7, 16, 0.022727273404598236],
            [0, 8, 6, 0.022727273404598236],
            [0, 8, 7, 0.022727273404598236],
            [0, 9, 4, 0.022727273404598236],
            [0, 9, 10, 0.022727273404598236],
            [0, 9, 11, 0.022727273404598236],
            [0, 9, 12, 0.022727273404598236],
            [0, 10, 3, 0.022727273404598236],
            [0, 10, 4, 0.022727273404598236],
            [0, 10, 8, 0.022727273404598236],
            [0, 11, 11, 0.022727273404598236],
            [0, 11, 17, 0.022727273404598236],
            [0, 12, 0, 0.022727273404598236],
            [0, 12, 4, 0.022727273404598236],
            [0, 13, 13, 0.022727273404598236],
            [0, 13, 14, 0.022727273404598236],
            [0, 14, 2, 0.022727273404598236],
            [0, 14, 17, 0.022727273404598236],
            [0, 15, 0, 0.022727273404598236],
            [0, 15, 3, 0.022727273404598236],
            [0, 15, 11, 0.022727273404598236],
            [0, 16, 1, 0.022727273404598236],
            [0, 16, 2, 0.022727273404598236],
            [0, 17, 3, 0.04545454680919647],
            [0, 17, 11, 0.022727273404598236],
            [1, 1, 4, 0.020408162847161293],
            [1, 1, 8, 0.020408162847161293],
            [1, 1, 13, 0.020408162847161293],
            [1, 3, 10, 0.040816325694322586],
            [1, 4, 0, 0.020408162847161293],
            [1, 4, 1, 0.020408162847161293],
            [1, 4, 8, 0.020408162847161293],
            [1, 5, 3, 0.020408162847161293],
            [1, 5, 17, 0.020408162847161293],
            [1, 6, 2, 0.020408162847161293],
            [1, 7, 3, 0.020408162847161293],
            [1, 7, 6, 0.020408162847161293],
            [1, 7, 11, 0.06122449040412903],
            [1, 8, 15, 0.020408162847161293],
            [1, 9, 11, 0.020408162847161293],
            [1, 9, 15, 0.06122449040412903],
            [1, 10, 8, 0.020408162847161293],
            [1, 10, 10, 0.040816325694322586],
            [1, 11, 7, 0.020408162847161293],
            [1, 11, 8, 0.040816325694322586],
            [1, 11, 10, 0.020408162847161293],
            [1, 12, 0, 0.020408162847161293],
            [1, 12, 6, 0.020408162847161293],
            [1, 12, 13, 0.020408162847161293],
            [1, 13, 9, 0.020408162847161293],
            [1, 13, 14, 0.020408162847161293],
            [1, 14, 3, 0.020408162847161293],
            [1, 14, 9, 0.020408162847161293],
            [1, 14, 15, 0.040816325694322586],
            [1, 15, 1, 0.040816325694322586],
            [1, 15, 4, 0.020408162847161293],
            [1, 15, 6, 0.020408162847161293],
            [1, 15, 13, 0.020408162847161293],
            [1, 16, 12, 0.040816325694322586],
            [1, 17, 1, 0.020408162847161293],
            [1, 17, 9, 0.020408162847161293],
            [1, 17, 12, 0.020408162847161293],
            [1, 17, 13, 0.020408162847161293],
            [1, 17, 15, 0.020408162847161293],
            [2, 0, 0, 0.01666666753590107],
            [2, 0, 9, 0.01666666753590107],
            [2, 0, 12, 0.01666666753590107],
            [2, 0, 13, 0.01666666753590107],
            [2, 0, 14, 0.01666666753590107],
            [2, 1, 1, 0.01666666753590107],
            [2, 1, 7, 0.01666666753590107],
            [2, 2, 1, 0.01666666753590107],
            [2, 2, 4, 0.03333333507180214],
            [2, 2, 11, 0.01666666753590107],
            [2, 2, 15, 0.01666666753590107],
            [2, 3, 7, 0.01666666753590107],
            [2, 3, 11, 0.01666666753590107],
            [2, 3, 13, 0.01666666753590107],
            [2, 4, 13, 0.01666666753590107],
            [2, 4, 14, 0.01666666753590107],
            [2, 4, 17, 0.03333333507180214],
            [2, 5, 6, 0.01666666753590107],
            [2, 5, 17, 0.01666666753590107],
            [2, 6, 2, 0.01666666753590107],
            [2, 6, 4, 0.01666666753590107],
            [2, 6, 7, 0.01666666753590107],
            [2, 6, 16, 0.01666666753590107],
            [2, 7, 2, 0.01666666753590107],
            [2, 7, 7, 0.01666666753590107],
            [2, 8, 17, 0.03333333507180214],
            [2, 9, 3, 0.03333333507180214],
            [2, 9, 13, 0.01666666753590107],
            [2, 10, 2, 0.01666666753590107],
            [2, 10, 15, 0.01666666753590107],
            [2, 11, 10, 0.01666666753590107],
            [2, 11, 11, 0.01666666753590107],
            [2, 11, 13, 0.01666666753590107],
            [2, 12, 1, 0.01666666753590107],
            [2, 12, 6, 0.01666666753590107],
            [2, 12, 9, 0.03333333507180214],
            [2, 13, 8, 0.01666666753590107],
            [2, 14, 1, 0.01666666753590107],
            [2, 14, 13, 0.01666666753590107],
            [2, 14, 15, 0.01666666753590107],
            [2, 14, 16, 0.01666666753590107],
            [2, 15, 0, 0.01666666753590107],
            [2, 15, 2, 0.01666666753590107],
            [2, 15, 8, 0.03333333507180214],
            [2, 15, 9, 0.01666666753590107],
            [2, 16, 3, 0.01666666753590107],
            [2, 16, 6, 0.01666666753590107],
            [2, 16, 7, 0.03333333507180214],
            [2, 16, 16, 0.01666666753590107],
            [2, 16, 17, 0.01666666753590107],
            [2, 17, 0, 0.01666666753590107],
            [2, 17, 7, 0.01666666753590107],
            [2, 17, 9, 0.01666666753590107],
            [3, 0, 2, 0.021276595070958138],
            [3, 0, 4, 0.021276595070958138],
            [3, 0, 5, 0.021276595070958138],
            [3, 0, 12, 0.021276595070958138],
            [3, 0, 16, 0.021276595070958138],
            [3, 1, 0, 0.021276595070958138],
            [3, 1, 11, 0.021276595070958138],
            [3, 1, 15, 0.021276595070958138],
            [3, 2, 0, 0.021276595070958138],
            [3, 2, 2, 0.021276595070958138],
            [3, 2, 7, 0.021276595070958138],
            [3, 2, 8, 0.021276595070958138],
            [3, 3, 7, 0.021276595070958138],
            [3, 4, 0, 0.021276595070958138],
            [3, 4, 7, 0.021276595070958138],
            [3, 4, 16, 0.042553190141916275],
            [3, 5, 4, 0.021276595070958138],
            [3, 5, 7, 0.021276595070958138],
            [3, 6, 16, 0.021276595070958138],
            [3, 7, 0, 0.021276595070958138],
            [3, 7, 15, 0.021276595070958138],
            [3, 8, 3, 0.042553190141916275],
            [3, 8, 9, 0.021276595070958138],
            [3, 8, 10, 0.021276595070958138],
            [3, 8, 12, 0.021276595070958138],
            [3, 8, 13, 0.021276595070958138],
            [3, 8, 17, 0.042553190141916275],
            [3, 9, 6, 0.021276595070958138],
            [3, 10, 9, 0.021276595070958138],
            [3, 10, 13, 0.021276595070958138],
            [3, 10, 15, 0.021276595070958138],
            [3, 11, 2, 0.021276595070958138],
            [3, 11, 4, 0.021276595070958138],
            [3, 12, 11, 0.021276595070958138],
            [3, 13, 12, 0.021276595070958138],
            [3, 13, 17, 0.021276595070958138],
            [3, 14, 1, 0.021276595070958138],
