{
    "train_f1": 8.373804092407227,
    "train_prob": 34.706031799316406,
    "train_cov": 62.5,
    "valid_f1": 0.0,
    "valid_prob": 0.0,
    "valid_cov": 0.0,
    "len": 180,
    "binary_grammar": {
        "num_nt": 4,
        "num_pt": 14,
        "num_rhs": 324,
        "rule_probs": [
            [0, 0, 0, 0.040816325694322586],
            [0, 0, 3, 0.020408162847161293],
            [0, 1, 9, 0.020408162847161293],
            [0, 2, 1, 0.020408162847161293],
            [0, 2, 2, 0.020408162847161293],
            [0, 2, 17, 0.020408162847161293],
            [0, 3, 4, 0.020408162847161293],
            [0, 3, 11, 0.020408162847161293],
            [0, 4, 0, 0.020408162847161293],
            [0, 4, 3, 0.020408162847161293],
            [0, 4, 15, 0.040816325694322586],
            [0, 4, 16, 0.020408162847161293],
            [0, 5, 0, 0.020408162847161293],
            [0, 5, 9, 0.020408162847161293],
            [0, 6, 16, 0.020408162847161293],
            [0, 7, 8, 0.020408162847161293],
            [0, 8, 7, 0.020408162847161293],
            [0, 8, 10, 0.020408162847161293],
            [0, 8, 14, 0.020408162847161293],
            [0, 9, 7, 0.020408162847161293],
            [0, 10, 3, 0.020408162847161293],
            [0, 10, 6, 0.020408162847161293],
            [0, 10, 9, 0.020408162847161293],
            [0, 10, 14, 0.020408162847161293],
            [0, 11, 17, 0.020408162847161293],
            [0, 12, 10, 0.020408162847161293],
            [0, 12, 16, 0.020408162847161293],
            [0, 13, 0, 0.020408162847161293],
            [0, 13, 2, 0.020408162847161293],
            [0, 13, 9, 0.020408162847161293],
            [0, 13, 11, 0.020408162847161293],
            [0, 13, 17, 0.020408162847161293],
            [0, 14, 2, 0.020408162847161293],
            [0, 14, 4, 0.020408162847161293],
            [0, 14, 5, 0.040816325694322586],
            [0, 14, 11, 0.020408162847161293],
            [0, 16, 3, 0.040816325694322586],
            [0, 16, 11, 0.020408162847161293],
            [0, 16, 17, 0.020408162847161293],
            [0, 17, 3, 0.040816325694322586],
            [0, 17, 6, 0.040816325694322586],
            [0, 17, 14, 0.020408162847161293],
            [0, 17, 17, 0.020408162847161293],
            [1, 0, 0, 0.024390242993831635],
            [1, 0, 13, 0.024390242993831635],
            [1, 1, 8, 0.024390242993831635],
            [1, 1, 9, 0.024390242993831635],
            [1, 1, 13, 0.024390242993831635],
            [1, 2, 4, 0.024390242993831635],
            [1, 2, 7, 0.04878048598766327],
            [1, 2, 8, 0.024390242993831635],
            [1, 3, 2, 0.04878048598766327],
            [1, 3, 6, 0.024390242993831635],
            [1, 3, 15, 0.024390242993831635],
            [1, 4, 15, 0.024390242993831635],
            [1, 7, 6, 0.04878048598766327],
            [1, 7, 8, 0.024390242993831635],
            [1, 7, 9, 0.024390242993831635],
            [1, 7, 11, 0.024390242993831635],
            [1, 8, 1, 0.024390242993831635],
            [1, 8, 10, 0.024390242993831635],
            [1, 8, 16, 0.024390242993831635],
            [1, 9, 4, 0.024390242993831635],
            [1, 9, 8, 0.024390242993831635],
            [1, 10, 1, 0.024390242993831635],
            [1, 10, 17, 0.024390242993831635],
            [1, 11, 7, 0.024390242993831635],
            [1, 11, 10, 0.024390242993831635],
            [1, 11, 11, 0.024390242993831635],
            [1, 12, 6, 0.024390242993831635],
            [1, 13, 9, 0.024390242993831635],
            [1, 14, 9, 0.024390242993831635],
            [1, 14, 12, 0.024390242993831635],
            [1, 15, 13, 0.024390242993831635],
            [1, 16, 2, 0.024390242993831635],
            [1, 16, 5, 0.024390242993831635],
            [1, 16, 9, 0.024390242993831635],
            [1, 16, 12, 0.04878048598766327],
            [1, 17, 11, 0.024390242993831635],
            [1, 17, 15, 0.024390242993831635],
            [2, 0, 6, 0.0357142873108387],
            [2, 0, 8, 0.01785714365541935],
            [2, 0, 9, 0.01785714365541935],
            [2, 0, 12, 0.01785714365541935],
            [2, 1, 5, 0.01785714365541935],
            [2, 2, 3, 0.01785714365541935],
            [2, 2, 4, 0.01785714365541935],
            [2, 2, 10, 0.01785714365541935],
            [2, 2, 11, 0.01785714365541935],
            [2, 2, 14, 0.01785714365541935],
            [2, 3, 4, 0.01785714365541935],
            [2, 3, 5, 0.01785714365541935],
            [2, 4, 6, 0.01785714365541935],
            [2, 4, 8, 0.01785714365541935],
            [2, 4, 13, 0.01785714365541935],
            [2, 5, 8, 0.0357142873108387],
            [2, 5, 15, 0.01785714365541935],
            [2, 6, 3, 0.01785714365541935],
            [2, 6, 4, 0.01785714365541935],
            [2, 6, 6, 0.01785714365541935],
            [2, 6, 17, 0.01785714365541935],
            [2, 7, 5, 0.01785714365541935],
            [2, 8, 8, 0.01785714365541935],
            [2, 8, 11, 0.01785714365541935],
            [2, 9, 3, 0.01785714365541935],
            [2, 9, 4, 0.01785714365541935],
            [2, 9, 11, 0.01785714365541935],
            [2, 9, 12, 0.01785714365541935],
            [2, 10, 1, 0.01785714365541935],
            [2, 10, 6, 0.01785714365541935],
            [2, 10, 10, 0.01785714365541935],
            [2, 10, 11, 0.01785714365541935],
            [2, 11, 3, 0.01785714365541935],
            [2, 11, 11, 0.01785714365541935],
            [2, 12, 4, 0.01785714365541935],
            [2, 12, 10, 0.01785714365541935],
            [2, 12, 14, 0.01785714365541935],
            [2, 12, 16, 0.01785714365541935],
            [2, 12, 17, 0.01785714365541935],
            [2, 13, 5, 0.01785714365541935],
            [2, 13, 11, 0.01785714365541935],
            [2, 13, 14, 0.01785714365541935],
            [2, 14, 5, 0.01785714365541935],
            [2, 14, 6, 0.01785714365541935],
            [2, 14, 7, 0.01785714365541935],
            [2, 15, 1, 0.01785714365541935],
            [2, 15, 7, 0.01785714365541935],
            [2, 15, 8, 0.0535714291036129],
            [2, 15, 9, 0.01785714365541935],
            [2, 15, 15, 0.01785714365541935],
            [2, 16, 3, 0.01785714365541935],
            [2, 16, 5, 0.01785714365541935],
            [3, 0, 3, 0.018518518656492233],
            [3, 0, 6, 0.03703703731298447],
            [3, 0, 10, 0.018518518656492233],
            [3, 0, 11, 0.018518518656492233],
            [3, 0, 14, 0.018518518656492233],
            [3, 0, 15, 0.018518518656492233],
            [3, 1, 0, 0.018518518656492233],
            [3, 1, 5, 0.018518518656492233],
            [3, 1, 11, 0.018518518656492233],
            [3, 2, 3, 0.018518518656492233],
            [3, 2, 8, 0.03703703731298447],
            [3, 2, 9, 0.018518518656492233],
            [3, 2, 10, 0.018518518656492233],
            [3, 2, 15, 0.018518518656492233],
            [3, 3, 7, 0.018518518656492233],
            [3, 3, 8, 0.018518518656492233],
            [3, 3, 17, 0.0555555559694767],
            [3, 4, 7, 0.018518518656492233],
            [3, 4, 13, 0.018518518656492233],
            [3, 4, 14, 0.018518518656492233],
            [3, 4, 16, 0.018518518656492233],
            [3, 5, 2, 0.018518518656492233],
            [3, 6, 3, 0.018518518656492233],
            [3, 6, 7, 0.018518518656492233],
            [3, 6, 12, 0.018518518656492233],
            [3, 7, 5, 0.018518518656492233],
            [3, 7, 12, 0.018518518656492233],
            [3, 7, 13, 0.018518518656492233],
            [3, 7, 14, 0.018518518656492233],
            [3, 8, 10, 0.018518518656492233],
            [3, 8, 13, 0.018518518656492233],
            [3, 9, 3, 0.018518518656492233],
            [3, 9, 5, 0.018518518656492233],
            [3, 9, 6, 0.018518518656492233],
            [3, 9, 16, 0.018518518656492233],
            [3, 10, 3, 0.018518518656492233],
            [3, 11, 0, 0.018518518656492233],
