{
    "train_f1": 2.7506461143493652,
    "train_prob": 52.09502410888672,
    "train_cov": 75.0,
    "valid_f1": 0.0,
    "valid_prob": 0.0,
    "valid_cov": 0.0,
    "len": 183,
    "binary_grammar": {
        "num_nt": 4,
        "num_pt": 14,
        "num_rhs": 324,
        "rule_probs": [
            [0, 0, 10, 0.016949152573943138],
            [0, 0, 16, 0.016949152573943138],
            [0, 1, 8, 0.016949152573943138],
            [0, 1, 9, 0.033898305147886276],
            [0, 2, 0, 0.016949152573943138],
            [0, 2, 1, 0.016949152573943138],
            [0, 2, 6, 0.016949152573943138],
            [0, 2, 11, 0.033898305147886276],
            [0, 2, 12, 0.016949152573943138],
            [0, 2, 16, 0.016949152573943138],
            [0, 3, 2, 0.016949152573943138],
            [0, 3, 5, 0.016949152573943138],
            [0, 3, 13, 0.016949152573943138],
            [0, 4, 4, 0.016949152573943138],
            [0, 4, 6, 0.016949152573943138],
            [0, 5, 1, 0.016949152573943138],
            [0, 5, 7, 0.033898305147886276],
            [0, 5, 16, 0.016949152573943138],
            [0, 6, 2, 0.016949152573943138],
            [0, 6, 6, 0.016949152573943138],
            [0, 6, 8, 0.016949152573943138],
            [0, 6, 13, 0.016949152573943138],
            [0, 7, 0, 0.016949152573943138],
            [0, 7, 4, 0.016949152573943138],
            [0, 7, 13, 0.016949152573943138],
            [0, 7, 17, 0.016949152573943138],
            [0, 8, 10, 0.016949152573943138],
            [0, 8, 12, 0.016949152573943138],
            [0, 9, 4, 0.016949152573943138],
            [0, 10, 5, 0.016949152573943138],
            [0, 10, 16, 0.016949152573943138],
            [0, 11, 2, 0.016949152573943138],
            [0, 11, 6, 0.016949152573943138],
            [0, 12, 2, 0.016949152573943138],
            [0, 12, 13, 0.016949152573943138],
            [0, 13, 11, 0.016949152573943138],
            [0, 13, 13, 0.016949152573943138],
            [0, 13, 15, 0.016949152573943138],
            [0, 13, 17, 0.016949152573943138],
            [0, 14, 2, 0.033898305147886276],
            [0, 14, 4, 0.016949152573943138],
            [0, 14, 15, 0.016949152573943138],
            [0, 15, 1, 0.016949152573943138],
            [0, 15, 2, 0.016949152573943138],
            [0, 15, 6, 0.050847455859184265],
            [0, 15, 10, 0.016949152573943138],
            [0, 15, 11, 0.016949152573943138],
            [0, 16, 0, 0.016949152573943138],
            [0, 16, 4, 0.016949152573943138],
            [0, 16, 16, 0.016949152573943138],
            [0, 17, 3, 0.016949152573943138],
            [0, 17, 13, 0.016949152573943138],
            [0, 17, 17, 0.016949152573943138],
            [1, 0, 4, 0.018518518656492233],
            [1, 0, 6, 0.018518518656492233],
            [1, 0, 11, 0.018518518656492233],
            [1, 0, 13, 0.018518518656492233],
            [1, 1, 0, 0.018518518656492233],
            [1, 1, 6, 0.018518518656492233],
            [1, 1, 7, 0.018518518656492233],
            [1, 2, 1, 0.018518518656492233],
            [1, 2, 2, 0.018518518656492233],
            [1, 2, 4, 0.018518518656492233],
            [1, 3, 3, 0.018518518656492233],
            [1, 3, 15, 0.018518518656492233],
            [1, 4, 9, 0.018518518656492233],
            [1, 5, 0, 0.018518518656492233],
            [1, 5, 3, 0.018518518656492233],
            [1, 5, 5, 0.018518518656492233],
            [1, 5, 7, 0.018518518656492233],
            [1, 5, 13, 0.018518518656492233],
            [1, 6, 0, 0.018518518656492233],
            [1, 6, 10, 0.018518518656492233],
            [1, 6, 15, 0.018518518656492233],
            [1, 7, 0, 0.018518518656492233],
            [1, 7, 3, 0.018518518656492233],
            [1, 7, 5, 0.018518518656492233],
            [1, 7, 7, 0.018518518656492233],
            [1, 7, 17, 0.018518518656492233],
            [1, 8, 0, 0.018518518656492233],
            [1, 8, 16, 0.018518518656492233],
            [1, 9, 2, 0.018518518656492233],
            [1, 9, 4, 0.03703703731298447],
            [1, 9, 10, 0.03703703731298447],
            [1, 10, 6, 0.018518518656492233],
            [1, 10, 14, 0.018518518656492233],
            [1, 11, 1, 0.018518518656492233],
            [1, 11, 7, 0.018518518656492233],
            [1, 11, 10, 0.018518518656492233],
            [1, 11, 13, 0.018518518656492233],
            [1, 11, 16, 0.018518518656492233],
            [1, 13, 3, 0.018518518656492233],
            [1, 13, 4, 0.018518518656492233],
            [1, 13, 14, 0.018518518656492233],
            [1, 14, 9, 0.018518518656492233],
            [1, 14, 12, 0.018518518656492233],
            [1, 15, 3, 0.018518518656492233],
            [1, 15, 14, 0.03703703731298447],
            [1, 15, 16, 0.018518518656492233],
            [1, 16, 0, 0.018518518656492233],
            [1, 16, 1, 0.018518518656492233],
            [1, 17, 2, 0.018518518656492233],
            [1, 17, 5, 0.018518518656492233],
            [1, 17, 14, 0.018518518656492233],
            [2, 0, 4, 0.02631578966975212],
            [2, 0, 6, 0.05263157933950424],
            [2, 0, 8, 0.02631578966975212],
            [2, 0, 16, 0.02631578966975212],
            [2, 1, 9, 0.02631578966975212],
            [2, 2, 4, 0.02631578966975212],
            [2, 2, 6, 0.02631578966975212],
            [2, 2, 12, 0.02631578966975212],
            [2, 3, 8, 0.02631578966975212],
            [2, 4, 1, 0.02631578966975212],
            [2, 4, 3, 0.02631578966975212],
            [2, 4, 8, 0.02631578966975212],
            [2, 4, 14, 0.05263157933950424],
            [2, 5, 12, 0.02631578966975212],
            [2, 5, 13, 0.02631578966975212],
            [2, 6, 7, 0.02631578966975212],
            [2, 7, 5, 0.02631578966975212],
            [2, 7, 8, 0.05263157933950424],
            [2, 7, 11, 0.02631578966975212],
            [2, 7, 17, 0.02631578966975212],
            [2, 8, 11, 0.02631578966975212],
            [2, 8, 16, 0.02631578966975212],
            [2, 11, 2, 0.02631578966975212],
            [2, 11, 17, 0.02631578966975212],
            [2, 12, 4, 0.02631578966975212],
            [2, 13, 11, 0.02631578966975212],
            [2, 13, 13, 0.02631578966975212],
            [2, 13, 16, 0.02631578966975212],
            [2, 14, 7, 0.02631578966975212],
            [2, 14, 14, 0.02631578966975212],
            [2, 14, 17, 0.02631578966975212],
            [2, 15, 6, 0.02631578966975212],
            [2, 15, 15, 0.02631578966975212],
            [2, 16, 15, 0.05263157933950424],
            [3, 0, 2, 0.020408162847161293],
            [3, 1, 0, 0.020408162847161293],
            [3, 1, 1, 0.020408162847161293],
            [3, 1, 3, 0.020408162847161293],
            [3, 1, 15, 0.020408162847161293],
            [3, 1, 16, 0.020408162847161293],
            [3, 2, 5, 0.020408162847161293],
            [3, 2, 14, 0.020408162847161293],
            [3, 2, 16, 0.020408162847161293],
            [3, 3, 1, 0.020408162847161293],
            [3, 3, 2, 0.020408162847161293],
            [3, 3, 5, 0.020408162847161293],
            [3, 4, 9, 0.020408162847161293],
            [3, 4, 15, 0.020408162847161293],
            [3, 5, 16, 0.020408162847161293],
            [3, 7, 1, 0.020408162847161293],
            [3, 7, 2, 0.020408162847161293],
            [3, 8, 6, 0.020408162847161293],
            [3, 9, 1, 0.020408162847161293],
            [3, 9, 9, 0.020408162847161293],
            [3, 9, 11, 0.020408162847161293],
            [3, 9, 13, 0.020408162847161293],
            [3, 9, 14, 0.020408162847161293],
            [3, 10, 7, 0.020408162847161293],
            [3, 10, 10, 0.040816325694322586],
            [3, 10, 13, 0.040816325694322586],
            [3, 11, 5, 0.040816325694322586],
            [3, 11, 15, 0.020408162847161293],
            [3, 12, 0, 0.020408162847161293],
            [3, 13, 0, 0.020408162847161293],
            [3, 13, 1, 0.020408162847161293],
