{
    "train_f1": 2.2360453605651855,
    "train_prob": 8.517365455627441,
    "train_cov": 25.0,
    "valid_f1": 0.0,
    "valid_prob": 0.0,
    "valid_cov": 0.0,
    "len": 182,
    "binary_grammar": {
        "num_nt": 4,
        "num_pt": 14,
        "num_rhs": 324,
        "rule_probs": [
            [0, 0, 10, 0.020408162847161293],
            [0, 1, 17, 0.020408162847161293],
            [0, 3, 5, 0.020408162847161293],
            [0, 3, 9, 0.020408162847161293],
            [0, 3, 11, 0.06122449040412903],
            [0, 4, 4, 0.020408162847161293],
            [0, 4, 9, 0.020408162847161293],
            [0, 4, 10, 0.020408162847161293],
            [0, 4, 11, 0.020408162847161293],
            [0, 4, 17, 0.020408162847161293],
            [0, 5, 1, 0.020408162847161293],
            [0, 5, 8, 0.020408162847161293],
            [0, 7, 1, 0.020408162847161293],
            [0, 7, 10, 0.020408162847161293],
            [0, 7, 12, 0.020408162847161293],
            [0, 7, 16, 0.020408162847161293],
            [0, 8, 5, 0.020408162847161293],
            [0, 8, 9, 0.020408162847161293],
            [0, 9, 12, 0.020408162847161293],
            [0, 11, 10, 0.06122449040412903],
            [0, 11, 14, 0.020408162847161293],
            [0, 12, 2, 0.020408162847161293],
            [0, 12, 3, 0.020408162847161293],
            [0, 12, 5, 0.020408162847161293],
            [0, 13, 8, 0.020408162847161293],
            [0, 14, 5, 0.020408162847161293],
            [0, 14, 12, 0.020408162847161293],
            [0, 14, 14, 0.020408162847161293],
            [0, 15, 2, 0.06122449040412903],
            [0, 15, 10, 0.020408162847161293],
            [0, 15, 13, 0.020408162847161293],
            [0, 15, 14, 0.020408162847161293],
            [0, 16, 1, 0.020408162847161293],
            [0, 16, 4, 0.020408162847161293],
            [0, 16, 5, 0.020408162847161293],
            [0, 16, 13, 0.020408162847161293],
            [0, 16, 15, 0.020408162847161293],
            [0, 16, 17, 0.020408162847161293],
            [0, 17, 0, 0.020408162847161293],
            [0, 17, 9, 0.020408162847161293],
            [0, 17, 15, 0.020408162847161293],
            [0, 17, 17, 0.040816325694322586],
            [1, 0, 0, 0.023255813866853714],
            [1, 0, 7, 0.023255813866853714],
            [1, 0, 14, 0.023255813866853714],
            [1, 0, 15, 0.023255813866853714],
            [1, 1, 4, 0.04651162773370743],
            [1, 1, 16, 0.023255813866853714],
            [1, 2, 3, 0.023255813866853714],
            [1, 2, 16, 0.023255813866853714],
            [1, 3, 14, 0.023255813866853714],
            [1, 4, 6, 0.023255813866853714],
            [1, 4, 7, 0.023255813866853714],
            [1, 4, 8, 0.023255813866853714],
            [1, 4, 9, 0.023255813866853714],
            [1, 4, 13, 0.023255813866853714],
            [1, 5, 4, 0.023255813866853714],
            [1, 5, 13, 0.023255813866853714],
            [1, 5, 14, 0.023255813866853714],
            [1, 6, 15, 0.023255813866853714],
            [1, 7, 1, 0.023255813866853714],
            [1, 7, 3, 0.023255813866853714],
            [1, 7, 10, 0.023255813866853714],
            [1, 8, 4, 0.023255813866853714],
            [1, 9, 2, 0.023255813866853714],
            [1, 9, 5, 0.023255813866853714],
            [1, 9, 8, 0.023255813866853714],
            [1, 9, 9, 0.023255813866853714],
            [1, 10, 2, 0.023255813866853714],
            [1, 10, 14, 0.023255813866853714],
            [1, 11, 1, 0.023255813866853714],
            [1, 11, 3, 0.023255813866853714],
            [1, 11, 13, 0.023255813866853714],
            [1, 13, 2, 0.023255813866853714],
            [1, 13, 13, 0.023255813866853714],
            [1, 14, 8, 0.023255813866853714],
            [1, 15, 7, 0.023255813866853714],
            [1, 15, 9, 0.023255813866853714],
            [1, 15, 12, 0.023255813866853714],
            [1, 15, 17, 0.023255813866853714],
            [1, 16, 3, 0.023255813866853714],
            [1, 16, 13, 0.023255813866853714],
            [1, 17, 0, 0.023255813866853714],
            [1, 17, 13, 0.023255813866853714],
            [2, 0, 1, 0.019999999552965164],
            [2, 0, 3, 0.019999999552965164],
            [2, 0, 16, 0.019999999552965164],
            [2, 1, 0, 0.019999999552965164],
            [2, 2, 1, 0.019999999552965164],
            [2, 2, 5, 0.019999999552965164],
            [2, 2, 7, 0.019999999552965164],
            [2, 2, 17, 0.019999999552965164],
            [2, 3, 2, 0.019999999552965164],
            [2, 3, 7, 0.019999999552965164],
            [2, 3, 10, 0.019999999552965164],
            [2, 4, 6, 0.019999999552965164],
            [2, 4, 12, 0.019999999552965164],
            [2, 4, 17, 0.019999999552965164],
            [2, 5, 17, 0.019999999552965164],
            [2, 6, 10, 0.019999999552965164],
            [2, 6, 11, 0.019999999552965164],
            [2, 6, 14, 0.019999999552965164],
            [2, 7, 6, 0.019999999552965164],
            [2, 7, 12, 0.019999999552965164],
            [2, 7, 13, 0.03999999910593033],
            [2, 9, 8, 0.019999999552965164],
            [2, 9, 9, 0.019999999552965164],
            [2, 9, 12, 0.019999999552965164],
            [2, 9, 14, 0.019999999552965164],
            [2, 10, 0, 0.019999999552965164],
            [2, 10, 1, 0.019999999552965164],
            [2, 10, 5, 0.019999999552965164],
            [2, 10, 15, 0.019999999552965164],
            [2, 12, 9, 0.019999999552965164],
            [2, 12, 11, 0.019999999552965164],
            [2, 12, 13, 0.019999999552965164],
            [2, 13, 0, 0.019999999552965164],
            [2, 13, 2, 0.019999999552965164],
            [2, 13, 11, 0.019999999552965164],
            [2, 14, 6, 0.019999999552965164],
            [2, 14, 11, 0.019999999552965164],
            [2, 14, 17, 0.019999999552965164],
            [2, 15, 2, 0.019999999552965164],
            [2, 15, 5, 0.019999999552965164],
            [2, 15, 8, 0.019999999552965164],
            [2, 15, 10, 0.019999999552965164],
            [2, 15, 15, 0.019999999552965164],
            [2, 16, 4, 0.019999999552965164],
            [2, 17, 4, 0.019999999552965164],
            [2, 17, 6, 0.019999999552965164],
            [2, 17, 13, 0.019999999552965164],
            [2, 17, 14, 0.019999999552965164],
            [2, 17, 15, 0.019999999552965164],
            [3, 0, 5, 0.017241379246115685],
            [3, 0, 15, 0.017241379246115685],
            [3, 1, 1, 0.03448275849223137],
            [3, 1, 4, 0.017241379246115685],
            [3, 1, 9, 0.017241379246115685],
            [3, 1, 15, 0.03448275849223137],
            [3, 2, 2, 0.017241379246115685],
            [3, 2, 4, 0.017241379246115685],
            [3, 2, 5, 0.017241379246115685],
            [3, 2, 12, 0.03448275849223137],
            [3, 3, 2, 0.017241379246115685],
            [3, 4, 9, 0.017241379246115685],
            [3, 4, 10, 0.017241379246115685],
            [3, 5, 0, 0.03448275849223137],
            [3, 5, 12, 0.03448275849223137],
            [3, 5, 16, 0.017241379246115685],
            [3, 6, 1, 0.017241379246115685],
            [3, 6, 10, 0.017241379246115685],
            [3, 6, 17, 0.017241379246115685],
            [3, 7, 1, 0.017241379246115685],
            [3, 7, 4, 0.017241379246115685],
            [3, 7, 11, 0.03448275849223137],
            [3, 8, 4, 0.017241379246115685],
            [3, 8, 16, 0.017241379246115685],
            [3, 9, 3, 0.017241379246115685],
            [3, 10, 0, 0.017241379246115685],
            [3, 10, 1, 0.017241379246115685],
            [3, 11, 1, 0.017241379246115685],
            [3, 11, 5, 0.017241379246115685],
            [3, 11, 7, 0.017241379246115685],
            [3, 11, 10, 0.017241379246115685],
            [3, 11, 16, 0.017241379246115685],
            [3, 12, 2, 0.017241379246115685],
            [3, 12, 5, 0.017241379246115685],
            [3, 12, 9, 0.017241379246115685],
