{
    "train_f1": 3.9968228340148926,
    "train_prob": 14.078999519348145,
    "train_cov": 31.25,
    "valid_f1": 0.0,
    "valid_prob": 0.0,
    "valid_cov": 0.0,
    "len": 183,
    "binary_grammar": {
        "num_nt": 4,
        "num_pt": 14,
        "num_rhs": 324,
        "rule_probs": [
            [0, 0, 0, 0.0181818176060915],
            [0, 0, 8, 0.036363635212183],
            [0, 0, 14, 0.0181818176060915],
            [0, 1, 8, 0.0181818176060915],
            [0, 1, 9, 0.0181818176060915],
            [0, 1, 12, 0.0181818176060915],
            [0, 1, 17, 0.0181818176060915],
            [0, 2, 0, 0.0181818176060915],
            [0, 2, 5, 0.0181818176060915],
            [0, 2, 6, 0.0181818176060915],
            [0, 3, 4, 0.0181818176060915],
            [0, 3, 9, 0.0181818176060915],
            [0, 3, 15, 0.0181818176060915],
            [0, 4, 5, 0.0181818176060915],
            [0, 5, 1, 0.0181818176060915],
            [0, 5, 4, 0.0181818176060915],
            [0, 5, 6, 0.0181818176060915],
            [0, 5, 13, 0.0181818176060915],
            [0, 6, 3, 0.0181818176060915],
            [0, 6, 16, 0.0181818176060915],
            [0, 7, 0, 0.0181818176060915],
            [0, 7, 3, 0.0181818176060915],
            [0, 7, 15, 0.0181818176060915],
            [0, 8, 0, 0.0181818176060915],
            [0, 8, 10, 0.0181818176060915],
            [0, 8, 11, 0.0181818176060915],
            [0, 8, 12, 0.0181818176060915],
            [0, 8, 15, 0.0181818176060915],
            [0, 8, 17, 0.0181818176060915],
            [0, 9, 1, 0.036363635212183],
            [0, 9, 3, 0.0181818176060915],
            [0, 9, 4, 0.0181818176060915],
            [0, 10, 7, 0.036363635212183],
            [0, 10, 8, 0.0181818176060915],
            [0, 10, 15, 0.0181818176060915],
            [0, 11, 12, 0.036363635212183],
            [0, 12, 7, 0.0181818176060915],
            [0, 12, 11, 0.0181818176060915],
            [0, 12, 13, 0.0181818176060915],
            [0, 12, 15, 0.0181818176060915],
            [0, 13, 15, 0.0181818176060915],
            [0, 13, 16, 0.0181818176060915],
            [0, 14, 1, 0.0181818176060915],
            [0, 15, 1, 0.0181818176060915],
            [0, 15, 6, 0.0181818176060915],
            [0, 15, 7, 0.0181818176060915],
            [0, 15, 15, 0.0181818176060915],
            [0, 16, 0, 0.0181818176060915],
            [0, 16, 2, 0.0181818176060915],
            [0, 16, 5, 0.0181818176060915],
            [0, 17, 17, 0.0181818176060915],
            [1, 0, 1, 0.018518518656492233],
            [1, 0, 10, 0.03703703731298447],
            [1, 0, 11, 0.018518518656492233],
            [1, 1, 3, 0.018518518656492233],
            [1, 1, 5, 0.018518518656492233],
            [1, 1, 10, 0.018518518656492233],
            [1, 2, 3, 0.018518518656492233],
            [1, 2, 8, 0.018518518656492233],
            [1, 2, 9, 0.018518518656492233],
            [1, 4, 0, 0.018518518656492233],
            [1, 4, 12, 0.018518518656492233],
            [1, 4, 13, 0.018518518656492233],
            [1, 4, 14, 0.018518518656492233],
            [1, 4, 17, 0.018518518656492233],
            [1, 5, 4, 0.018518518656492233],
            [1, 5, 14, 0.018518518656492233],
            [1, 5, 16, 0.018518518656492233],
            [1, 6, 6, 0.018518518656492233],
            [1, 6, 7, 0.03703703731298447],
            [1, 6, 14, 0.018518518656492233],
            [1, 6, 16, 0.018518518656492233],
            [1, 7, 4, 0.018518518656492233],
            [1, 7, 15, 0.018518518656492233],
            [1, 8, 6, 0.018518518656492233],
            [1, 8, 9, 0.018518518656492233],
            [1, 9, 7, 0.018518518656492233],
            [1, 9, 8, 0.018518518656492233],
            [1, 9, 10, 0.018518518656492233],
            [1, 9, 14, 0.018518518656492233],
            [1, 9, 17, 0.018518518656492233],
            [1, 10, 1, 0.018518518656492233],
            [1, 10, 4, 0.018518518656492233],
            [1, 11, 1, 0.018518518656492233],
            [1, 12, 3, 0.018518518656492233],
            [1, 12, 5, 0.018518518656492233],
            [1, 13, 1, 0.018518518656492233],
            [1, 13, 9, 0.03703703731298447],
            [1, 13, 15, 0.018518518656492233],
            [1, 14, 6, 0.018518518656492233],
            [1, 14, 7, 0.018518518656492233],
            [1, 14, 13, 0.03703703731298447],
            [1, 14, 14, 0.018518518656492233],
            [1, 14, 16, 0.018518518656492233],
            [1, 15, 8, 0.018518518656492233],
            [1, 16, 4, 0.018518518656492233],
            [1, 16, 5, 0.018518518656492233],
            [1, 17, 3, 0.018518518656492233],
            [1, 17, 9, 0.018518518656492233],
            [1, 17, 14, 0.018518518656492233],
            [1, 17, 15, 0.018518518656492233],
            [2, 0, 0, 0.019999999552965164],
            [2, 0, 12, 0.019999999552965164],
            [2, 0, 13, 0.019999999552965164],
            [2, 0, 14, 0.019999999552965164],
            [2, 1, 6, 0.019999999552965164],
            [2, 2, 9, 0.019999999552965164],
            [2, 3, 2, 0.019999999552965164],
            [2, 4, 0, 0.019999999552965164],
            [2, 4, 7, 0.03999999910593033],
            [2, 4, 9, 0.019999999552965164],
            [2, 4, 15, 0.019999999552965164],
            [2, 5, 5, 0.03999999910593033],
            [2, 5, 7, 0.019999999552965164],
            [2, 5, 8, 0.03999999910593033],
            [2, 6, 0, 0.019999999552965164],
            [2, 6, 2, 0.019999999552965164],
            [2, 6, 5, 0.019999999552965164],
            [2, 6, 6, 0.019999999552965164],
            [2, 6, 8, 0.019999999552965164],
            [2, 6, 15, 0.019999999552965164],
            [2, 7, 0, 0.019999999552965164],
            [2, 7, 3, 0.019999999552965164],
            [2, 7, 9, 0.019999999552965164],
            [2, 7, 10, 0.019999999552965164],
            [2, 7, 13, 0.019999999552965164],
            [2, 7, 16, 0.019999999552965164],
            [2, 9, 1, 0.019999999552965164],
            [2, 9, 15, 0.019999999552965164],
            [2, 9, 16, 0.019999999552965164],
            [2, 11, 10, 0.019999999552965164],
            [2, 12, 5, 0.019999999552965164],
            [2, 12, 11, 0.019999999552965164],
            [2, 13, 8, 0.019999999552965164],
            [2, 13, 15, 0.03999999910593033],
            [2, 14, 3, 0.019999999552965164],
            [2, 14, 7, 0.019999999552965164],
            [2, 14, 15, 0.03999999910593033],
            [2, 14, 17, 0.019999999552965164],
            [2, 15, 1, 0.019999999552965164],
            [2, 15, 11, 0.019999999552965164],
            [2, 15, 14, 0.019999999552965164],
            [2, 16, 9, 0.019999999552965164],
            [2, 16, 11, 0.019999999552965164],
            [2, 17, 12, 0.019999999552965164],
            [2, 17, 13, 0.019999999552965164],
            [3, 1, 10, 0.024390242993831635],
            [3, 1, 12, 0.024390242993831635],
            [3, 1, 14, 0.024390242993831635],
            [3, 3, 12, 0.024390242993831635],
            [3, 4, 4, 0.024390242993831635],
            [3, 4, 9, 0.024390242993831635],
            [3, 4, 10, 0.024390242993831635],
            [3, 4, 17, 0.024390242993831635],
            [3, 5, 13, 0.024390242993831635],
            [3, 6, 4, 0.024390242993831635],
            [3, 6, 17, 0.024390242993831635],
            [3, 7, 6, 0.024390242993831635],
            [3, 7, 16, 0.04878048598766327],
            [3, 8, 9, 0.024390242993831635],
            [3, 8, 10, 0.024390242993831635],
            [3, 8, 12, 0.024390242993831635],
            [3, 8, 14, 0.024390242993831635],
            [3, 9, 16, 0.024390242993831635],
            [3, 10, 6, 0.024390242993831635],
            [3, 10, 7, 0.024390242993831635],
            [3, 11, 8, 0.024390242993831635],
            [3, 11, 9, 0.024390242993831635],
            [3, 12, 7, 0.024390242993831635],
            [3, 12, 8, 0.024390242993831635],
