{
    "train_f1": 3.2219581604003906,
    "train_prob": 21.03725814819336,
    "train_cov": 50.0,
    "valid_f1": 0.0,
    "valid_prob": 0.0,
    "valid_cov": 0.0,
    "len": 186,
    "binary_grammar": {
        "num_nt": 4,
        "num_pt": 14,
        "num_rhs": 324,
        "rule_probs": [
            [0, 0, 1, 0.016949152573943138],
            [0, 0, 2, 0.016949152573943138],
            [0, 0, 7, 0.016949152573943138],
            [0, 0, 17, 0.016949152573943138],
            [0, 1, 4, 0.016949152573943138],
            [0, 1, 5, 0.016949152573943138],
            [0, 1, 10, 0.016949152573943138],
            [0, 1, 11, 0.016949152573943138],
            [0, 2, 7, 0.016949152573943138],
            [0, 2, 10, 0.050847455859184265],
            [0, 3, 2, 0.016949152573943138],
            [0, 4, 9, 0.016949152573943138],
            [0, 5, 5, 0.016949152573943138],
            [0, 5, 14, 0.016949152573943138],
            [0, 6, 0, 0.016949152573943138],
            [0, 6, 4, 0.016949152573943138],
            [0, 7, 6, 0.033898305147886276],
            [0, 7, 7, 0.016949152573943138],
            [0, 7, 8, 0.016949152573943138],
            [0, 7, 9, 0.016949152573943138],
            [0, 8, 4, 0.016949152573943138],
            [0, 8, 8, 0.016949152573943138],
            [0, 8, 11, 0.016949152573943138],
            [0, 8, 12, 0.016949152573943138],
            [0, 9, 1, 0.033898305147886276],
            [0, 9, 2, 0.016949152573943138],
            [0, 9, 4, 0.016949152573943138],
            [0, 9, 9, 0.016949152573943138],
            [0, 10, 1, 0.016949152573943138],
            [0, 10, 2, 0.016949152573943138],
            [0, 10, 15, 0.016949152573943138],
            [0, 11, 3, 0.016949152573943138],
            [0, 11, 4, 0.033898305147886276],
            [0, 11, 17, 0.016949152573943138],
            [0, 12, 1, 0.016949152573943138],
            [0, 12, 6, 0.016949152573943138],
            [0, 12, 9, 0.016949152573943138],
            [0, 13, 5, 0.033898305147886276],
            [0, 13, 7, 0.016949152573943138],
            [0, 13, 10, 0.016949152573943138],
            [0, 14, 8, 0.016949152573943138],
            [0, 14, 15, 0.016949152573943138],
            [0, 14, 16, 0.016949152573943138],
            [0, 15, 6, 0.016949152573943138],
            [0, 15, 14, 0.016949152573943138],
            [0, 16, 0, 0.016949152573943138],
            [0, 16, 2, 0.016949152573943138],
            [0, 16, 6, 0.016949152573943138],
            [0, 16, 8, 0.033898305147886276],
            [0, 16, 10, 0.016949152573943138],
            [0, 17, 9, 0.016949152573943138],
            [0, 17, 15, 0.016949152573943138],
            [1, 0, 2, 0.024390242993831635],
            [1, 0, 8, 0.024390242993831635],
            [1, 0, 15, 0.024390242993831635],
            [1, 1, 9, 0.024390242993831635],
            [1, 2, 5, 0.024390242993831635],
            [1, 3, 3, 0.024390242993831635],
            [1, 4, 4, 0.024390242993831635],
            [1, 4, 9, 0.024390242993831635],
            [1, 4, 11, 0.024390242993831635],
            [1, 4, 12, 0.024390242993831635],
            [1, 5, 13, 0.024390242993831635],
            [1, 5, 16, 0.024390242993831635],
            [1, 6, 5, 0.024390242993831635],
            [1, 6, 9, 0.024390242993831635],
            [1, 7, 7, 0.024390242993831635],
            [1, 7, 9, 0.024390242993831635],
            [1, 7, 13, 0.024390242993831635],
            [1, 7, 15, 0.024390242993831635],
            [1, 8, 2, 0.024390242993831635],
            [1, 8, 4, 0.024390242993831635],
            [1, 8, 5, 0.024390242993831635],
            [1, 9, 6, 0.024390242993831635],
            [1, 9, 13, 0.024390242993831635],
            [1, 10, 0, 0.024390242993831635],
            [1, 10, 13, 0.024390242993831635],
            [1, 10, 15, 0.024390242993831635],
            [1, 10, 16, 0.024390242993831635],
            [1, 10, 17, 0.024390242993831635],
            [1, 11, 1, 0.024390242993831635],
            [1, 11, 17, 0.024390242993831635],
            [1, 12, 0, 0.024390242993831635],
            [1, 12, 1, 0.024390242993831635],
            [1, 12, 2, 0.024390242993831635],
            [1, 12, 13, 0.024390242993831635],
            [1, 12, 16, 0.024390242993831635],
            [1, 13, 8, 0.024390242993831635],
            [1, 14, 0, 0.024390242993831635],
            [1, 14, 6, 0.024390242993831635],
            [1, 14, 8, 0.024390242993831635],
            [1, 15, 7, 0.024390242993831635],
            [1, 17, 5, 0.024390242993831635],
            [2, 1, 8, 0.021276595070958138],
            [2, 2, 10, 0.021276595070958138],
            [2, 2, 13, 0.021276595070958138],
            [2, 2, 16, 0.021276595070958138],
            [2, 3, 7, 0.021276595070958138],
            [2, 3, 9, 0.021276595070958138],
            [2, 3, 10, 0.021276595070958138],
            [2, 3, 15, 0.021276595070958138],
            [2, 4, 0, 0.021276595070958138],
            [2, 4, 3, 0.021276595070958138],
            [2, 5, 0, 0.021276595070958138],
            [2, 5, 5, 0.021276595070958138],
            [2, 6, 0, 0.021276595070958138],
            [2, 6, 6, 0.021276595070958138],
            [2, 6, 9, 0.021276595070958138],
            [2, 6, 16, 0.021276595070958138],
            [2, 7, 7, 0.021276595070958138],
            [2, 7, 17, 0.021276595070958138],
            [2, 8, 2, 0.021276595070958138],
            [2, 8, 3, 0.021276595070958138],
            [2, 8, 10, 0.021276595070958138],
            [2, 8, 12, 0.021276595070958138],
            [2, 8, 16, 0.021276595070958138],
            [2, 9, 5, 0.021276595070958138],
            [2, 9, 9, 0.021276595070958138],
            [2, 10, 6, 0.021276595070958138],
            [2, 11, 2, 0.021276595070958138],
            [2, 11, 9, 0.021276595070958138],
            [2, 12, 6, 0.021276595070958138],
            [2, 12, 10, 0.021276595070958138],
            [2, 13, 5, 0.021276595070958138],
            [2, 13, 16, 0.021276595070958138],
            [2, 14, 8, 0.021276595070958138],
            [2, 14, 9, 0.021276595070958138],
            [2, 14, 13, 0.021276595070958138],
            [2, 14, 14, 0.021276595070958138],
            [2, 15, 2, 0.021276595070958138],
            [2, 15, 4, 0.021276595070958138],
            [2, 15, 5, 0.021276595070958138],
            [2, 15, 8, 0.042553190141916275],
            [2, 15, 9, 0.021276595070958138],
            [2, 15, 12, 0.021276595070958138],
            [2, 16, 6, 0.021276595070958138],
            [2, 16, 16, 0.042553190141916275],
            [2, 17, 16, 0.021276595070958138],
            [3, 0, 4, 0.01886792480945587],
            [3, 0, 8, 0.01886792480945587],
            [3, 0, 17, 0.01886792480945587],
            [3, 1, 0, 0.01886792480945587],
            [3, 1, 13, 0.01886792480945587],
            [3, 3, 0, 0.01886792480945587],
            [3, 3, 2, 0.01886792480945587],
            [3, 3, 4, 0.01886792480945587],
            [3, 3, 14, 0.01886792480945587],
            [3, 3, 15, 0.01886792480945587],
            [3, 4, 1, 0.01886792480945587],
            [3, 4, 2, 0.01886792480945587],
            [3, 4, 6, 0.01886792480945587],
            [3, 4, 13, 0.01886792480945587],
            [3, 5, 0, 0.01886792480945587],
            [3, 5, 1, 0.01886792480945587],
            [3, 5, 2, 0.03773584961891174],
            [3, 5, 3, 0.01886792480945587],
            [3, 5, 5, 0.01886792480945587],
            [3, 5, 9, 0.03773584961891174],
            [3, 6, 15, 0.01886792480945587],
            [3, 7, 3, 0.01886792480945587],
            [3, 7, 8, 0.01886792480945587],
            [3, 7, 14, 0.01886792480945587],
            [3, 8, 0, 0.01886792480945587],
            [3, 8, 12, 0.01886792480945587],
            [3, 9, 1, 0.01886792480945587],
            [3, 9, 3, 0.01886792480945587],
            [3, 9, 5, 0.01886792480945587],
            [3, 9, 7, 0.01886792480945587],
            [3, 10, 0, 0.01886792480945587],
