{
    "train_f1": 9.18110179901123,
    "train_prob": 31.781261444091797,
    "train_cov": 56.25,
    "valid_f1": 0.0,
    "valid_prob": 0.0,
    "valid_cov": 0.0,
    "len": 182,
    "binary_grammar": {
        "num_nt": 4,
        "num_pt": 14,
        "num_rhs": 324,
        "rule_probs": [
            [0, 0, 1, 0.04838709533214569],
            [0, 0, 11, 0.016129031777381897],
            [0, 0, 15, 0.016129031777381897],
            [0, 1, 12, 0.016129031777381897],
            [0, 1, 16, 0.016129031777381897],
            [0, 2, 2, 0.016129031777381897],
            [0, 2, 6, 0.016129031777381897],
            [0, 2, 15, 0.016129031777381897],
            [0, 3, 0, 0.016129031777381897],
            [0, 3, 4, 0.016129031777381897],
            [0, 4, 0, 0.016129031777381897],
            [0, 4, 15, 0.016129031777381897],
            [0, 5, 2, 0.016129031777381897],
            [0, 5, 3, 0.016129031777381897],
            [0, 5, 7, 0.016129031777381897],
            [0, 5, 12, 0.016129031777381897],
            [0, 5, 15, 0.016129031777381897],
            [0, 6, 3, 0.016129031777381897],
            [0, 6, 4, 0.016129031777381897],
            [0, 6, 12, 0.016129031777381897],
            [0, 6, 15, 0.032258063554763794],
            [0, 7, 0, 0.016129031777381897],
            [0, 7, 1, 0.016129031777381897],
            [0, 7, 8, 0.016129031777381897],
            [0, 7, 12, 0.016129031777381897],
            [0, 8, 2, 0.016129031777381897],
            [0, 8, 7, 0.016129031777381897],
            [0, 8, 12, 0.016129031777381897],
            [0, 8, 14, 0.016129031777381897],
            [0, 9, 6, 0.032258063554763794],
            [0, 9, 10, 0.032258063554763794],
            [0, 10, 10, 0.016129031777381897],
            [0, 12, 9, 0.016129031777381897],
            [0, 12, 14, 0.032258063554763794],
            [0, 12, 17, 0.016129031777381897],
            [0, 13, 4, 0.016129031777381897],
            [0, 13, 7, 0.016129031777381897],
            [0, 14, 4, 0.016129031777381897],
            [0, 14, 6, 0.016129031777381897],
            [0, 14, 11, 0.016129031777381897],
            [0, 14, 15, 0.016129031777381897],
            [0, 14, 17, 0.016129031777381897],
            [0, 15, 6, 0.016129031777381897],
            [0, 15, 9, 0.04838709533214569],
            [0, 15, 14, 0.016129031777381897],
            [0, 15, 16, 0.016129031777381897],
            [0, 16, 12, 0.016129031777381897],
            [0, 16, 14, 0.016129031777381897],
            [0, 17, 0, 0.032258063554763794],
            [0, 17, 4, 0.016129031777381897],
            [0, 17, 9, 0.016129031777381897],
            [0, 17, 10, 0.016129031777381897],
            [0, 17, 14, 0.016129031777381897],
            [1, 0, 0, 0.02500000037252903],
            [1, 0, 7, 0.05000000074505806],
            [1, 0, 12, 0.02500000037252903],
            [1, 0, 17, 0.02500000037252903],
            [1, 1, 11, 0.02500000037252903],
            [1, 2, 14, 0.02500000037252903],
            [1, 2, 17, 0.02500000037252903],
            [1, 3, 2, 0.02500000037252903],
            [1, 4, 0, 0.02500000037252903],
            [1, 4, 4, 0.02500000037252903],
            [1, 5, 7, 0.02500000037252903],
            [1, 5, 16, 0.02500000037252903],
            [1, 6, 1, 0.02500000037252903],
            [1, 6, 11, 0.02500000037252903],
            [1, 6, 15, 0.02500000037252903],
            [1, 7, 0, 0.05000000074505806],
            [1, 7, 4, 0.02500000037252903],
            [1, 7, 9, 0.02500000037252903],
            [1, 8, 14, 0.02500000037252903],
            [1, 8, 15, 0.02500000037252903],
            [1, 9, 1, 0.02500000037252903],
            [1, 9, 10, 0.02500000037252903],
            [1, 10, 9, 0.02500000037252903],
            [1, 11, 1, 0.02500000037252903],
            [1, 11, 5, 0.02500000037252903],
            [1, 11, 9, 0.02500000037252903],
            [1, 12, 9, 0.02500000037252903],
            [1, 13, 0, 0.02500000037252903],
            [1, 13, 9, 0.02500000037252903],
            [1, 13, 10, 0.02500000037252903],
            [1, 14, 4, 0.02500000037252903],
            [1, 14, 14, 0.02500000037252903],
            [1, 15, 1, 0.02500000037252903],
            [1, 15, 8, 0.02500000037252903],
            [1, 15, 11, 0.02500000037252903],
            [1, 16, 1, 0.02500000037252903],
            [1, 17, 1, 0.02500000037252903],
            [1, 17, 3, 0.02500000037252903],
            [2, 0, 3, 0.02083333395421505],
            [2, 0, 15, 0.02083333395421505],
            [2, 0, 16, 0.02083333395421505],
            [2, 1, 3, 0.02083333395421505],
            [2, 1, 5, 0.02083333395421505],
            [2, 1, 7, 0.02083333395421505],
            [2, 1, 10, 0.02083333395421505],
            [2, 1, 17, 0.02083333395421505],
            [2, 2, 7, 0.02083333395421505],
            [2, 2, 9, 0.02083333395421505],
            [2, 3, 1, 0.02083333395421505],
            [2, 3, 7, 0.02083333395421505],
            [2, 3, 17, 0.02083333395421505],
            [2, 4, 1, 0.02083333395421505],
            [2, 4, 10, 0.02083333395421505],
            [2, 4, 16, 0.02083333395421505],
            [2, 4, 17, 0.02083333395421505],
            [2, 5, 1, 0.02083333395421505],
            [2, 5, 15, 0.02083333395421505],
            [2, 5, 17, 0.02083333395421505],
            [2, 6, 0, 0.02083333395421505],
            [2, 6, 1, 0.02083333395421505],
            [2, 6, 10, 0.02083333395421505],
            [2, 6, 16, 0.02083333395421505],
            [2, 6, 17, 0.02083333395421505],
            [2, 7, 4, 0.02083333395421505],
            [2, 7, 7, 0.02083333395421505],
            [2, 7, 11, 0.02083333395421505],
            [2, 8, 2, 0.02083333395421505],
            [2, 8, 4, 0.0625],
            [2, 8, 5, 0.02083333395421505],
            [2, 8, 17, 0.02083333395421505],
            [2, 9, 0, 0.02083333395421505],
            [2, 9, 10, 0.02083333395421505],
            [2, 9, 15, 0.02083333395421505],
            [2, 10, 12, 0.02083333395421505],
            [2, 10, 16, 0.02083333395421505],
            [2, 11, 5, 0.02083333395421505],
            [2, 11, 10, 0.02083333395421505],
            [2, 12, 3, 0.02083333395421505],
            [2, 12, 15, 0.02083333395421505],
            [2, 13, 14, 0.02083333395421505],
            [2, 14, 7, 0.02083333395421505],
            [2, 15, 2, 0.02083333395421505],
            [2, 15, 9, 0.02083333395421505],
            [2, 16, 8, 0.02083333395421505],
            [3, 0, 4, 0.019999999552965164],
            [3, 0, 8, 0.019999999552965164],
            [3, 0, 10, 0.019999999552965164],
            [3, 1, 11, 0.019999999552965164],
            [3, 2, 11, 0.03999999910593033],
            [3, 2, 13, 0.019999999552965164],
            [3, 3, 2, 0.019999999552965164],
            [3, 3, 10, 0.019999999552965164],
            [3, 3, 12, 0.019999999552965164],
            [3, 3, 16, 0.019999999552965164],
            [3, 4, 3, 0.019999999552965164],
            [3, 4, 5, 0.019999999552965164],
            [3, 4, 6, 0.019999999552965164],
            [3, 4, 13, 0.019999999552965164],
            [3, 5, 3, 0.019999999552965164],
            [3, 5, 5, 0.019999999552965164],
            [3, 5, 12, 0.019999999552965164],
            [3, 5, 14, 0.019999999552965164],
            [3, 5, 17, 0.019999999552965164],
            [3, 6, 2, 0.019999999552965164],
            [3, 6, 10, 0.019999999552965164],
            [3, 7, 12, 0.019999999552965164],
            [3, 8, 3, 0.05999999865889549],
            [3, 10, 4, 0.019999999552965164],
            [3, 10, 11, 0.019999999552965164],
            [3, 10, 17, 0.03999999910593033],
            [3, 11, 0, 0.019999999552965164],
            [3, 11, 10, 0.019999999552965164],
            [3, 12, 3, 0.019999999552965164],
            [3, 13, 4, 0.019999999552965164],
            [3, 13, 11, 0.019999999552965164],
            [3, 13, 12, 0.019999999552965164],
            [3, 13, 17, 0.019999999552965164],
