{
    "train_f1": 3.9486782550811768,
    "train_prob": 4.249371528625488,
    "train_cov": 25.0,
    "valid_f1": 0.0,
    "valid_prob": 0.0,
    "valid_cov": 0.0,
    "len": 180,
    "binary_grammar": {
        "num_nt": 4,
        "num_pt": 14,
        "num_rhs": 324,
        "rule_probs": [
            [0, 0, 2, 0.021276595070958138],
            [0, 0, 9, 0.021276595070958138],
            [0, 0, 10, 0.021276595070958138],
            [0, 1, 0, 0.021276595070958138],
            [0, 1, 9, 0.021276595070958138],
            [0, 1, 13, 0.042553190141916275],
            [0, 2, 3, 0.021276595070958138],
            [0, 2, 6, 0.021276595070958138],
            [0, 3, 9, 0.021276595070958138],
            [0, 4, 0, 0.021276595070958138],
            [0, 4, 5, 0.021276595070958138],
            [0, 4, 9, 0.021276595070958138],
            [0, 4, 11, 0.021276595070958138],
            [0, 5, 5, 0.021276595070958138],
            [0, 6, 5, 0.021276595070958138],
            [0, 6, 7, 0.021276595070958138],
            [0, 7, 9, 0.021276595070958138],
            [0, 7, 14, 0.021276595070958138],
            [0, 7, 16, 0.021276595070958138],
            [0, 8, 4, 0.021276595070958138],
            [0, 8, 11, 0.021276595070958138],
            [0, 8, 13, 0.021276595070958138],
            [0, 8, 16, 0.021276595070958138],
            [0, 8, 17, 0.021276595070958138],
            [0, 9, 5, 0.042553190141916275],
            [0, 9, 7, 0.021276595070958138],
            [0, 10, 11, 0.021276595070958138],
            [0, 11, 10, 0.021276595070958138],
            [0, 12, 1, 0.021276595070958138],
            [0, 12, 4, 0.021276595070958138],
            [0, 12, 7, 0.021276595070958138],
            [0, 12, 10, 0.021276595070958138],
            [0, 13, 3, 0.021276595070958138],
            [0, 14, 10, 0.021276595070958138],
            [0, 14, 17, 0.021276595070958138],
            [0, 15, 5, 0.042553190141916275],
            [0, 15, 6, 0.021276595070958138],
            [0, 15, 16, 0.021276595070958138],
            [0, 16, 7, 0.021276595070958138],
            [0, 16, 9, 0.021276595070958138],
            [0, 17, 3, 0.021276595070958138],
            [0, 17, 7, 0.021276595070958138],
            [0, 17, 10, 0.021276595070958138],
            [0, 17, 11, 0.021276595070958138],
            [1, 0, 5, 0.0181818176060915],
            [1, 0, 6, 0.0181818176060915],
            [1, 0, 14, 0.0181818176060915],
            [1, 1, 7, 0.0181818176060915],
            [1, 1, 9, 0.0181818176060915],
            [1, 1, 12, 0.0181818176060915],
            [1, 1, 13, 0.0181818176060915],
            [1, 2, 4, 0.0181818176060915],
            [1, 2, 11, 0.0181818176060915],
            [1, 2, 13, 0.036363635212183],
            [1, 2, 17, 0.0181818176060915],
            [1, 3, 6, 0.0181818176060915],
            [1, 3, 14, 0.0181818176060915],
            [1, 5, 16, 0.0181818176060915],
            [1, 6, 3, 0.0181818176060915],
            [1, 6, 11, 0.036363635212183],
            [1, 6, 15, 0.036363635212183],
            [1, 7, 3, 0.0181818176060915],
            [1, 7, 14, 0.0181818176060915],
            [1, 8, 3, 0.0181818176060915],
            [1, 8, 15, 0.0181818176060915],
            [1, 9, 0, 0.036363635212183],
            [1, 9, 8, 0.0181818176060915],
            [1, 9, 13, 0.0181818176060915],
            [1, 9, 14, 0.0181818176060915],
            [1, 10, 14, 0.0181818176060915],
            [1, 11, 3, 0.0181818176060915],
            [1, 11, 4, 0.0181818176060915],
            [1, 11, 9, 0.0181818176060915],
            [1, 11, 12, 0.0181818176060915],
            [1, 12, 8, 0.0181818176060915],
            [1, 12, 14, 0.0181818176060915],
            [1, 12, 16, 0.0181818176060915],
            [1, 13, 1, 0.0181818176060915],
            [1, 13, 4, 0.0181818176060915],
            [1, 13, 8, 0.0181818176060915],
            [1, 13, 10, 0.0181818176060915],
            [1, 13, 12, 0.0181818176060915],
            [1, 13, 14, 0.0181818176060915],
            [1, 14, 1, 0.0181818176060915],
            [1, 14, 17, 0.036363635212183],
            [1, 15, 7, 0.0181818176060915],
            [1, 15, 16, 0.0181818176060915],
            [1, 16, 2, 0.0181818176060915],
            [1, 16, 5, 0.0181818176060915],
            [1, 17, 8, 0.0181818176060915],
            [1, 17, 10, 0.0181818176060915],
            [1, 17, 11, 0.0181818176060915],
            [1, 17, 12, 0.0181818176060915],
            [1, 17, 16, 0.0181818176060915],
            [2, 0, 1, 0.03333333507180214],
            [2, 0, 2, 0.01666666753590107],
            [2, 0, 4, 0.01666666753590107],
            [2, 0, 5, 0.01666666753590107],
            [2, 0, 11, 0.01666666753590107],
            [2, 0, 16, 0.01666666753590107],
            [2, 1, 9, 0.01666666753590107],
            [2, 1, 10, 0.01666666753590107],
            [2, 1, 13, 0.01666666753590107],
            [2, 1, 17, 0.01666666753590107],
            [2, 2, 12, 0.01666666753590107],
            [2, 2, 15, 0.01666666753590107],
            [2, 3, 3, 0.01666666753590107],
            [2, 3, 15, 0.01666666753590107],
            [2, 4, 2, 0.01666666753590107],
            [2, 4, 6, 0.01666666753590107],
            [2, 4, 17, 0.01666666753590107],
            [2, 5, 0, 0.03333333507180214],
            [2, 5, 8, 0.03333333507180214],
            [2, 5, 9, 0.01666666753590107],
            [2, 5, 11, 0.01666666753590107],
            [2, 5, 16, 0.01666666753590107],
            [2, 6, 15, 0.01666666753590107],
            [2, 7, 6, 0.01666666753590107],
            [2, 7, 8, 0.01666666753590107],
            [2, 7, 12, 0.01666666753590107],
            [2, 8, 13, 0.01666666753590107],
            [2, 8, 15, 0.01666666753590107],
            [2, 9, 16, 0.01666666753590107],
            [2, 10, 2, 0.01666666753590107],
            [2, 10, 6, 0.01666666753590107],
            [2, 10, 11, 0.05000000074505806],
            [2, 10, 14, 0.01666666753590107],
            [2, 10, 17, 0.01666666753590107],
            [2, 11, 12, 0.01666666753590107],
            [2, 11, 16, 0.01666666753590107],
            [2, 12, 1, 0.03333333507180214],
            [2, 12, 7, 0.01666666753590107],
            [2, 12, 10, 0.01666666753590107],
            [2, 14, 0, 0.03333333507180214],
            [2, 14, 9, 0.01666666753590107],
            [2, 14, 17, 0.01666666753590107],
            [2, 15, 4, 0.01666666753590107],
            [2, 15, 11, 0.01666666753590107],
            [2, 15, 12, 0.01666666753590107],
            [2, 15, 14, 0.01666666753590107],
            [2, 16, 0, 0.01666666753590107],
            [2, 16, 4, 0.01666666753590107],
            [2, 16, 13, 0.01666666753590107],
            [2, 16, 16, 0.05000000074505806],
            [2, 17, 1, 0.01666666753590107],
            [3, 0, 0, 0.02631578966975212],
            [3, 0, 9, 0.02631578966975212],
            [3, 0, 12, 0.02631578966975212],
            [3, 0, 15, 0.02631578966975212],
            [3, 0, 17, 0.02631578966975212],
            [3, 1, 0, 0.02631578966975212],
            [3, 1, 5, 0.02631578966975212],
            [3, 2, 3, 0.05263157933950424],
            [3, 4, 7, 0.02631578966975212],
            [3, 4, 11, 0.02631578966975212],
            [3, 5, 1, 0.02631578966975212],
            [3, 5, 6, 0.02631578966975212],
            [3, 6, 4, 0.02631578966975212],
            [3, 7, 0, 0.02631578966975212],
            [3, 7, 5, 0.02631578966975212],
            [3, 7, 7, 0.02631578966975212],
            [3, 7, 16, 0.02631578966975212],
            [3, 8, 1, 0.02631578966975212],
            [3, 8, 12, 0.05263157933950424],
            [3, 8, 15, 0.02631578966975212],
            [3, 8, 16, 0.02631578966975212],
            [3, 9, 0, 0.02631578966975212],
            [3, 9, 1, 0.02631578966975212],
            [3, 10, 5, 0.05263157933950424],
            [3, 10, 14, 0.02631578966975212],
            [3, 12, 0, 0.02631578966975212],
