{
    "train_f1": 14.262868881225586,
    "train_prob": 34.9721794128418,
    "train_cov": 68.75,
    "valid_f1": 0.0,
    "valid_prob": 0.0,
    "valid_cov": 0.0,
    "len": 169,
    "binary_grammar": {
        "num_nt": 4,
        "num_pt": 14,
        "num_rhs": 324,
        "rule_probs": [
            [0, 0, 1, 0.017241379246115685],
            [0, 0, 2, 0.017241379246115685],
            [0, 0, 3, 0.017241379246115685],
            [0, 0, 4, 0.017241379246115685],
            [0, 1, 1, 0.017241379246115685],
            [0, 1, 4, 0.017241379246115685],
            [0, 1, 6, 0.017241379246115685],
            [0, 1, 17, 0.017241379246115685],
            [0, 2, 14, 0.017241379246115685],
            [0, 2, 15, 0.017241379246115685],
            [0, 3, 3, 0.017241379246115685],
            [0, 4, 6, 0.017241379246115685],
            [0, 4, 8, 0.017241379246115685],
            [0, 4, 9, 0.017241379246115685],
            [0, 4, 14, 0.017241379246115685],
            [0, 5, 8, 0.017241379246115685],
            [0, 7, 4, 0.017241379246115685],
            [0, 7, 10, 0.017241379246115685],
            [0, 7, 17, 0.017241379246115685],
            [0, 8, 5, 0.017241379246115685],
            [0, 8, 8, 0.017241379246115685],
            [0, 9, 6, 0.017241379246115685],
            [0, 9, 16, 0.017241379246115685],
            [0, 10, 0, 0.017241379246115685],
            [0, 10, 2, 0.017241379246115685],
            [0, 10, 17, 0.017241379246115685],
            [0, 11, 10, 0.017241379246115685],
            [0, 11, 12, 0.017241379246115685],
            [0, 11, 14, 0.017241379246115685],
            [0, 12, 3, 0.017241379246115685],
            [0, 12, 5, 0.017241379246115685],
            [0, 12, 9, 0.017241379246115685],
            [0, 12, 15, 0.017241379246115685],
            [0, 13, 3, 0.017241379246115685],
            [0, 13, 8, 0.017241379246115685],
            [0, 13, 10, 0.017241379246115685],
            [0, 13, 11, 0.017241379246115685],
            [0, 13, 13, 0.017241379246115685],
            [0, 13, 16, 0.017241379246115685],
            [0, 13, 17, 0.017241379246115685],
            [0, 14, 0, 0.03448275849223137],
            [0, 14, 2, 0.017241379246115685],
            [0, 14, 6, 0.017241379246115685],
            [0, 14, 10, 0.017241379246115685],
            [0, 14, 15, 0.017241379246115685],
            [0, 15, 9, 0.017241379246115685],
            [0, 16, 0, 0.017241379246115685],
            [0, 16, 3, 0.017241379246115685],
            [0, 16, 8, 0.0517241396009922],
            [0, 16, 14, 0.017241379246115685],
            [0, 17, 1, 0.017241379246115685],
            [0, 17, 3, 0.017241379246115685],
            [0, 17, 8, 0.017241379246115685],
            [0, 17, 13, 0.017241379246115685],
            [0, 17, 17, 0.017241379246115685],
            [1, 0, 1, 0.025641025975346565],
            [1, 1, 10, 0.025641025975346565],
            [1, 1, 11, 0.025641025975346565],
            [1, 2, 9, 0.025641025975346565],
            [1, 2, 11, 0.025641025975346565],
            [1, 2, 13, 0.025641025975346565],
            [1, 2, 15, 0.025641025975346565],
            [1, 2, 17, 0.025641025975346565],
            [1, 3, 5, 0.025641025975346565],
            [1, 4, 2, 0.025641025975346565],
            [1, 4, 3, 0.025641025975346565],
            [1, 4, 14, 0.025641025975346565],
            [1, 5, 15, 0.025641025975346565],
            [1, 6, 4, 0.025641025975346565],
            [1, 6, 11, 0.05128205195069313],
            [1, 7, 2, 0.025641025975346565],
            [1, 7, 15, 0.025641025975346565],
            [1, 8, 9, 0.025641025975346565],
            [1, 8, 17, 0.025641025975346565],
            [1, 9, 1, 0.025641025975346565],
            [1, 9, 11, 0.025641025975346565],
            [1, 9, 16, 0.025641025975346565],
            [1, 10, 11, 0.025641025975346565],
            [1, 11, 3, 0.025641025975346565],
            [1, 11, 9, 0.025641025975346565],
            [1, 12, 4, 0.025641025975346565],
            [1, 12, 8, 0.025641025975346565],
            [1, 13, 3, 0.025641025975346565],
            [1, 13, 10, 0.025641025975346565],
            [1, 14, 11, 0.025641025975346565],
            [1, 14, 15, 0.025641025975346565],
            [1, 14, 17, 0.025641025975346565],
            [1, 15, 1, 0.025641025975346565],
            [1, 15, 14, 0.025641025975346565],
            [1, 16, 0, 0.025641025975346565],
            [1, 16, 15, 0.025641025975346565],
            [1, 16, 17, 0.025641025975346565],
            [1, 17, 3, 0.025641025975346565],
            [2, 0, 6, 0.02222222276031971],
            [2, 0, 8, 0.02222222276031971],
            [2, 0, 9, 0.02222222276031971],
            [2, 0, 12, 0.02222222276031971],
            [2, 0, 15, 0.04444444552063942],
            [2, 1, 3, 0.02222222276031971],
            [2, 1, 4, 0.02222222276031971],
            [2, 1, 12, 0.02222222276031971],
            [2, 2, 10, 0.04444444552063942],
            [2, 2, 13, 0.02222222276031971],
            [2, 2, 14, 0.04444444552063942],
            [2, 4, 2, 0.02222222276031971],
            [2, 6, 0, 0.02222222276031971],
            [2, 6, 15, 0.02222222276031971],
            [2, 7, 7, 0.02222222276031971],
            [2, 8, 7, 0.04444444552063942],
            [2, 8, 13, 0.02222222276031971],
            [2, 8, 15, 0.02222222276031971],
            [2, 9, 3, 0.02222222276031971],
            [2, 9, 4, 0.02222222276031971],
            [2, 9, 6, 0.02222222276031971],
            [2, 9, 8, 0.02222222276031971],
            [2, 9, 11, 0.02222222276031971],
            [2, 10, 7, 0.02222222276031971],
            [2, 11, 2, 0.02222222276031971],
            [2, 11, 7, 0.02222222276031971],
            [2, 12, 2, 0.02222222276031971],
            [2, 12, 3, 0.02222222276031971],
            [2, 12, 7, 0.02222222276031971],
            [2, 12, 8, 0.02222222276031971],
            [2, 12, 9, 0.02222222276031971],
            [2, 12, 15, 0.02222222276031971],
            [2, 13, 11, 0.02222222276031971],
            [2, 13, 14, 0.02222222276031971],
            [2, 14, 4, 0.04444444552063942],
            [2, 15, 15, 0.02222222276031971],
            [2, 15, 17, 0.02222222276031971],
            [2, 16, 0, 0.02222222276031971],
            [2, 16, 13, 0.02222222276031971],
            [2, 17, 10, 0.02222222276031971],
            [3, 0, 7, 0.02500000037252903],
            [3, 0, 9, 0.02500000037252903],
            [3, 0, 10, 0.02500000037252903],
            [3, 0, 11, 0.02500000037252903],
            [3, 0, 16, 0.02500000037252903],
            [3, 1, 8, 0.02500000037252903],
            [3, 2, 4, 0.02500000037252903],
            [3, 2, 11, 0.02500000037252903],
            [3, 3, 1, 0.02500000037252903],
            [3, 3, 8, 0.02500000037252903],
            [3, 3, 13, 0.02500000037252903],
            [3, 4, 6, 0.02500000037252903],
            [3, 4, 13, 0.02500000037252903],
            [3, 5, 12, 0.02500000037252903],
            [3, 5, 16, 0.02500000037252903],
            [3, 6, 1, 0.02500000037252903],
            [3, 7, 4, 0.05000000074505806],
            [3, 7, 10, 0.02500000037252903],
            [3, 8, 7, 0.02500000037252903],
            [3, 8, 11, 0.05000000074505806],
            [3, 8, 14, 0.02500000037252903],
            [3, 8, 16, 0.02500000037252903],
            [3, 9, 4, 0.02500000037252903],
            [3, 11, 14, 0.02500000037252903],
            [3, 13, 0, 0.02500000037252903],
            [3, 13, 15, 0.02500000037252903],
            [3, 14, 0, 0.05000000074505806],
            [3, 14, 3, 0.02500000037252903],
            [3, 14, 6, 0.02500000037252903],
            [3, 15, 4, 0.02500000037252903],
            [3, 15, 6, 0.02500000037252903],
            [3, 15, 10, 0.05000000074505806],
            [3, 15, 14, 0.02500000037252903],
            [3, 16, 6, 0.02500000037252903],
            [3, 16, 11, 0.02500000037252903],
            [3, 17, 12, 0.02500000037252903]
        ]
    }
}