{
    "train_f1": 2.5340161323547363,
    "train_prob": 7.36313533782959,
    "train_cov": 18.75,
    "valid_f1": 0.0,
    "valid_prob": 0.0,
    "valid_cov": 0.0,
    "len": 179,
    "binary_grammar": {
        "num_nt": 4,
        "num_pt": 14,
        "num_rhs": 324,
        "rule_probs": [
            [0, 1, 2, 0.02083333395421505],
            [0, 1, 3, 0.02083333395421505],
            [0, 1, 7, 0.02083333395421505],
            [0, 1, 10, 0.02083333395421505],
            [0, 2, 2, 0.02083333395421505],
            [0, 2, 11, 0.02083333395421505],
            [0, 2, 17, 0.0416666679084301],
            [0, 3, 4, 0.0416666679084301],
            [0, 3, 7, 0.02083333395421505],
            [0, 3, 10, 0.02083333395421505],
            [0, 4, 8, 0.02083333395421505],
            [0, 4, 10, 0.02083333395421505],
            [0, 4, 17, 0.02083333395421505],
            [0, 5, 10, 0.02083333395421505],
            [0, 6, 0, 0.02083333395421505],
            [0, 6, 3, 0.02083333395421505],
            [0, 6, 9, 0.02083333395421505],
            [0, 6, 15, 0.02083333395421505],
            [0, 7, 1, 0.02083333395421505],
            [0, 7, 6, 0.02083333395421505],
            [0, 7, 16, 0.02083333395421505],
            [0, 8, 0, 0.02083333395421505],
            [0, 8, 17, 0.02083333395421505],
            [0, 9, 14, 0.0416666679084301],
            [0, 10, 1, 0.02083333395421505],
            [0, 11, 16, 0.0416666679084301],
            [0, 12, 5, 0.02083333395421505],
            [0, 12, 6, 0.02083333395421505],
            [0, 12, 7, 0.02083333395421505],
            [0, 13, 10, 0.02083333395421505],
            [0, 14, 9, 0.0416666679084301],
            [0, 14, 11, 0.02083333395421505],
            [0, 14, 12, 0.02083333395421505],
            [0, 14, 17, 0.0416666679084301],
            [0, 15, 0, 0.0416666679084301],
            [0, 16, 9, 0.02083333395421505],
            [0, 17, 6, 0.02083333395421505],
            [0, 17, 11, 0.02083333395421505],
            [0, 17, 15, 0.02083333395421505],
            [0, 17, 16, 0.0416666679084301],
            [1, 0, 4, 0.02222222276031971],
            [1, 0, 12, 0.02222222276031971],
            [1, 0, 16, 0.02222222276031971],
            [1, 0, 17, 0.02222222276031971],
            [1, 1, 6, 0.02222222276031971],
            [1, 1, 8, 0.02222222276031971],
            [1, 1, 9, 0.02222222276031971],
            [1, 3, 7, 0.02222222276031971],
            [1, 3, 8, 0.02222222276031971],
            [1, 3, 9, 0.02222222276031971],
            [1, 3, 12, 0.02222222276031971],
            [1, 4, 0, 0.04444444552063942],
            [1, 4, 10, 0.02222222276031971],
            [1, 5, 16, 0.04444444552063942],
            [1, 6, 4, 0.02222222276031971],
            [1, 6, 6, 0.02222222276031971],
            [1, 6, 8, 0.02222222276031971],
            [1, 6, 11, 0.02222222276031971],
            [1, 6, 13, 0.02222222276031971],
            [1, 6, 14, 0.02222222276031971],
            [1, 7, 1, 0.02222222276031971],
            [1, 7, 7, 0.02222222276031971],
            [1, 7, 8, 0.02222222276031971],
            [1, 8, 2, 0.02222222276031971],
            [1, 8, 17, 0.02222222276031971],
            [1, 10, 3, 0.02222222276031971],
            [1, 10, 7, 0.02222222276031971],
            [1, 12, 11, 0.02222222276031971],
            [1, 12, 14, 0.02222222276031971],
            [1, 12, 15, 0.02222222276031971],
            [1, 14, 4, 0.02222222276031971],
            [1, 14, 11, 0.02222222276031971],
            [1, 15, 3, 0.02222222276031971],
            [1, 15, 7, 0.02222222276031971],
            [1, 15, 9, 0.02222222276031971],
            [1, 16, 15, 0.02222222276031971],
            [1, 16, 17, 0.02222222276031971],
            [1, 17, 2, 0.04444444552063942],
            [1, 17, 8, 0.02222222276031971],
            [1, 17, 14, 0.02222222276031971],
            [1, 17, 17, 0.04444444552063942],
            [2, 0, 5, 0.017543859779834747],
            [2, 0, 6, 0.035087719559669495],
            [2, 0, 10, 0.017543859779834747],
            [2, 0, 14, 0.017543859779834747],
            [2, 0, 15, 0.017543859779834747],
            [2, 0, 16, 0.017543859779834747],
            [2, 1, 2, 0.017543859779834747],
            [2, 1, 3, 0.017543859779834747],
            [2, 1, 4, 0.017543859779834747],
            [2, 1, 6, 0.017543859779834747],
            [2, 1, 12, 0.017543859779834747],
            [2, 1, 16, 0.017543859779834747],
            [2, 2, 6, 0.017543859779834747],
            [2, 2, 7, 0.017543859779834747],
            [2, 3, 3, 0.017543859779834747],
            [2, 4, 1, 0.017543859779834747],
            [2, 4, 16, 0.017543859779834747],
            [2, 5, 1, 0.017543859779834747],
            [2, 5, 7, 0.017543859779834747],
            [2, 5, 15, 0.035087719559669495],
            [2, 6, 5, 0.017543859779834747],
            [2, 6, 14, 0.017543859779834747],
            [2, 6, 16, 0.017543859779834747],
            [2, 7, 1, 0.017543859779834747],
            [2, 7, 2, 0.017543859779834747],
            [2, 7, 10, 0.017543859779834747],
            [2, 8, 5, 0.017543859779834747],
            [2, 8, 6, 0.017543859779834747],
            [2, 9, 7, 0.017543859779834747],
            [2, 9, 8, 0.017543859779834747],
            [2, 9, 17, 0.017543859779834747],
            [2, 10, 3, 0.017543859779834747],
            [2, 11, 5, 0.017543859779834747],
            [2, 11, 14, 0.017543859779834747],
            [2, 12, 4, 0.017543859779834747],
            [2, 12, 5, 0.017543859779834747],
            [2, 12, 6, 0.017543859779834747],
            [2, 12, 8, 0.035087719559669495],
            [2, 13, 6, 0.017543859779834747],
            [2, 13, 16, 0.05263157933950424],
            [2, 14, 2, 0.017543859779834747],
            [2, 14, 9, 0.017543859779834747],
            [2, 16, 2, 0.035087719559669495],
            [2, 16, 6, 0.035087719559669495],
            [2, 16, 10, 0.017543859779834747],
            [2, 16, 11, 0.017543859779834747],
            [2, 16, 12, 0.017543859779834747],
            [2, 17, 2, 0.017543859779834747],
            [2, 17, 7, 0.017543859779834747],
            [2, 17, 8, 0.017543859779834747],
            [3, 0, 5, 0.019999999552965164],
            [3, 1, 2, 0.019999999552965164],
            [3, 1, 7, 0.019999999552965164],
            [3, 1, 17, 0.019999999552965164],
            [3, 2, 1, 0.019999999552965164],
            [3, 2, 2, 0.019999999552965164],
            [3, 2, 4, 0.019999999552965164],
            [3, 2, 7, 0.019999999552965164],
            [3, 2, 12, 0.019999999552965164],
            [3, 2, 13, 0.019999999552965164],
            [3, 2, 14, 0.019999999552965164],
            [3, 2, 17, 0.019999999552965164],
            [3, 3, 2, 0.019999999552965164],
            [3, 3, 4, 0.019999999552965164],
            [3, 3, 12, 0.019999999552965164],
            [3, 3, 13, 0.019999999552965164],
            [3, 3, 14, 0.019999999552965164],
            [3, 3, 17, 0.019999999552965164],
            [3, 4, 11, 0.019999999552965164],
            [3, 5, 3, 0.019999999552965164],
            [3, 5, 4, 0.019999999552965164],
            [3, 5, 8, 0.019999999552965164],
            [3, 7, 2, 0.019999999552965164],
            [3, 7, 3, 0.019999999552965164],
            [3, 7, 12, 0.019999999552965164],
            [3, 9, 5, 0.019999999552965164],
            [3, 9, 17, 0.019999999552965164],
            [3, 10, 7, 0.019999999552965164],
            [3, 11, 11, 0.019999999552965164],
            [3, 11, 12, 0.019999999552965164],
            [3, 11, 14, 0.019999999552965164],
            [3, 12, 7, 0.019999999552965164],
            [3, 12, 9, 0.019999999552965164],
            [3, 12, 15, 0.03999999910593033],
            [3, 13, 1, 0.019999999552965164],
            [3, 13, 15, 0.019999999552965164],
            [3, 14, 1, 0.019999999552965164],
            [3, 14, 10, 0.019999999552965164],
            [3, 15, 3, 0.019999999552965164],
