{
    "train_f1": 10.957049369812012,
    "train_prob": 36.966896057128906,
    "train_cov": 56.25,
    "valid_f1": 0.0,
    "valid_prob": 0.0,
    "valid_cov": 0.0,
    "len": 185,
    "binary_grammar": {
        "num_nt": 4,
        "num_pt": 14,
        "num_rhs": 324,
        "rule_probs": [
            [0, 0, 0, 0.01666666753590107],
            [0, 0, 2, 0.01666666753590107],
            [0, 1, 2, 0.01666666753590107],
            [0, 1, 10, 0.01666666753590107],
            [0, 1, 11, 0.01666666753590107],
            [0, 2, 0, 0.03333333507180214],
            [0, 2, 3, 0.01666666753590107],
            [0, 2, 4, 0.01666666753590107],
            [0, 2, 6, 0.01666666753590107],
            [0, 2, 9, 0.01666666753590107],
            [0, 2, 10, 0.01666666753590107],
            [0, 2, 11, 0.03333333507180214],
            [0, 2, 13, 0.01666666753590107],
            [0, 2, 16, 0.01666666753590107],
            [0, 4, 4, 0.01666666753590107],
            [0, 4, 12, 0.01666666753590107],
            [0, 5, 2, 0.01666666753590107],
            [0, 5, 11, 0.01666666753590107],
            [0, 5, 14, 0.01666666753590107],
            [0, 6, 3, 0.01666666753590107],
            [0, 6, 9, 0.01666666753590107],
            [0, 6, 10, 0.03333333507180214],
            [0, 6, 17, 0.01666666753590107],
            [0, 7, 17, 0.01666666753590107],
            [0, 8, 12, 0.03333333507180214],
            [0, 9, 0, 0.01666666753590107],
            [0, 9, 2, 0.01666666753590107],
            [0, 9, 11, 0.01666666753590107],
            [0, 9, 12, 0.01666666753590107],
            [0, 9, 15, 0.01666666753590107],
            [0, 9, 16, 0.01666666753590107],
            [0, 9, 17, 0.01666666753590107],
            [0, 10, 5, 0.01666666753590107],
            [0, 10, 11, 0.01666666753590107],
            [0, 10, 15, 0.01666666753590107],
            [0, 12, 4, 0.01666666753590107],
            [0, 12, 7, 0.01666666753590107],
            [0, 12, 9, 0.01666666753590107],
            [0, 12, 12, 0.03333333507180214],
            [0, 13, 0, 0.03333333507180214],
            [0, 13, 3, 0.01666666753590107],
            [0, 13, 5, 0.01666666753590107],
            [0, 13, 7, 0.01666666753590107],
            [0, 14, 9, 0.01666666753590107],
            [0, 14, 15, 0.01666666753590107],
            [0, 15, 13, 0.01666666753590107],
            [0, 15, 16, 0.01666666753590107],
            [0, 16, 2, 0.01666666753590107],
            [0, 16, 8, 0.03333333507180214],
            [0, 16, 10, 0.01666666753590107],
            [0, 16, 15, 0.01666666753590107],
            [0, 17, 2, 0.01666666753590107],
            [0, 17, 5, 0.01666666753590107],
            [1, 0, 1, 0.021276595070958138],
            [1, 0, 4, 0.021276595070958138],
            [1, 0, 8, 0.021276595070958138],
            [1, 1, 9, 0.021276595070958138],
            [1, 1, 10, 0.021276595070958138],
            [1, 1, 12, 0.021276595070958138],
            [1, 2, 5, 0.021276595070958138],
            [1, 2, 7, 0.021276595070958138],
            [1, 3, 2, 0.021276595070958138],
            [1, 3, 8, 0.021276595070958138],
            [1, 3, 13, 0.021276595070958138],
            [1, 4, 5, 0.021276595070958138],
            [1, 4, 6, 0.021276595070958138],
            [1, 4, 7, 0.021276595070958138],
            [1, 5, 9, 0.021276595070958138],
            [1, 7, 6, 0.021276595070958138],
            [1, 7, 15, 0.021276595070958138],
            [1, 8, 1, 0.021276595070958138],
            [1, 8, 12, 0.021276595070958138],
            [1, 8, 15, 0.021276595070958138],
            [1, 10, 2, 0.021276595070958138],
            [1, 10, 5, 0.021276595070958138],
            [1, 10, 9, 0.021276595070958138],
            [1, 11, 5, 0.021276595070958138],
            [1, 11, 15, 0.021276595070958138],
            [1, 11, 16, 0.021276595070958138],
            [1, 12, 4, 0.021276595070958138],
            [1, 12, 8, 0.021276595070958138],
            [1, 12, 10, 0.021276595070958138],
            [1, 12, 12, 0.021276595070958138],
            [1, 13, 0, 0.021276595070958138],
            [1, 13, 3, 0.021276595070958138],
            [1, 13, 6, 0.021276595070958138],
            [1, 13, 12, 0.021276595070958138],
            [1, 13, 16, 0.021276595070958138],
            [1, 14, 4, 0.021276595070958138],
            [1, 14, 7, 0.021276595070958138],
            [1, 14, 14, 0.021276595070958138],
            [1, 15, 0, 0.021276595070958138],
            [1, 15, 2, 0.021276595070958138],
            [1, 15, 3, 0.042553190141916275],
            [1, 15, 6, 0.021276595070958138],
            [1, 15, 10, 0.021276595070958138],
            [1, 15, 13, 0.021276595070958138],
            [1, 15, 14, 0.021276595070958138],
            [1, 17, 6, 0.021276595070958138],
            [2, 0, 5, 0.024390242993831635],
            [2, 1, 13, 0.024390242993831635],
            [2, 2, 7, 0.04878048598766327],
            [2, 2, 11, 0.024390242993831635],
            [2, 2, 14, 0.024390242993831635],
            [2, 3, 4, 0.024390242993831635],
            [2, 3, 10, 0.024390242993831635],
            [2, 3, 14, 0.024390242993831635],
            [2, 4, 6, 0.024390242993831635],
            [2, 4, 7, 0.024390242993831635],
            [2, 5, 6, 0.024390242993831635],
            [2, 5, 7, 0.024390242993831635],
            [2, 5, 17, 0.024390242993831635],
            [2, 6, 2, 0.024390242993831635],
            [2, 7, 1, 0.024390242993831635],
            [2, 7, 6, 0.024390242993831635],
            [2, 8, 11, 0.024390242993831635],
            [2, 8, 12, 0.024390242993831635],
            [2, 8, 15, 0.024390242993831635],
            [2, 9, 14, 0.024390242993831635],
            [2, 10, 0, 0.024390242993831635],
            [2, 10, 5, 0.024390242993831635],
            [2, 10, 6, 0.024390242993831635],
            [2, 10, 10, 0.024390242993831635],
            [2, 11, 10, 0.024390242993831635],
            [2, 11, 11, 0.024390242993831635],
            [2, 12, 8, 0.04878048598766327],
            [2, 12, 9, 0.024390242993831635],
            [2, 13, 11, 0.024390242993831635],
            [2, 14, 1, 0.04878048598766327],
            [2, 14, 6, 0.024390242993831635],
            [2, 15, 8, 0.04878048598766327],
            [2, 15, 12, 0.024390242993831635],
            [2, 16, 2, 0.024390242993831635],
            [2, 16, 5, 0.024390242993831635],
            [2, 16, 7, 0.024390242993831635],
            [2, 17, 14, 0.024390242993831635],
            [3, 0, 8, 0.03846153989434242],
            [3, 0, 10, 0.01923076994717121],
            [3, 0, 12, 0.01923076994717121],
            [3, 0, 13, 0.01923076994717121],
            [3, 1, 0, 0.01923076994717121],
            [3, 1, 5, 0.01923076994717121],
            [3, 1, 15, 0.01923076994717121],
            [3, 2, 4, 0.01923076994717121],
            [3, 2, 12, 0.01923076994717121],
            [3, 2, 14, 0.01923076994717121],
            [3, 2, 16, 0.01923076994717121],
            [3, 3, 2, 0.01923076994717121],
            [3, 4, 3, 0.01923076994717121],
            [3, 4, 4, 0.01923076994717121],
            [3, 5, 0, 0.01923076994717121],
            [3, 5, 8, 0.01923076994717121],
            [3, 6, 11, 0.01923076994717121],
            [3, 7, 1, 0.01923076994717121],
            [3, 7, 11, 0.01923076994717121],
            [3, 7, 16, 0.01923076994717121],
            [3, 8, 4, 0.01923076994717121],
            [3, 8, 8, 0.01923076994717121],
            [3, 9, 4, 0.01923076994717121],
            [3, 9, 10, 0.01923076994717121],
            [3, 9, 11, 0.01923076994717121],
            [3, 9, 14, 0.01923076994717121],
            [3, 10, 0, 0.01923076994717121],
            [3, 10, 1, 0.01923076994717121],
            [3, 10, 3, 0.01923076994717121],
            [3, 10, 8, 0.01923076994717121],
            [3, 10, 11, 0.01923076994717121],
            [3, 10, 13, 0.01923076994717121],
            [3, 10, 15, 0.03846153989434242],
