{
    "train_f1": 5.088531017303467,
    "train_prob": 17.96059799194336,
    "train_cov": 56.25,
    "valid_f1": 0.0,
    "valid_prob": 0.0,
    "valid_cov": 0.0,
    "len": 172,
    "binary_grammar": {
        "num_nt": 4,
        "num_pt": 14,
        "num_rhs": 324,
        "rule_probs": [
            [0, 0, 3, 0.016949152573943138],
            [0, 0, 7, 0.016949152573943138],
            [0, 0, 11, 0.016949152573943138],
            [0, 0, 15, 0.016949152573943138],
            [0, 1, 0, 0.033898305147886276],
            [0, 1, 9, 0.016949152573943138],
            [0, 1, 16, 0.016949152573943138],
            [0, 3, 5, 0.016949152573943138],
            [0, 3, 12, 0.016949152573943138],
            [0, 3, 13, 0.016949152573943138],
            [0, 3, 15, 0.016949152573943138],
            [0, 4, 4, 0.033898305147886276],
            [0, 5, 1, 0.016949152573943138],
            [0, 5, 14, 0.033898305147886276],
            [0, 5, 16, 0.016949152573943138],
            [0, 6, 2, 0.033898305147886276],
            [0, 6, 5, 0.016949152573943138],
            [0, 6, 9, 0.016949152573943138],
            [0, 6, 10, 0.016949152573943138],
            [0, 7, 0, 0.016949152573943138],
            [0, 7, 5, 0.033898305147886276],
            [0, 7, 11, 0.016949152573943138],
            [0, 8, 3, 0.016949152573943138],
            [0, 8, 4, 0.016949152573943138],
            [0, 8, 5, 0.033898305147886276],
            [0, 8, 6, 0.033898305147886276],
            [0, 8, 12, 0.016949152573943138],
            [0, 8, 16, 0.016949152573943138],
            [0, 9, 3, 0.016949152573943138],
            [0, 9, 10, 0.033898305147886276],
            [0, 10, 10, 0.016949152573943138],
            [0, 10, 15, 0.016949152573943138],
            [0, 10, 16, 0.016949152573943138],
            [0, 10, 17, 0.016949152573943138],
            [0, 11, 4, 0.016949152573943138],
            [0, 11, 8, 0.016949152573943138],
            [0, 11, 14, 0.016949152573943138],
            [0, 13, 2, 0.016949152573943138],
            [0, 13, 16, 0.016949152573943138],
            [0, 14, 4, 0.016949152573943138],
            [0, 14, 11, 0.033898305147886276],
            [0, 15, 3, 0.016949152573943138],
            [0, 15, 8, 0.016949152573943138],
            [0, 16, 13, 0.016949152573943138],
            [0, 16, 17, 0.016949152573943138],
            [0, 17, 2, 0.016949152573943138],
            [0, 17, 11, 0.016949152573943138],
            [0, 17, 14, 0.016949152573943138],
            [0, 17, 16, 0.016949152573943138],
            [0, 17, 17, 0.016949152573943138],
            [1, 0, 14, 0.02500000037252903],
            [1, 0, 15, 0.02500000037252903],
            [1, 0, 17, 0.02500000037252903],
            [1, 1, 1, 0.02500000037252903],
            [1, 1, 14, 0.02500000037252903],
            [1, 2, 2, 0.02500000037252903],
            [1, 2, 9, 0.02500000037252903],
            [1, 2, 14, 0.05000000074505806],
            [1, 4, 4, 0.05000000074505806],
            [1, 4, 6, 0.02500000037252903],
            [1, 4, 8, 0.02500000037252903],
            [1, 4, 11, 0.02500000037252903],
            [1, 4, 16, 0.02500000037252903],
            [1, 5, 8, 0.02500000037252903],
            [1, 6, 6, 0.02500000037252903],
            [1, 6, 17, 0.02500000037252903],
            [1, 7, 1, 0.02500000037252903],
            [1, 8, 2, 0.02500000037252903],
            [1, 8, 13, 0.02500000037252903],
            [1, 8, 17, 0.02500000037252903],
            [1, 9, 12, 0.02500000037252903],
            [1, 10, 0, 0.02500000037252903],
            [1, 11, 6, 0.02500000037252903],
            [1, 11, 12, 0.02500000037252903],
            [1, 12, 0, 0.05000000074505806],
            [1, 12, 5, 0.02500000037252903],
            [1, 12, 9, 0.02500000037252903],
            [1, 14, 1, 0.02500000037252903],
            [1, 14, 4, 0.02500000037252903],
            [1, 14, 10, 0.02500000037252903],
            [1, 15, 11, 0.02500000037252903],
            [1, 15, 13, 0.02500000037252903],
            [1, 15, 17, 0.02500000037252903],
            [1, 17, 3, 0.02500000037252903],
            [1, 17, 4, 0.02500000037252903],
            [1, 17, 8, 0.02500000037252903],
            [1, 17, 11, 0.02500000037252903],
            [2, 0, 3, 0.01785714365541935],
            [2, 0, 8, 0.01785714365541935],
            [2, 0, 16, 0.01785714365541935],
            [2, 1, 1, 0.01785714365541935],
            [2, 1, 13, 0.0357142873108387],
            [2, 2, 6, 0.0357142873108387],
            [2, 2, 10, 0.0535714291036129],
            [2, 2, 15, 0.0357142873108387],
            [2, 3, 1, 0.01785714365541935],
            [2, 3, 2, 0.01785714365541935],
            [2, 3, 7, 0.01785714365541935],
            [2, 3, 17, 0.01785714365541935],
            [2, 4, 12, 0.0357142873108387],
            [2, 4, 15, 0.01785714365541935],
            [2, 5, 6, 0.01785714365541935],
            [2, 5, 10, 0.01785714365541935],
            [2, 7, 3, 0.01785714365541935],
            [2, 8, 5, 0.01785714365541935],
            [2, 8, 10, 0.01785714365541935],
            [2, 8, 12, 0.0357142873108387],
            [2, 8, 13, 0.01785714365541935],
            [2, 8, 15, 0.01785714365541935],
            [2, 9, 3, 0.0357142873108387],
            [2, 9, 5, 0.01785714365541935],
            [2, 10, 0, 0.01785714365541935],
            [2, 10, 15, 0.01785714365541935],
            [2, 11, 10, 0.01785714365541935],
            [2, 11, 12, 0.01785714365541935],
            [2, 12, 1, 0.0357142873108387],
            [2, 12, 9, 0.01785714365541935],
            [2, 13, 1, 0.01785714365541935],
            [2, 13, 6, 0.01785714365541935],
            [2, 13, 13, 0.0357142873108387],
            [2, 14, 0, 0.01785714365541935],
            [2, 14, 10, 0.01785714365541935],
            [2, 14, 13, 0.01785714365541935],
            [2, 15, 0, 0.01785714365541935],
            [2, 15, 12, 0.01785714365541935],
            [2, 15, 15, 0.01785714365541935],
            [2, 16, 12, 0.01785714365541935],
            [2, 17, 0, 0.0357142873108387],
            [2, 17, 1, 0.0357142873108387],
            [2, 17, 15, 0.01785714365541935],
            [2, 17, 16, 0.01785714365541935],
            [3, 0, 2, 0.04444444552063942],
            [3, 1, 11, 0.02222222276031971],
            [3, 2, 5, 0.02222222276031971],
            [3, 2, 16, 0.02222222276031971],
            [3, 2, 17, 0.02222222276031971],
            [3, 3, 8, 0.02222222276031971],
            [3, 3, 12, 0.02222222276031971],
            [3, 4, 3, 0.02222222276031971],
            [3, 4, 7, 0.02222222276031971],
            [3, 4, 8, 0.02222222276031971],
            [3, 5, 4, 0.02222222276031971],
            [3, 6, 2, 0.02222222276031971],
            [3, 6, 9, 0.02222222276031971],
            [3, 6, 10, 0.02222222276031971],
            [3, 7, 0, 0.04444444552063942],
            [3, 7, 7, 0.02222222276031971],
            [3, 7, 10, 0.02222222276031971],
            [3, 7, 14, 0.02222222276031971],
            [3, 7, 17, 0.02222222276031971],
            [3, 8, 4, 0.02222222276031971],
            [3, 8, 13, 0.02222222276031971],
            [3, 8, 16, 0.02222222276031971],
            [3, 9, 17, 0.02222222276031971],
            [3, 10, 0, 0.02222222276031971],
            [3, 10, 1, 0.02222222276031971],
            [3, 10, 12, 0.02222222276031971],
            [3, 11, 12, 0.02222222276031971],
            [3, 11, 16, 0.02222222276031971],
            [3, 12, 13, 0.02222222276031971],
            [3, 12, 17, 0.02222222276031971],
            [3, 13, 0, 0.04444444552063942],
            [3, 13, 5, 0.02222222276031971],
            [3, 13, 11, 0.04444444552063942],
            [3, 14, 13, 0.02222222276031971],
            [3, 15, 11, 0.02222222276031971],
            [3, 15, 13, 0.02222222276031971],
            [3, 16, 0, 0.02222222276031971],
            [3, 16, 4, 0.02222222276031971],
            [3, 16, 10, 0.02222222276031971],
