{
    "train_f1": 0.0,
    "train_prob": 0.0,
    "train_cov": 0.0,
    "valid_f1": 0.0,
    "valid_prob": 0.0,
    "valid_cov": 0.0,
    "len": 88,
    "binary_grammar": {
        "num_nt": 5,
        "num_pt": 14,
        "num_rhs": 361,
        "rule_probs": [
            [0, 0, 13, 0.03999999910593033],
            [0, 1, 2, 0.03999999910593033],
            [0, 1, 16, 0.03999999910593033],
            [0, 5, 3, 0.03999999910593033],
            [0, 6, 7, 0.03999999910593033],
            [0, 6, 15, 0.03999999910593033],
            [0, 8, 8, 0.03999999910593033],
            [0, 8, 12, 0.03999999910593033],
            [0, 9, 13, 0.03999999910593033],
            [0, 10, 6, 0.03999999910593033],
            [0, 10, 14, 0.03999999910593033],
            [0, 11, 4, 0.03999999910593033],
            [0, 12, 9, 0.03999999910593033],
            [0, 13, 14, 0.07999999821186066],
            [0, 13, 18, 0.07999999821186066],
            [0, 14, 7, 0.03999999910593033],
            [0, 14, 15, 0.03999999910593033],
            [0, 15, 15, 0.03999999910593033],
            [0, 16, 6, 0.03999999910593033],
            [0, 16, 12, 0.03999999910593033],
            [0, 17, 10, 0.03999999910593033],
            [0, 18, 5, 0.03999999910593033],
            [0, 18, 15, 0.03999999910593033],
            [1, 3, 11, 0.0714285746216774],
            [1, 6, 4, 0.1428571492433548],
            [1, 6, 6, 0.0714285746216774],
            [1, 6, 10, 0.0714285746216774],
            [1, 9, 14, 0.0714285746216774],
            [1, 9, 17, 0.0714285746216774],
            [1, 11, 5, 0.0714285746216774],
            [1, 14, 2, 0.0714285746216774],
            [1, 14, 14, 0.0714285746216774],
            [1, 14, 15, 0.0714285746216774],
            [1, 15, 7, 0.0714285746216774],
            [1, 18, 5, 0.0714285746216774],
            [1, 18, 17, 0.0714285746216774],
            [2, 2, 0, 0.03846153989434242],
            [2, 3, 1, 0.03846153989434242],
            [2, 3, 4, 0.03846153989434242],
            [2, 4, 3, 0.03846153989434242],
            [2, 5, 5, 0.03846153989434242],
            [2, 7, 5, 0.11538461595773697],
            [2, 7, 7, 0.03846153989434242],
            [2, 8, 11, 0.03846153989434242],
            [2, 10, 7, 0.03846153989434242],
            [2, 10, 9, 0.03846153989434242],
            [2, 12, 16, 0.03846153989434242],
            [2, 13, 15, 0.03846153989434242],
            [2, 14, 1, 0.03846153989434242],
            [2, 14, 4, 0.03846153989434242],
            [2, 14, 14, 0.11538461595773697],
            [2, 16, 3, 0.07692307978868484],
            [2, 16, 8, 0.03846153989434242],
            [2, 16, 12, 0.07692307978868484],
            [2, 17, 12, 0.03846153989434242],
            [2, 18, 5, 0.03846153989434242],
            [3, 4, 8, 0.07692307978868484],
            [3, 7, 2, 0.07692307978868484],
            [3, 7, 10, 0.1538461595773697],
            [3, 8, 13, 0.07692307978868484],
            [3, 9, 5, 0.07692307978868484],
            [3, 9, 11, 0.07692307978868484],
            [3, 9, 18, 0.07692307978868484],
            [3, 10, 16, 0.07692307978868484],
            [3, 11, 1, 0.07692307978868484],
            [3, 11, 14, 0.07692307978868484],
            [3, 18, 7, 0.07692307978868484],
            [3, 18, 12, 0.07692307978868484],
            [4, 1, 1, 0.04545454680919647],
            [4, 3, 7, 0.04545454680919647],
            [4, 3, 15, 0.04545454680919647],
            [4, 3, 17, 0.04545454680919647],
            [4, 4, 17, 0.04545454680919647],
            [4, 5, 9, 0.04545454680919647],
            [4, 5, 18, 0.04545454680919647],
            [4, 9, 1, 0.04545454680919647],
            [4, 9, 10, 0.09090909361839294],
            [4, 10, 10, 0.04545454680919647],
            [4, 11, 12, 0.04545454680919647],
            [4, 11, 14, 0.04545454680919647],
            [4, 12, 4, 0.04545454680919647],
            [4, 12, 7, 0.04545454680919647],
            [4, 12, 10, 0.04545454680919647],
            [4, 14, 3, 0.04545454680919647],
            [4, 14, 14, 0.09090909361839294],
            [4, 15, 9, 0.04545454680919647],
            [4, 15, 16, 0.04545454680919647],
            [4, 18, 0, 0.04545454680919647]
        ]
    }
}