{
    "train_f1": 0.0,
    "train_prob": 0.0,
    "train_cov": 0.0,
    "valid_f1": 0.0,
    "valid_prob": 0.0,
    "valid_cov": 0.0,
    "len": 86,
    "binary_grammar": {
        "num_nt": 5,
        "num_pt": 14,
        "num_rhs": 361,
        "rule_probs": [
            [0, 1, 2, 0.19230769574642181],
            [0, 2, 13, 0.03846153989434242],
            [0, 4, 5, 0.03846153989434242],
            [0, 5, 3, 0.03846153989434242],
            [0, 6, 10, 0.03846153989434242],
            [0, 6, 15, 0.03846153989434242],
            [0, 10, 1, 0.03846153989434242],
            [0, 10, 17, 0.03846153989434242],
            [0, 11, 12, 0.03846153989434242],
            [0, 12, 4, 0.03846153989434242],
            [0, 12, 16, 0.03846153989434242],
            [0, 13, 8, 0.03846153989434242],
            [0, 13, 16, 0.03846153989434242],
            [0, 13, 18, 0.03846153989434242],
            [0, 14, 0, 0.03846153989434242],
            [0, 14, 10, 0.03846153989434242],
            [0, 15, 16, 0.03846153989434242],
            [0, 16, 1, 0.03846153989434242],
            [0, 16, 6, 0.03846153989434242],
            [0, 17, 5, 0.03846153989434242],
            [0, 17, 10, 0.03846153989434242],
            [0, 18, 9, 0.03846153989434242],
            [1, 0, 13, 0.06666667014360428],
            [1, 0, 16, 0.06666667014360428],
            [1, 2, 12, 0.06666667014360428],
            [1, 3, 11, 0.06666667014360428],
            [1, 5, 0, 0.06666667014360428],
            [1, 8, 16, 0.06666667014360428],
            [1, 9, 4, 0.06666667014360428],
            [1, 11, 13, 0.06666667014360428],
            [1, 11, 15, 0.06666667014360428],
            [1, 11, 17, 0.06666667014360428],
            [1, 14, 14, 0.06666667014360428],
            [1, 14, 15, 0.06666667014360428],
            [1, 14, 17, 0.06666667014360428],
            [1, 17, 17, 0.06666667014360428],
            [1, 18, 2, 0.06666667014360428],
            [2, 1, 9, 0.04545454680919647],
            [2, 1, 11, 0.04545454680919647],
            [2, 3, 13, 0.09090909361839294],
            [2, 4, 3, 0.09090909361839294],
            [2, 4, 12, 0.04545454680919647],
            [2, 5, 6, 0.04545454680919647],
            [2, 6, 1, 0.04545454680919647],
            [2, 7, 5, 0.09090909361839294],
            [2, 8, 0, 0.04545454680919647],
            [2, 8, 13, 0.04545454680919647],
            [2, 10, 3, 0.04545454680919647],
            [2, 11, 10, 0.04545454680919647],
            [2, 12, 16, 0.04545454680919647],
            [2, 13, 11, 0.13636364042758942],
            [2, 13, 17, 0.04545454680919647],
            [2, 14, 11, 0.04545454680919647],
            [2, 18, 15, 0.04545454680919647],
            [3, 1, 7, 0.05882352963089943],
            [3, 4, 11, 0.05882352963089943],
            [3, 4, 17, 0.05882352963089943],
            [3, 5, 9, 0.05882352963089943],
            [3, 5, 12, 0.05882352963089943],
            [3, 7, 10, 0.05882352963089943],
            [3, 7, 17, 0.11764705926179886],
            [3, 8, 11, 0.05882352963089943],
            [3, 9, 5, 0.11764705926179886],
            [3, 9, 12, 0.05882352963089943],
            [3, 10, 11, 0.05882352963089943],
            [3, 10, 18, 0.05882352963089943],
            [3, 11, 14, 0.05882352963089943],
            [3, 14, 11, 0.05882352963089943],
            [3, 15, 16, 0.05882352963089943],
            [4, 2, 8, 0.10000000149011612],
            [4, 3, 4, 0.10000000149011612],
            [4, 3, 17, 0.05000000074505806],
            [4, 4, 11, 0.05000000074505806],
            [4, 7, 13, 0.05000000074505806],
            [4, 7, 17, 0.05000000074505806],
            [4, 9, 12, 0.05000000074505806],
            [4, 11, 4, 0.05000000074505806],
            [4, 13, 0, 0.05000000074505806],
            [4, 13, 2, 0.05000000074505806],
            [4, 13, 18, 0.05000000074505806],
            [4, 14, 3, 0.05000000074505806],
            [4, 14, 8, 0.05000000074505806],
            [4, 16, 6, 0.10000000149011612],
            [4, 16, 10, 0.05000000074505806],
            [4, 18, 1, 0.05000000074505806],
            [4, 18, 18, 0.05000000074505806]
        ]
    }
}