{
    "train_f1": 0.0,
    "train_prob": 0.0,
    "train_cov": 0.0,
    "valid_f1": 0.0,
    "valid_prob": 0.0,
    "valid_cov": 0.0,
    "len": 84,
    "binary_grammar": {
        "num_nt": 5,
        "num_pt": 14,
        "num_rhs": 361,
        "rule_probs": [
            [0, 0, 3, 0.043478261679410934],
            [0, 1, 2, 0.043478261679410934],
            [0, 3, 0, 0.043478261679410934],
            [0, 4, 1, 0.043478261679410934],
            [0, 4, 7, 0.043478261679410934],
            [0, 5, 4, 0.043478261679410934],
            [0, 5, 15, 0.043478261679410934],
            [0, 5, 16, 0.043478261679410934],
            [0, 6, 4, 0.043478261679410934],
            [0, 6, 13, 0.043478261679410934],
            [0, 8, 8, 0.043478261679410934],
            [0, 10, 14, 0.08695652335882187],
            [0, 11, 6, 0.043478261679410934],
            [0, 11, 11, 0.043478261679410934],
            [0, 12, 18, 0.043478261679410934],
            [0, 13, 14, 0.043478261679410934],
            [0, 14, 11, 0.043478261679410934],
            [0, 16, 6, 0.17391304671764374],
            [0, 17, 11, 0.043478261679410934],
            [1, 0, 0, 0.04545454680919647],
            [1, 1, 2, 0.04545454680919647],
            [1, 2, 6, 0.09090909361839294],
            [1, 2, 12, 0.04545454680919647],
            [1, 4, 6, 0.04545454680919647],
            [1, 4, 11, 0.04545454680919647],
            [1, 6, 6, 0.04545454680919647],
            [1, 7, 12, 0.09090909361839294],
            [1, 8, 5, 0.04545454680919647],
            [1, 8, 9, 0.04545454680919647],
            [1, 9, 4, 0.09090909361839294],
            [1, 9, 12, 0.04545454680919647],
            [1, 10, 4, 0.04545454680919647],
            [1, 10, 17, 0.04545454680919647],
            [1, 14, 3, 0.04545454680919647],
            [1, 14, 17, 0.04545454680919647],
            [1, 17, 14, 0.04545454680919647],
            [1, 18, 0, 0.04545454680919647],
            [1, 18, 6, 0.04545454680919647],
            [2, 1, 4, 0.05000000074505806],
            [2, 1, 9, 0.05000000074505806],
            [2, 1, 13, 0.05000000074505806],
            [2, 2, 12, 0.05000000074505806],
            [2, 3, 16, 0.05000000074505806],
            [2, 4, 3, 0.05000000074505806],
            [2, 6, 16, 0.10000000149011612],
            [2, 7, 2, 0.05000000074505806],
            [2, 7, 5, 0.05000000074505806],
            [2, 8, 10, 0.05000000074505806],
            [2, 11, 15, 0.05000000074505806],
            [2, 12, 16, 0.05000000074505806],
            [2, 13, 5, 0.05000000074505806],
            [2, 14, 14, 0.05000000074505806],
            [2, 16, 3, 0.10000000149011612],
            [2, 16, 9, 0.10000000149011612],
            [2, 18, 17, 0.05000000074505806],
            [3, 0, 15, 0.05000000074505806],
            [3, 1, 7, 0.05000000074505806],
            [3, 1, 9, 0.10000000149011612],
            [3, 4, 12, 0.05000000074505806],
            [3, 7, 1, 0.05000000074505806],
            [3, 7, 4, 0.05000000074505806],
            [3, 7, 10, 0.10000000149011612],
            [3, 7, 17, 0.05000000074505806],
            [3, 9, 5, 0.05000000074505806],
            [3, 9, 15, 0.05000000074505806],
            [3, 10, 4, 0.05000000074505806],
            [3, 11, 1, 0.10000000149011612],
            [3, 11, 14, 0.10000000149011612],
            [3, 13, 6, 0.05000000074505806],
            [3, 13, 10, 0.05000000074505806],
            [3, 14, 2, 0.05000000074505806],
            [4, 0, 13, 0.06666667014360428],
            [4, 1, 16, 0.06666667014360428],
            [4, 2, 8, 0.06666667014360428],
            [4, 4, 3, 0.06666667014360428],
            [4, 4, 15, 0.06666667014360428],
            [4, 9, 1, 0.06666667014360428],
            [4, 12, 4, 0.13333334028720856],
            [4, 13, 0, 0.06666667014360428],
            [4, 13, 3, 0.06666667014360428],
            [4, 14, 3, 0.13333334028720856],
            [4, 14, 7, 0.06666667014360428],
            [4, 17, 11, 0.06666667014360428],
            [4, 18, 9, 0.06666667014360428]
        ]
    }
}