{
    "train_f1": 0.0,
    "train_prob": 0.0,
    "train_cov": 0.0,
    "valid_f1": 0.0,
    "valid_prob": 0.0,
    "valid_cov": 0.0,
    "len": 86,
    "binary_grammar": {
        "num_nt": 5,
        "num_pt": 14,
        "num_rhs": 361,
        "rule_probs": [
            [0, 0, 1, 0.03125],
            [0, 1, 0, 0.03125],
            [0, 1, 2, 0.21875],
            [0, 1, 3, 0.03125],
            [0, 1, 11, 0.03125],
            [0, 2, 13, 0.03125],
            [0, 3, 17, 0.03125],
            [0, 4, 8, 0.03125],
            [0, 4, 17, 0.03125],
            [0, 5, 6, 0.03125],
            [0, 7, 10, 0.03125],
            [0, 7, 13, 0.03125],
            [0, 7, 17, 0.03125],
            [0, 8, 8, 0.03125],
            [0, 8, 12, 0.03125],
            [0, 9, 10, 0.03125],
            [0, 11, 4, 0.03125],
            [0, 12, 4, 0.03125],
            [0, 13, 0, 0.03125],
            [0, 13, 15, 0.03125],
            [0, 15, 15, 0.03125],
            [0, 16, 7, 0.03125],
            [0, 17, 3, 0.03125],
            [0, 17, 10, 0.03125],
            [0, 17, 17, 0.03125],
            [0, 18, 2, 0.03125],
            [1, 0, 4, 0.0476190485060215],
            [1, 0, 14, 0.0476190485060215],
            [1, 1, 17, 0.0476190485060215],
            [1, 4, 3, 0.0476190485060215],
            [1, 4, 15, 0.0476190485060215],
            [1, 5, 6, 0.0476190485060215],
            [1, 5, 16, 0.0476190485060215],
            [1, 7, 15, 0.0476190485060215],
            [1, 9, 4, 0.0476190485060215],
            [1, 10, 0, 0.0476190485060215],
            [1, 10, 11, 0.0476190485060215],
            [1, 11, 15, 0.095238097012043],
            [1, 12, 3, 0.0476190485060215],
            [1, 14, 14, 0.095238097012043],
            [1, 14, 15, 0.0476190485060215],
            [1, 14, 17, 0.0476190485060215],
            [1, 16, 5, 0.0476190485060215],
            [1, 17, 1, 0.0476190485060215],
            [1, 18, 4, 0.0476190485060215],
            [2, 1, 9, 0.08695652335882187],
            [2, 1, 13, 0.08695652335882187],
            [2, 1, 14, 0.043478261679410934],
            [2, 3, 18, 0.043478261679410934],
            [2, 4, 3, 0.043478261679410934],
            [2, 5, 5, 0.043478261679410934],
            [2, 7, 5, 0.043478261679410934],
            [2, 8, 5, 0.043478261679410934],
            [2, 8, 10, 0.043478261679410934],
            [2, 8, 11, 0.043478261679410934],
            [2, 8, 18, 0.043478261679410934],
            [2, 10, 7, 0.043478261679410934],
            [2, 12, 13, 0.043478261679410934],
            [2, 12, 14, 0.043478261679410934],
            [2, 13, 11, 0.1304347813129425],
            [2, 14, 14, 0.08695652335882187],
            [2, 17, 0, 0.043478261679410934],
            [2, 17, 12, 0.043478261679410934],
            [3, 1, 15, 0.10000000149011612],
            [3, 3, 11, 0.10000000149011612],
            [3, 4, 18, 0.10000000149011612],
            [3, 5, 9, 0.10000000149011612],
            [3, 6, 10, 0.10000000149011612],
            [3, 9, 7, 0.10000000149011612],
            [3, 9, 15, 0.10000000149011612],
            [3, 11, 14, 0.10000000149011612],
            [3, 14, 3, 0.10000000149011612],
            [3, 16, 8, 0.10000000149011612],
            [4, 1, 1, 0.0714285746216774],
            [4, 2, 13, 0.0714285746216774],
            [4, 3, 4, 0.0714285746216774],
            [4, 3, 15, 0.0714285746216774],
            [4, 3, 17, 0.0714285746216774],
            [4, 5, 18, 0.0714285746216774],
            [4, 8, 12, 0.0714285746216774],
            [4, 9, 10, 0.0714285746216774],
            [4, 10, 0, 0.0714285746216774],
            [4, 11, 4, 0.0714285746216774],
            [4, 14, 3, 0.1428571492433548],
            [4, 14, 16, 0.0714285746216774],
            [4, 18, 17, 0.0714285746216774]
        ]
    }
}