{
    "train_f1": 0.0,
    "train_prob": 0.0,
    "train_cov": 0.0,
    "valid_f1": 0.0,
    "valid_prob": 0.0,
    "valid_cov": 0.0,
    "len": 84,
    "binary_grammar": {
        "num_nt": 5,
        "num_pt": 14,
        "num_rhs": 361,
        "rule_probs": [
            [0, 1, 2, 0.03846153989434242],
            [0, 2, 3, 0.03846153989434242],
            [0, 2, 9, 0.03846153989434242],
            [0, 3, 17, 0.03846153989434242],
            [0, 4, 7, 0.03846153989434242],
            [0, 4, 9, 0.03846153989434242],
            [0, 7, 7, 0.03846153989434242],
            [0, 7, 15, 0.07692307978868484],
            [0, 9, 13, 0.03846153989434242],
            [0, 10, 14, 0.07692307978868484],
            [0, 10, 17, 0.03846153989434242],
            [0, 11, 4, 0.11538461595773697],
            [0, 12, 5, 0.03846153989434242],
            [0, 12, 11, 0.03846153989434242],
            [0, 12, 16, 0.03846153989434242],
            [0, 13, 15, 0.03846153989434242],
            [0, 14, 10, 0.03846153989434242],
            [0, 14, 15, 0.07692307978868484],
            [0, 15, 13, 0.03846153989434242],
            [0, 16, 6, 0.03846153989434242],
            [0, 17, 14, 0.03846153989434242],
            [1, 1, 14, 0.0555555559694767],
            [1, 1, 18, 0.0555555559694767],
            [1, 2, 17, 0.0555555559694767],
            [1, 3, 7, 0.0555555559694767],
            [1, 4, 2, 0.1111111119389534],
            [1, 6, 6, 0.0555555559694767],
            [1, 6, 7, 0.0555555559694767],
            [1, 9, 4, 0.0555555559694767],
            [1, 10, 8, 0.0555555559694767],
            [1, 11, 12, 0.0555555559694767],
            [1, 14, 9, 0.0555555559694767],
            [1, 14, 14, 0.0555555559694767],
            [1, 14, 17, 0.1111111119389534],
            [1, 14, 18, 0.0555555559694767],
            [1, 16, 4, 0.0555555559694767],
            [1, 18, 17, 0.0555555559694767],
            [2, 0, 12, 0.05000000074505806],
            [2, 1, 9, 0.15000000596046448],
            [2, 3, 8, 0.05000000074505806],
            [2, 3, 10, 0.05000000074505806],
            [2, 3, 15, 0.05000000074505806],
            [2, 4, 9, 0.05000000074505806],
            [2, 7, 14, 0.05000000074505806],
            [2, 8, 10, 0.05000000074505806],
            [2, 10, 7, 0.15000000596046448],
            [2, 12, 16, 0.05000000074505806],
            [2, 13, 5, 0.05000000074505806],
            [2, 16, 3, 0.10000000149011612],
            [2, 17, 12, 0.10000000149011612],
            [2, 17, 17, 0.05000000074505806],
            [3, 3, 16, 0.05882352963089943],
            [3, 4, 12, 0.05882352963089943],
            [3, 5, 8, 0.05882352963089943],
            [3, 6, 0, 0.05882352963089943],
            [3, 6, 1, 0.05882352963089943],
            [3, 7, 10, 0.11764705926179886],
            [3, 7, 17, 0.05882352963089943],
            [3, 9, 12, 0.05882352963089943],
            [3, 11, 14, 0.11764705926179886],
            [3, 12, 0, 0.05882352963089943],
            [3, 15, 1, 0.05882352963089943],
            [3, 15, 6, 0.05882352963089943],
            [3, 16, 8, 0.05882352963089943],
            [3, 18, 7, 0.05882352963089943],
            [3, 18, 16, 0.05882352963089943],
            [4, 0, 6, 0.10526315867900848],
            [4, 0, 18, 0.05263157933950424],
            [4, 1, 13, 0.05263157933950424],
            [4, 2, 8, 0.05263157933950424],
            [4, 3, 4, 0.05263157933950424],
            [4, 5, 12, 0.05263157933950424],
            [4, 5, 18, 0.05263157933950424],
            [4, 12, 7, 0.05263157933950424],
            [4, 12, 12, 0.05263157933950424],
            [4, 12, 18, 0.05263157933950424],
            [4, 13, 0, 0.05263157933950424],
            [4, 13, 3, 0.05263157933950424],
            [4, 14, 3, 0.05263157933950424],
            [4, 14, 14, 0.05263157933950424],
            [4, 14, 16, 0.05263157933950424],
            [4, 15, 17, 0.05263157933950424],
            [4, 17, 15, 0.05263157933950424],
            [4, 18, 4, 0.05263157933950424]
        ]
    }
}