{
    "train_f1": 0.0,
    "train_prob": 0.0,
    "train_cov": 0.0,
    "valid_f1": 0.0,
    "valid_prob": 0.0,
    "valid_cov": 0.0,
    "len": 75,
    "binary_grammar": {
        "num_nt": 5,
        "num_pt": 14,
        "num_rhs": 361,
        "rule_probs": [
            [0, 0, 7, 0.04545454680919647],
            [0, 1, 2, 0.04545454680919647],
            [0, 2, 15, 0.04545454680919647],
            [0, 5, 4, 0.04545454680919647],
            [0, 5, 13, 0.04545454680919647],
            [0, 7, 13, 0.04545454680919647],
            [0, 7, 15, 0.09090909361839294],
            [0, 10, 14, 0.09090909361839294],
            [0, 12, 4, 0.09090909361839294],
            [0, 13, 0, 0.04545454680919647],
            [0, 13, 1, 0.04545454680919647],
            [0, 13, 14, 0.04545454680919647],
            [0, 14, 10, 0.04545454680919647],
            [0, 15, 10, 0.04545454680919647],
            [0, 17, 3, 0.09090909361839294],
            [0, 18, 6, 0.04545454680919647],
            [0, 18, 8, 0.04545454680919647],
            [0, 18, 13, 0.04545454680919647],
            [1, 0, 4, 0.09090909361839294],
            [1, 0, 12, 0.09090909361839294],
            [1, 0, 13, 0.09090909361839294],
            [1, 2, 17, 0.09090909361839294],
            [1, 7, 10, 0.09090909361839294],
            [1, 9, 12, 0.1818181872367859],
            [1, 11, 11, 0.09090909361839294],
            [1, 14, 17, 0.27272728085517883],
            [2, 1, 3, 0.05000000074505806],
            [2, 1, 9, 0.05000000074505806],
            [2, 1, 13, 0.15000000596046448],
            [2, 7, 4, 0.05000000074505806],
            [2, 7, 9, 0.05000000074505806],
            [2, 8, 0, 0.05000000074505806],
            [2, 8, 10, 0.05000000074505806],
            [2, 8, 14, 0.05000000074505806],
            [2, 11, 8, 0.05000000074505806],
            [2, 11, 10, 0.05000000074505806],
            [2, 12, 16, 0.05000000074505806],
            [2, 14, 1, 0.10000000149011612],
            [2, 16, 9, 0.05000000074505806],
            [2, 16, 12, 0.05000000074505806],
            [2, 17, 12, 0.05000000074505806],
            [2, 18, 8, 0.05000000074505806],
            [2, 18, 17, 0.05000000074505806],
            [3, 0, 6, 0.03846153989434242],
            [3, 4, 18, 0.03846153989434242],
            [3, 5, 5, 0.03846153989434242],
            [3, 6, 6, 0.03846153989434242],
            [3, 6, 14, 0.03846153989434242],
            [3, 7, 2, 0.03846153989434242],
            [3, 7, 4, 0.03846153989434242],
            [3, 7, 10, 0.11538461595773697],
            [3, 7, 17, 0.03846153989434242],
            [3, 8, 3, 0.03846153989434242],
            [3, 8, 11, 0.07692307978868484],
            [3, 10, 2, 0.03846153989434242],
            [3, 10, 4, 0.07692307978868484],
            [3, 10, 18, 0.19230769574642181],
            [3, 11, 4, 0.07692307978868484],
            [3, 14, 11, 0.07692307978868484],
            [4, 0, 4, 0.0476190485060215],
            [4, 1, 16, 0.0476190485060215],
            [4, 3, 17, 0.0476190485060215],
            [4, 9, 0, 0.0476190485060215],
            [4, 9, 1, 0.095238097012043],
            [4, 10, 0, 0.0476190485060215],
            [4, 10, 9, 0.1428571492433548],
            [4, 12, 4, 0.0476190485060215],
            [4, 13, 2, 0.0476190485060215],
            [4, 13, 14, 0.0476190485060215],
            [4, 13, 18, 0.0476190485060215],
            [4, 14, 3, 0.1428571492433548],
            [4, 14, 8, 0.0476190485060215],
            [4, 14, 16, 0.0476190485060215],
            [4, 16, 9, 0.0476190485060215],
            [4, 18, 16, 0.0476190485060215]
        ]
    }
}