{
    "train_f1": 0.0,
    "train_prob": 0.0,
    "train_cov": 0.0,
    "valid_f1": 0.0,
    "valid_prob": 0.0,
    "valid_cov": 0.0,
    "len": 89,
    "binary_grammar": {
        "num_nt": 5,
        "num_pt": 14,
        "num_rhs": 361,
        "rule_probs": [
            [0, 0, 1, 0.0625],
            [0, 1, 2, 0.0625],
            [0, 1, 14, 0.0625],
            [0, 2, 6, 0.0625],
            [0, 6, 4, 0.0625],
            [0, 6, 13, 0.0625],
            [0, 7, 17, 0.0625],
            [0, 8, 0, 0.0625],
            [0, 8, 8, 0.0625],
            [0, 10, 14, 0.125],
            [0, 13, 9, 0.0625],
            [0, 14, 15, 0.0625],
            [0, 15, 12, 0.0625],
            [0, 16, 6, 0.0625],
            [0, 16, 12, 0.0625],
            [1, 1, 8, 0.0833333358168602],
            [1, 2, 17, 0.0833333358168602],
            [1, 3, 15, 0.0833333358168602],
            [1, 7, 11, 0.0833333358168602],
            [1, 8, 6, 0.0833333358168602],
            [1, 9, 12, 0.0833333358168602],
            [1, 9, 14, 0.0833333358168602],
            [1, 10, 17, 0.0833333358168602],
            [1, 11, 15, 0.0833333358168602],
            [1, 14, 17, 0.0833333358168602],
            [1, 15, 18, 0.0833333358168602],
            [1, 16, 5, 0.0833333358168602],
            [2, 0, 11, 0.03333333507180214],
            [2, 1, 12, 0.03333333507180214],
            [2, 1, 13, 0.03333333507180214],
            [2, 2, 9, 0.03333333507180214],
            [2, 2, 10, 0.03333333507180214],
            [2, 2, 12, 0.03333333507180214],
            [2, 3, 15, 0.03333333507180214],
            [2, 4, 3, 0.03333333507180214],
            [2, 5, 15, 0.03333333507180214],
            [2, 6, 1, 0.03333333507180214],
            [2, 7, 5, 0.10000000149011612],
            [2, 7, 16, 0.03333333507180214],
            [2, 8, 10, 0.03333333507180214],
            [2, 8, 17, 0.03333333507180214],
            [2, 9, 8, 0.03333333507180214],
            [2, 10, 2, 0.03333333507180214],
            [2, 10, 7, 0.03333333507180214],
            [2, 13, 5, 0.03333333507180214],
            [2, 13, 11, 0.10000000149011612],
            [2, 13, 15, 0.03333333507180214],
            [2, 14, 1, 0.03333333507180214],
            [2, 15, 12, 0.03333333507180214],
            [2, 16, 10, 0.03333333507180214],
            [2, 16, 12, 0.03333333507180214],
            [2, 17, 3, 0.03333333507180214],
            [2, 17, 6, 0.03333333507180214],
            [3, 0, 2, 0.0476190485060215],
            [3, 0, 11, 0.0476190485060215],
            [3, 3, 16, 0.0476190485060215],
            [3, 4, 3, 0.0476190485060215],
            [3, 5, 15, 0.0476190485060215],
            [3, 6, 10, 0.0476190485060215],
            [3, 7, 2, 0.095238097012043],
            [3, 7, 10, 0.0476190485060215],
            [3, 7, 17, 0.0476190485060215],
            [3, 8, 10, 0.0476190485060215],
            [3, 10, 1, 0.0476190485060215],
            [3, 10, 8, 0.0476190485060215],
            [3, 10, 14, 0.0476190485060215],
            [3, 10, 16, 0.0476190485060215],
            [3, 11, 14, 0.095238097012043],
            [3, 12, 16, 0.0476190485060215],
            [3, 14, 5, 0.0476190485060215],
            [3, 15, 8, 0.0476190485060215],
            [3, 18, 14, 0.0476190485060215],
            [4, 0, 0, 0.0476190485060215],
            [4, 0, 5, 0.0476190485060215],
            [4, 1, 0, 0.0476190485060215],
            [4, 1, 6, 0.0476190485060215],
            [4, 1, 12, 0.0476190485060215],
            [4, 1, 13, 0.0476190485060215],
            [4, 2, 8, 0.095238097012043],
            [4, 5, 11, 0.0476190485060215],
            [4, 5, 12, 0.0476190485060215],
            [4, 8, 15, 0.0476190485060215],
            [4, 9, 1, 0.095238097012043],
            [4, 14, 8, 0.095238097012043],
            [4, 14, 14, 0.0476190485060215],
            [4, 14, 16, 0.0476190485060215],
            [4, 15, 0, 0.095238097012043],
            [4, 16, 2, 0.0476190485060215],
            [4, 18, 0, 0.0476190485060215]
        ]
    }
}