{
    "train_f1": 0.0,
    "train_prob": 0.0,
    "train_cov": 0.0,
    "valid_f1": 0.0,
    "valid_prob": 0.0,
    "valid_cov": 0.0,
    "len": 83,
    "binary_grammar": {
        "num_nt": 5,
        "num_pt": 14,
        "num_rhs": 361,
        "rule_probs": [
            [0, 1, 2, 0.0833333358168602],
            [0, 1, 3, 0.0416666679084301],
            [0, 2, 0, 0.0416666679084301],
            [0, 3, 0, 0.0416666679084301],
            [0, 4, 7, 0.0416666679084301],
            [0, 5, 4, 0.0416666679084301],
            [0, 6, 4, 0.0416666679084301],
            [0, 6, 15, 0.0416666679084301],
            [0, 8, 8, 0.0416666679084301],
            [0, 9, 1, 0.0416666679084301],
            [0, 9, 10, 0.0833333358168602],
            [0, 10, 3, 0.0416666679084301],
            [0, 10, 4, 0.0416666679084301],
            [0, 10, 14, 0.0833333358168602],
            [0, 14, 15, 0.0833333358168602],
            [0, 15, 3, 0.0416666679084301],
            [0, 15, 10, 0.0833333358168602],
            [0, 16, 6, 0.0416666679084301],
            [0, 18, 15, 0.0416666679084301],
            [1, 0, 7, 0.05263157933950424],
            [1, 1, 7, 0.05263157933950424],
            [1, 2, 6, 0.05263157933950424],
            [1, 2, 17, 0.10526315867900848],
            [1, 6, 3, 0.05263157933950424],
            [1, 6, 7, 0.05263157933950424],
            [1, 8, 4, 0.05263157933950424],
            [1, 9, 7, 0.05263157933950424],
            [1, 9, 12, 0.10526315867900848],
            [1, 10, 0, 0.05263157933950424],
            [1, 10, 15, 0.05263157933950424],
            [1, 11, 5, 0.05263157933950424],
            [1, 11, 13, 0.05263157933950424],
            [1, 14, 9, 0.05263157933950424],
            [1, 14, 17, 0.05263157933950424],
            [1, 15, 16, 0.05263157933950424],
            [1, 16, 5, 0.05263157933950424],
            [2, 1, 7, 0.0555555559694767],
            [2, 1, 9, 0.1111111119389534],
            [2, 1, 12, 0.0555555559694767],
            [2, 1, 13, 0.1111111119389534],
            [2, 2, 16, 0.0555555559694767],
            [2, 3, 16, 0.0555555559694767],
            [2, 6, 16, 0.0555555559694767],
            [2, 10, 7, 0.0555555559694767],
            [2, 11, 15, 0.0555555559694767],
            [2, 12, 16, 0.1666666716337204],
            [2, 14, 14, 0.0555555559694767],
            [2, 15, 18, 0.0555555559694767],
            [2, 16, 5, 0.0555555559694767],
            [2, 18, 17, 0.0555555559694767],
            [3, 1, 7, 0.0555555559694767],
            [3, 2, 6, 0.0555555559694767],
            [3, 3, 5, 0.0555555559694767],
            [3, 5, 8, 0.0555555559694767],
            [3, 6, 0, 0.0555555559694767],
            [3, 6, 10, 0.0555555559694767],
            [3, 6, 14, 0.0555555559694767],
            [3, 7, 2, 0.1666666716337204],
            [3, 7, 6, 0.0555555559694767],
            [3, 7, 10, 0.0555555559694767],
            [3, 7, 17, 0.0555555559694767],
            [3, 8, 9, 0.0555555559694767],
            [3, 10, 18, 0.0555555559694767],
            [3, 11, 1, 0.0555555559694767],
            [3, 13, 0, 0.0555555559694767],
            [3, 13, 17, 0.0555555559694767],
            [4, 1, 5, 0.0476190485060215],
            [4, 1, 6, 0.0476190485060215],
            [4, 5, 18, 0.0476190485060215],
            [4, 6, 7, 0.0476190485060215],
            [4, 7, 2, 0.0476190485060215],
            [4, 9, 12, 0.0476190485060215],
            [4, 10, 2, 0.0476190485060215],
            [4, 10, 8, 0.0476190485060215],
            [4, 10, 9, 0.095238097012043],
            [4, 11, 9, 0.0476190485060215],
            [4, 11, 12, 0.0476190485060215],
            [4, 13, 16, 0.0476190485060215],
            [4, 14, 3, 0.190476194024086],
            [4, 14, 14, 0.0476190485060215],
            [4, 17, 17, 0.0476190485060215],
            [4, 18, 1, 0.0476190485060215],
            [4, 18, 11, 0.0476190485060215]
        ]
    }
}