{
    "train_f1": 0.0,
    "train_prob": 0.0,
    "train_cov": 0.0,
    "valid_f1": 0.0,
    "valid_prob": 0.0,
    "valid_cov": 0.0,
    "len": 81,
    "binary_grammar": {
        "num_nt": 5,
        "num_pt": 14,
        "num_rhs": 361,
        "rule_probs": [
            [0, 0, 5, 0.03333333507180214],
            [0, 1, 2, 0.23333333432674408],
            [0, 1, 3, 0.03333333507180214],
            [0, 1, 16, 0.03333333507180214],
            [0, 2, 1, 0.03333333507180214],
            [0, 3, 2, 0.03333333507180214],
            [0, 4, 3, 0.03333333507180214],
            [0, 5, 4, 0.06666667014360428],
            [0, 6, 15, 0.06666667014360428],
            [0, 7, 15, 0.03333333507180214],
            [0, 10, 14, 0.03333333507180214],
            [0, 14, 10, 0.03333333507180214],
            [0, 14, 15, 0.03333333507180214],
            [0, 15, 6, 0.03333333507180214],
            [0, 15, 10, 0.03333333507180214],
            [0, 16, 7, 0.03333333507180214],
            [0, 16, 17, 0.03333333507180214],
            [0, 17, 11, 0.03333333507180214],
            [0, 17, 18, 0.03333333507180214],
            [0, 18, 4, 0.03333333507180214],
            [0, 18, 8, 0.03333333507180214],
            [0, 18, 15, 0.03333333507180214],
            [1, 2, 3, 0.0833333358168602],
            [1, 2, 6, 0.0833333358168602],
            [1, 2, 17, 0.1666666716337204],
            [1, 9, 12, 0.0833333358168602],
            [1, 10, 17, 0.0833333358168602],
            [1, 12, 12, 0.0833333358168602],
            [1, 14, 9, 0.0833333358168602],
            [1, 14, 17, 0.1666666716337204],
            [1, 15, 4, 0.0833333358168602],
            [1, 16, 5, 0.0833333358168602],
            [2, 1, 5, 0.04545454680919647],
            [2, 1, 9, 0.09090909361839294],
            [2, 1, 13, 0.04545454680919647],
            [2, 2, 12, 0.04545454680919647],
            [2, 4, 3, 0.04545454680919647],
            [2, 6, 4, 0.04545454680919647],
            [2, 6, 16, 0.04545454680919647],
            [2, 7, 5, 0.13636364042758942],
            [2, 9, 7, 0.04545454680919647],
            [2, 11, 6, 0.09090909361839294],
            [2, 11, 8, 0.04545454680919647],
            [2, 12, 16, 0.09090909361839294],
            [2, 12, 17, 0.04545454680919647],
            [2, 13, 15, 0.04545454680919647],
            [2, 15, 14, 0.04545454680919647],
            [2, 17, 3, 0.04545454680919647],
            [2, 17, 11, 0.04545454680919647],
            [3, 0, 12, 0.0625],
            [3, 1, 9, 0.0625],
            [3, 2, 3, 0.0625],
            [3, 3, 7, 0.0625],
            [3, 4, 8, 0.0625],
            [3, 6, 0, 0.0625],
            [3, 7, 2, 0.125],
            [3, 7, 18, 0.0625],
            [3, 9, 15, 0.0625],
            [3, 10, 2, 0.0625],
            [3, 10, 4, 0.125],
            [3, 14, 11, 0.0625],
            [3, 16, 1, 0.0625],
            [3, 16, 3, 0.0625],
            [4, 0, 6, 0.05000000074505806],
            [4, 2, 2, 0.05000000074505806],
            [4, 5, 18, 0.05000000074505806],
            [4, 6, 0, 0.05000000074505806],
            [4, 6, 9, 0.05000000074505806],
            [4, 7, 12, 0.05000000074505806],
            [4, 8, 6, 0.05000000074505806],
            [4, 9, 1, 0.05000000074505806],
            [4, 10, 7, 0.05000000074505806],
            [4, 10, 9, 0.05000000074505806],
            [4, 12, 4, 0.05000000074505806],
            [4, 12, 7, 0.05000000074505806],
            [4, 13, 14, 0.05000000074505806],
            [4, 14, 3, 0.15000000596046448],
            [4, 14, 14, 0.05000000074505806],
            [4, 15, 18, 0.05000000074505806],
            [4, 16, 9, 0.05000000074505806],
            [4, 18, 6, 0.05000000074505806]
        ]
    }
}