{
    "train_f1": 0.0,
    "train_prob": 0.0,
    "train_cov": 0.0,
    "valid_f1": 0.0,
    "valid_prob": 0.0,
    "valid_cov": 0.0,
    "len": 75,
    "binary_grammar": {
        "num_nt": 5,
        "num_pt": 14,
        "num_rhs": 361,
        "rule_probs": [
            [0, 1, 2, 0.15000000596046448],
            [0, 1, 3, 0.05000000074505806],
            [0, 2, 11, 0.05000000074505806],
            [0, 3, 17, 0.05000000074505806],
            [0, 4, 1, 0.05000000074505806],
            [0, 9, 10, 0.05000000074505806],
            [0, 9, 13, 0.05000000074505806],
            [0, 14, 10, 0.05000000074505806],
            [0, 14, 15, 0.05000000074505806],
            [0, 16, 6, 0.05000000074505806],
            [0, 16, 7, 0.05000000074505806],
            [0, 16, 17, 0.05000000074505806],
            [0, 17, 11, 0.05000000074505806],
            [0, 18, 15, 0.25],
            [1, 2, 6, 0.1666666716337204],
            [1, 4, 11, 0.0833333358168602],
            [1, 5, 1, 0.0833333358168602],
            [1, 6, 3, 0.0833333358168602],
            [1, 8, 9, 0.0833333358168602],
            [1, 8, 15, 0.0833333358168602],
            [1, 13, 18, 0.0833333358168602],
            [1, 14, 9, 0.0833333358168602],
            [1, 14, 14, 0.0833333358168602],
            [1, 14, 17, 0.1666666716337204],
            [2, 0, 10, 0.06666667014360428],
            [2, 1, 7, 0.06666667014360428],
            [2, 1, 12, 0.06666667014360428],
            [2, 1, 13, 0.06666667014360428],
            [2, 2, 1, 0.06666667014360428],
            [2, 2, 12, 0.06666667014360428],
            [2, 5, 14, 0.06666667014360428],
            [2, 7, 5, 0.06666667014360428],
            [2, 8, 5, 0.06666667014360428],
            [2, 9, 5, 0.06666667014360428],
            [2, 10, 12, 0.06666667014360428],
            [2, 11, 6, 0.06666667014360428],
            [2, 11, 8, 0.06666667014360428],
            [2, 13, 5, 0.06666667014360428],
            [2, 16, 5, 0.06666667014360428],
            [3, 0, 8, 0.0714285746216774],
            [3, 1, 0, 0.0357142873108387],
            [3, 1, 4, 0.0357142873108387],
            [3, 1, 18, 0.0357142873108387],
            [3, 3, 16, 0.0357142873108387],
            [3, 4, 5, 0.0357142873108387],
            [3, 5, 15, 0.0357142873108387],
            [3, 7, 2, 0.0714285746216774],
            [3, 7, 10, 0.0357142873108387],
            [3, 7, 17, 0.1785714328289032],
            [3, 9, 0, 0.0357142873108387],
            [3, 10, 8, 0.0714285746216774],
            [3, 10, 13, 0.0357142873108387],
            [3, 11, 1, 0.0357142873108387],
            [3, 11, 9, 0.0357142873108387],
            [3, 11, 14, 0.1071428582072258],
            [3, 13, 17, 0.0357142873108387],
            [3, 15, 2, 0.0357142873108387],
            [3, 16, 1, 0.0357142873108387],
            [4, 1, 5, 0.03999999910593033],
            [4, 2, 8, 0.03999999910593033],
            [4, 2, 18, 0.03999999910593033],
            [4, 5, 18, 0.03999999910593033],
            [4, 6, 7, 0.07999999821186066],
            [4, 7, 5, 0.03999999910593033],
            [4, 11, 4, 0.07999999821186066],
            [4, 13, 5, 0.03999999910593033],
            [4, 13, 6, 0.03999999910593033],
            [4, 13, 8, 0.03999999910593033],
            [4, 13, 14, 0.07999999821186066],
            [4, 14, 3, 0.23999999463558197],
            [4, 14, 14, 0.03999999910593033],
            [4, 15, 0, 0.03999999910593033],
            [4, 15, 13, 0.03999999910593033],
            [4, 16, 7, 0.03999999910593033],
            [4, 18, 13, 0.03999999910593033]
        ]
    }
}