{
    "train_f1": 0.0,
    "train_prob": 0.0,
    "train_cov": 0.0,
    "valid_f1": 0.0,
    "valid_prob": 0.0,
    "valid_cov": 0.0,
    "len": 97,
    "binary_grammar": {
        "num_nt": 5,
        "num_pt": 14,
        "num_rhs": 361,
        "rule_probs": [
            [0, 0, 2, 0.03999999910593033],
            [0, 1, 8, 0.03999999910593033],
            [0, 2, 11, 0.03999999910593033],
            [0, 2, 16, 0.03999999910593033],
            [0, 3, 11, 0.03999999910593033],
            [0, 4, 12, 0.03999999910593033],
            [0, 4, 14, 0.03999999910593033],
            [0, 6, 11, 0.03999999910593033],
            [0, 7, 5, 0.03999999910593033],
            [0, 9, 2, 0.03999999910593033],
            [0, 10, 3, 0.03999999910593033],
            [0, 10, 14, 0.03999999910593033],
            [0, 11, 3, 0.03999999910593033],
            [0, 12, 16, 0.03999999910593033],
            [0, 12, 18, 0.03999999910593033],
            [0, 13, 18, 0.03999999910593033],
            [0, 14, 11, 0.03999999910593033],
            [0, 14, 15, 0.03999999910593033],
            [0, 15, 11, 0.03999999910593033],
            [0, 15, 16, 0.03999999910593033],
            [0, 16, 10, 0.03999999910593033],
            [0, 16, 14, 0.03999999910593033],
            [0, 17, 12, 0.03999999910593033],
            [0, 18, 0, 0.03999999910593033],
            [0, 18, 5, 0.03999999910593033],
            [1, 0, 9, 0.05882352963089943],
            [1, 1, 14, 0.05882352963089943],
            [1, 2, 2, 0.05882352963089943],
            [1, 4, 5, 0.05882352963089943],
            [1, 6, 12, 0.05882352963089943],
            [1, 7, 14, 0.05882352963089943],
            [1, 8, 6, 0.05882352963089943],
            [1, 8, 8, 0.05882352963089943],
            [1, 8, 13, 0.05882352963089943],
            [1, 8, 14, 0.05882352963089943],
            [1, 8, 16, 0.05882352963089943],
            [1, 9, 15, 0.11764705926179886],
            [1, 10, 12, 0.05882352963089943],
            [1, 13, 3, 0.05882352963089943],
            [1, 13, 14, 0.05882352963089943],
            [1, 14, 9, 0.05882352963089943],
            [2, 0, 4, 0.0714285746216774],
            [2, 0, 16, 0.0714285746216774],
            [2, 0, 17, 0.0714285746216774],
            [2, 1, 9, 0.0714285746216774],
            [2, 1, 10, 0.0714285746216774],
            [2, 2, 18, 0.0714285746216774],
            [2, 4, 10, 0.0714285746216774],
            [2, 4, 16, 0.0714285746216774],
            [2, 5, 6, 0.0714285746216774],
            [2, 6, 12, 0.0714285746216774],
            [2, 10, 8, 0.0714285746216774],
            [2, 14, 4, 0.0714285746216774],
            [2, 14, 12, 0.0714285746216774],
            [2, 17, 4, 0.0714285746216774],
            [3, 0, 12, 0.0476190485060215],
            [3, 1, 3, 0.0476190485060215],
            [3, 1, 8, 0.0476190485060215],
            [3, 1, 14, 0.0476190485060215],
            [3, 2, 12, 0.0476190485060215],
            [3, 3, 0, 0.0476190485060215],
            [3, 4, 15, 0.0476190485060215],
            [3, 8, 2, 0.0476190485060215],
            [3, 8, 7, 0.0476190485060215],
            [3, 8, 10, 0.0476190485060215],
            [3, 10, 13, 0.0476190485060215],
            [3, 11, 4, 0.0476190485060215],
            [3, 11, 15, 0.0476190485060215],
            [3, 12, 10, 0.095238097012043],
            [3, 13, 12, 0.0476190485060215],
            [3, 15, 13, 0.0476190485060215],
            [3, 16, 4, 0.0476190485060215],
            [3, 16, 7, 0.0476190485060215],
            [3, 16, 13, 0.0476190485060215],
            [3, 18, 8, 0.0476190485060215],
            [4, 0, 12, 0.043478261679410934],
            [4, 1, 11, 0.043478261679410934],
            [4, 1, 14, 0.08695652335882187],
            [4, 2, 6, 0.043478261679410934],
            [4, 2, 11, 0.043478261679410934],
            [4, 2, 13, 0.043478261679410934],
            [4, 3, 11, 0.043478261679410934],
            [4, 3, 18, 0.043478261679410934],
            [4, 4, 0, 0.043478261679410934],
            [4, 4, 13, 0.043478261679410934],
            [4, 6, 13, 0.043478261679410934],
            [4, 9, 4, 0.043478261679410934],
            [4, 9, 14, 0.043478261679410934],
            [4, 11, 1, 0.043478261679410934],
            [4, 11, 12, 0.043478261679410934],
            [4, 12, 1, 0.043478261679410934],
            [4, 13, 11, 0.043478261679410934],
            [4, 16, 2, 0.043478261679410934],
            [4, 16, 7, 0.043478261679410934],
            [4, 16, 14, 0.043478261679410934],
            [4, 16, 15, 0.043478261679410934],
            [4, 17, 17, 0.043478261679410934]
        ]
    }
}