{
    "train_f1": 0.0,
    "train_prob": 0.0,
    "train_cov": 0.0,
    "valid_f1": 0.0,
    "valid_prob": 0.0,
    "valid_cov": 0.0,
    "len": 90,
    "binary_grammar": {
        "num_nt": 5,
        "num_pt": 14,
        "num_rhs": 361,
        "rule_probs": [
            [0, 1, 2, 0.09677419066429138],
            [0, 1, 3, 0.032258063554763794],
            [0, 4, 8, 0.032258063554763794],
            [0, 4, 10, 0.032258063554763794],
            [0, 4, 17, 0.032258063554763794],
            [0, 5, 4, 0.032258063554763794],
            [0, 5, 11, 0.032258063554763794],
            [0, 5, 15, 0.06451612710952759],
            [0, 6, 15, 0.032258063554763794],
            [0, 6, 18, 0.032258063554763794],
            [0, 7, 15, 0.032258063554763794],
            [0, 10, 6, 0.032258063554763794],
            [0, 10, 14, 0.032258063554763794],
            [0, 12, 11, 0.032258063554763794],
            [0, 13, 7, 0.032258063554763794],
            [0, 14, 10, 0.032258063554763794],
            [0, 15, 15, 0.032258063554763794],
            [0, 17, 1, 0.032258063554763794],
            [0, 17, 3, 0.032258063554763794],
            [0, 17, 11, 0.032258063554763794],
            [0, 18, 2, 0.032258063554763794],
            [0, 18, 10, 0.032258063554763794],
            [0, 18, 15, 0.16129031777381897],
            [0, 18, 18, 0.032258063554763794],
            [1, 0, 3, 0.03999999910593033],
            [1, 1, 15, 0.03999999910593033],
            [1, 1, 18, 0.03999999910593033],
            [1, 2, 6, 0.03999999910593033],
            [1, 2, 17, 0.03999999910593033],
            [1, 3, 2, 0.03999999910593033],
            [1, 5, 1, 0.03999999910593033],
            [1, 5, 4, 0.03999999910593033],
            [1, 6, 2, 0.03999999910593033],
            [1, 6, 3, 0.03999999910593033],
            [1, 7, 12, 0.03999999910593033],
            [1, 8, 15, 0.03999999910593033],
            [1, 9, 12, 0.03999999910593033],
            [1, 9, 14, 0.03999999910593033],
            [1, 9, 15, 0.03999999910593033],
            [1, 10, 18, 0.03999999910593033],
            [1, 11, 13, 0.07999999821186066],
            [1, 12, 3, 0.03999999910593033],
            [1, 15, 17, 0.03999999910593033],
            [1, 16, 5, 0.03999999910593033],
            [1, 16, 18, 0.03999999910593033],
            [1, 17, 11, 0.03999999910593033],
            [1, 18, 4, 0.03999999910593033],
            [1, 18, 5, 0.03999999910593033],
            [2, 1, 3, 0.0555555559694767],
            [2, 1, 9, 0.0555555559694767],
            [2, 2, 4, 0.0555555559694767],
            [2, 3, 2, 0.0555555559694767],
            [2, 6, 11, 0.0555555559694767],
            [2, 7, 5, 0.0555555559694767],
            [2, 8, 6, 0.0555555559694767],
            [2, 9, 2, 0.0555555559694767],
            [2, 10, 7, 0.0555555559694767],
            [2, 11, 11, 0.0555555559694767],
            [2, 11, 18, 0.0555555559694767],
            [2, 12, 10, 0.0555555559694767],
            [2, 12, 12, 0.0555555559694767],
            [2, 13, 3, 0.0555555559694767],
            [2, 13, 15, 0.0555555559694767],
            [2, 15, 6, 0.0555555559694767],
            [2, 16, 3, 0.1111111119389534],
            [3, 0, 17, 0.0833333358168602],
            [3, 1, 0, 0.0833333358168602],
            [3, 1, 9, 0.0833333358168602],
            [3, 1, 14, 0.0833333358168602],
            [3, 3, 5, 0.0833333358168602],
            [3, 4, 18, 0.0833333358168602],
            [3, 6, 13, 0.0833333358168602],
            [3, 7, 2, 0.1666666716337204],
            [3, 7, 10, 0.0833333358168602],
            [3, 7, 17, 0.0833333358168602],
            [3, 18, 16, 0.0833333358168602],
            [4, 0, 6, 0.0714285746216774],
            [4, 1, 13, 0.0714285746216774],
            [4, 1, 16, 0.0714285746216774],
            [4, 2, 2, 0.0714285746216774],
            [4, 2, 15, 0.0714285746216774],
            [4, 3, 12, 0.0714285746216774],
            [4, 3, 18, 0.0714285746216774],
            [4, 8, 15, 0.0714285746216774],
            [4, 12, 1, 0.0714285746216774],
            [4, 14, 3, 0.0714285746216774],
            [4, 15, 0, 0.0714285746216774],
            [4, 16, 8, 0.0714285746216774],
            [4, 16, 18, 0.0714285746216774],
            [4, 18, 6, 0.0714285746216774]
        ]
    }
}