{
    "train_f1": 0.0,
    "train_prob": 0.0,
    "train_cov": 0.0,
    "valid_f1": 0.0,
    "valid_prob": 0.0,
    "valid_cov": 0.0,
    "len": 71,
    "binary_grammar": {
        "num_nt": 5,
        "num_pt": 14,
        "num_rhs": 361,
        "rule_probs": [
            [0, 0, 5, 0.02857142873108387],
            [0, 1, 2, 0.2857142984867096],
            [0, 1, 8, 0.02857142873108387],
            [0, 1, 11, 0.02857142873108387],
            [0, 3, 9, 0.02857142873108387],
            [0, 4, 14, 0.02857142873108387],
            [0, 5, 3, 0.02857142873108387],
            [0, 5, 17, 0.02857142873108387],
            [0, 6, 17, 0.02857142873108387],
            [0, 6, 18, 0.02857142873108387],
            [0, 8, 7, 0.02857142873108387],
            [0, 11, 4, 0.02857142873108387],
            [0, 13, 1, 0.02857142873108387],
            [0, 14, 15, 0.02857142873108387],
            [0, 15, 10, 0.05714285746216774],
            [0, 15, 12, 0.02857142873108387],
            [0, 16, 6, 0.05714285746216774],
            [0, 16, 7, 0.05714285746216774],
            [0, 17, 11, 0.05714285746216774],
            [0, 18, 8, 0.08571428805589676],
            [1, 1, 0, 0.05882352963089943],
            [1, 2, 6, 0.05882352963089943],
            [1, 3, 11, 0.11764705926179886],
            [1, 5, 9, 0.05882352963089943],
            [1, 9, 12, 0.11764705926179886],
            [1, 9, 14, 0.05882352963089943],
            [1, 9, 15, 0.05882352963089943],
            [1, 10, 1, 0.05882352963089943],
            [1, 14, 9, 0.05882352963089943],
            [1, 14, 17, 0.05882352963089943],
            [1, 15, 16, 0.05882352963089943],
            [1, 15, 18, 0.05882352963089943],
            [1, 17, 4, 0.05882352963089943],
            [1, 17, 7, 0.05882352963089943],
            [1, 18, 8, 0.05882352963089943],
            [2, 1, 12, 0.0476190485060215],
            [2, 1, 13, 0.0476190485060215],
            [2, 3, 8, 0.0476190485060215],
            [2, 4, 3, 0.0476190485060215],
            [2, 5, 11, 0.0476190485060215],
            [2, 6, 16, 0.0476190485060215],
            [2, 7, 5, 0.3333333432674408],
            [2, 7, 17, 0.0476190485060215],
            [2, 8, 16, 0.0476190485060215],
            [2, 10, 7, 0.0476190485060215],
            [2, 12, 16, 0.095238097012043],
            [2, 13, 11, 0.0476190485060215],
            [2, 13, 15, 0.0476190485060215],
            [2, 17, 11, 0.0476190485060215],
            [3, 0, 4, 0.0833333358168602],
            [3, 0, 8, 0.1666666716337204],
            [3, 4, 3, 0.0833333358168602],
            [3, 5, 5, 0.0833333358168602],
            [3, 7, 2, 0.0833333358168602],
            [3, 8, 11, 0.0833333358168602],
            [3, 11, 1, 0.0833333358168602],
            [3, 11, 5, 0.0833333358168602],
            [3, 14, 11, 0.1666666716337204],
            [3, 16, 3, 0.0833333358168602],
            [4, 0, 6, 0.06666667014360428],
            [4, 0, 10, 0.06666667014360428],
            [4, 4, 12, 0.06666667014360428],
            [4, 5, 9, 0.06666667014360428],
            [4, 7, 14, 0.06666667014360428],
            [4, 9, 8, 0.06666667014360428],
            [4, 9, 12, 0.13333334028720856],
            [4, 10, 9, 0.06666667014360428],
            [4, 11, 14, 0.13333334028720856],
            [4, 12, 4, 0.06666667014360428],
            [4, 13, 5, 0.06666667014360428],
            [4, 13, 14, 0.13333334028720856]
        ]
    }
}