{
    "train_f1": 0.0,
    "train_prob": 0.0,
    "train_cov": 0.0,
    "valid_f1": 0.0,
    "valid_prob": 0.0,
    "valid_cov": 0.0,
    "len": 82,
    "binary_grammar": {
        "num_nt": 5,
        "num_pt": 14,
        "num_rhs": 361,
        "rule_probs": [
            [0, 1, 2, 0.14814814925193787],
            [0, 2, 1, 0.03703703731298447],
            [0, 2, 7, 0.03703703731298447],
            [0, 3, 2, 0.03703703731298447],
            [0, 5, 17, 0.03703703731298447],
            [0, 6, 4, 0.03703703731298447],
            [0, 6, 15, 0.07407407462596893],
            [0, 7, 17, 0.03703703731298447],
            [0, 8, 8, 0.03703703731298447],
            [0, 8, 18, 0.03703703731298447],
            [0, 9, 1, 0.07407407462596893],
            [0, 10, 1, 0.03703703731298447],
            [0, 10, 10, 0.03703703731298447],
            [0, 10, 14, 0.03703703731298447],
            [0, 13, 0, 0.03703703731298447],
            [0, 15, 9, 0.03703703731298447],
            [0, 16, 6, 0.07407407462596893],
            [0, 17, 10, 0.03703703731298447],
            [0, 17, 11, 0.03703703731298447],
            [0, 17, 17, 0.03703703731298447],
            [0, 18, 15, 0.03703703731298447],
            [1, 0, 14, 0.0476190485060215],
            [1, 0, 17, 0.0476190485060215],
            [1, 1, 2, 0.0476190485060215],
            [1, 2, 0, 0.0476190485060215],
            [1, 2, 5, 0.0476190485060215],
            [1, 2, 11, 0.0476190485060215],
            [1, 2, 17, 0.095238097012043],
            [1, 4, 11, 0.0476190485060215],
            [1, 8, 6, 0.0476190485060215],
            [1, 9, 12, 0.0476190485060215],
            [1, 11, 9, 0.0476190485060215],
            [1, 11, 12, 0.0476190485060215],
            [1, 12, 3, 0.095238097012043],
            [1, 14, 11, 0.095238097012043],
            [1, 14, 17, 0.095238097012043],
            [1, 15, 10, 0.0476190485060215],
            [1, 15, 18, 0.0476190485060215],
            [2, 1, 1, 0.05263157933950424],
            [2, 1, 3, 0.05263157933950424],
            [2, 1, 9, 0.10526315867900848],
            [2, 1, 12, 0.05263157933950424],
            [2, 5, 7, 0.05263157933950424],
            [2, 5, 12, 0.05263157933950424],
            [2, 6, 11, 0.05263157933950424],
            [2, 7, 4, 0.05263157933950424],
            [2, 7, 5, 0.05263157933950424],
            [2, 10, 6, 0.05263157933950424],
            [2, 10, 18, 0.05263157933950424],
            [2, 11, 6, 0.05263157933950424],
            [2, 13, 4, 0.05263157933950424],
            [2, 13, 5, 0.05263157933950424],
            [2, 14, 10, 0.05263157933950424],
            [2, 15, 6, 0.05263157933950424],
            [2, 17, 3, 0.05263157933950424],
            [2, 18, 10, 0.05263157933950424],
            [3, 0, 8, 0.0714285746216774],
            [3, 0, 11, 0.0714285746216774],
            [3, 0, 14, 0.0714285746216774],
            [3, 1, 7, 0.0714285746216774],
            [3, 2, 1, 0.0714285746216774],
            [3, 7, 2, 0.0714285746216774],
            [3, 7, 17, 0.0714285746216774],
            [3, 8, 5, 0.0714285746216774],
            [3, 9, 5, 0.0714285746216774],
            [3, 10, 8, 0.0714285746216774],
            [3, 10, 16, 0.0714285746216774],
            [3, 13, 16, 0.0714285746216774],
            [3, 14, 9, 0.0714285746216774],
            [3, 14, 18, 0.0714285746216774],
            [4, 2, 8, 0.05263157933950424],
            [4, 3, 18, 0.05263157933950424],
            [4, 5, 9, 0.05263157933950424],
            [4, 7, 12, 0.05263157933950424],
            [4, 9, 10, 0.05263157933950424],
            [4, 12, 7, 0.05263157933950424],
            [4, 13, 5, 0.05263157933950424],
            [4, 13, 14, 0.10526315867900848],
            [4, 14, 3, 0.3684210479259491],
            [4, 14, 14, 0.05263157933950424],
            [4, 16, 7, 0.05263157933950424],
            [4, 18, 3, 0.05263157933950424]
        ]
    }
}