{
    "train_f1": 0.0,
    "train_prob": 0.0,
    "train_cov": 0.0,
    "valid_f1": 0.0,
    "valid_prob": 0.0,
    "valid_cov": 0.0,
    "len": 97,
    "binary_grammar": {
        "num_nt": 5,
        "num_pt": 14,
        "num_rhs": 361,
        "rule_probs": [
            [0, 1, 13, 0.06666667014360428],
            [0, 2, 5, 0.06666667014360428],
            [0, 2, 10, 0.06666667014360428],
            [0, 4, 9, 0.06666667014360428],
            [0, 4, 18, 0.06666667014360428],
            [0, 5, 6, 0.06666667014360428],
            [0, 6, 8, 0.06666667014360428],
            [0, 8, 12, 0.06666667014360428],
            [0, 9, 3, 0.06666667014360428],
            [0, 13, 16, 0.06666667014360428],
            [0, 14, 5, 0.06666667014360428],
            [0, 15, 16, 0.06666667014360428],
            [0, 16, 10, 0.06666667014360428],
            [0, 18, 1, 0.06666667014360428],
            [0, 18, 16, 0.06666667014360428],
            [1, 0, 3, 0.0416666679084301],
            [1, 1, 0, 0.0416666679084301],
            [1, 1, 3, 0.0416666679084301],
            [1, 2, 15, 0.0416666679084301],
            [1, 4, 9, 0.0416666679084301],
            [1, 5, 0, 0.0416666679084301],
            [1, 5, 7, 0.0416666679084301],
            [1, 5, 8, 0.0416666679084301],
            [1, 7, 4, 0.0416666679084301],
            [1, 8, 8, 0.0416666679084301],
            [1, 8, 18, 0.0416666679084301],
            [1, 9, 1, 0.0416666679084301],
            [1, 9, 14, 0.0416666679084301],
            [1, 9, 16, 0.0416666679084301],
            [1, 10, 6, 0.0416666679084301],
            [1, 10, 9, 0.0416666679084301],
            [1, 11, 10, 0.0416666679084301],
            [1, 12, 8, 0.0416666679084301],
            [1, 13, 3, 0.0416666679084301],
            [1, 13, 5, 0.0416666679084301],
            [1, 13, 17, 0.0416666679084301],
            [1, 14, 5, 0.0416666679084301],
            [1, 17, 2, 0.0416666679084301],
            [1, 17, 15, 0.0416666679084301],
            [2, 3, 2, 0.0555555559694767],
            [2, 3, 17, 0.0555555559694767],
            [2, 4, 2, 0.0555555559694767],
            [2, 4, 11, 0.0555555559694767],
            [2, 5, 11, 0.1111111119389534],
            [2, 7, 12, 0.0555555559694767],
            [2, 8, 1, 0.0555555559694767],
            [2, 8, 10, 0.0555555559694767],
            [2, 9, 14, 0.0555555559694767],
            [2, 9, 15, 0.0555555559694767],
            [2, 9, 16, 0.0555555559694767],
            [2, 12, 16, 0.0555555559694767],
            [2, 14, 0, 0.0555555559694767],
            [2, 17, 2, 0.0555555559694767],
            [2, 17, 6, 0.0555555559694767],
            [2, 17, 16, 0.0555555559694767],
            [2, 18, 16, 0.0555555559694767],
            [3, 0, 17, 0.05263157933950424],
            [3, 1, 17, 0.05263157933950424],
            [3, 2, 1, 0.05263157933950424],
            [3, 4, 7, 0.05263157933950424],
            [3, 6, 13, 0.05263157933950424],
            [3, 8, 14, 0.05263157933950424],
            [3, 9, 17, 0.05263157933950424],
            [3, 11, 7, 0.05263157933950424],
            [3, 11, 14, 0.05263157933950424],
            [3, 12, 3, 0.05263157933950424],
            [3, 12, 12, 0.05263157933950424],
            [3, 13, 11, 0.05263157933950424],
            [3, 13, 13, 0.10526315867900848],
            [3, 13, 15, 0.05263157933950424],
            [3, 16, 10, 0.05263157933950424],
            [3, 16, 16, 0.05263157933950424],
            [3, 17, 2, 0.05263157933950424],
            [3, 18, 15, 0.05263157933950424],
            [4, 0, 17, 0.0416666679084301],
            [4, 1, 1, 0.0416666679084301],
            [4, 1, 8, 0.0416666679084301],
            [4, 2, 11, 0.0416666679084301],
            [4, 4, 7, 0.0416666679084301],
            [4, 4, 8, 0.0416666679084301],
            [4, 5, 17, 0.0416666679084301],
            [4, 6, 11, 0.0416666679084301],
            [4, 7, 9, 0.0416666679084301],
            [4, 10, 8, 0.0416666679084301],
            [4, 10, 15, 0.0416666679084301],
            [4, 11, 0, 0.0833333358168602],
            [4, 12, 10, 0.0416666679084301],
            [4, 13, 5, 0.0416666679084301],
            [4, 13, 17, 0.0416666679084301],
            [4, 14, 2, 0.0416666679084301],
            [4, 14, 16, 0.0416666679084301],
            [4, 15, 1, 0.0416666679084301],
            [4, 15, 3, 0.0416666679084301],
            [4, 15, 16, 0.0416666679084301],
            [4, 16, 10, 0.0416666679084301],
            [4, 16, 15, 0.0416666679084301],
            [4, 17, 18, 0.0416666679084301]
        ]
    }
}