{
    "train_f1": 1.5625,
    "train_prob": 7.511457443237305,
    "train_cov": 12.5,
    "valid_f1": 0.0,
    "valid_prob": 0.0,
    "valid_cov": 0.0,
    "len": 97,
    "binary_grammar": {
        "num_nt": 5,
        "num_pt": 14,
        "num_rhs": 361,
        "rule_probs": [
            [0, 0, 2, 0.0555555559694767],
            [0, 0, 3, 0.0555555559694767],
            [0, 2, 11, 0.0555555559694767],
            [0, 3, 14, 0.0555555559694767],
            [0, 4, 7, 0.0555555559694767],
            [0, 8, 13, 0.0555555559694767],
            [0, 11, 5, 0.0555555559694767],
            [0, 11, 11, 0.0555555559694767],
            [0, 12, 8, 0.0555555559694767],
            [0, 13, 11, 0.0555555559694767],
            [0, 15, 3, 0.0555555559694767],
            [0, 15, 15, 0.0555555559694767],
            [0, 16, 1, 0.0555555559694767],
            [0, 16, 5, 0.0555555559694767],
            [0, 16, 6, 0.0555555559694767],
            [0, 17, 1, 0.0555555559694767],
            [0, 17, 4, 0.0555555559694767],
            [0, 17, 13, 0.0555555559694767],
            [1, 0, 8, 0.04545454680919647],
            [1, 0, 13, 0.04545454680919647],
            [1, 1, 15, 0.04545454680919647],
            [1, 2, 2, 0.04545454680919647],
            [1, 2, 12, 0.04545454680919647],
            [1, 3, 4, 0.04545454680919647],
            [1, 3, 10, 0.04545454680919647],
            [1, 3, 18, 0.04545454680919647],
            [1, 4, 2, 0.04545454680919647],
            [1, 4, 4, 0.04545454680919647],
            [1, 7, 2, 0.04545454680919647],
            [1, 8, 10, 0.04545454680919647],
            [1, 8, 12, 0.04545454680919647],
            [1, 10, 8, 0.04545454680919647],
            [1, 10, 15, 0.04545454680919647],
            [1, 12, 1, 0.04545454680919647],
            [1, 13, 4, 0.04545454680919647],
            [1, 14, 6, 0.04545454680919647],
            [1, 14, 18, 0.04545454680919647],
            [1, 15, 2, 0.04545454680919647],
            [1, 15, 10, 0.04545454680919647],
            [1, 18, 0, 0.04545454680919647],
            [2, 0, 2, 0.04545454680919647],
            [2, 1, 0, 0.04545454680919647],
            [2, 1, 2, 0.04545454680919647],
            [2, 1, 15, 0.04545454680919647],
            [2, 2, 11, 0.04545454680919647],
            [2, 2, 13, 0.04545454680919647],
            [2, 3, 10, 0.04545454680919647],
            [2, 5, 8, 0.04545454680919647],
            [2, 5, 10, 0.04545454680919647],
            [2, 5, 15, 0.04545454680919647],
            [2, 6, 12, 0.04545454680919647],
            [2, 6, 14, 0.04545454680919647],
            [2, 7, 10, 0.04545454680919647],
            [2, 7, 14, 0.04545454680919647],
            [2, 8, 0, 0.04545454680919647],
            [2, 11, 13, 0.04545454680919647],
            [2, 12, 12, 0.04545454680919647],
            [2, 14, 18, 0.04545454680919647],
            [2, 16, 3, 0.04545454680919647],
            [2, 17, 6, 0.04545454680919647],
            [2, 17, 13, 0.04545454680919647],
            [2, 18, 15, 0.04545454680919647],
            [3, 0, 11, 0.1111111119389534],
            [3, 0, 17, 0.0555555559694767],
            [3, 1, 4, 0.0555555559694767],
            [3, 2, 13, 0.1111111119389534],
            [3, 2, 17, 0.0555555559694767],
            [3, 5, 3, 0.0555555559694767],
            [3, 5, 16, 0.0555555559694767],
            [3, 10, 6, 0.0555555559694767],
            [3, 12, 6, 0.0555555559694767],
            [3, 12, 15, 0.0555555559694767],
            [3, 14, 4, 0.0555555559694767],
            [3, 14, 8, 0.0555555559694767],
            [3, 16, 11, 0.0555555559694767],
            [3, 16, 13, 0.0555555559694767],
            [3, 18, 11, 0.0555555559694767],
            [3, 18, 16, 0.0555555559694767],
            [4, 0, 8, 0.05000000074505806],
            [4, 4, 8, 0.05000000074505806],
            [4, 5, 8, 0.05000000074505806],
            [4, 5, 15, 0.05000000074505806],
            [4, 5, 18, 0.05000000074505806],
            [4, 6, 1, 0.10000000149011612],
            [4, 6, 2, 0.05000000074505806],
            [4, 9, 7, 0.05000000074505806],
            [4, 10, 1, 0.05000000074505806],
            [4, 12, 2, 0.05000000074505806],
            [4, 13, 9, 0.05000000074505806],
            [4, 14, 7, 0.05000000074505806],
            [4, 14, 11, 0.05000000074505806],
            [4, 14, 16, 0.05000000074505806],
            [4, 15, 0, 0.05000000074505806],
            [4, 15, 11, 0.05000000074505806],
            [4, 16, 15, 0.05000000074505806],
            [4, 17, 4, 0.05000000074505806],
            [4, 17, 7, 0.05000000074505806]
        ]
    }
}