{
    "train_f1": 0.0,
    "train_prob": 0.0,
    "train_cov": 0.0,
    "valid_f1": 0.0,
    "valid_prob": 0.0,
    "valid_cov": 0.0,
    "len": 97,
    "binary_grammar": {
        "num_nt": 5,
        "num_pt": 14,
        "num_rhs": 361,
        "rule_probs": [
            [0, 0, 18, 0.05882352963089943],
            [0, 6, 0, 0.05882352963089943],
            [0, 6, 14, 0.05882352963089943],
            [0, 7, 14, 0.05882352963089943],
            [0, 8, 17, 0.05882352963089943],
            [0, 11, 13, 0.05882352963089943],
            [0, 12, 9, 0.05882352963089943],
            [0, 13, 2, 0.05882352963089943],
            [0, 13, 17, 0.05882352963089943],
            [0, 14, 1, 0.05882352963089943],
            [0, 14, 6, 0.05882352963089943],
            [0, 15, 9, 0.05882352963089943],
            [0, 16, 8, 0.05882352963089943],
            [0, 17, 6, 0.05882352963089943],
            [0, 17, 9, 0.05882352963089943],
            [0, 18, 0, 0.05882352963089943],
            [0, 18, 11, 0.05882352963089943],
            [1, 0, 12, 0.04545454680919647],
            [1, 0, 16, 0.04545454680919647],
            [1, 2, 7, 0.04545454680919647],
            [1, 2, 9, 0.04545454680919647],
            [1, 2, 18, 0.04545454680919647],
            [1, 5, 3, 0.04545454680919647],
            [1, 5, 4, 0.04545454680919647],
            [1, 8, 5, 0.04545454680919647],
            [1, 8, 14, 0.04545454680919647],
            [1, 8, 18, 0.04545454680919647],
            [1, 9, 4, 0.04545454680919647],
            [1, 9, 6, 0.04545454680919647],
            [1, 9, 9, 0.04545454680919647],
            [1, 9, 11, 0.04545454680919647],
            [1, 10, 3, 0.04545454680919647],
            [1, 11, 2, 0.04545454680919647],
            [1, 12, 12, 0.04545454680919647],
            [1, 15, 4, 0.04545454680919647],
            [1, 17, 9, 0.04545454680919647],
            [1, 17, 10, 0.04545454680919647],
            [1, 17, 12, 0.04545454680919647],
            [1, 17, 15, 0.04545454680919647],
            [2, 3, 6, 0.0476190485060215],
            [2, 3, 10, 0.0476190485060215],
            [2, 5, 6, 0.0476190485060215],
            [2, 5, 11, 0.0476190485060215],
            [2, 6, 6, 0.0476190485060215],
            [2, 6, 12, 0.0476190485060215],
            [2, 7, 14, 0.0476190485060215],
            [2, 7, 18, 0.0476190485060215],
            [2, 9, 6, 0.0476190485060215],
            [2, 9, 9, 0.0476190485060215],
            [2, 10, 3, 0.0476190485060215],
            [2, 11, 4, 0.0476190485060215],
            [2, 12, 9, 0.0476190485060215],
            [2, 13, 15, 0.0476190485060215],
            [2, 16, 5, 0.0476190485060215],
            [2, 16, 17, 0.0476190485060215],
            [2, 16, 18, 0.0476190485060215],
            [2, 17, 8, 0.0476190485060215],
            [2, 17, 15, 0.0476190485060215],
            [2, 18, 4, 0.0476190485060215],
            [2, 18, 18, 0.0476190485060215],
            [3, 0, 0, 0.0555555559694767],
            [3, 0, 7, 0.1111111119389534],
            [3, 2, 2, 0.0555555559694767],
            [3, 2, 17, 0.0555555559694767],
            [3, 7, 6, 0.0555555559694767],
            [3, 8, 2, 0.0555555559694767],
            [3, 8, 13, 0.0555555559694767],
            [3, 10, 1, 0.0555555559694767],
            [3, 10, 3, 0.0555555559694767],
            [3, 10, 6, 0.0555555559694767],
            [3, 11, 14, 0.0555555559694767],
            [3, 14, 1, 0.0555555559694767],
            [3, 14, 8, 0.0555555559694767],
            [3, 16, 1, 0.0555555559694767],
            [3, 16, 17, 0.0555555559694767],
            [3, 17, 9, 0.0555555559694767],
            [3, 17, 14, 0.0555555559694767],
            [4, 1, 8, 0.04545454680919647],
            [4, 1, 15, 0.04545454680919647],
            [4, 2, 4, 0.04545454680919647],
            [4, 3, 14, 0.04545454680919647],
            [4, 3, 15, 0.04545454680919647],
            [4, 4, 3, 0.04545454680919647],
            [4, 4, 9, 0.04545454680919647],
            [4, 4, 11, 0.04545454680919647],
            [4, 4, 16, 0.04545454680919647],
            [4, 5, 3, 0.09090909361839294],
            [4, 8, 2, 0.04545454680919647],
            [4, 10, 9, 0.04545454680919647],
            [4, 10, 11, 0.04545454680919647],
            [4, 10, 13, 0.04545454680919647],
            [4, 14, 12, 0.04545454680919647],
            [4, 15, 3, 0.04545454680919647],
            [4, 15, 4, 0.04545454680919647],
            [4, 15, 7, 0.04545454680919647],
            [4, 16, 3, 0.09090909361839294],
            [4, 17, 12, 0.04545454680919647]
        ]
    }
}