{
    "train_f1": 0.0,
    "train_prob": 0.0,
    "train_cov": 0.0,
    "valid_f1": 0.0,
    "valid_prob": 0.0,
    "valid_cov": 0.0,
    "len": 95,
    "binary_grammar": {
        "num_nt": 5,
        "num_pt": 14,
        "num_rhs": 361,
        "rule_probs": [
            [0, 0, 7, 0.0555555559694767],
            [0, 1, 2, 0.0555555559694767],
            [0, 5, 16, 0.0555555559694767],
            [0, 6, 16, 0.0555555559694767],
            [0, 8, 15, 0.0555555559694767],
            [0, 9, 18, 0.0555555559694767],
            [0, 10, 5, 0.0555555559694767],
            [0, 11, 0, 0.0555555559694767],
            [0, 11, 10, 0.0555555559694767],
            [0, 12, 7, 0.0555555559694767],
            [0, 13, 9, 0.0555555559694767],
            [0, 13, 14, 0.0555555559694767],
            [0, 13, 17, 0.0555555559694767],
            [0, 14, 2, 0.1111111119389534],
            [0, 16, 17, 0.0555555559694767],
            [0, 17, 9, 0.0555555559694767],
            [0, 18, 18, 0.0555555559694767],
            [1, 0, 16, 0.0416666679084301],
            [1, 0, 17, 0.0416666679084301],
            [1, 1, 0, 0.0416666679084301],
            [1, 4, 0, 0.0416666679084301],
            [1, 4, 2, 0.0833333358168602],
            [1, 5, 13, 0.0416666679084301],
            [1, 5, 16, 0.0416666679084301],
            [1, 6, 2, 0.0416666679084301],
            [1, 6, 10, 0.0416666679084301],
            [1, 6, 16, 0.0416666679084301],
            [1, 7, 18, 0.0416666679084301],
            [1, 9, 17, 0.0416666679084301],
            [1, 10, 9, 0.0416666679084301],
            [1, 10, 17, 0.0416666679084301],
            [1, 11, 7, 0.0416666679084301],
            [1, 15, 12, 0.0416666679084301],
            [1, 16, 2, 0.0416666679084301],
            [1, 17, 1, 0.0833333358168602],
            [1, 17, 9, 0.0416666679084301],
            [1, 18, 0, 0.0416666679084301],
            [1, 18, 6, 0.0416666679084301],
            [1, 18, 7, 0.0416666679084301],
            [2, 3, 13, 0.05263157933950424],
            [2, 3, 16, 0.05263157933950424],
            [2, 3, 18, 0.05263157933950424],
            [2, 6, 4, 0.05263157933950424],
            [2, 9, 4, 0.05263157933950424],
            [2, 10, 3, 0.05263157933950424],
            [2, 10, 7, 0.05263157933950424],
            [2, 10, 17, 0.05263157933950424],
            [2, 11, 1, 0.05263157933950424],
            [2, 11, 7, 0.05263157933950424],
            [2, 11, 8, 0.05263157933950424],
            [2, 11, 9, 0.05263157933950424],
            [2, 12, 8, 0.05263157933950424],
            [2, 12, 14, 0.05263157933950424],
            [2, 14, 16, 0.05263157933950424],
            [2, 16, 6, 0.05263157933950424],
            [2, 17, 10, 0.05263157933950424],
            [2, 17, 12, 0.05263157933950424],
            [2, 18, 6, 0.05263157933950424],
            [3, 1, 5, 0.05882352963089943],
            [3, 3, 10, 0.05882352963089943],
            [3, 6, 11, 0.05882352963089943],
            [3, 7, 16, 0.05882352963089943],
            [3, 8, 1, 0.05882352963089943],
            [3, 8, 11, 0.05882352963089943],
            [3, 9, 0, 0.05882352963089943],
            [3, 11, 16, 0.05882352963089943],
            [3, 12, 6, 0.05882352963089943],
            [3, 13, 2, 0.05882352963089943],
            [3, 13, 3, 0.05882352963089943],
            [3, 15, 11, 0.05882352963089943],
            [3, 16, 2, 0.11764705926179886],
            [3, 17, 3, 0.05882352963089943],
            [3, 17, 10, 0.05882352963089943],
            [3, 18, 9, 0.05882352963089943],
            [4, 0, 4, 0.04545454680919647],
            [4, 2, 13, 0.04545454680919647],
            [4, 3, 8, 0.04545454680919647],
            [4, 4, 9, 0.04545454680919647],
            [4, 5, 16, 0.04545454680919647],
            [4, 6, 9, 0.04545454680919647],
            [4, 6, 15, 0.04545454680919647],
            [4, 7, 13, 0.04545454680919647],
            [4, 7, 15, 0.04545454680919647],
            [4, 8, 2, 0.04545454680919647],
            [4, 8, 6, 0.04545454680919647],
            [4, 8, 18, 0.04545454680919647],
            [4, 9, 3, 0.09090909361839294],
            [4, 9, 10, 0.04545454680919647],
            [4, 11, 5, 0.04545454680919647],
            [4, 14, 3, 0.04545454680919647],
            [4, 14, 9, 0.04545454680919647],
            [4, 14, 10, 0.04545454680919647],
            [4, 15, 12, 0.04545454680919647],
            [4, 18, 6, 0.04545454680919647],
            [4, 18, 7, 0.04545454680919647]
        ]
    }
}