{
    "train_f1": 0.0,
    "train_prob": 0.0,
    "train_cov": 0.0,
    "valid_f1": 0.0,
    "valid_prob": 0.0,
    "valid_cov": 0.0,
    "len": 98,
    "binary_grammar": {
        "num_nt": 5,
        "num_pt": 14,
        "num_rhs": 361,
        "rule_probs": [
            [0, 0, 1, 0.05263157933950424],
            [0, 0, 2, 0.05263157933950424],
            [0, 0, 10, 0.05263157933950424],
            [0, 1, 17, 0.05263157933950424],
            [0, 2, 9, 0.10526315867900848],
            [0, 3, 0, 0.05263157933950424],
            [0, 3, 5, 0.05263157933950424],
            [0, 4, 18, 0.05263157933950424],
            [0, 5, 1, 0.05263157933950424],
            [0, 7, 13, 0.05263157933950424],
            [0, 9, 0, 0.05263157933950424],
            [0, 9, 16, 0.05263157933950424],
            [0, 10, 14, 0.05263157933950424],
            [0, 11, 16, 0.05263157933950424],
            [0, 12, 3, 0.05263157933950424],
            [0, 12, 12, 0.05263157933950424],
            [0, 13, 8, 0.05263157933950424],
            [0, 13, 15, 0.05263157933950424],
            [1, 1, 14, 0.06666667014360428],
            [1, 3, 4, 0.06666667014360428],
            [1, 3, 8, 0.06666667014360428],
            [1, 4, 4, 0.06666667014360428],
            [1, 6, 10, 0.06666667014360428],
            [1, 7, 9, 0.06666667014360428],
            [1, 7, 16, 0.06666667014360428],
            [1, 8, 2, 0.06666667014360428],
            [1, 12, 13, 0.06666667014360428],
            [1, 13, 13, 0.06666667014360428],
            [1, 14, 12, 0.06666667014360428],
            [1, 16, 5, 0.06666667014360428],
            [1, 16, 16, 0.06666667014360428],
            [1, 17, 0, 0.06666667014360428],
            [1, 18, 10, 0.06666667014360428],
            [2, 0, 1, 0.04545454680919647],
            [2, 1, 8, 0.04545454680919647],
            [2, 1, 12, 0.04545454680919647],
            [2, 1, 15, 0.04545454680919647],
            [2, 2, 4, 0.04545454680919647],
            [2, 2, 12, 0.04545454680919647],
            [2, 3, 16, 0.04545454680919647],
            [2, 4, 3, 0.04545454680919647],
            [2, 5, 11, 0.04545454680919647],
            [2, 6, 4, 0.04545454680919647],
            [2, 6, 10, 0.04545454680919647],
            [2, 7, 4, 0.04545454680919647],
            [2, 8, 9, 0.04545454680919647],
            [2, 10, 9, 0.04545454680919647],
            [2, 10, 10, 0.04545454680919647],
            [2, 11, 0, 0.04545454680919647],
            [2, 11, 4, 0.04545454680919647],
            [2, 11, 13, 0.04545454680919647],
            [2, 14, 6, 0.04545454680919647],
            [2, 16, 5, 0.04545454680919647],
            [2, 16, 10, 0.04545454680919647],
            [2, 16, 11, 0.04545454680919647],
            [3, 0, 0, 0.04545454680919647],
            [3, 0, 17, 0.04545454680919647],
            [3, 1, 17, 0.04545454680919647],
            [3, 2, 9, 0.04545454680919647],
            [3, 3, 7, 0.04545454680919647],
            [3, 5, 13, 0.04545454680919647],
            [3, 5, 16, 0.04545454680919647],
            [3, 6, 6, 0.04545454680919647],
            [3, 7, 15, 0.04545454680919647],
            [3, 7, 18, 0.04545454680919647],
            [3, 8, 5, 0.04545454680919647],
            [3, 9, 3, 0.04545454680919647],
            [3, 9, 9, 0.04545454680919647],
            [3, 9, 11, 0.04545454680919647],
            [3, 11, 8, 0.04545454680919647],
            [3, 12, 14, 0.04545454680919647],
            [3, 13, 7, 0.04545454680919647],
            [3, 14, 7, 0.04545454680919647],
            [3, 16, 0, 0.04545454680919647],
            [3, 18, 0, 0.04545454680919647],
            [3, 18, 7, 0.04545454680919647],
            [3, 18, 12, 0.04545454680919647],
            [4, 0, 8, 0.09090909361839294],
            [4, 2, 2, 0.04545454680919647],
            [4, 4, 7, 0.04545454680919647],
            [4, 4, 17, 0.04545454680919647],
            [4, 5, 8, 0.04545454680919647],
            [4, 6, 2, 0.04545454680919647],
            [4, 7, 6, 0.04545454680919647],
            [4, 7, 17, 0.04545454680919647],
            [4, 8, 14, 0.04545454680919647],
            [4, 10, 3, 0.04545454680919647],
            [4, 10, 8, 0.04545454680919647],
            [4, 10, 17, 0.04545454680919647],
            [4, 11, 2, 0.04545454680919647],
            [4, 12, 1, 0.04545454680919647],
            [4, 12, 4, 0.04545454680919647],
            [4, 12, 6, 0.04545454680919647],
            [4, 12, 18, 0.04545454680919647],
            [4, 13, 8, 0.04545454680919647],
            [4, 13, 10, 0.04545454680919647],
            [4, 15, 14, 0.04545454680919647],
            [4, 18, 3, 0.04545454680919647]
        ]
    }
}