{
    "train_f1": 0.0,
    "train_prob": 0.0,
    "train_cov": 0.0,
    "valid_f1": 0.0,
    "valid_prob": 0.0,
    "valid_cov": 0.0,
    "len": 98,
    "binary_grammar": {
        "num_nt": 5,
        "num_pt": 14,
        "num_rhs": 361,
        "rule_probs": [
            [0, 1, 13, 0.0625],
            [0, 2, 11, 0.0625],
            [0, 3, 0, 0.0625],
            [0, 3, 7, 0.0625],
            [0, 3, 14, 0.0625],
            [0, 4, 5, 0.0625],
            [0, 4, 16, 0.0625],
            [0, 4, 17, 0.0625],
            [0, 5, 17, 0.0625],
            [0, 6, 0, 0.0625],
            [0, 6, 11, 0.0625],
            [0, 6, 18, 0.0625],
            [0, 9, 13, 0.0625],
            [0, 10, 8, 0.0625],
            [0, 16, 6, 0.0625],
            [0, 17, 18, 0.0625],
            [1, 0, 4, 0.03846153989434242],
            [1, 0, 9, 0.03846153989434242],
            [1, 0, 16, 0.03846153989434242],
            [1, 1, 10, 0.03846153989434242],
            [1, 1, 18, 0.03846153989434242],
            [1, 2, 8, 0.03846153989434242],
            [1, 4, 8, 0.03846153989434242],
            [1, 4, 15, 0.03846153989434242],
            [1, 5, 5, 0.03846153989434242],
            [1, 5, 8, 0.03846153989434242],
            [1, 5, 16, 0.03846153989434242],
            [1, 6, 16, 0.03846153989434242],
            [1, 7, 17, 0.03846153989434242],
            [1, 7, 18, 0.03846153989434242],
            [1, 9, 5, 0.03846153989434242],
            [1, 10, 3, 0.03846153989434242],
            [1, 13, 5, 0.03846153989434242],
            [1, 13, 13, 0.03846153989434242],
            [1, 14, 7, 0.03846153989434242],
            [1, 14, 9, 0.03846153989434242],
            [1, 15, 12, 0.03846153989434242],
            [1, 15, 13, 0.03846153989434242],
            [1, 16, 2, 0.03846153989434242],
            [1, 17, 1, 0.03846153989434242],
            [1, 17, 8, 0.03846153989434242],
            [1, 18, 13, 0.03846153989434242],
            [2, 0, 7, 0.07692307978868484],
            [2, 2, 1, 0.07692307978868484],
            [2, 2, 9, 0.07692307978868484],
            [2, 3, 15, 0.07692307978868484],
            [2, 7, 5, 0.07692307978868484],
            [2, 7, 16, 0.07692307978868484],
            [2, 8, 6, 0.07692307978868484],
            [2, 8, 14, 0.07692307978868484],
            [2, 12, 4, 0.07692307978868484],
            [2, 12, 14, 0.07692307978868484],
            [2, 13, 9, 0.07692307978868484],
            [2, 13, 16, 0.07692307978868484],
            [2, 16, 7, 0.07692307978868484],
            [3, 2, 7, 0.05882352963089943],
            [3, 4, 11, 0.05882352963089943],
            [3, 4, 12, 0.05882352963089943],
            [3, 5, 12, 0.05882352963089943],
            [3, 6, 1, 0.05882352963089943],
            [3, 7, 3, 0.05882352963089943],
            [3, 9, 1, 0.05882352963089943],
            [3, 9, 8, 0.05882352963089943],
            [3, 9, 16, 0.05882352963089943],
            [3, 13, 2, 0.05882352963089943],
            [3, 14, 10, 0.05882352963089943],
            [3, 15, 7, 0.05882352963089943],
            [3, 16, 1, 0.05882352963089943],
            [3, 16, 15, 0.05882352963089943],
            [3, 17, 2, 0.05882352963089943],
            [3, 17, 11, 0.05882352963089943],
            [3, 18, 7, 0.05882352963089943],
            [4, 0, 1, 0.0357142873108387],
            [4, 0, 17, 0.0357142873108387],
            [4, 1, 13, 0.0357142873108387],
            [4, 2, 3, 0.0357142873108387],
            [4, 2, 17, 0.0357142873108387],
            [4, 3, 18, 0.0357142873108387],
            [4, 5, 1, 0.0357142873108387],
            [4, 5, 13, 0.0357142873108387],
            [4, 5, 17, 0.0357142873108387],
            [4, 6, 3, 0.0357142873108387],
            [4, 6, 16, 0.0357142873108387],
            [4, 7, 4, 0.0357142873108387],
            [4, 7, 8, 0.0357142873108387],
            [4, 8, 10, 0.0357142873108387],
            [4, 8, 16, 0.0357142873108387],
            [4, 9, 1, 0.0714285746216774],
            [4, 9, 16, 0.0357142873108387],
            [4, 9, 18, 0.0357142873108387],
            [4, 10, 8, 0.0357142873108387],
            [4, 13, 1, 0.0357142873108387],
            [4, 13, 3, 0.0357142873108387],
            [4, 13, 14, 0.0714285746216774],
            [4, 13, 16, 0.0357142873108387],
            [4, 14, 1, 0.0357142873108387],
            [4, 14, 14, 0.0357142873108387],
            [4, 15, 1, 0.0357142873108387]
        ]
    }
}