{
    "train_f1": 0.0,
    "train_prob": 0.0,
    "train_cov": 0.0,
    "valid_f1": 0.0,
    "valid_prob": 0.0,
    "valid_cov": 0.0,
    "len": 94,
    "binary_grammar": {
        "num_nt": 5,
        "num_pt": 14,
        "num_rhs": 361,
        "rule_probs": [
            [0, 1, 0, 0.05000000074505806],
            [0, 1, 15, 0.05000000074505806],
            [0, 2, 2, 0.05000000074505806],
            [0, 2, 11, 0.05000000074505806],
            [0, 3, 2, 0.05000000074505806],
            [0, 3, 4, 0.05000000074505806],
            [0, 3, 5, 0.05000000074505806],
            [0, 5, 3, 0.05000000074505806],
            [0, 5, 5, 0.05000000074505806],
            [0, 5, 15, 0.10000000149011612],
            [0, 6, 18, 0.05000000074505806],
            [0, 9, 12, 0.05000000074505806],
            [0, 13, 15, 0.05000000074505806],
            [0, 16, 0, 0.05000000074505806],
            [0, 16, 13, 0.05000000074505806],
            [0, 17, 8, 0.05000000074505806],
            [0, 17, 16, 0.05000000074505806],
            [0, 17, 17, 0.05000000074505806],
            [0, 18, 9, 0.05000000074505806],
            [1, 1, 17, 0.05000000074505806],
            [1, 2, 7, 0.05000000074505806],
            [1, 4, 4, 0.05000000074505806],
            [1, 5, 6, 0.10000000149011612],
            [1, 6, 17, 0.05000000074505806],
            [1, 8, 18, 0.05000000074505806],
            [1, 9, 2, 0.05000000074505806],
            [1, 9, 18, 0.05000000074505806],
            [1, 10, 14, 0.05000000074505806],
            [1, 11, 18, 0.05000000074505806],
            [1, 13, 10, 0.05000000074505806],
            [1, 13, 16, 0.05000000074505806],
            [1, 15, 17, 0.05000000074505806],
            [1, 16, 15, 0.05000000074505806],
            [1, 17, 3, 0.05000000074505806],
            [1, 17, 6, 0.05000000074505806],
            [1, 17, 15, 0.05000000074505806],
            [1, 18, 0, 0.05000000074505806],
            [1, 18, 11, 0.05000000074505806],
            [2, 2, 12, 0.0555555559694767],
            [2, 4, 17, 0.0555555559694767],
            [2, 6, 10, 0.0555555559694767],
            [2, 7, 15, 0.0555555559694767],
            [2, 7, 17, 0.0555555559694767],
            [2, 9, 1, 0.0555555559694767],
            [2, 9, 7, 0.1111111119389534],
            [2, 9, 15, 0.0555555559694767],
            [2, 12, 5, 0.0555555559694767],
            [2, 13, 13, 0.0555555559694767],
            [2, 15, 5, 0.0555555559694767],
            [2, 15, 7, 0.1111111119389534],
            [2, 18, 5, 0.0555555559694767],
            [2, 18, 11, 0.0555555559694767],
            [2, 18, 14, 0.0555555559694767],
            [2, 18, 18, 0.0555555559694767],
            [3, 0, 13, 0.0833333358168602],
            [3, 1, 5, 0.0416666679084301],
            [3, 4, 3, 0.0416666679084301],
            [3, 4, 11, 0.0416666679084301],
            [3, 4, 15, 0.0416666679084301],
            [3, 6, 3, 0.0416666679084301],
            [3, 7, 7, 0.0416666679084301],
            [3, 7, 17, 0.0416666679084301],
            [3, 8, 0, 0.0416666679084301],
            [3, 8, 3, 0.0416666679084301],
            [3, 8, 4, 0.0416666679084301],
            [3, 10, 15, 0.0416666679084301],
            [3, 10, 18, 0.0416666679084301],
            [3, 11, 4, 0.0416666679084301],
            [3, 11, 6, 0.0416666679084301],
            [3, 14, 5, 0.0416666679084301],
            [3, 14, 15, 0.0416666679084301],
            [3, 16, 11, 0.0416666679084301],
            [3, 16, 12, 0.0416666679084301],
            [3, 16, 15, 0.0416666679084301],
            [3, 17, 7, 0.0416666679084301],
            [3, 17, 14, 0.0833333358168602],
            [4, 0, 5, 0.0555555559694767],
            [4, 0, 10, 0.0555555559694767],
            [4, 1, 1, 0.0555555559694767],
            [4, 3, 8, 0.0555555559694767],
            [4, 4, 2, 0.0555555559694767],
            [4, 5, 3, 0.0555555559694767],
            [4, 7, 13, 0.0555555559694767],
            [4, 8, 10, 0.0555555559694767],
            [4, 8, 16, 0.0555555559694767],
            [4, 9, 1, 0.0555555559694767],
            [4, 9, 8, 0.0555555559694767],
            [4, 10, 7, 0.0555555559694767],
            [4, 11, 9, 0.0555555559694767],
            [4, 13, 11, 0.0555555559694767],
            [4, 15, 0, 0.0555555559694767],
            [4, 15, 8, 0.0555555559694767],
            [4, 17, 18, 0.0555555559694767],
            [4, 18, 11, 0.0555555559694767]
        ]
    }
}