{
    "train_f1": 0.0,
    "train_prob": 0.0,
    "train_cov": 0.0,
    "valid_f1": 0.0,
    "valid_prob": 0.0,
    "valid_cov": 0.0,
    "len": 97,
    "binary_grammar": {
        "num_nt": 5,
        "num_pt": 14,
        "num_rhs": 361,
        "rule_probs": [
            [0, 2, 8, 0.05882352963089943],
            [0, 5, 3, 0.05882352963089943],
            [0, 8, 11, 0.05882352963089943],
            [0, 8, 15, 0.05882352963089943],
            [0, 10, 8, 0.05882352963089943],
            [0, 11, 18, 0.05882352963089943],
            [0, 12, 15, 0.05882352963089943],
            [0, 14, 3, 0.05882352963089943],
            [0, 14, 18, 0.11764705926179886],
            [0, 15, 6, 0.05882352963089943],
            [0, 15, 9, 0.05882352963089943],
            [0, 15, 16, 0.05882352963089943],
            [0, 16, 3, 0.05882352963089943],
            [0, 16, 16, 0.05882352963089943],
            [0, 17, 10, 0.05882352963089943],
            [0, 18, 15, 0.05882352963089943],
            [1, 0, 17, 0.05882352963089943],
            [1, 1, 18, 0.05882352963089943],
            [1, 2, 2, 0.05882352963089943],
            [1, 5, 1, 0.05882352963089943],
            [1, 5, 2, 0.05882352963089943],
            [1, 5, 15, 0.05882352963089943],
            [1, 6, 8, 0.05882352963089943],
            [1, 6, 11, 0.05882352963089943],
            [1, 7, 7, 0.05882352963089943],
            [1, 7, 8, 0.05882352963089943],
            [1, 10, 2, 0.05882352963089943],
            [1, 13, 1, 0.05882352963089943],
            [1, 13, 4, 0.05882352963089943],
            [1, 16, 18, 0.05882352963089943],
            [1, 17, 1, 0.05882352963089943],
            [1, 18, 5, 0.05882352963089943],
            [1, 18, 17, 0.05882352963089943],
            [2, 0, 17, 0.0555555559694767],
            [2, 1, 4, 0.1111111119389534],
            [2, 2, 5, 0.0555555559694767],
            [2, 2, 8, 0.0555555559694767],
            [2, 4, 4, 0.0555555559694767],
            [2, 4, 18, 0.0555555559694767],
            [2, 5, 11, 0.0555555559694767],
            [2, 5, 18, 0.0555555559694767],
            [2, 6, 11, 0.0555555559694767],
            [2, 8, 2, 0.0555555559694767],
            [2, 10, 9, 0.0555555559694767],
            [2, 11, 7, 0.0555555559694767],
            [2, 13, 8, 0.0555555559694767],
            [2, 13, 14, 0.0555555559694767],
            [2, 14, 4, 0.0555555559694767],
            [2, 14, 5, 0.0555555559694767],
            [2, 15, 1, 0.0555555559694767],
            [3, 2, 2, 0.0357142873108387],
            [3, 2, 13, 0.0357142873108387],
            [3, 3, 10, 0.0357142873108387],
            [3, 4, 17, 0.0357142873108387],
            [3, 5, 9, 0.0357142873108387],
            [3, 6, 8, 0.0357142873108387],
            [3, 6, 13, 0.0357142873108387],
            [3, 6, 16, 0.0357142873108387],
            [3, 7, 18, 0.0357142873108387],
            [3, 9, 0, 0.0357142873108387],
            [3, 9, 6, 0.0357142873108387],
            [3, 9, 11, 0.0357142873108387],
            [3, 10, 5, 0.0357142873108387],
            [3, 11, 3, 0.0357142873108387],
            [3, 11, 4, 0.0357142873108387],
            [3, 11, 9, 0.0357142873108387],
            [3, 12, 18, 0.0357142873108387],
            [3, 13, 3, 0.0357142873108387],
            [3, 14, 1, 0.0357142873108387],
            [3, 14, 12, 0.0357142873108387],
            [3, 14, 15, 0.0357142873108387],
            [3, 15, 0, 0.0357142873108387],
            [3, 16, 0, 0.0357142873108387],
            [3, 16, 3, 0.0357142873108387],
            [3, 18, 4, 0.0714285746216774],
            [3, 18, 17, 0.0357142873108387],
            [3, 18, 18, 0.0357142873108387],
            [4, 0, 10, 0.05000000074505806],
            [4, 1, 2, 0.05000000074505806],
            [4, 3, 3, 0.05000000074505806],
            [4, 4, 12, 0.05000000074505806],
            [4, 5, 2, 0.05000000074505806],
            [4, 5, 14, 0.05000000074505806],
            [4, 6, 3, 0.05000000074505806],
            [4, 6, 7, 0.05000000074505806],
            [4, 6, 8, 0.05000000074505806],
            [4, 7, 13, 0.05000000074505806],
            [4, 9, 4, 0.05000000074505806],
            [4, 10, 10, 0.05000000074505806],
            [4, 12, 16, 0.05000000074505806],
            [4, 12, 18, 0.05000000074505806],
            [4, 14, 0, 0.05000000074505806],
            [4, 15, 0, 0.05000000074505806],
            [4, 15, 8, 0.05000000074505806],
            [4, 15, 16, 0.05000000074505806],
            [4, 17, 5, 0.05000000074505806],
            [4, 18, 6, 0.05000000074505806]
        ]
    }
}