{
    "train_f1": 0.0,
    "train_prob": 0.0,
    "train_cov": 0.0,
    "valid_f1": 0.0,
    "valid_prob": 0.0,
    "valid_cov": 0.0,
    "len": 99,
    "binary_grammar": {
        "num_nt": 5,
        "num_pt": 14,
        "num_rhs": 361,
        "rule_probs": [
            [0, 0, 18, 0.043478261679410934],
            [0, 1, 14, 0.043478261679410934],
            [0, 1, 18, 0.043478261679410934],
            [0, 3, 6, 0.043478261679410934],
            [0, 4, 18, 0.043478261679410934],
            [0, 6, 7, 0.043478261679410934],
            [0, 6, 17, 0.043478261679410934],
            [0, 6, 18, 0.043478261679410934],
            [0, 7, 16, 0.043478261679410934],
            [0, 8, 7, 0.043478261679410934],
            [0, 8, 17, 0.043478261679410934],
            [0, 10, 14, 0.043478261679410934],
            [0, 11, 8, 0.043478261679410934],
            [0, 11, 17, 0.043478261679410934],
            [0, 12, 0, 0.043478261679410934],
            [0, 13, 0, 0.043478261679410934],
            [0, 13, 5, 0.043478261679410934],
            [0, 14, 10, 0.043478261679410934],
            [0, 14, 18, 0.043478261679410934],
            [0, 15, 10, 0.043478261679410934],
            [0, 16, 8, 0.043478261679410934],
            [0, 16, 15, 0.043478261679410934],
            [0, 18, 0, 0.043478261679410934],
            [1, 0, 9, 0.0625],
            [1, 0, 18, 0.0625],
            [1, 1, 13, 0.0625],
            [1, 1, 15, 0.0625],
            [1, 5, 16, 0.0625],
            [1, 6, 8, 0.0625],
            [1, 8, 2, 0.0625],
            [1, 8, 6, 0.0625],
            [1, 9, 7, 0.0625],
            [1, 9, 11, 0.0625],
            [1, 10, 1, 0.0625],
            [1, 10, 10, 0.125],
            [1, 11, 9, 0.0625],
            [1, 16, 13, 0.0625],
            [1, 17, 0, 0.0625],
            [2, 1, 6, 0.0555555559694767],
            [2, 2, 12, 0.0555555559694767],
            [2, 3, 3, 0.0555555559694767],
            [2, 5, 11, 0.0555555559694767],
            [2, 5, 14, 0.0555555559694767],
            [2, 7, 12, 0.0555555559694767],
            [2, 8, 17, 0.0555555559694767],
            [2, 10, 5, 0.0555555559694767],
            [2, 11, 8, 0.0555555559694767],
            [2, 11, 10, 0.0555555559694767],
            [2, 12, 0, 0.0555555559694767],
            [2, 12, 17, 0.0555555559694767],
            [2, 13, 0, 0.0555555559694767],
            [2, 14, 4, 0.0555555559694767],
            [2, 14, 7, 0.0555555559694767],
            [2, 15, 3, 0.0555555559694767],
            [2, 16, 0, 0.0555555559694767],
            [2, 16, 17, 0.0555555559694767],
            [3, 0, 1, 0.04545454680919647],
            [3, 0, 8, 0.04545454680919647],
            [3, 1, 11, 0.04545454680919647],
            [3, 1, 14, 0.04545454680919647],
            [3, 1, 16, 0.04545454680919647],
            [3, 2, 15, 0.04545454680919647],
            [3, 3, 0, 0.04545454680919647],
            [3, 3, 8, 0.04545454680919647],
            [3, 3, 12, 0.04545454680919647],
            [3, 4, 2, 0.04545454680919647],
            [3, 5, 7, 0.04545454680919647],
            [3, 5, 14, 0.04545454680919647],
            [3, 6, 0, 0.04545454680919647],
            [3, 8, 4, 0.04545454680919647],
            [3, 8, 17, 0.04545454680919647],
            [3, 10, 17, 0.04545454680919647],
            [3, 13, 4, 0.04545454680919647],
            [3, 15, 3, 0.04545454680919647],
            [3, 15, 6, 0.04545454680919647],
            [3, 17, 3, 0.04545454680919647],
            [3, 17, 14, 0.04545454680919647],
            [3, 18, 14, 0.04545454680919647],
            [4, 0, 3, 0.0476190485060215],
            [4, 0, 4, 0.0476190485060215],
            [4, 3, 1, 0.0476190485060215],
            [4, 4, 10, 0.0476190485060215],
            [4, 4, 13, 0.0476190485060215],
            [4, 5, 1, 0.0476190485060215],
            [4, 5, 9, 0.0476190485060215],
            [4, 5, 18, 0.0476190485060215],
            [4, 7, 8, 0.0476190485060215],
            [4, 9, 2, 0.0476190485060215],
            [4, 9, 3, 0.0476190485060215],
            [4, 10, 1, 0.0476190485060215],
            [4, 10, 12, 0.0476190485060215],
            [4, 10, 13, 0.0476190485060215],
            [4, 11, 6, 0.0476190485060215],
            [4, 12, 1, 0.0476190485060215],
            [4, 13, 0, 0.0476190485060215],
            [4, 13, 2, 0.0476190485060215],
            [4, 13, 17, 0.0476190485060215],
            [4, 14, 16, 0.0476190485060215],
            [4, 17, 7, 0.0476190485060215]
        ]
    }
}