{
    "train_f1": 0.0,
    "train_prob": 0.0,
    "train_cov": 0.0,
    "valid_f1": 0.0,
    "valid_prob": 0.0,
    "valid_cov": 0.0,
    "len": 96,
    "binary_grammar": {
        "num_nt": 5,
        "num_pt": 14,
        "num_rhs": 361,
        "rule_probs": [
            [0, 0, 10, 0.05000000074505806],
            [0, 1, 14, 0.05000000074505806],
            [0, 2, 8, 0.05000000074505806],
            [0, 3, 5, 0.05000000074505806],
            [0, 3, 15, 0.05000000074505806],
            [0, 5, 8, 0.05000000074505806],
            [0, 6, 7, 0.05000000074505806],
            [0, 6, 9, 0.05000000074505806],
            [0, 6, 12, 0.05000000074505806],
            [0, 7, 16, 0.10000000149011612],
            [0, 8, 4, 0.05000000074505806],
            [0, 9, 16, 0.05000000074505806],
            [0, 9, 17, 0.05000000074505806],
            [0, 10, 5, 0.05000000074505806],
            [0, 11, 9, 0.05000000074505806],
            [0, 12, 3, 0.05000000074505806],
            [0, 16, 5, 0.05000000074505806],
            [0, 17, 4, 0.05000000074505806],
            [0, 17, 7, 0.05000000074505806],
            [1, 0, 10, 0.03999999910593033],
            [1, 2, 7, 0.03999999910593033],
            [1, 2, 13, 0.07999999821186066],
            [1, 3, 4, 0.03999999910593033],
            [1, 3, 13, 0.03999999910593033],
            [1, 3, 18, 0.03999999910593033],
            [1, 4, 1, 0.03999999910593033],
            [1, 4, 2, 0.03999999910593033],
            [1, 4, 3, 0.03999999910593033],
            [1, 4, 15, 0.03999999910593033],
            [1, 5, 2, 0.03999999910593033],
            [1, 5, 7, 0.03999999910593033],
            [1, 5, 16, 0.03999999910593033],
            [1, 6, 14, 0.03999999910593033],
            [1, 7, 7, 0.03999999910593033],
            [1, 7, 14, 0.03999999910593033],
            [1, 9, 5, 0.03999999910593033],
            [1, 9, 13, 0.03999999910593033],
            [1, 10, 17, 0.03999999910593033],
            [1, 14, 4, 0.03999999910593033],
            [1, 14, 6, 0.03999999910593033],
            [1, 14, 16, 0.03999999910593033],
            [1, 16, 5, 0.03999999910593033],
            [1, 16, 7, 0.03999999910593033],
            [2, 0, 1, 0.10000000149011612],
            [2, 0, 15, 0.05000000074505806],
            [2, 0, 18, 0.05000000074505806],
            [2, 1, 2, 0.05000000074505806],
            [2, 1, 9, 0.05000000074505806],
            [2, 1, 12, 0.05000000074505806],
            [2, 2, 8, 0.05000000074505806],
            [2, 2, 9, 0.05000000074505806],
            [2, 2, 17, 0.05000000074505806],
            [2, 3, 3, 0.05000000074505806],
            [2, 4, 9, 0.05000000074505806],
            [2, 5, 0, 0.05000000074505806],
            [2, 6, 4, 0.05000000074505806],
            [2, 8, 15, 0.05000000074505806],
            [2, 11, 17, 0.05000000074505806],
            [2, 15, 12, 0.05000000074505806],
            [2, 16, 16, 0.05000000074505806],
            [2, 17, 3, 0.05000000074505806],
            [2, 18, 17, 0.05000000074505806],
            [3, 0, 15, 0.05263157933950424],
            [3, 1, 10, 0.05263157933950424],
            [3, 1, 14, 0.05263157933950424],
            [3, 3, 4, 0.05263157933950424],
            [3, 5, 3, 0.05263157933950424],
            [3, 5, 14, 0.05263157933950424],
            [3, 6, 3, 0.05263157933950424],
            [3, 6, 14, 0.05263157933950424],
            [3, 9, 7, 0.05263157933950424],
            [3, 9, 15, 0.05263157933950424],
            [3, 10, 2, 0.05263157933950424],
            [3, 13, 6, 0.05263157933950424],
            [3, 13, 9, 0.05263157933950424],
            [3, 15, 10, 0.05263157933950424],
            [3, 16, 7, 0.05263157933950424],
            [3, 16, 11, 0.05263157933950424],
            [3, 17, 0, 0.05263157933950424],
            [3, 17, 1, 0.05263157933950424],
            [3, 18, 11, 0.05263157933950424],
            [4, 1, 0, 0.0625],
            [4, 2, 18, 0.0625],
            [4, 3, 3, 0.0625],
            [4, 3, 11, 0.0625],
            [4, 4, 1, 0.0625],
            [4, 4, 10, 0.0625],
            [4, 8, 15, 0.0625],
            [4, 9, 1, 0.125],
            [4, 12, 3, 0.0625],
            [4, 13, 9, 0.0625],
            [4, 14, 13, 0.0625],
            [4, 15, 5, 0.0625],
            [4, 16, 12, 0.0625],
            [4, 17, 4, 0.0625],
            [4, 18, 0, 0.0625]
        ]
    }
}