{
    "train_f1": 0.0,
    "train_prob": 0.0,
    "train_cov": 0.0,
    "valid_f1": 0.0,
    "valid_prob": 0.0,
    "valid_cov": 0.0,
    "len": 97,
    "binary_grammar": {
        "num_nt": 5,
        "num_pt": 14,
        "num_rhs": 361,
        "rule_probs": [
            [0, 0, 11, 0.0625],
            [0, 1, 5, 0.0625],
            [0, 1, 11, 0.0625],
            [0, 3, 15, 0.0625],
            [0, 4, 13, 0.0625],
            [0, 5, 17, 0.0625],
            [0, 6, 3, 0.0625],
            [0, 7, 13, 0.0625],
            [0, 8, 15, 0.0625],
            [0, 9, 13, 0.0625],
            [0, 10, 0, 0.0625],
            [0, 13, 9, 0.0625],
            [0, 13, 14, 0.0625],
            [0, 16, 17, 0.0625],
            [0, 17, 0, 0.0625],
            [0, 18, 15, 0.0625],
            [1, 1, 9, 0.04545454680919647],
            [1, 3, 11, 0.04545454680919647],
            [1, 4, 9, 0.04545454680919647],
            [1, 5, 17, 0.04545454680919647],
            [1, 6, 0, 0.04545454680919647],
            [1, 7, 7, 0.04545454680919647],
            [1, 7, 16, 0.04545454680919647],
            [1, 8, 7, 0.04545454680919647],
            [1, 8, 14, 0.04545454680919647],
            [1, 9, 7, 0.09090909361839294],
            [1, 10, 0, 0.04545454680919647],
            [1, 10, 9, 0.04545454680919647],
            [1, 10, 16, 0.04545454680919647],
            [1, 14, 12, 0.04545454680919647],
            [1, 15, 5, 0.04545454680919647],
            [1, 15, 7, 0.04545454680919647],
            [1, 15, 9, 0.04545454680919647],
            [1, 16, 12, 0.04545454680919647],
            [1, 16, 18, 0.04545454680919647],
            [1, 17, 0, 0.04545454680919647],
            [1, 18, 3, 0.04545454680919647],
            [2, 0, 0, 0.0714285746216774],
            [2, 0, 2, 0.0714285746216774],
            [2, 0, 4, 0.0714285746216774],
            [2, 2, 12, 0.0714285746216774],
            [2, 2, 16, 0.0714285746216774],
            [2, 3, 9, 0.0714285746216774],
            [2, 5, 0, 0.0714285746216774],
            [2, 6, 3, 0.0714285746216774],
            [2, 9, 18, 0.0714285746216774],
            [2, 10, 0, 0.0714285746216774],
            [2, 10, 10, 0.0714285746216774],
            [2, 14, 0, 0.1428571492433548],
            [2, 15, 16, 0.0714285746216774],
            [3, 0, 1, 0.043478261679410934],
            [3, 0, 3, 0.043478261679410934],
            [3, 2, 11, 0.043478261679410934],
            [3, 3, 4, 0.043478261679410934],
            [3, 3, 10, 0.043478261679410934],
            [3, 3, 11, 0.043478261679410934],
            [3, 5, 5, 0.043478261679410934],
            [3, 5, 6, 0.043478261679410934],
            [3, 5, 13, 0.043478261679410934],
            [3, 6, 0, 0.043478261679410934],
            [3, 8, 2, 0.043478261679410934],
            [3, 8, 7, 0.043478261679410934],
            [3, 10, 0, 0.043478261679410934],
            [3, 10, 9, 0.043478261679410934],
            [3, 11, 9, 0.043478261679410934],
            [3, 13, 2, 0.043478261679410934],
            [3, 13, 16, 0.043478261679410934],
            [3, 14, 4, 0.043478261679410934],
            [3, 14, 11, 0.043478261679410934],
            [3, 14, 17, 0.043478261679410934],
            [3, 15, 10, 0.043478261679410934],
            [3, 15, 11, 0.043478261679410934],
            [3, 16, 16, 0.043478261679410934],
            [4, 3, 13, 0.03999999910593033],
            [4, 4, 4, 0.03999999910593033],
            [4, 5, 7, 0.03999999910593033],
            [4, 5, 8, 0.03999999910593033],
            [4, 5, 14, 0.03999999910593033],
            [4, 6, 0, 0.03999999910593033],
            [4, 6, 7, 0.03999999910593033],
            [4, 7, 0, 0.03999999910593033],
            [4, 7, 12, 0.03999999910593033],
            [4, 7, 14, 0.07999999821186066],
            [4, 8, 2, 0.03999999910593033],
            [4, 9, 0, 0.03999999910593033],
            [4, 11, 10, 0.03999999910593033],
            [4, 11, 13, 0.03999999910593033],
            [4, 11, 14, 0.03999999910593033],
            [4, 12, 3, 0.03999999910593033],
            [4, 12, 17, 0.03999999910593033],
            [4, 13, 7, 0.03999999910593033],
            [4, 14, 0, 0.03999999910593033],
            [4, 15, 6, 0.03999999910593033],
            [4, 16, 10, 0.03999999910593033],
            [4, 17, 2, 0.03999999910593033],
            [4, 17, 14, 0.03999999910593033],
            [4, 18, 16, 0.03999999910593033]
        ]
    }
}