{
    "train_f1": 0.0,
    "train_prob": 0.0,
    "train_cov": 0.0,
    "valid_f1": 0.0,
    "valid_prob": 0.0,
    "valid_cov": 0.0,
    "len": 98,
    "binary_grammar": {
        "num_nt": 5,
        "num_pt": 14,
        "num_rhs": 361,
        "rule_probs": [
            [0, 0, 1, 0.0625],
            [0, 0, 2, 0.0625],
            [0, 1, 14, 0.0625],
            [0, 2, 1, 0.0625],
            [0, 5, 4, 0.0625],
            [0, 6, 17, 0.0625],
            [0, 6, 18, 0.0625],
            [0, 7, 8, 0.0625],
            [0, 8, 4, 0.0625],
            [0, 8, 14, 0.0625],
            [0, 8, 18, 0.0625],
            [0, 10, 7, 0.0625],
            [0, 11, 10, 0.0625],
            [0, 15, 0, 0.0625],
            [0, 15, 3, 0.0625],
            [0, 16, 16, 0.0625],
            [1, 0, 11, 0.043478261679410934],
            [1, 1, 6, 0.08695652335882187],
            [1, 2, 1, 0.043478261679410934],
            [1, 2, 7, 0.043478261679410934],
            [1, 2, 9, 0.043478261679410934],
            [1, 2, 14, 0.043478261679410934],
            [1, 3, 4, 0.08695652335882187],
            [1, 5, 16, 0.043478261679410934],
            [1, 6, 7, 0.043478261679410934],
            [1, 6, 11, 0.043478261679410934],
            [1, 7, 13, 0.043478261679410934],
            [1, 7, 14, 0.043478261679410934],
            [1, 8, 6, 0.043478261679410934],
            [1, 10, 18, 0.043478261679410934],
            [1, 11, 7, 0.043478261679410934],
            [1, 14, 9, 0.043478261679410934],
            [1, 17, 6, 0.043478261679410934],
            [1, 17, 7, 0.043478261679410934],
            [1, 17, 11, 0.043478261679410934],
            [1, 18, 6, 0.043478261679410934],
            [1, 18, 11, 0.043478261679410934],
            [2, 0, 10, 0.0476190485060215],
            [2, 1, 18, 0.0476190485060215],
            [2, 2, 18, 0.0476190485060215],
            [2, 5, 11, 0.0476190485060215],
            [2, 7, 7, 0.0476190485060215],
            [2, 7, 10, 0.0476190485060215],
            [2, 8, 3, 0.0476190485060215],
            [2, 9, 10, 0.0476190485060215],
            [2, 10, 10, 0.0476190485060215],
            [2, 12, 1, 0.0476190485060215],
            [2, 12, 2, 0.0476190485060215],
            [2, 12, 15, 0.0476190485060215],
            [2, 14, 1, 0.0476190485060215],
            [2, 14, 13, 0.0476190485060215],
            [2, 14, 16, 0.0476190485060215],
            [2, 14, 17, 0.0476190485060215],
            [2, 15, 0, 0.0476190485060215],
            [2, 15, 4, 0.0476190485060215],
            [2, 16, 1, 0.0476190485060215],
            [2, 16, 5, 0.0476190485060215],
            [2, 17, 10, 0.0476190485060215],
            [3, 0, 18, 0.0555555559694767],
            [3, 1, 0, 0.0555555559694767],
            [3, 3, 4, 0.0555555559694767],
            [3, 4, 11, 0.0555555559694767],
            [3, 5, 6, 0.0555555559694767],
            [3, 6, 9, 0.0555555559694767],
            [3, 6, 11, 0.0555555559694767],
            [3, 7, 8, 0.0555555559694767],
            [3, 10, 3, 0.0555555559694767],
            [3, 11, 7, 0.0555555559694767],
            [3, 12, 6, 0.0555555559694767],
            [3, 13, 8, 0.0555555559694767],
            [3, 15, 14, 0.0555555559694767],
            [3, 15, 16, 0.0555555559694767],
            [3, 16, 18, 0.0555555559694767],
            [3, 18, 14, 0.0555555559694767],
            [3, 18, 15, 0.0555555559694767],
            [3, 18, 16, 0.0555555559694767],
            [4, 0, 3, 0.04545454680919647],
            [4, 0, 12, 0.04545454680919647],
            [4, 1, 1, 0.04545454680919647],
            [4, 1, 3, 0.04545454680919647],
            [4, 1, 5, 0.04545454680919647],
            [4, 1, 11, 0.04545454680919647],
            [4, 1, 16, 0.04545454680919647],
            [4, 2, 7, 0.04545454680919647],
            [4, 2, 13, 0.04545454680919647],
            [4, 5, 2, 0.04545454680919647],
            [4, 5, 12, 0.04545454680919647],
            [4, 5, 13, 0.04545454680919647],
            [4, 7, 6, 0.04545454680919647],
            [4, 8, 14, 0.04545454680919647],
            [4, 12, 12, 0.04545454680919647],
            [4, 13, 16, 0.04545454680919647],
            [4, 14, 4, 0.04545454680919647],
            [4, 14, 14, 0.04545454680919647],
            [4, 15, 1, 0.04545454680919647],
            [4, 16, 3, 0.04545454680919647],
            [4, 16, 16, 0.04545454680919647],
            [4, 17, 1, 0.04545454680919647]
        ]
    }
}