{
    "train_f1": 1.7857143878936768,
    "train_prob": 37.73833084106445,
    "train_cov": 25.0,
    "valid_f1": 0.0,
    "valid_prob": 0.0,
    "valid_cov": 0.0,
    "len": 99,
    "binary_grammar": {
        "num_nt": 5,
        "num_pt": 14,
        "num_rhs": 361,
        "rule_probs": [
            [0, 0, 4, 0.04545454680919647],
            [0, 0, 5, 0.04545454680919647],
            [0, 0, 11, 0.04545454680919647],
            [0, 0, 12, 0.04545454680919647],
            [0, 1, 9, 0.04545454680919647],
            [0, 1, 15, 0.04545454680919647],
            [0, 3, 12, 0.04545454680919647],
            [0, 4, 17, 0.04545454680919647],
            [0, 5, 4, 0.04545454680919647],
            [0, 6, 5, 0.04545454680919647],
            [0, 6, 11, 0.04545454680919647],
            [0, 7, 1, 0.04545454680919647],
            [0, 7, 15, 0.04545454680919647],
            [0, 7, 17, 0.04545454680919647],
            [0, 8, 6, 0.04545454680919647],
            [0, 11, 8, 0.04545454680919647],
            [0, 11, 14, 0.04545454680919647],
            [0, 13, 9, 0.04545454680919647],
            [0, 14, 0, 0.04545454680919647],
            [0, 15, 17, 0.04545454680919647],
            [0, 17, 0, 0.04545454680919647],
            [0, 18, 6, 0.04545454680919647],
            [1, 2, 16, 0.0555555559694767],
            [1, 2, 17, 0.0555555559694767],
            [1, 4, 0, 0.0555555559694767],
            [1, 5, 2, 0.0555555559694767],
            [1, 5, 3, 0.0555555559694767],
            [1, 6, 2, 0.0555555559694767],
            [1, 7, 2, 0.0555555559694767],
            [1, 8, 0, 0.0555555559694767],
            [1, 9, 0, 0.0555555559694767],
            [1, 9, 6, 0.0555555559694767],
            [1, 10, 18, 0.0555555559694767],
            [1, 11, 17, 0.0555555559694767],
            [1, 12, 1, 0.0555555559694767],
            [1, 12, 6, 0.0555555559694767],
            [1, 12, 11, 0.0555555559694767],
            [1, 12, 17, 0.0555555559694767],
            [1, 13, 14, 0.0555555559694767],
            [1, 15, 7, 0.0555555559694767],
            [2, 0, 0, 0.05882352963089943],
            [2, 0, 10, 0.05882352963089943],
            [2, 0, 11, 0.05882352963089943],
            [2, 1, 2, 0.05882352963089943],
            [2, 1, 10, 0.05882352963089943],
            [2, 3, 12, 0.05882352963089943],
            [2, 5, 14, 0.05882352963089943],
            [2, 6, 14, 0.05882352963089943],
            [2, 6, 16, 0.05882352963089943],
            [2, 9, 1, 0.05882352963089943],
            [2, 11, 14, 0.05882352963089943],
            [2, 13, 2, 0.05882352963089943],
            [2, 14, 16, 0.05882352963089943],
            [2, 16, 9, 0.05882352963089943],
            [2, 18, 3, 0.05882352963089943],
            [2, 18, 8, 0.05882352963089943],
            [2, 18, 14, 0.05882352963089943],
            [3, 0, 8, 0.0476190485060215],
            [3, 1, 10, 0.0476190485060215],
            [3, 2, 6, 0.0476190485060215],
            [3, 2, 14, 0.0476190485060215],
            [3, 3, 6, 0.0476190485060215],
            [3, 4, 12, 0.0476190485060215],
            [3, 5, 0, 0.0476190485060215],
            [3, 8, 14, 0.0476190485060215],
            [3, 8, 18, 0.0476190485060215],
            [3, 9, 14, 0.0476190485060215],
            [3, 9, 16, 0.0476190485060215],
            [3, 10, 8, 0.0476190485060215],
            [3, 10, 18, 0.0476190485060215],
            [3, 11, 5, 0.0476190485060215],
            [3, 13, 10, 0.0476190485060215],
            [3, 13, 13, 0.0476190485060215],
            [3, 13, 15, 0.0476190485060215],
            [3, 14, 4, 0.0476190485060215],
            [3, 14, 11, 0.0476190485060215],
            [3, 15, 12, 0.0476190485060215],
            [3, 15, 13, 0.0476190485060215],
            [4, 0, 1, 0.0476190485060215],
            [4, 0, 3, 0.0476190485060215],
            [4, 0, 13, 0.0476190485060215],
            [4, 1, 7, 0.0476190485060215],
            [4, 1, 12, 0.0476190485060215],
            [4, 1, 16, 0.0476190485060215],
            [4, 2, 9, 0.0476190485060215],
            [4, 4, 10, 0.0476190485060215],
            [4, 5, 16, 0.0476190485060215],
            [4, 6, 11, 0.0476190485060215],
            [4, 6, 15, 0.0476190485060215],
            [4, 6, 18, 0.0476190485060215],
            [4, 8, 7, 0.0476190485060215],
            [4, 10, 9, 0.0476190485060215],
            [4, 11, 10, 0.0476190485060215],
            [4, 12, 4, 0.0476190485060215],
            [4, 14, 3, 0.0476190485060215],
            [4, 14, 5, 0.0476190485060215],
            [4, 16, 4, 0.0476190485060215],
            [4, 16, 18, 0.0476190485060215],
            [4, 17, 18, 0.0476190485060215]
        ]
    }
}