{
    "train_f1": 0.0,
    "train_prob": 0.0,
    "train_cov": 0.0,
    "valid_f1": 0.0,
    "valid_prob": 0.0,
    "valid_cov": 0.0,
    "len": 97,
    "binary_grammar": {
        "num_nt": 5,
        "num_pt": 14,
        "num_rhs": 361,
        "rule_probs": [
            [0, 1, 6, 0.05000000074505806],
            [0, 2, 15, 0.05000000074505806],
            [0, 3, 0, 0.05000000074505806],
            [0, 5, 0, 0.05000000074505806],
            [0, 7, 5, 0.05000000074505806],
            [0, 7, 6, 0.05000000074505806],
            [0, 7, 12, 0.05000000074505806],
            [0, 10, 6, 0.05000000074505806],
            [0, 10, 11, 0.05000000074505806],
            [0, 10, 14, 0.05000000074505806],
            [0, 11, 9, 0.05000000074505806],
            [0, 11, 13, 0.05000000074505806],
            [0, 12, 12, 0.05000000074505806],
            [0, 13, 8, 0.05000000074505806],
            [0, 14, 10, 0.10000000149011612],
            [0, 14, 11, 0.05000000074505806],
            [0, 17, 10, 0.05000000074505806],
            [0, 18, 3, 0.05000000074505806],
            [0, 18, 17, 0.05000000074505806],
            [1, 0, 18, 0.03999999910593033],
            [1, 4, 11, 0.03999999910593033],
            [1, 4, 13, 0.07999999821186066],
            [1, 5, 2, 0.03999999910593033],
            [1, 5, 13, 0.03999999910593033],
            [1, 6, 5, 0.03999999910593033],
            [1, 6, 15, 0.03999999910593033],
            [1, 7, 13, 0.03999999910593033],
            [1, 8, 6, 0.03999999910593033],
            [1, 8, 15, 0.03999999910593033],
            [1, 9, 15, 0.03999999910593033],
            [1, 11, 6, 0.03999999910593033],
            [1, 12, 2, 0.03999999910593033],
            [1, 13, 2, 0.03999999910593033],
            [1, 13, 5, 0.03999999910593033],
            [1, 13, 18, 0.03999999910593033],
            [1, 14, 16, 0.03999999910593033],
            [1, 15, 9, 0.03999999910593033],
            [1, 15, 11, 0.03999999910593033],
            [1, 15, 17, 0.03999999910593033],
            [1, 16, 14, 0.03999999910593033],
            [1, 16, 18, 0.03999999910593033],
            [1, 17, 10, 0.03999999910593033],
            [1, 18, 13, 0.03999999910593033],
            [2, 0, 7, 0.05882352963089943],
            [2, 0, 9, 0.05882352963089943],
            [2, 0, 10, 0.05882352963089943],
            [2, 1, 10, 0.05882352963089943],
            [2, 2, 8, 0.05882352963089943],
            [2, 4, 9, 0.05882352963089943],
            [2, 5, 17, 0.05882352963089943],
            [2, 8, 6, 0.05882352963089943],
            [2, 9, 1, 0.05882352963089943],
            [2, 9, 7, 0.05882352963089943],
            [2, 12, 4, 0.05882352963089943],
            [2, 13, 0, 0.05882352963089943],
            [2, 13, 9, 0.05882352963089943],
            [2, 14, 11, 0.05882352963089943],
            [2, 14, 16, 0.05882352963089943],
            [2, 17, 0, 0.05882352963089943],
            [2, 18, 11, 0.05882352963089943],
            [3, 1, 2, 0.05882352963089943],
            [3, 1, 16, 0.05882352963089943],
            [3, 2, 11, 0.05882352963089943],
            [3, 2, 18, 0.05882352963089943],
            [3, 3, 7, 0.05882352963089943],
            [3, 3, 12, 0.05882352963089943],
            [3, 3, 18, 0.05882352963089943],
            [3, 5, 18, 0.05882352963089943],
            [3, 6, 17, 0.05882352963089943],
            [3, 7, 7, 0.05882352963089943],
            [3, 7, 10, 0.05882352963089943],
            [3, 9, 8, 0.05882352963089943],
            [3, 12, 0, 0.05882352963089943],
            [3, 13, 15, 0.05882352963089943],
            [3, 17, 0, 0.05882352963089943],
            [3, 17, 4, 0.05882352963089943],
            [3, 18, 11, 0.05882352963089943],
            [4, 0, 4, 0.0476190485060215],
            [4, 0, 13, 0.0476190485060215],
            [4, 0, 15, 0.0476190485060215],
            [4, 1, 4, 0.0476190485060215],
            [4, 1, 6, 0.0476190485060215],
            [4, 2, 2, 0.0476190485060215],
            [4, 3, 8, 0.0476190485060215],
            [4, 3, 10, 0.0476190485060215],
            [4, 4, 17, 0.0476190485060215],
            [4, 5, 14, 0.0476190485060215],
            [4, 7, 2, 0.0476190485060215],
            [4, 8, 1, 0.0476190485060215],
            [4, 9, 1, 0.095238097012043],
            [4, 9, 4, 0.0476190485060215],
            [4, 12, 0, 0.0476190485060215],
            [4, 13, 2, 0.0476190485060215],
            [4, 13, 13, 0.0476190485060215],
            [4, 15, 9, 0.0476190485060215],
            [4, 15, 10, 0.0476190485060215],
            [4, 15, 11, 0.0476190485060215]
        ]
    }
}