{
    "train_f1": 0.0,
    "train_prob": 0.0,
    "train_cov": 0.0,
    "valid_f1": 0.0,
    "valid_prob": 0.0,
    "valid_cov": 0.0,
    "len": 96,
    "binary_grammar": {
        "num_nt": 5,
        "num_pt": 14,
        "num_rhs": 361,
        "rule_probs": [
            [0, 0, 11, 0.05000000074505806],
            [0, 1, 3, 0.05000000074505806],
            [0, 1, 18, 0.05000000074505806],
            [0, 2, 6, 0.05000000074505806],
            [0, 3, 18, 0.05000000074505806],
            [0, 5, 1, 0.05000000074505806],
            [0, 6, 4, 0.05000000074505806],
            [0, 8, 10, 0.05000000074505806],
            [0, 10, 2, 0.05000000074505806],
            [0, 10, 4, 0.05000000074505806],
            [0, 10, 18, 0.05000000074505806],
            [0, 11, 0, 0.05000000074505806],
            [0, 12, 16, 0.05000000074505806],
            [0, 13, 8, 0.05000000074505806],
            [0, 13, 13, 0.05000000074505806],
            [0, 14, 10, 0.05000000074505806],
            [0, 16, 4, 0.10000000149011612],
            [0, 16, 9, 0.05000000074505806],
            [0, 16, 14, 0.05000000074505806],
            [1, 0, 3, 0.0476190485060215],
            [1, 0, 18, 0.0476190485060215],
            [1, 1, 9, 0.0476190485060215],
            [1, 3, 3, 0.0476190485060215],
            [1, 4, 0, 0.0476190485060215],
            [1, 7, 11, 0.0476190485060215],
            [1, 9, 11, 0.0476190485060215],
            [1, 10, 3, 0.0476190485060215],
            [1, 10, 8, 0.0476190485060215],
            [1, 11, 3, 0.0476190485060215],
            [1, 11, 15, 0.0476190485060215],
            [1, 11, 16, 0.0476190485060215],
            [1, 12, 6, 0.0476190485060215],
            [1, 12, 15, 0.0476190485060215],
            [1, 13, 11, 0.0476190485060215],
            [1, 13, 17, 0.095238097012043],
            [1, 14, 9, 0.0476190485060215],
            [1, 15, 1, 0.0476190485060215],
            [1, 17, 9, 0.0476190485060215],
            [1, 17, 14, 0.0476190485060215],
            [2, 1, 8, 0.05263157933950424],
            [2, 2, 5, 0.05263157933950424],
            [2, 2, 18, 0.05263157933950424],
            [2, 3, 7, 0.05263157933950424],
            [2, 3, 12, 0.05263157933950424],
            [2, 6, 13, 0.05263157933950424],
            [2, 6, 14, 0.05263157933950424],
            [2, 9, 14, 0.05263157933950424],
            [2, 10, 5, 0.05263157933950424],
            [2, 10, 6, 0.05263157933950424],
            [2, 12, 2, 0.05263157933950424],
            [2, 12, 7, 0.05263157933950424],
            [2, 12, 9, 0.05263157933950424],
            [2, 13, 1, 0.05263157933950424],
            [2, 13, 13, 0.05263157933950424],
            [2, 14, 11, 0.05263157933950424],
            [2, 15, 8, 0.05263157933950424],
            [2, 16, 17, 0.05263157933950424],
            [2, 17, 18, 0.05263157933950424],
            [3, 0, 10, 0.04545454680919647],
            [3, 0, 12, 0.04545454680919647],
            [3, 0, 14, 0.04545454680919647],
            [3, 1, 5, 0.04545454680919647],
            [3, 1, 18, 0.04545454680919647],
            [3, 2, 4, 0.04545454680919647],
            [3, 2, 11, 0.04545454680919647],
            [3, 6, 5, 0.04545454680919647],
            [3, 6, 13, 0.04545454680919647],
            [3, 7, 4, 0.04545454680919647],
            [3, 8, 0, 0.04545454680919647],
            [3, 9, 6, 0.04545454680919647],
            [3, 10, 9, 0.04545454680919647],
            [3, 10, 10, 0.04545454680919647],
            [3, 11, 10, 0.04545454680919647],
            [3, 11, 12, 0.04545454680919647],
            [3, 12, 5, 0.04545454680919647],
            [3, 14, 3, 0.09090909361839294],
            [3, 14, 4, 0.04545454680919647],
            [3, 14, 15, 0.04545454680919647],
            [3, 18, 4, 0.04545454680919647],
            [4, 0, 16, 0.0555555559694767],
            [4, 1, 0, 0.1111111119389534],
            [4, 2, 1, 0.0555555559694767],
            [4, 4, 6, 0.0555555559694767],
            [4, 5, 4, 0.0555555559694767],
            [4, 6, 14, 0.0555555559694767],
            [4, 6, 18, 0.0555555559694767],
            [4, 7, 0, 0.0555555559694767],
            [4, 7, 8, 0.0555555559694767],
            [4, 8, 3, 0.0555555559694767],
            [4, 11, 12, 0.0555555559694767],
            [4, 12, 3, 0.0555555559694767],
            [4, 12, 9, 0.0555555559694767],
            [4, 13, 16, 0.0555555559694767],
            [4, 14, 2, 0.0555555559694767],
            [4, 14, 3, 0.0555555559694767],
            [4, 14, 14, 0.0555555559694767]
        ]
    }
}