{
    "train_f1": 0.0,
    "train_prob": 0.0,
    "train_cov": 0.0,
    "valid_f1": 0.0,
    "valid_prob": 0.0,
    "valid_cov": 0.0,
    "len": 98,
    "binary_grammar": {
        "num_nt": 5,
        "num_pt": 14,
        "num_rhs": 361,
        "rule_probs": [
            [0, 0, 3, 0.04545454680919647],
            [0, 1, 17, 0.04545454680919647],
            [0, 3, 13, 0.04545454680919647],
            [0, 4, 4, 0.04545454680919647],
            [0, 5, 0, 0.04545454680919647],
            [0, 5, 11, 0.09090909361839294],
            [0, 6, 4, 0.04545454680919647],
            [0, 6, 6, 0.04545454680919647],
            [0, 6, 11, 0.04545454680919647],
            [0, 7, 9, 0.04545454680919647],
            [0, 7, 18, 0.04545454680919647],
            [0, 8, 1, 0.04545454680919647],
            [0, 8, 6, 0.04545454680919647],
            [0, 9, 2, 0.04545454680919647],
            [0, 11, 5, 0.04545454680919647],
            [0, 11, 9, 0.04545454680919647],
            [0, 13, 6, 0.04545454680919647],
            [0, 15, 0, 0.04545454680919647],
            [0, 15, 13, 0.04545454680919647],
            [0, 17, 4, 0.04545454680919647],
            [0, 17, 5, 0.04545454680919647],
            [1, 0, 8, 0.07692307978868484],
            [1, 1, 7, 0.03846153989434242],
            [1, 1, 8, 0.03846153989434242],
            [1, 1, 17, 0.03846153989434242],
            [1, 3, 9, 0.03846153989434242],
            [1, 4, 16, 0.03846153989434242],
            [1, 5, 15, 0.03846153989434242],
            [1, 6, 15, 0.03846153989434242],
            [1, 7, 13, 0.03846153989434242],
            [1, 8, 2, 0.03846153989434242],
            [1, 8, 8, 0.03846153989434242],
            [1, 8, 10, 0.03846153989434242],
            [1, 10, 13, 0.03846153989434242],
            [1, 11, 4, 0.03846153989434242],
            [1, 13, 2, 0.03846153989434242],
            [1, 13, 16, 0.03846153989434242],
            [1, 14, 11, 0.03846153989434242],
            [1, 15, 1, 0.03846153989434242],
            [1, 15, 6, 0.03846153989434242],
            [1, 15, 7, 0.03846153989434242],
            [1, 15, 14, 0.03846153989434242],
            [1, 15, 16, 0.03846153989434242],
            [1, 17, 3, 0.03846153989434242],
            [1, 18, 6, 0.03846153989434242],
            [1, 18, 15, 0.03846153989434242],
            [2, 1, 5, 0.10000000149011612],
            [2, 1, 9, 0.10000000149011612],
            [2, 8, 3, 0.10000000149011612],
            [2, 8, 18, 0.10000000149011612],
            [2, 10, 2, 0.10000000149011612],
            [2, 10, 9, 0.10000000149011612],
            [2, 11, 11, 0.10000000149011612],
            [2, 12, 7, 0.10000000149011612],
            [2, 15, 18, 0.10000000149011612],
            [2, 17, 17, 0.10000000149011612],
            [3, 1, 0, 0.04545454680919647],
            [3, 2, 12, 0.04545454680919647],
            [3, 5, 0, 0.04545454680919647],
            [3, 6, 1, 0.04545454680919647],
            [3, 6, 7, 0.04545454680919647],
            [3, 6, 10, 0.04545454680919647],
            [3, 9, 10, 0.04545454680919647],
            [3, 9, 12, 0.04545454680919647],
            [3, 9, 16, 0.04545454680919647],
            [3, 9, 18, 0.04545454680919647],
            [3, 10, 7, 0.04545454680919647],
            [3, 10, 10, 0.04545454680919647],
            [3, 12, 2, 0.04545454680919647],
            [3, 13, 18, 0.04545454680919647],
            [3, 14, 5, 0.04545454680919647],
            [3, 14, 16, 0.04545454680919647],
            [3, 15, 2, 0.04545454680919647],
            [3, 15, 6, 0.04545454680919647],
            [3, 15, 10, 0.04545454680919647],
            [3, 15, 13, 0.04545454680919647],
            [3, 17, 6, 0.04545454680919647],
            [3, 18, 13, 0.04545454680919647],
            [4, 0, 3, 0.05000000074505806],
            [4, 1, 8, 0.05000000074505806],
            [4, 2, 7, 0.05000000074505806],
            [4, 2, 18, 0.05000000074505806],
            [4, 3, 7, 0.05000000074505806],
            [4, 3, 9, 0.05000000074505806],
            [4, 3, 16, 0.05000000074505806],
            [4, 4, 10, 0.05000000074505806],
            [4, 5, 9, 0.05000000074505806],
            [4, 6, 6, 0.05000000074505806],
            [4, 8, 17, 0.05000000074505806],
            [4, 9, 9, 0.05000000074505806],
            [4, 9, 15, 0.05000000074505806],
            [4, 9, 17, 0.05000000074505806],
            [4, 10, 8, 0.05000000074505806],
            [4, 10, 14, 0.05000000074505806],
            [4, 13, 6, 0.05000000074505806],
            [4, 14, 7, 0.05000000074505806],
            [4, 15, 0, 0.05000000074505806],
            [4, 17, 0, 0.05000000074505806]
        ]
    }
}