{
    "train_f1": 0.0,
    "train_prob": 0.0,
    "train_cov": 0.0,
    "valid_f1": 0.0,
    "valid_prob": 0.0,
    "valid_cov": 0.0,
    "len": 97,
    "binary_grammar": {
        "num_nt": 5,
        "num_pt": 14,
        "num_rhs": 361,
        "rule_probs": [
            [0, 0, 2, 0.07692307978868484],
            [0, 1, 6, 0.07692307978868484],
            [0, 1, 9, 0.07692307978868484],
            [0, 3, 11, 0.07692307978868484],
            [0, 3, 16, 0.07692307978868484],
            [0, 6, 14, 0.07692307978868484],
            [0, 8, 15, 0.07692307978868484],
            [0, 10, 12, 0.07692307978868484],
            [0, 11, 17, 0.07692307978868484],
            [0, 12, 8, 0.07692307978868484],
            [0, 13, 0, 0.07692307978868484],
            [0, 13, 4, 0.07692307978868484],
            [0, 16, 6, 0.07692307978868484],
            [1, 1, 10, 0.05882352963089943],
            [1, 2, 0, 0.05882352963089943],
            [1, 2, 2, 0.05882352963089943],
            [1, 5, 0, 0.05882352963089943],
            [1, 5, 12, 0.05882352963089943],
            [1, 6, 0, 0.05882352963089943],
            [1, 7, 8, 0.05882352963089943],
            [1, 9, 7, 0.05882352963089943],
            [1, 13, 14, 0.05882352963089943],
            [1, 14, 9, 0.05882352963089943],
            [1, 15, 3, 0.05882352963089943],
            [1, 15, 15, 0.05882352963089943],
            [1, 15, 18, 0.05882352963089943],
            [1, 16, 16, 0.05882352963089943],
            [1, 17, 1, 0.05882352963089943],
            [1, 17, 3, 0.05882352963089943],
            [1, 17, 6, 0.05882352963089943],
            [2, 0, 14, 0.03448275849223137],
            [2, 1, 5, 0.03448275849223137],
            [2, 2, 10, 0.03448275849223137],
            [2, 3, 7, 0.03448275849223137],
            [2, 3, 12, 0.03448275849223137],
            [2, 4, 8, 0.03448275849223137],
            [2, 5, 6, 0.06896551698446274],
            [2, 6, 7, 0.03448275849223137],
            [2, 6, 11, 0.03448275849223137],
            [2, 6, 13, 0.03448275849223137],
            [2, 6, 16, 0.03448275849223137],
            [2, 7, 9, 0.03448275849223137],
            [2, 7, 14, 0.03448275849223137],
            [2, 8, 2, 0.03448275849223137],
            [2, 8, 5, 0.03448275849223137],
            [2, 9, 4, 0.03448275849223137],
            [2, 10, 9, 0.03448275849223137],
            [2, 10, 16, 0.03448275849223137],
            [2, 11, 13, 0.03448275849223137],
            [2, 11, 18, 0.03448275849223137],
            [2, 12, 0, 0.03448275849223137],
            [2, 12, 8, 0.03448275849223137],
            [2, 13, 12, 0.03448275849223137],
            [2, 14, 16, 0.03448275849223137],
            [2, 15, 10, 0.03448275849223137],
            [2, 15, 11, 0.03448275849223137],
            [2, 16, 8, 0.03448275849223137],
            [2, 17, 13, 0.03448275849223137],
            [3, 0, 7, 0.0476190485060215],
            [3, 0, 10, 0.0476190485060215],
            [3, 3, 8, 0.0476190485060215],
            [3, 3, 9, 0.0476190485060215],
            [3, 4, 0, 0.0476190485060215],
            [3, 4, 13, 0.0476190485060215],
            [3, 5, 7, 0.0476190485060215],
            [3, 5, 9, 0.0476190485060215],
            [3, 5, 17, 0.0476190485060215],
            [3, 6, 11, 0.0476190485060215],
            [3, 6, 14, 0.0476190485060215],
            [3, 7, 7, 0.0476190485060215],
            [3, 9, 11, 0.0476190485060215],
            [3, 11, 13, 0.0476190485060215],
            [3, 12, 9, 0.0476190485060215],
            [3, 13, 18, 0.0476190485060215],
            [3, 15, 9, 0.0476190485060215],
            [3, 16, 13, 0.0476190485060215],
            [3, 17, 16, 0.0476190485060215],
            [3, 18, 13, 0.0476190485060215],
            [3, 18, 14, 0.0476190485060215],
            [4, 1, 0, 0.05000000074505806],
            [4, 2, 15, 0.10000000149011612],
            [4, 4, 2, 0.05000000074505806],
            [4, 5, 18, 0.05000000074505806],
            [4, 6, 8, 0.05000000074505806],
            [4, 8, 16, 0.05000000074505806],
            [4, 9, 2, 0.05000000074505806],
            [4, 14, 5, 0.05000000074505806],
            [4, 14, 11, 0.05000000074505806],
            [4, 14, 12, 0.05000000074505806],
            [4, 14, 14, 0.05000000074505806],
            [4, 14, 15, 0.10000000149011612],
            [4, 15, 11, 0.05000000074505806],
            [4, 15, 16, 0.05000000074505806],
            [4, 16, 0, 0.05000000074505806],
            [4, 16, 16, 0.05000000074505806],
            [4, 17, 1, 0.05000000074505806],
            [4, 17, 6, 0.05000000074505806]
        ]
    }
}