{
    "train_f1": 0.0,
    "train_prob": 0.0,
    "train_cov": 0.0,
    "valid_f1": 0.0,
    "valid_prob": 0.0,
    "valid_cov": 0.0,
    "len": 97,
    "binary_grammar": {
        "num_nt": 5,
        "num_pt": 14,
        "num_rhs": 361,
        "rule_probs": [
            [0, 0, 13, 0.03333333507180214],
            [0, 1, 13, 0.03333333507180214],
            [0, 1, 14, 0.03333333507180214],
            [0, 1, 16, 0.03333333507180214],
            [0, 3, 3, 0.03333333507180214],
            [0, 3, 4, 0.03333333507180214],
            [0, 3, 8, 0.03333333507180214],
            [0, 4, 9, 0.03333333507180214],
            [0, 5, 17, 0.03333333507180214],
            [0, 6, 17, 0.03333333507180214],
            [0, 6, 18, 0.03333333507180214],
            [0, 7, 6, 0.03333333507180214],
            [0, 7, 10, 0.03333333507180214],
            [0, 9, 5, 0.03333333507180214],
            [0, 10, 3, 0.03333333507180214],
            [0, 10, 13, 0.03333333507180214],
            [0, 11, 12, 0.03333333507180214],
            [0, 11, 15, 0.03333333507180214],
            [0, 12, 7, 0.03333333507180214],
            [0, 12, 14, 0.03333333507180214],
            [0, 14, 5, 0.03333333507180214],
            [0, 14, 14, 0.03333333507180214],
            [0, 15, 0, 0.03333333507180214],
            [0, 15, 9, 0.03333333507180214],
            [0, 15, 15, 0.03333333507180214],
            [0, 16, 11, 0.03333333507180214],
            [0, 17, 1, 0.03333333507180214],
            [0, 17, 11, 0.03333333507180214],
            [0, 18, 8, 0.03333333507180214],
            [0, 18, 11, 0.03333333507180214],
            [1, 0, 9, 0.0555555559694767],
            [1, 4, 16, 0.0555555559694767],
            [1, 5, 5, 0.0555555559694767],
            [1, 6, 8, 0.0555555559694767],
            [1, 6, 9, 0.0555555559694767],
            [1, 6, 18, 0.0555555559694767],
            [1, 9, 10, 0.0555555559694767],
            [1, 9, 14, 0.0555555559694767],
            [1, 9, 18, 0.0555555559694767],
            [1, 11, 0, 0.0555555559694767],
            [1, 11, 1, 0.0555555559694767],
            [1, 12, 0, 0.0555555559694767],
            [1, 12, 7, 0.0555555559694767],
            [1, 13, 17, 0.0555555559694767],
            [1, 14, 11, 0.0555555559694767],
            [1, 15, 15, 0.0555555559694767],
            [1, 17, 6, 0.0555555559694767],
            [1, 18, 8, 0.0555555559694767],
            [2, 3, 18, 0.07692307978868484],
            [2, 4, 12, 0.07692307978868484],
            [2, 5, 10, 0.07692307978868484],
            [2, 8, 1, 0.07692307978868484],
            [2, 10, 10, 0.07692307978868484],
            [2, 12, 16, 0.1538461595773697],
            [2, 13, 15, 0.07692307978868484],
            [2, 15, 12, 0.07692307978868484],
            [2, 16, 10, 0.1538461595773697],
            [2, 17, 0, 0.07692307978868484],
            [2, 18, 13, 0.07692307978868484],
            [3, 0, 5, 0.04545454680919647],
            [3, 0, 17, 0.09090909361839294],
            [3, 1, 12, 0.04545454680919647],
            [3, 2, 14, 0.04545454680919647],
            [3, 3, 9, 0.04545454680919647],
            [3, 4, 16, 0.04545454680919647],
            [3, 5, 3, 0.04545454680919647],
            [3, 5, 13, 0.04545454680919647],
            [3, 6, 3, 0.04545454680919647],
            [3, 6, 14, 0.04545454680919647],
            [3, 7, 4, 0.04545454680919647],
            [3, 10, 1, 0.04545454680919647],
            [3, 10, 2, 0.04545454680919647],
            [3, 11, 18, 0.04545454680919647],
            [3, 14, 12, 0.04545454680919647],
            [3, 15, 16, 0.04545454680919647],
            [3, 16, 5, 0.04545454680919647],
            [3, 16, 6, 0.04545454680919647],
            [3, 16, 18, 0.04545454680919647],
            [3, 17, 11, 0.04545454680919647],
            [3, 17, 12, 0.04545454680919647],
            [4, 1, 10, 0.05882352963089943],
            [4, 2, 16, 0.05882352963089943],
            [4, 3, 10, 0.05882352963089943],
            [4, 4, 4, 0.05882352963089943],
            [4, 4, 15, 0.05882352963089943],
            [4, 4, 16, 0.05882352963089943],
            [4, 7, 13, 0.05882352963089943],
            [4, 7, 16, 0.05882352963089943],
            [4, 8, 12, 0.05882352963089943],
            [4, 9, 5, 0.05882352963089943],
            [4, 9, 9, 0.05882352963089943],
            [4, 9, 11, 0.05882352963089943],
            [4, 10, 13, 0.05882352963089943],
            [4, 10, 18, 0.05882352963089943],
            [4, 14, 4, 0.05882352963089943],
            [4, 17, 1, 0.05882352963089943],
            [4, 18, 4, 0.05882352963089943]
        ]
    }
}