{
    "train_f1": 0.0,
    "train_prob": 0.0,
    "train_cov": 0.0,
    "valid_f1": 0.0,
    "valid_prob": 0.0,
    "valid_cov": 0.0,
    "len": 95,
    "binary_grammar": {
        "num_nt": 5,
        "num_pt": 14,
        "num_rhs": 361,
        "rule_probs": [
            [0, 1, 0, 0.10000000149011612],
            [0, 1, 6, 0.05000000074505806],
            [0, 2, 11, 0.05000000074505806],
            [0, 3, 13, 0.05000000074505806],
            [0, 3, 16, 0.05000000074505806],
            [0, 4, 9, 0.05000000074505806],
            [0, 5, 16, 0.05000000074505806],
            [0, 6, 6, 0.05000000074505806],
            [0, 6, 9, 0.05000000074505806],
            [0, 6, 14, 0.05000000074505806],
            [0, 8, 16, 0.05000000074505806],
            [0, 9, 3, 0.05000000074505806],
            [0, 9, 14, 0.05000000074505806],
            [0, 11, 0, 0.05000000074505806],
            [0, 12, 1, 0.05000000074505806],
            [0, 13, 13, 0.05000000074505806],
            [0, 13, 18, 0.05000000074505806],
            [0, 15, 11, 0.05000000074505806],
            [0, 15, 17, 0.05000000074505806],
            [1, 1, 1, 0.0555555559694767],
            [1, 1, 14, 0.0555555559694767],
            [1, 3, 13, 0.0555555559694767],
            [1, 4, 15, 0.0555555559694767],
            [1, 9, 3, 0.0555555559694767],
            [1, 9, 5, 0.0555555559694767],
            [1, 9, 16, 0.0555555559694767],
            [1, 9, 18, 0.0555555559694767],
            [1, 10, 6, 0.0555555559694767],
            [1, 11, 5, 0.0555555559694767],
            [1, 12, 13, 0.0555555559694767],
            [1, 14, 15, 0.0555555559694767],
            [1, 14, 18, 0.0555555559694767],
            [1, 15, 17, 0.0555555559694767],
            [1, 16, 1, 0.0555555559694767],
            [1, 16, 7, 0.0555555559694767],
            [1, 17, 11, 0.0555555559694767],
            [1, 18, 2, 0.0555555559694767],
            [2, 2, 7, 0.05000000074505806],
            [2, 2, 16, 0.05000000074505806],
            [2, 3, 1, 0.05000000074505806],
            [2, 3, 5, 0.05000000074505806],
            [2, 5, 6, 0.05000000074505806],
            [2, 5, 10, 0.05000000074505806],
            [2, 7, 2, 0.05000000074505806],
            [2, 7, 17, 0.05000000074505806],
            [2, 8, 9, 0.05000000074505806],
            [2, 9, 18, 0.05000000074505806],
            [2, 11, 5, 0.10000000149011612],
            [2, 13, 18, 0.05000000074505806],
            [2, 15, 9, 0.05000000074505806],
            [2, 15, 15, 0.05000000074505806],
            [2, 16, 9, 0.05000000074505806],
            [2, 17, 3, 0.05000000074505806],
            [2, 17, 9, 0.05000000074505806],
            [2, 18, 3, 0.05000000074505806],
            [2, 18, 16, 0.05000000074505806],
            [3, 0, 13, 0.0625],
            [3, 3, 7, 0.0625],
            [3, 4, 2, 0.0625],
            [3, 4, 9, 0.0625],
            [3, 5, 9, 0.0625],
            [3, 6, 3, 0.0625],
            [3, 6, 11, 0.0625],
            [3, 6, 13, 0.0625],
            [3, 8, 6, 0.0625],
            [3, 8, 17, 0.0625],
            [3, 11, 4, 0.0625],
            [3, 13, 7, 0.0625],
            [3, 16, 11, 0.0625],
            [3, 17, 12, 0.0625],
            [3, 18, 4, 0.0625],
            [3, 18, 12, 0.0625],
            [4, 0, 1, 0.03846153989434242],
            [4, 1, 17, 0.03846153989434242],
            [4, 1, 18, 0.03846153989434242],
            [4, 2, 15, 0.03846153989434242],
            [4, 3, 0, 0.07692307978868484],
            [4, 3, 5, 0.03846153989434242],
            [4, 4, 8, 0.03846153989434242],
            [4, 4, 14, 0.03846153989434242],
            [4, 6, 11, 0.03846153989434242],
            [4, 7, 9, 0.03846153989434242],
            [4, 7, 10, 0.03846153989434242],
            [4, 7, 15, 0.07692307978868484],
            [4, 8, 0, 0.03846153989434242],
            [4, 8, 14, 0.03846153989434242],
            [4, 9, 12, 0.03846153989434242],
            [4, 10, 14, 0.03846153989434242],
            [4, 12, 10, 0.03846153989434242],
            [4, 13, 7, 0.03846153989434242],
            [4, 13, 13, 0.03846153989434242],
            [4, 14, 1, 0.03846153989434242],
            [4, 15, 7, 0.03846153989434242],
            [4, 17, 14, 0.03846153989434242],
            [4, 18, 0, 0.07692307978868484]
        ]
    }
}