{
    "train_f1": 0.0,
    "train_prob": 12.991888046264648,
    "train_cov": 12.5,
    "valid_f1": 0.0,
    "valid_prob": 0.0,
    "valid_cov": 0.0,
    "len": 94,
    "binary_grammar": {
        "num_nt": 5,
        "num_pt": 14,
        "num_rhs": 361,
        "rule_probs": [
            [0, 0, 9, 0.0416666679084301],
            [0, 1, 0, 0.0416666679084301],
            [0, 2, 5, 0.0416666679084301],
            [0, 2, 7, 0.0416666679084301],
            [0, 2, 9, 0.0416666679084301],
            [0, 2, 15, 0.0416666679084301],
            [0, 3, 2, 0.0416666679084301],
            [0, 4, 9, 0.0416666679084301],
            [0, 4, 12, 0.0416666679084301],
            [0, 5, 3, 0.0416666679084301],
            [0, 5, 7, 0.0416666679084301],
            [0, 6, 9, 0.0416666679084301],
            [0, 7, 7, 0.0416666679084301],
            [0, 10, 3, 0.0416666679084301],
            [0, 10, 4, 0.0416666679084301],
            [0, 10, 11, 0.0416666679084301],
            [0, 10, 12, 0.0416666679084301],
            [0, 11, 0, 0.0416666679084301],
            [0, 13, 11, 0.0416666679084301],
            [0, 13, 12, 0.0416666679084301],
            [0, 15, 10, 0.0416666679084301],
            [0, 16, 14, 0.0416666679084301],
            [0, 17, 3, 0.0416666679084301],
            [0, 18, 9, 0.0416666679084301],
            [1, 0, 6, 0.05000000074505806],
            [1, 0, 14, 0.05000000074505806],
            [1, 1, 12, 0.05000000074505806],
            [1, 1, 17, 0.05000000074505806],
            [1, 1, 18, 0.05000000074505806],
            [1, 2, 15, 0.05000000074505806],
            [1, 2, 17, 0.05000000074505806],
            [1, 4, 6, 0.05000000074505806],
            [1, 5, 7, 0.05000000074505806],
            [1, 6, 2, 0.05000000074505806],
            [1, 6, 14, 0.05000000074505806],
            [1, 6, 18, 0.05000000074505806],
            [1, 7, 6, 0.05000000074505806],
            [1, 12, 3, 0.05000000074505806],
            [1, 13, 5, 0.05000000074505806],
            [1, 13, 12, 0.05000000074505806],
            [1, 15, 6, 0.05000000074505806],
            [1, 16, 4, 0.05000000074505806],
            [1, 16, 5, 0.05000000074505806],
            [1, 17, 14, 0.05000000074505806],
            [2, 0, 9, 0.0555555559694767],
            [2, 0, 12, 0.0555555559694767],
            [2, 0, 14, 0.0555555559694767],
            [2, 1, 13, 0.0555555559694767],
            [2, 2, 16, 0.0555555559694767],
            [2, 3, 4, 0.0555555559694767],
            [2, 3, 5, 0.0555555559694767],
            [2, 6, 15, 0.0555555559694767],
            [2, 8, 8, 0.0555555559694767],
            [2, 10, 7, 0.0555555559694767],
            [2, 13, 5, 0.0555555559694767],
            [2, 14, 3, 0.0555555559694767],
            [2, 14, 11, 0.0555555559694767],
            [2, 16, 8, 0.0555555559694767],
            [2, 17, 0, 0.0555555559694767],
            [2, 17, 7, 0.0555555559694767],
            [2, 17, 15, 0.0555555559694767],
            [2, 18, 4, 0.0555555559694767],
            [3, 0, 5, 0.10000000149011612],
            [3, 1, 4, 0.10000000149011612],
            [3, 7, 7, 0.10000000149011612],
            [3, 7, 14, 0.10000000149011612],
            [3, 7, 15, 0.10000000149011612],
            [3, 9, 2, 0.10000000149011612],
            [3, 11, 1, 0.10000000149011612],
            [3, 12, 3, 0.10000000149011612],
            [3, 12, 18, 0.10000000149011612],
            [3, 18, 11, 0.10000000149011612],
            [4, 0, 3, 0.04545454680919647],
            [4, 0, 5, 0.04545454680919647],
            [4, 1, 13, 0.04545454680919647],
            [4, 2, 9, 0.04545454680919647],
            [4, 3, 1, 0.04545454680919647],
            [4, 3, 18, 0.04545454680919647],
            [4, 4, 6, 0.04545454680919647],
            [4, 4, 9, 0.04545454680919647],
            [4, 4, 13, 0.04545454680919647],
            [4, 5, 13, 0.04545454680919647],
            [4, 5, 15, 0.04545454680919647],
            [4, 8, 14, 0.04545454680919647],
            [4, 9, 10, 0.04545454680919647],
            [4, 10, 18, 0.04545454680919647],
            [4, 11, 13, 0.04545454680919647],
            [4, 12, 1, 0.04545454680919647],
            [4, 12, 13, 0.04545454680919647],
            [4, 12, 18, 0.04545454680919647],
            [4, 13, 4, 0.04545454680919647],
            [4, 13, 11, 0.04545454680919647],
            [4, 14, 18, 0.04545454680919647],
            [4, 15, 10, 0.04545454680919647]
        ]
    }
}