{
    "train_f1": 0.0,
    "train_prob": 0.0,
    "train_cov": 0.0,
    "valid_f1": 0.0,
    "valid_prob": 0.0,
    "valid_cov": 0.0,
    "len": 97,
    "binary_grammar": {
        "num_nt": 5,
        "num_pt": 14,
        "num_rhs": 361,
        "rule_probs": [
            [0, 1, 6, 0.05263157933950424],
            [0, 1, 16, 0.05263157933950424],
            [0, 3, 7, 0.05263157933950424],
            [0, 5, 0, 0.05263157933950424],
            [0, 6, 8, 0.05263157933950424],
            [0, 6, 13, 0.05263157933950424],
            [0, 6, 17, 0.05263157933950424],
            [0, 7, 0, 0.05263157933950424],
            [0, 7, 7, 0.05263157933950424],
            [0, 8, 4, 0.05263157933950424],
            [0, 9, 7, 0.05263157933950424],
            [0, 11, 9, 0.05263157933950424],
            [0, 12, 1, 0.05263157933950424],
            [0, 12, 9, 0.05263157933950424],
            [0, 12, 16, 0.05263157933950424],
            [0, 12, 18, 0.05263157933950424],
            [0, 14, 12, 0.05263157933950424],
            [0, 17, 8, 0.05263157933950424],
            [0, 17, 9, 0.05263157933950424],
            [1, 2, 2, 0.05000000074505806],
            [1, 3, 1, 0.05000000074505806],
            [1, 4, 6, 0.05000000074505806],
            [1, 5, 13, 0.05000000074505806],
            [1, 5, 17, 0.05000000074505806],
            [1, 6, 17, 0.10000000149011612],
            [1, 7, 2, 0.05000000074505806],
            [1, 7, 6, 0.05000000074505806],
            [1, 7, 14, 0.05000000074505806],
            [1, 9, 12, 0.05000000074505806],
            [1, 10, 10, 0.05000000074505806],
            [1, 13, 6, 0.05000000074505806],
            [1, 13, 12, 0.05000000074505806],
            [1, 14, 13, 0.05000000074505806],
            [1, 15, 17, 0.05000000074505806],
            [1, 16, 12, 0.05000000074505806],
            [1, 16, 14, 0.05000000074505806],
            [1, 17, 10, 0.05000000074505806],
            [1, 18, 6, 0.05000000074505806],
            [2, 0, 1, 0.05263157933950424],
            [2, 0, 5, 0.05263157933950424],
            [2, 0, 9, 0.05263157933950424],
            [2, 2, 1, 0.05263157933950424],
            [2, 2, 3, 0.05263157933950424],
            [2, 2, 17, 0.05263157933950424],
            [2, 4, 2, 0.05263157933950424],
            [2, 4, 9, 0.05263157933950424],
            [2, 6, 17, 0.05263157933950424],
            [2, 7, 1, 0.05263157933950424],
            [2, 9, 3, 0.05263157933950424],
            [2, 9, 17, 0.05263157933950424],
            [2, 12, 9, 0.05263157933950424],
            [2, 13, 2, 0.05263157933950424],
            [2, 13, 14, 0.05263157933950424],
            [2, 14, 11, 0.05263157933950424],
            [2, 16, 4, 0.05263157933950424],
            [2, 17, 16, 0.05263157933950424],
            [2, 18, 1, 0.05263157933950424],
            [3, 1, 2, 0.0476190485060215],
            [3, 1, 4, 0.0476190485060215],
            [3, 1, 14, 0.0476190485060215],
            [3, 5, 4, 0.0476190485060215],
            [3, 5, 8, 0.0476190485060215],
            [3, 5, 17, 0.0476190485060215],
            [3, 5, 18, 0.0476190485060215],
            [3, 6, 11, 0.0476190485060215],
            [3, 9, 9, 0.0476190485060215],
            [3, 9, 17, 0.0476190485060215],
            [3, 10, 17, 0.0476190485060215],
            [3, 11, 7, 0.0476190485060215],
            [3, 12, 5, 0.0476190485060215],
            [3, 12, 13, 0.0476190485060215],
            [3, 13, 17, 0.0476190485060215],
            [3, 14, 7, 0.0476190485060215],
            [3, 15, 7, 0.0476190485060215],
            [3, 16, 1, 0.0476190485060215],
            [3, 17, 15, 0.0476190485060215],
            [3, 18, 0, 0.0476190485060215],
            [3, 18, 9, 0.0476190485060215],
            [4, 1, 8, 0.0476190485060215],
            [4, 3, 12, 0.0476190485060215],
            [4, 4, 0, 0.0476190485060215],
            [4, 5, 8, 0.0476190485060215],
            [4, 8, 3, 0.095238097012043],
            [4, 8, 14, 0.0476190485060215],
            [4, 9, 7, 0.0476190485060215],
            [4, 9, 18, 0.0476190485060215],
            [4, 10, 9, 0.0476190485060215],
            [4, 10, 12, 0.0476190485060215],
            [4, 11, 9, 0.0476190485060215],
            [4, 14, 3, 0.0476190485060215],
            [4, 14, 9, 0.0476190485060215],
            [4, 15, 15, 0.0476190485060215],
            [4, 16, 0, 0.0476190485060215],
            [4, 16, 7, 0.0476190485060215],
            [4, 17, 8, 0.0476190485060215],
            [4, 18, 8, 0.095238097012043],
            [4, 18, 12, 0.0476190485060215]
        ]
    }
}