{
    "train_f1": 0.0,
    "train_prob": 0.0,
    "train_cov": 0.0,
    "valid_f1": 0.0,
    "valid_prob": 0.0,
    "valid_cov": 0.0,
    "len": 96,
    "binary_grammar": {
        "num_nt": 5,
        "num_pt": 14,
        "num_rhs": 361,
        "rule_probs": [
            [0, 2, 12, 0.05882352963089943],
            [0, 3, 5, 0.05882352963089943],
            [0, 4, 15, 0.05882352963089943],
            [0, 4, 18, 0.05882352963089943],
            [0, 9, 4, 0.05882352963089943],
            [0, 11, 2, 0.05882352963089943],
            [0, 11, 12, 0.05882352963089943],
            [0, 12, 1, 0.05882352963089943],
            [0, 13, 0, 0.05882352963089943],
            [0, 13, 12, 0.05882352963089943],
            [0, 15, 16, 0.05882352963089943],
            [0, 16, 6, 0.11764705926179886],
            [0, 16, 14, 0.05882352963089943],
            [0, 17, 16, 0.05882352963089943],
            [0, 17, 17, 0.05882352963089943],
            [0, 18, 13, 0.05882352963089943],
            [1, 0, 4, 0.0357142873108387],
            [1, 2, 11, 0.0357142873108387],
            [1, 4, 1, 0.0357142873108387],
            [1, 4, 10, 0.0357142873108387],
            [1, 4, 18, 0.0357142873108387],
            [1, 5, 7, 0.0714285746216774],
            [1, 5, 9, 0.0357142873108387],
            [1, 5, 16, 0.0357142873108387],
            [1, 6, 11, 0.0357142873108387],
            [1, 6, 13, 0.0357142873108387],
            [1, 7, 3, 0.0357142873108387],
            [1, 7, 12, 0.0357142873108387],
            [1, 7, 17, 0.0357142873108387],
            [1, 8, 12, 0.0357142873108387],
            [1, 9, 12, 0.0357142873108387],
            [1, 11, 7, 0.0357142873108387],
            [1, 12, 15, 0.0357142873108387],
            [1, 12, 16, 0.0357142873108387],
            [1, 13, 0, 0.0714285746216774],
            [1, 13, 5, 0.0357142873108387],
            [1, 13, 12, 0.0357142873108387],
            [1, 14, 4, 0.0357142873108387],
            [1, 15, 1, 0.0357142873108387],
            [1, 17, 9, 0.0714285746216774],
            [1, 18, 3, 0.0357142873108387],
            [2, 1, 1, 0.0714285746216774],
            [2, 1, 4, 0.0714285746216774],
            [2, 1, 15, 0.0714285746216774],
            [2, 5, 13, 0.0714285746216774],
            [2, 9, 16, 0.0714285746216774],
            [2, 11, 0, 0.0714285746216774],
            [2, 12, 11, 0.0714285746216774],
            [2, 12, 12, 0.0714285746216774],
            [2, 16, 14, 0.0714285746216774],
            [2, 17, 3, 0.0714285746216774],
            [2, 17, 8, 0.0714285746216774],
            [2, 17, 18, 0.0714285746216774],
            [2, 18, 7, 0.0714285746216774],
            [2, 18, 9, 0.0714285746216774],
            [3, 1, 2, 0.05000000074505806],
            [3, 3, 7, 0.05000000074505806],
            [3, 3, 14, 0.05000000074505806],
            [3, 3, 17, 0.05000000074505806],
            [3, 4, 0, 0.05000000074505806],
            [3, 5, 6, 0.05000000074505806],
            [3, 7, 7, 0.05000000074505806],
            [3, 8, 5, 0.05000000074505806],
            [3, 9, 4, 0.05000000074505806],
            [3, 9, 13, 0.05000000074505806],
            [3, 9, 16, 0.05000000074505806],
            [3, 10, 7, 0.05000000074505806],
            [3, 11, 2, 0.05000000074505806],
            [3, 12, 2, 0.05000000074505806],
            [3, 12, 6, 0.05000000074505806],
            [3, 13, 0, 0.05000000074505806],
            [3, 13, 2, 0.05000000074505806],
            [3, 15, 14, 0.05000000074505806],
            [3, 17, 2, 0.05000000074505806],
            [3, 17, 15, 0.05000000074505806],
            [4, 0, 4, 0.0476190485060215],
            [4, 0, 5, 0.0476190485060215],
            [4, 2, 13, 0.0476190485060215],
            [4, 3, 18, 0.0476190485060215],
            [4, 5, 13, 0.0476190485060215],
            [4, 5, 15, 0.0476190485060215],
            [4, 6, 5, 0.0476190485060215],
            [4, 6, 10, 0.0476190485060215],
            [4, 6, 15, 0.0476190485060215],
            [4, 8, 17, 0.0476190485060215],
            [4, 9, 3, 0.0476190485060215],
            [4, 10, 13, 0.0476190485060215],
            [4, 12, 7, 0.0476190485060215],
            [4, 12, 10, 0.0476190485060215],
            [4, 12, 16, 0.0476190485060215],
            [4, 15, 4, 0.0476190485060215],
            [4, 15, 8, 0.0476190485060215],
            [4, 15, 9, 0.0476190485060215],
            [4, 16, 13, 0.0476190485060215],
            [4, 17, 11, 0.0476190485060215],
            [4, 18, 3, 0.0476190485060215]
        ]
    }
}