{
    "train_f1": 0.0,
    "train_prob": 0.0,
    "train_cov": 0.0,
    "valid_f1": 0.0,
    "valid_prob": 0.0,
    "valid_cov": 0.0,
    "len": 96,
    "binary_grammar": {
        "num_nt": 5,
        "num_pt": 14,
        "num_rhs": 361,
        "rule_probs": [
            [0, 2, 0, 0.03999999910593033],
            [0, 2, 11, 0.07999999821186066],
            [0, 2, 15, 0.03999999910593033],
            [0, 3, 3, 0.03999999910593033],
            [0, 3, 6, 0.03999999910593033],
            [0, 5, 3, 0.03999999910593033],
            [0, 5, 9, 0.03999999910593033],
            [0, 6, 7, 0.03999999910593033],
            [0, 6, 11, 0.03999999910593033],
            [0, 6, 17, 0.03999999910593033],
            [0, 7, 6, 0.03999999910593033],
            [0, 11, 3, 0.03999999910593033],
            [0, 11, 12, 0.03999999910593033],
            [0, 12, 3, 0.03999999910593033],
            [0, 12, 7, 0.03999999910593033],
            [0, 13, 18, 0.03999999910593033],
            [0, 14, 0, 0.03999999910593033],
            [0, 14, 17, 0.03999999910593033],
            [0, 15, 2, 0.03999999910593033],
            [0, 15, 8, 0.03999999910593033],
            [0, 16, 10, 0.03999999910593033],
            [0, 17, 2, 0.03999999910593033],
            [0, 18, 11, 0.03999999910593033],
            [0, 18, 13, 0.03999999910593033],
            [1, 1, 1, 0.0555555559694767],
            [1, 3, 4, 0.0555555559694767],
            [1, 3, 15, 0.0555555559694767],
            [1, 4, 17, 0.0555555559694767],
            [1, 4, 18, 0.0555555559694767],
            [1, 5, 13, 0.0555555559694767],
            [1, 6, 11, 0.0555555559694767],
            [1, 6, 15, 0.0555555559694767],
            [1, 8, 0, 0.0555555559694767],
            [1, 9, 10, 0.0555555559694767],
            [1, 11, 0, 0.1111111119389534],
            [1, 14, 7, 0.0555555559694767],
            [1, 14, 14, 0.0555555559694767],
            [1, 14, 16, 0.0555555559694767],
            [1, 16, 2, 0.0555555559694767],
            [1, 16, 6, 0.0555555559694767],
            [1, 17, 9, 0.0555555559694767],
            [2, 0, 13, 0.0416666679084301],
            [2, 2, 3, 0.0416666679084301],
            [2, 2, 6, 0.0416666679084301],
            [2, 3, 3, 0.0416666679084301],
            [2, 3, 13, 0.0416666679084301],
            [2, 5, 12, 0.0416666679084301],
            [2, 6, 1, 0.0416666679084301],
            [2, 6, 8, 0.0416666679084301],
            [2, 6, 12, 0.0416666679084301],
            [2, 7, 7, 0.0416666679084301],
            [2, 7, 9, 0.0416666679084301],
            [2, 8, 1, 0.0416666679084301],
            [2, 9, 1, 0.0416666679084301],
            [2, 10, 10, 0.0416666679084301],
            [2, 11, 3, 0.0416666679084301],
            [2, 11, 16, 0.0416666679084301],
            [2, 12, 7, 0.0416666679084301],
            [2, 14, 2, 0.0416666679084301],
            [2, 16, 8, 0.0833333358168602],
            [2, 16, 17, 0.0416666679084301],
            [2, 17, 10, 0.0416666679084301],
            [2, 17, 13, 0.0416666679084301],
            [2, 17, 15, 0.0416666679084301],
            [3, 0, 6, 0.05882352963089943],
            [3, 3, 7, 0.05882352963089943],
            [3, 3, 15, 0.05882352963089943],
            [3, 5, 10, 0.05882352963089943],
            [3, 5, 18, 0.05882352963089943],
            [3, 7, 0, 0.05882352963089943],
            [3, 7, 18, 0.11764705926179886],
            [3, 8, 14, 0.05882352963089943],
            [3, 9, 13, 0.05882352963089943],
            [3, 14, 3, 0.05882352963089943],
            [3, 15, 15, 0.05882352963089943],
            [3, 16, 17, 0.05882352963089943],
            [3, 17, 0, 0.05882352963089943],
            [3, 17, 18, 0.05882352963089943],
            [3, 18, 5, 0.05882352963089943],
            [3, 18, 12, 0.05882352963089943],
            [4, 1, 4, 0.0625],
            [4, 1, 11, 0.0625],
            [4, 1, 13, 0.0625],
            [4, 4, 6, 0.0625],
            [4, 4, 11, 0.0625],
            [4, 5, 17, 0.0625],
            [4, 6, 8, 0.0625],
            [4, 6, 9, 0.0625],
            [4, 7, 2, 0.0625],
            [4, 7, 14, 0.0625],
            [4, 11, 9, 0.0625],
            [4, 11, 14, 0.0625],
            [4, 13, 5, 0.0625],
            [4, 13, 15, 0.0625],
            [4, 17, 15, 0.0625],
            [4, 18, 0, 0.0625]
        ]
    }
}