{
    "train_f1": 0.0,
    "train_prob": 0.0,
    "train_cov": 0.0,
    "valid_f1": 0.0,
    "valid_prob": 0.0,
    "valid_cov": 0.0,
    "len": 96,
    "binary_grammar": {
        "num_nt": 5,
        "num_pt": 14,
        "num_rhs": 361,
        "rule_probs": [
            [0, 1, 8, 0.0625],
            [0, 1, 18, 0.0625],
            [0, 2, 10, 0.0625],
            [0, 3, 3, 0.0625],
            [0, 5, 1, 0.0625],
            [0, 6, 9, 0.0625],
            [0, 7, 4, 0.0625],
            [0, 7, 15, 0.0625],
            [0, 8, 1, 0.0625],
            [0, 8, 10, 0.0625],
            [0, 9, 14, 0.0625],
            [0, 11, 4, 0.0625],
            [0, 12, 14, 0.0625],
            [0, 14, 6, 0.0625],
            [0, 17, 0, 0.0625],
            [0, 17, 2, 0.0625],
            [1, 0, 10, 0.0416666679084301],
            [1, 0, 18, 0.0416666679084301],
            [1, 1, 17, 0.0416666679084301],
            [1, 1, 18, 0.0416666679084301],
            [1, 2, 0, 0.0416666679084301],
            [1, 3, 1, 0.0416666679084301],
            [1, 6, 17, 0.0416666679084301],
            [1, 6, 18, 0.0416666679084301],
            [1, 7, 9, 0.0416666679084301],
            [1, 7, 11, 0.125],
            [1, 8, 11, 0.0416666679084301],
            [1, 9, 10, 0.0416666679084301],
            [1, 9, 17, 0.0416666679084301],
            [1, 10, 8, 0.0416666679084301],
            [1, 11, 14, 0.0416666679084301],
            [1, 11, 18, 0.0416666679084301],
            [1, 12, 6, 0.0416666679084301],
            [1, 13, 8, 0.0416666679084301],
            [1, 15, 3, 0.0416666679084301],
            [1, 15, 17, 0.0416666679084301],
            [1, 18, 2, 0.0416666679084301],
            [1, 18, 10, 0.0416666679084301],
            [2, 0, 10, 0.05263157933950424],
            [2, 2, 10, 0.05263157933950424],
            [2, 3, 3, 0.05263157933950424],
            [2, 3, 18, 0.05263157933950424],
            [2, 5, 5, 0.05263157933950424],
            [2, 5, 8, 0.05263157933950424],
            [2, 5, 14, 0.05263157933950424],
            [2, 6, 8, 0.05263157933950424],
            [2, 7, 8, 0.05263157933950424],
            [2, 8, 7, 0.05263157933950424],
            [2, 11, 8, 0.05263157933950424],
            [2, 13, 3, 0.10526315867900848],
            [2, 13, 5, 0.05263157933950424],
            [2, 15, 16, 0.05263157933950424],
            [2, 16, 1, 0.05263157933950424],
            [2, 17, 15, 0.05263157933950424],
            [2, 18, 6, 0.05263157933950424],
            [2, 18, 17, 0.05263157933950424],
            [3, 0, 5, 0.05263157933950424],
            [3, 0, 18, 0.05263157933950424],
            [3, 1, 7, 0.05263157933950424],
            [3, 3, 0, 0.05263157933950424],
            [3, 3, 6, 0.05263157933950424],
            [3, 3, 15, 0.05263157933950424],
            [3, 3, 18, 0.05263157933950424],
            [3, 5, 4, 0.05263157933950424],
            [3, 5, 9, 0.05263157933950424],
            [3, 6, 18, 0.05263157933950424],
            [3, 8, 10, 0.05263157933950424],
            [3, 9, 3, 0.05263157933950424],
            [3, 10, 17, 0.05263157933950424],
            [3, 13, 11, 0.05263157933950424],
            [3, 14, 18, 0.05263157933950424],
            [3, 15, 0, 0.05263157933950424],
            [3, 15, 7, 0.05263157933950424],
            [3, 15, 16, 0.05263157933950424],
            [3, 18, 18, 0.05263157933950424],
            [4, 1, 10, 0.04545454680919647],
            [4, 1, 11, 0.04545454680919647],
            [4, 3, 2, 0.04545454680919647],
            [4, 4, 5, 0.04545454680919647],
            [4, 4, 14, 0.04545454680919647],
            [4, 6, 1, 0.04545454680919647],
            [4, 6, 7, 0.04545454680919647],
            [4, 6, 9, 0.09090909361839294],
            [4, 7, 3, 0.04545454680919647],
            [4, 8, 7, 0.04545454680919647],
            [4, 9, 16, 0.04545454680919647],
            [4, 10, 1, 0.04545454680919647],
            [4, 12, 2, 0.04545454680919647],
            [4, 12, 3, 0.04545454680919647],
            [4, 14, 0, 0.04545454680919647],
            [4, 14, 14, 0.04545454680919647],
            [4, 15, 11, 0.04545454680919647],
            [4, 16, 0, 0.04545454680919647],
            [4, 16, 1, 0.04545454680919647],
            [4, 17, 6, 0.04545454680919647],
            [4, 18, 4, 0.04545454680919647]
        ]
    }
}