{
    "train_f1": 0.0,
    "train_prob": 22.6007137298584,
    "train_cov": 12.5,
    "valid_f1": 0.0,
    "valid_prob": 0.0,
    "valid_cov": 0.0,
    "len": 97,
    "binary_grammar": {
        "num_nt": 5,
        "num_pt": 14,
        "num_rhs": 361,
        "rule_probs": [
            [0, 0, 12, 0.03846153989434242],
            [0, 1, 1, 0.03846153989434242],
            [0, 1, 6, 0.03846153989434242],
            [0, 2, 18, 0.03846153989434242],
            [0, 3, 10, 0.03846153989434242],
            [0, 4, 3, 0.03846153989434242],
            [0, 4, 12, 0.03846153989434242],
            [0, 5, 0, 0.07692307978868484],
            [0, 6, 1, 0.03846153989434242],
            [0, 6, 6, 0.03846153989434242],
            [0, 6, 18, 0.03846153989434242],
            [0, 8, 12, 0.03846153989434242],
            [0, 8, 14, 0.03846153989434242],
            [0, 9, 14, 0.03846153989434242],
            [0, 10, 1, 0.03846153989434242],
            [0, 10, 2, 0.03846153989434242],
            [0, 10, 16, 0.03846153989434242],
            [0, 11, 4, 0.03846153989434242],
            [0, 12, 18, 0.03846153989434242],
            [0, 13, 17, 0.03846153989434242],
            [0, 15, 4, 0.03846153989434242],
            [0, 15, 15, 0.03846153989434242],
            [0, 16, 5, 0.03846153989434242],
            [0, 16, 8, 0.03846153989434242],
            [0, 17, 2, 0.03846153989434242],
            [1, 0, 7, 0.0625],
            [1, 1, 15, 0.0625],
            [1, 2, 1, 0.0625],
            [1, 4, 7, 0.0625],
            [1, 5, 16, 0.0625],
            [1, 7, 0, 0.0625],
            [1, 8, 1, 0.0625],
            [1, 9, 4, 0.0625],
            [1, 10, 3, 0.0625],
            [1, 10, 8, 0.0625],
            [1, 14, 13, 0.0625],
            [1, 15, 14, 0.0625],
            [1, 16, 6, 0.0625],
            [1, 16, 7, 0.0625],
            [1, 18, 8, 0.0625],
            [1, 18, 16, 0.0625],
            [2, 0, 5, 0.04545454680919647],
            [2, 0, 6, 0.04545454680919647],
            [2, 0, 17, 0.04545454680919647],
            [2, 1, 6, 0.04545454680919647],
            [2, 1, 7, 0.04545454680919647],
            [2, 1, 10, 0.04545454680919647],
            [2, 1, 15, 0.04545454680919647],
            [2, 3, 17, 0.04545454680919647],
            [2, 4, 1, 0.04545454680919647],
            [2, 4, 8, 0.04545454680919647],
            [2, 5, 15, 0.04545454680919647],
            [2, 8, 12, 0.04545454680919647],
            [2, 8, 16, 0.04545454680919647],
            [2, 9, 1, 0.04545454680919647],
            [2, 12, 5, 0.04545454680919647],
            [2, 12, 13, 0.04545454680919647],
            [2, 15, 17, 0.04545454680919647],
            [2, 16, 8, 0.04545454680919647],
            [2, 17, 18, 0.04545454680919647],
            [2, 18, 0, 0.04545454680919647],
            [2, 18, 6, 0.04545454680919647],
            [2, 18, 10, 0.04545454680919647],
            [3, 0, 5, 0.0625],
            [3, 1, 0, 0.0625],
            [3, 2, 15, 0.0625],
            [3, 3, 0, 0.0625],
            [3, 3, 13, 0.0625],
            [3, 7, 18, 0.0625],
            [3, 8, 5, 0.0625],
            [3, 8, 10, 0.0625],
            [3, 9, 8, 0.0625],
            [3, 11, 14, 0.0625],
            [3, 11, 18, 0.125],
            [3, 13, 10, 0.0625],
            [3, 14, 12, 0.0625],
            [3, 15, 5, 0.0625],
            [3, 16, 3, 0.0625],
            [4, 1, 7, 0.05000000074505806],
            [4, 1, 13, 0.05000000074505806],
            [4, 4, 4, 0.05000000074505806],
            [4, 6, 13, 0.05000000074505806],
            [4, 8, 17, 0.05000000074505806],
            [4, 9, 0, 0.05000000074505806],
            [4, 9, 9, 0.05000000074505806],
            [4, 11, 13, 0.05000000074505806],
            [4, 12, 11, 0.05000000074505806],
            [4, 13, 4, 0.05000000074505806],
            [4, 13, 6, 0.05000000074505806],
            [4, 14, 15, 0.05000000074505806],
            [4, 15, 13, 0.05000000074505806],
            [4, 15, 15, 0.05000000074505806],
            [4, 16, 12, 0.05000000074505806],
            [4, 18, 4, 0.10000000149011612],
            [4, 18, 12, 0.05000000074505806],
            [4, 18, 16, 0.05000000074505806],
            [4, 18, 17, 0.05000000074505806]
        ]
    }
}