{
    "train_f1": 0.0,
    "train_prob": 0.0,
    "train_cov": 0.0,
    "valid_f1": 0.0,
    "valid_prob": 0.0,
    "valid_cov": 0.0,
    "len": 99,
    "binary_grammar": {
        "num_nt": 5,
        "num_pt": 14,
        "num_rhs": 361,
        "rule_probs": [
            [0, 0, 0, 0.0476190485060215],
            [0, 0, 4, 0.0476190485060215],
            [0, 0, 8, 0.0476190485060215],
            [0, 0, 12, 0.0476190485060215],
            [0, 0, 13, 0.0476190485060215],
            [0, 2, 1, 0.0476190485060215],
            [0, 2, 11, 0.0476190485060215],
            [0, 3, 0, 0.0476190485060215],
            [0, 5, 8, 0.0476190485060215],
            [0, 5, 10, 0.0476190485060215],
            [0, 5, 11, 0.0476190485060215],
            [0, 5, 17, 0.0476190485060215],
            [0, 7, 12, 0.0476190485060215],
            [0, 11, 2, 0.0476190485060215],
            [0, 12, 1, 0.0476190485060215],
            [0, 14, 13, 0.0476190485060215],
            [0, 15, 15, 0.0476190485060215],
            [0, 16, 6, 0.0476190485060215],
            [0, 17, 5, 0.0476190485060215],
            [0, 17, 18, 0.0476190485060215],
            [0, 18, 18, 0.0476190485060215],
            [1, 1, 0, 0.0625],
            [1, 1, 18, 0.0625],
            [1, 2, 16, 0.0625],
            [1, 8, 3, 0.0625],
            [1, 8, 13, 0.0625],
            [1, 9, 2, 0.0625],
            [1, 12, 10, 0.0625],
            [1, 12, 14, 0.0625],
            [1, 12, 17, 0.0625],
            [1, 15, 17, 0.0625],
            [1, 16, 5, 0.0625],
            [1, 16, 6, 0.0625],
            [1, 16, 11, 0.0625],
            [1, 17, 0, 0.0625],
            [1, 18, 1, 0.0625],
            [1, 18, 8, 0.0625],
            [2, 0, 10, 0.0476190485060215],
            [2, 1, 10, 0.0476190485060215],
            [2, 3, 15, 0.0476190485060215],
            [2, 6, 5, 0.0476190485060215],
            [2, 6, 14, 0.0476190485060215],
            [2, 7, 8, 0.0476190485060215],
            [2, 7, 10, 0.0476190485060215],
            [2, 9, 1, 0.0476190485060215],
            [2, 9, 18, 0.0476190485060215],
            [2, 10, 17, 0.0476190485060215],
            [2, 13, 1, 0.0476190485060215],
            [2, 13, 11, 0.095238097012043],
            [2, 14, 0, 0.0476190485060215],
            [2, 14, 4, 0.0476190485060215],
            [2, 15, 14, 0.0476190485060215],
            [2, 16, 10, 0.0476190485060215],
            [2, 17, 6, 0.0476190485060215],
            [2, 17, 11, 0.0476190485060215],
            [2, 17, 13, 0.0476190485060215],
            [2, 18, 9, 0.0476190485060215],
            [3, 1, 4, 0.05263157933950424],
            [3, 2, 18, 0.05263157933950424],
            [3, 3, 4, 0.05263157933950424],
            [3, 3, 18, 0.05263157933950424],
            [3, 4, 18, 0.05263157933950424],
            [3, 5, 10, 0.05263157933950424],
            [3, 6, 18, 0.05263157933950424],
            [3, 8, 17, 0.05263157933950424],
            [3, 9, 1, 0.05263157933950424],
            [3, 10, 9, 0.05263157933950424],
            [3, 12, 1, 0.05263157933950424],
            [3, 12, 14, 0.05263157933950424],
            [3, 13, 3, 0.05263157933950424],
            [3, 13, 16, 0.05263157933950424],
            [3, 14, 0, 0.05263157933950424],
            [3, 15, 4, 0.05263157933950424],
            [3, 17, 1, 0.05263157933950424],
            [3, 18, 8, 0.05263157933950424],
            [3, 18, 9, 0.05263157933950424],
            [4, 0, 10, 0.043478261679410934],
            [4, 1, 5, 0.043478261679410934],
            [4, 1, 10, 0.043478261679410934],
            [4, 2, 1, 0.043478261679410934],
            [4, 2, 14, 0.043478261679410934],
            [4, 3, 4, 0.043478261679410934],
            [4, 3, 10, 0.043478261679410934],
            [4, 4, 14, 0.043478261679410934],
            [4, 4, 16, 0.043478261679410934],
            [4, 4, 18, 0.043478261679410934],
            [4, 5, 0, 0.043478261679410934],
            [4, 6, 7, 0.043478261679410934],
            [4, 8, 5, 0.043478261679410934],
            [4, 9, 8, 0.043478261679410934],
            [4, 12, 1, 0.043478261679410934],
            [4, 12, 10, 0.043478261679410934],
            [4, 12, 14, 0.043478261679410934],
            [4, 13, 8, 0.043478261679410934],
            [4, 16, 1, 0.043478261679410934],
            [4, 16, 4, 0.043478261679410934],
            [4, 16, 7, 0.043478261679410934],
            [4, 16, 15, 0.043478261679410934],
            [4, 18, 4, 0.043478261679410934]
        ]
    }
}