{
    "train_f1": 0.0,
    "train_prob": 0.0,
    "train_cov": 0.0,
    "valid_f1": 0.0,
    "valid_prob": 0.0,
    "valid_cov": 0.0,
    "len": 94,
    "binary_grammar": {
        "num_nt": 5,
        "num_pt": 14,
        "num_rhs": 361,
        "rule_probs": [
            [0, 1, 15, 0.05000000074505806],
            [0, 3, 1, 0.05000000074505806],
            [0, 3, 4, 0.05000000074505806],
            [0, 3, 5, 0.05000000074505806],
            [0, 3, 9, 0.05000000074505806],
            [0, 3, 11, 0.05000000074505806],
            [0, 7, 12, 0.05000000074505806],
            [0, 8, 2, 0.05000000074505806],
            [0, 8, 12, 0.05000000074505806],
            [0, 10, 3, 0.05000000074505806],
            [0, 10, 7, 0.05000000074505806],
            [0, 10, 11, 0.05000000074505806],
            [0, 10, 15, 0.05000000074505806],
            [0, 11, 8, 0.05000000074505806],
            [0, 13, 3, 0.05000000074505806],
            [0, 13, 7, 0.05000000074505806],
            [0, 14, 6, 0.05000000074505806],
            [0, 14, 11, 0.05000000074505806],
            [0, 14, 18, 0.05000000074505806],
            [0, 17, 6, 0.05000000074505806],
            [1, 3, 9, 0.0625],
            [1, 4, 0, 0.0625],
            [1, 4, 13, 0.0625],
            [1, 6, 3, 0.0625],
            [1, 6, 16, 0.0625],
            [1, 7, 9, 0.0625],
            [1, 8, 11, 0.0625],
            [1, 9, 1, 0.0625],
            [1, 9, 6, 0.0625],
            [1, 11, 3, 0.0625],
            [1, 12, 17, 0.0625],
            [1, 13, 17, 0.0625],
            [1, 15, 17, 0.0625],
            [1, 16, 14, 0.0625],
            [1, 17, 1, 0.0625],
            [1, 18, 7, 0.0625],
            [2, 0, 8, 0.0416666679084301],
            [2, 0, 13, 0.0416666679084301],
            [2, 2, 6, 0.0416666679084301],
            [2, 3, 4, 0.0416666679084301],
            [2, 3, 12, 0.0416666679084301],
            [2, 5, 2, 0.0416666679084301],
            [2, 5, 6, 0.0833333358168602],
            [2, 5, 12, 0.0416666679084301],
            [2, 5, 17, 0.0416666679084301],
            [2, 7, 7, 0.0416666679084301],
            [2, 7, 9, 0.0416666679084301],
            [2, 8, 6, 0.0416666679084301],
            [2, 8, 8, 0.0416666679084301],
            [2, 10, 5, 0.0833333358168602],
            [2, 10, 16, 0.0416666679084301],
            [2, 13, 3, 0.0416666679084301],
            [2, 15, 10, 0.0833333358168602],
            [2, 16, 10, 0.0416666679084301],
            [2, 16, 18, 0.0416666679084301],
            [2, 18, 5, 0.0416666679084301],
            [2, 18, 16, 0.0416666679084301],
            [3, 1, 3, 0.05263157933950424],
            [3, 1, 7, 0.05263157933950424],
            [3, 3, 15, 0.05263157933950424],
            [3, 4, 12, 0.05263157933950424],
            [3, 8, 8, 0.05263157933950424],
            [3, 8, 10, 0.05263157933950424],
            [3, 8, 14, 0.05263157933950424],
            [3, 9, 14, 0.05263157933950424],
            [3, 10, 7, 0.05263157933950424],
            [3, 12, 0, 0.05263157933950424],
            [3, 12, 8, 0.05263157933950424],
            [3, 12, 15, 0.05263157933950424],
            [3, 13, 8, 0.05263157933950424],
            [3, 13, 15, 0.05263157933950424],
            [3, 14, 11, 0.10526315867900848],
            [3, 15, 0, 0.05263157933950424],
            [3, 17, 0, 0.05263157933950424],
            [3, 18, 2, 0.05263157933950424],
            [4, 0, 3, 0.0476190485060215],
            [4, 0, 5, 0.0476190485060215],
            [4, 0, 18, 0.0476190485060215],
            [4, 1, 4, 0.0476190485060215],
            [4, 3, 14, 0.0476190485060215],
            [4, 4, 0, 0.0476190485060215],
            [4, 4, 12, 0.1428571492433548],
            [4, 5, 1, 0.0476190485060215],
            [4, 5, 16, 0.0476190485060215],
            [4, 6, 2, 0.0476190485060215],
            [4, 6, 9, 0.0476190485060215],
            [4, 6, 11, 0.0476190485060215],
            [4, 11, 15, 0.0476190485060215],
            [4, 15, 3, 0.0476190485060215],
            [4, 15, 7, 0.0476190485060215],
            [4, 15, 11, 0.0476190485060215],
            [4, 16, 5, 0.0476190485060215],
            [4, 17, 10, 0.0476190485060215],
            [4, 18, 11, 0.0476190485060215]
        ]
    }
}