{
    "train_f1": 0.0,
    "train_prob": 0.0,
    "train_cov": 0.0,
    "valid_f1": 0.0,
    "valid_prob": 0.0,
    "valid_cov": 0.0,
    "len": 96,
    "binary_grammar": {
        "num_nt": 5,
        "num_pt": 14,
        "num_rhs": 361,
        "rule_probs": [
            [0, 2, 11, 0.06666667014360428],
            [0, 2, 14, 0.06666667014360428],
            [0, 3, 12, 0.06666667014360428],
            [0, 5, 3, 0.06666667014360428],
            [0, 5, 8, 0.06666667014360428],
            [0, 5, 14, 0.06666667014360428],
            [0, 7, 9, 0.06666667014360428],
            [0, 10, 4, 0.06666667014360428],
            [0, 10, 18, 0.06666667014360428],
            [0, 11, 4, 0.06666667014360428],
            [0, 11, 12, 0.06666667014360428],
            [0, 12, 15, 0.06666667014360428],
            [0, 13, 1, 0.06666667014360428],
            [0, 14, 13, 0.06666667014360428],
            [0, 15, 2, 0.06666667014360428],
            [1, 0, 6, 0.03333333507180214],
            [1, 1, 7, 0.03333333507180214],
            [1, 1, 17, 0.03333333507180214],
            [1, 2, 0, 0.03333333507180214],
            [1, 3, 2, 0.03333333507180214],
            [1, 3, 8, 0.03333333507180214],
            [1, 3, 11, 0.03333333507180214],
            [1, 4, 1, 0.06666667014360428],
            [1, 4, 4, 0.03333333507180214],
            [1, 5, 17, 0.03333333507180214],
            [1, 7, 2, 0.03333333507180214],
            [1, 7, 6, 0.10000000149011612],
            [1, 7, 10, 0.03333333507180214],
            [1, 8, 2, 0.03333333507180214],
            [1, 8, 4, 0.03333333507180214],
            [1, 8, 5, 0.03333333507180214],
            [1, 8, 11, 0.03333333507180214],
            [1, 8, 18, 0.03333333507180214],
            [1, 10, 10, 0.03333333507180214],
            [1, 10, 13, 0.03333333507180214],
            [1, 11, 1, 0.03333333507180214],
            [1, 11, 13, 0.03333333507180214],
            [1, 13, 11, 0.03333333507180214],
            [1, 15, 3, 0.03333333507180214],
            [1, 16, 2, 0.03333333507180214],
            [1, 17, 14, 0.03333333507180214],
            [1, 17, 18, 0.03333333507180214],
            [2, 1, 17, 0.05000000074505806],
            [2, 2, 0, 0.05000000074505806],
            [2, 2, 14, 0.05000000074505806],
            [2, 2, 15, 0.05000000074505806],
            [2, 3, 7, 0.05000000074505806],
            [2, 4, 4, 0.05000000074505806],
            [2, 6, 6, 0.05000000074505806],
            [2, 7, 7, 0.05000000074505806],
            [2, 9, 2, 0.05000000074505806],
            [2, 12, 4, 0.05000000074505806],
            [2, 12, 5, 0.05000000074505806],
            [2, 12, 7, 0.05000000074505806],
            [2, 13, 7, 0.05000000074505806],
            [2, 14, 2, 0.05000000074505806],
            [2, 14, 4, 0.05000000074505806],
            [2, 15, 18, 0.05000000074505806],
            [2, 16, 17, 0.05000000074505806],
            [2, 17, 16, 0.10000000149011612],
            [2, 18, 10, 0.05000000074505806],
            [3, 0, 4, 0.0714285746216774],
            [3, 2, 2, 0.0714285746216774],
            [3, 3, 7, 0.0714285746216774],
            [3, 3, 12, 0.0714285746216774],
            [3, 4, 14, 0.0714285746216774],
            [3, 6, 12, 0.0714285746216774],
            [3, 8, 2, 0.0714285746216774],
            [3, 8, 10, 0.0714285746216774],
            [3, 11, 12, 0.0714285746216774],
            [3, 11, 18, 0.0714285746216774],
            [3, 14, 15, 0.0714285746216774],
            [3, 15, 9, 0.0714285746216774],
            [3, 16, 13, 0.0714285746216774],
            [3, 16, 14, 0.0714285746216774],
            [4, 0, 3, 0.0476190485060215],
            [4, 1, 11, 0.0476190485060215],
            [4, 2, 11, 0.0476190485060215],
            [4, 3, 0, 0.0476190485060215],
            [4, 3, 3, 0.0476190485060215],
            [4, 3, 9, 0.0476190485060215],
            [4, 3, 11, 0.0476190485060215],
            [4, 6, 17, 0.0476190485060215],
            [4, 7, 5, 0.0476190485060215],
            [4, 7, 15, 0.0476190485060215],
            [4, 9, 4, 0.0476190485060215],
            [4, 9, 7, 0.0476190485060215],
            [4, 9, 10, 0.0476190485060215],
            [4, 9, 14, 0.0476190485060215],
            [4, 10, 1, 0.0476190485060215],
            [4, 13, 11, 0.0476190485060215],
            [4, 14, 2, 0.0476190485060215],
            [4, 16, 17, 0.0476190485060215],
            [4, 17, 3, 0.0476190485060215],
            [4, 18, 0, 0.0476190485060215],
            [4, 18, 9, 0.0476190485060215]
        ]
    }
}