{
    "train_f1": 0.0,
    "train_prob": 0.0,
    "train_cov": 0.0,
    "valid_f1": 0.0,
    "valid_prob": 0.0,
    "valid_cov": 0.0,
    "len": 96,
    "binary_grammar": {
        "num_nt": 5,
        "num_pt": 14,
        "num_rhs": 361,
        "rule_probs": [
            [0, 2, 11, 0.043478261679410934],
            [0, 2, 16, 0.043478261679410934],
            [0, 3, 3, 0.043478261679410934],
            [0, 4, 3, 0.043478261679410934],
            [0, 4, 9, 0.043478261679410934],
            [0, 5, 5, 0.043478261679410934],
            [0, 6, 11, 0.043478261679410934],
            [0, 7, 8, 0.043478261679410934],
            [0, 7, 10, 0.043478261679410934],
            [0, 9, 5, 0.043478261679410934],
            [0, 9, 15, 0.043478261679410934],
            [0, 9, 18, 0.043478261679410934],
            [0, 10, 1, 0.043478261679410934],
            [0, 10, 2, 0.043478261679410934],
            [0, 10, 5, 0.043478261679410934],
            [0, 13, 3, 0.043478261679410934],
            [0, 13, 4, 0.043478261679410934],
            [0, 13, 14, 0.043478261679410934],
            [0, 14, 8, 0.043478261679410934],
            [0, 15, 10, 0.043478261679410934],
            [0, 15, 17, 0.043478261679410934],
            [0, 16, 10, 0.043478261679410934],
            [0, 18, 10, 0.043478261679410934],
            [1, 4, 16, 0.05882352963089943],
            [1, 5, 17, 0.05882352963089943],
            [1, 6, 10, 0.05882352963089943],
            [1, 6, 11, 0.05882352963089943],
            [1, 7, 12, 0.05882352963089943],
            [1, 7, 16, 0.05882352963089943],
            [1, 9, 14, 0.05882352963089943],
            [1, 10, 14, 0.05882352963089943],
            [1, 11, 7, 0.05882352963089943],
            [1, 14, 3, 0.05882352963089943],
            [1, 15, 2, 0.05882352963089943],
            [1, 15, 17, 0.05882352963089943],
            [1, 15, 18, 0.05882352963089943],
            [1, 16, 6, 0.05882352963089943],
            [1, 16, 7, 0.05882352963089943],
            [1, 16, 12, 0.05882352963089943],
            [1, 17, 13, 0.05882352963089943],
            [2, 0, 12, 0.0555555559694767],
            [2, 0, 13, 0.0555555559694767],
            [2, 2, 2, 0.0555555559694767],
            [2, 3, 6, 0.0555555559694767],
            [2, 5, 9, 0.0555555559694767],
            [2, 6, 7, 0.0555555559694767],
            [2, 8, 0, 0.0555555559694767],
            [2, 8, 2, 0.0555555559694767],
            [2, 9, 16, 0.0555555559694767],
            [2, 10, 0, 0.0555555559694767],
            [2, 10, 10, 0.0555555559694767],
            [2, 12, 11, 0.0555555559694767],
            [2, 14, 4, 0.0555555559694767],
            [2, 14, 8, 0.0555555559694767],
            [2, 14, 15, 0.0555555559694767],
            [2, 15, 9, 0.0555555559694767],
            [2, 16, 9, 0.0555555559694767],
            [2, 18, 9, 0.0555555559694767],
            [3, 0, 14, 0.0416666679084301],
            [3, 0, 17, 0.0833333358168602],
            [3, 1, 9, 0.0416666679084301],
            [3, 1, 14, 0.0416666679084301],
            [3, 3, 7, 0.0416666679084301],
            [3, 3, 12, 0.0416666679084301],
            [3, 4, 17, 0.0416666679084301],
            [3, 5, 18, 0.0416666679084301],
            [3, 6, 4, 0.0416666679084301],
            [3, 7, 10, 0.0416666679084301],
            [3, 8, 7, 0.0416666679084301],
            [3, 8, 18, 0.0416666679084301],
            [3, 9, 10, 0.0416666679084301],
            [3, 10, 18, 0.0416666679084301],
            [3, 12, 0, 0.0416666679084301],
            [3, 13, 10, 0.0416666679084301],
            [3, 14, 2, 0.125],
            [3, 16, 7, 0.0416666679084301],
            [3, 16, 15, 0.0416666679084301],
            [3, 17, 12, 0.0416666679084301],
            [3, 17, 16, 0.0416666679084301],
            [4, 0, 4, 0.0555555559694767],
            [4, 0, 5, 0.0555555559694767],
            [4, 0, 12, 0.0555555559694767],
            [4, 5, 9, 0.0555555559694767],
            [4, 5, 11, 0.0555555559694767],
            [4, 6, 11, 0.0555555559694767],
            [4, 9, 8, 0.0555555559694767],
            [4, 9, 18, 0.0555555559694767],
            [4, 10, 3, 0.0555555559694767],
            [4, 10, 13, 0.0555555559694767],
            [4, 10, 18, 0.0555555559694767],
            [4, 12, 14, 0.0555555559694767],
            [4, 12, 17, 0.0555555559694767],
            [4, 14, 7, 0.0555555559694767],
            [4, 14, 18, 0.0555555559694767],
            [4, 16, 9, 0.1111111119389534],
            [4, 16, 13, 0.0555555559694767]
        ]
    }
}