{
    "train_f1": 0.0,
    "train_prob": 0.0,
    "train_cov": 0.0,
    "valid_f1": 0.0,
    "valid_prob": 0.0,
    "valid_cov": 0.0,
    "len": 96,
    "binary_grammar": {
        "num_nt": 5,
        "num_pt": 14,
        "num_rhs": 361,
        "rule_probs": [
            [0, 1, 2, 0.05882352963089943],
            [0, 1, 17, 0.05882352963089943],
            [0, 2, 10, 0.05882352963089943],
            [0, 2, 17, 0.05882352963089943],
            [0, 5, 5, 0.05882352963089943],
            [0, 5, 12, 0.05882352963089943],
            [0, 6, 10, 0.05882352963089943],
            [0, 6, 17, 0.11764705926179886],
            [0, 8, 11, 0.05882352963089943],
            [0, 11, 15, 0.05882352963089943],
            [0, 13, 5, 0.05882352963089943],
            [0, 13, 18, 0.05882352963089943],
            [0, 14, 7, 0.05882352963089943],
            [0, 14, 10, 0.05882352963089943],
            [0, 17, 13, 0.05882352963089943],
            [0, 17, 14, 0.05882352963089943],
            [1, 0, 8, 0.043478261679410934],
            [1, 1, 2, 0.043478261679410934],
            [1, 1, 17, 0.043478261679410934],
            [1, 2, 0, 0.043478261679410934],
            [1, 2, 12, 0.043478261679410934],
            [1, 3, 14, 0.043478261679410934],
            [1, 4, 6, 0.043478261679410934],
            [1, 5, 3, 0.043478261679410934],
            [1, 5, 6, 0.043478261679410934],
            [1, 5, 12, 0.043478261679410934],
            [1, 5, 13, 0.043478261679410934],
            [1, 5, 16, 0.043478261679410934],
            [1, 6, 14, 0.043478261679410934],
            [1, 8, 14, 0.043478261679410934],
            [1, 10, 0, 0.043478261679410934],
            [1, 12, 17, 0.043478261679410934],
            [1, 12, 18, 0.043478261679410934],
            [1, 13, 5, 0.043478261679410934],
            [1, 15, 13, 0.043478261679410934],
            [1, 16, 15, 0.043478261679410934],
            [1, 18, 14, 0.043478261679410934],
            [1, 18, 15, 0.043478261679410934],
            [1, 18, 16, 0.043478261679410934],
            [2, 4, 14, 0.05000000074505806],
            [2, 5, 1, 0.05000000074505806],
            [2, 5, 11, 0.05000000074505806],
            [2, 5, 12, 0.05000000074505806],
            [2, 9, 10, 0.05000000074505806],
            [2, 9, 13, 0.05000000074505806],
            [2, 11, 16, 0.05000000074505806],
            [2, 12, 8, 0.05000000074505806],
            [2, 12, 11, 0.05000000074505806],
            [2, 12, 12, 0.05000000074505806],
            [2, 12, 13, 0.10000000149011612],
            [2, 12, 15, 0.05000000074505806],
            [2, 14, 13, 0.05000000074505806],
            [2, 15, 18, 0.05000000074505806],
            [2, 16, 3, 0.05000000074505806],
            [2, 16, 5, 0.05000000074505806],
            [2, 16, 17, 0.05000000074505806],
            [2, 17, 8, 0.05000000074505806],
            [2, 18, 2, 0.05000000074505806],
            [3, 1, 17, 0.04545454680919647],
            [3, 2, 3, 0.04545454680919647],
            [3, 2, 5, 0.04545454680919647],
            [3, 3, 9, 0.04545454680919647],
            [3, 3, 10, 0.04545454680919647],
            [3, 3, 15, 0.04545454680919647],
            [3, 4, 6, 0.04545454680919647],
            [3, 4, 10, 0.04545454680919647],
            [3, 5, 18, 0.04545454680919647],
            [3, 6, 4, 0.09090909361839294],
            [3, 7, 18, 0.04545454680919647],
            [3, 8, 2, 0.04545454680919647],
            [3, 10, 8, 0.04545454680919647],
            [3, 11, 13, 0.04545454680919647],
            [3, 11, 14, 0.09090909361839294],
            [3, 12, 12, 0.04545454680919647],
            [3, 13, 0, 0.04545454680919647],
            [3, 13, 12, 0.04545454680919647],
            [3, 14, 1, 0.04545454680919647],
            [3, 15, 1, 0.04545454680919647],
            [4, 0, 6, 0.0555555559694767],
            [4, 1, 9, 0.0555555559694767],
            [4, 1, 11, 0.0555555559694767],
            [4, 4, 8, 0.0555555559694767],
            [4, 5, 1, 0.0555555559694767],
            [4, 6, 4, 0.0555555559694767],
            [4, 6, 8, 0.0555555559694767],
            [4, 7, 3, 0.0555555559694767],
            [4, 8, 16, 0.0555555559694767],
            [4, 9, 16, 0.0555555559694767],
            [4, 9, 17, 0.0555555559694767],
            [4, 13, 0, 0.0555555559694767],
            [4, 13, 16, 0.0555555559694767],
            [4, 14, 14, 0.0555555559694767],
            [4, 15, 0, 0.0555555559694767],
            [4, 16, 17, 0.0555555559694767],
            [4, 17, 0, 0.0555555559694767],
            [4, 18, 1, 0.0555555559694767]
        ]
    }
}