{
    "train_f1": 0.0,
    "train_prob": 0.0,
    "train_cov": 0.0,
    "valid_f1": 0.0,
    "valid_prob": 0.0,
    "valid_cov": 0.0,
    "len": 95,
    "binary_grammar": {
        "num_nt": 5,
        "num_pt": 14,
        "num_rhs": 361,
        "rule_probs": [
            [0, 2, 14, 0.0357142873108387],
            [0, 4, 14, 0.0357142873108387],
            [0, 5, 3, 0.0357142873108387],
            [0, 5, 5, 0.0357142873108387],
            [0, 5, 8, 0.0357142873108387],
            [0, 5, 15, 0.0357142873108387],
            [0, 6, 1, 0.0357142873108387],
            [0, 6, 5, 0.0357142873108387],
            [0, 6, 17, 0.0357142873108387],
            [0, 7, 8, 0.0357142873108387],
            [0, 7, 14, 0.0357142873108387],
            [0, 10, 1, 0.0357142873108387],
            [0, 11, 3, 0.0357142873108387],
            [0, 11, 4, 0.0357142873108387],
            [0, 11, 9, 0.0357142873108387],
            [0, 12, 11, 0.0357142873108387],
            [0, 14, 1, 0.0357142873108387],
            [0, 14, 8, 0.0714285746216774],
            [0, 14, 17, 0.0357142873108387],
            [0, 15, 9, 0.0357142873108387],
            [0, 16, 5, 0.0357142873108387],
            [0, 16, 8, 0.0357142873108387],
            [0, 17, 2, 0.0357142873108387],
            [0, 17, 9, 0.0357142873108387],
            [0, 17, 13, 0.0357142873108387],
            [0, 18, 8, 0.0357142873108387],
            [0, 18, 10, 0.0357142873108387],
            [1, 0, 10, 0.06666667014360428],
            [1, 1, 3, 0.06666667014360428],
            [1, 2, 15, 0.06666667014360428],
            [1, 5, 2, 0.06666667014360428],
            [1, 6, 14, 0.06666667014360428],
            [1, 9, 10, 0.06666667014360428],
            [1, 10, 8, 0.06666667014360428],
            [1, 12, 0, 0.06666667014360428],
            [1, 12, 11, 0.06666667014360428],
            [1, 13, 4, 0.06666667014360428],
            [1, 14, 10, 0.06666667014360428],
            [1, 15, 0, 0.06666667014360428],
            [1, 16, 6, 0.06666667014360428],
            [1, 18, 4, 0.06666667014360428],
            [1, 18, 16, 0.06666667014360428],
            [2, 0, 12, 0.06666667014360428],
            [2, 0, 13, 0.06666667014360428],
            [2, 2, 18, 0.06666667014360428],
            [2, 4, 1, 0.06666667014360428],
            [2, 5, 12, 0.06666667014360428],
            [2, 5, 18, 0.06666667014360428],
            [2, 8, 12, 0.06666667014360428],
            [2, 10, 10, 0.06666667014360428],
            [2, 12, 0, 0.06666667014360428],
            [2, 12, 8, 0.06666667014360428],
            [2, 13, 5, 0.06666667014360428],
            [2, 14, 4, 0.06666667014360428],
            [2, 15, 5, 0.06666667014360428],
            [2, 15, 9, 0.06666667014360428],
            [2, 16, 10, 0.06666667014360428],
            [3, 0, 7, 0.03846153989434242],
            [3, 0, 17, 0.07692307978868484],
            [3, 1, 3, 0.03846153989434242],
            [3, 4, 3, 0.07692307978868484],
            [3, 5, 16, 0.03846153989434242],
            [3, 6, 18, 0.03846153989434242],
            [3, 8, 4, 0.03846153989434242],
            [3, 9, 0, 0.03846153989434242],
            [3, 9, 3, 0.03846153989434242],
            [3, 9, 15, 0.03846153989434242],
            [3, 10, 5, 0.03846153989434242],
            [3, 10, 6, 0.07692307978868484],
            [3, 11, 4, 0.03846153989434242],
            [3, 11, 8, 0.03846153989434242],
            [3, 11, 16, 0.03846153989434242],
            [3, 13, 13, 0.03846153989434242],
            [3, 14, 1, 0.03846153989434242],
            [3, 14, 12, 0.03846153989434242],
            [3, 14, 13, 0.03846153989434242],
            [3, 15, 16, 0.03846153989434242],
            [3, 17, 12, 0.03846153989434242],
            [3, 18, 0, 0.03846153989434242],
            [3, 18, 8, 0.03846153989434242],
            [4, 1, 2, 0.0625],
            [4, 2, 3, 0.0625],
            [4, 2, 8, 0.0625],
            [4, 2, 17, 0.0625],
            [4, 4, 3, 0.0625],
            [4, 5, 7, 0.0625],
            [4, 6, 11, 0.0625],
            [4, 7, 12, 0.0625],
            [4, 9, 6, 0.0625],
            [4, 9, 8, 0.0625],
            [4, 12, 2, 0.0625],
            [4, 12, 18, 0.0625],
            [4, 15, 12, 0.0625],
            [4, 16, 10, 0.125],
            [4, 18, 2, 0.0625]
        ]
    }
}