{
    "train_f1": 0.0,
    "train_prob": 0.0,
    "train_cov": 0.0,
    "valid_f1": 0.0,
    "valid_prob": 0.0,
    "valid_cov": 0.0,
    "len": 97,
    "binary_grammar": {
        "num_nt": 5,
        "num_pt": 14,
        "num_rhs": 361,
        "rule_probs": [
            [0, 2, 11, 0.05263157933950424],
            [0, 4, 0, 0.05263157933950424],
            [0, 4, 5, 0.05263157933950424],
            [0, 4, 14, 0.05263157933950424],
            [0, 4, 18, 0.05263157933950424],
            [0, 5, 3, 0.05263157933950424],
            [0, 5, 10, 0.05263157933950424],
            [0, 8, 17, 0.05263157933950424],
            [0, 9, 5, 0.05263157933950424],
            [0, 9, 15, 0.05263157933950424],
            [0, 10, 1, 0.05263157933950424],
            [0, 11, 9, 0.05263157933950424],
            [0, 12, 0, 0.05263157933950424],
            [0, 12, 4, 0.05263157933950424],
            [0, 14, 7, 0.05263157933950424],
            [0, 14, 18, 0.05263157933950424],
            [0, 15, 0, 0.05263157933950424],
            [0, 17, 12, 0.05263157933950424],
            [0, 18, 1, 0.05263157933950424],
            [1, 1, 5, 0.05882352963089943],
            [1, 1, 17, 0.05882352963089943],
            [1, 2, 16, 0.05882352963089943],
            [1, 2, 17, 0.05882352963089943],
            [1, 3, 14, 0.05882352963089943],
            [1, 4, 10, 0.05882352963089943],
            [1, 5, 6, 0.05882352963089943],
            [1, 6, 4, 0.05882352963089943],
            [1, 9, 6, 0.05882352963089943],
            [1, 10, 0, 0.11764705926179886],
            [1, 10, 9, 0.05882352963089943],
            [1, 11, 15, 0.05882352963089943],
            [1, 13, 14, 0.05882352963089943],
            [1, 16, 6, 0.05882352963089943],
            [1, 18, 5, 0.05882352963089943],
            [1, 18, 9, 0.05882352963089943],
            [2, 0, 9, 0.05882352963089943],
            [2, 0, 11, 0.05882352963089943],
            [2, 1, 9, 0.05882352963089943],
            [2, 3, 10, 0.05882352963089943],
            [2, 3, 13, 0.05882352963089943],
            [2, 3, 16, 0.05882352963089943],
            [2, 4, 3, 0.05882352963089943],
            [2, 5, 2, 0.05882352963089943],
            [2, 7, 3, 0.05882352963089943],
            [2, 9, 16, 0.05882352963089943],
            [2, 10, 12, 0.05882352963089943],
            [2, 10, 17, 0.05882352963089943],
            [2, 14, 16, 0.05882352963089943],
            [2, 17, 3, 0.05882352963089943],
            [2, 17, 6, 0.05882352963089943],
            [2, 18, 2, 0.05882352963089943],
            [2, 18, 3, 0.05882352963089943],
            [3, 1, 0, 0.0476190485060215],
            [3, 1, 6, 0.0476190485060215],
            [3, 2, 4, 0.0476190485060215],
            [3, 3, 3, 0.0476190485060215],
            [3, 4, 6, 0.095238097012043],
            [3, 4, 15, 0.0476190485060215],
            [3, 5, 11, 0.0476190485060215],
            [3, 7, 12, 0.0476190485060215],
            [3, 8, 16, 0.0476190485060215],
            [3, 9, 11, 0.0476190485060215],
            [3, 9, 18, 0.0476190485060215],
            [3, 11, 16, 0.0476190485060215],
            [3, 12, 6, 0.0476190485060215],
            [3, 14, 0, 0.0476190485060215],
            [3, 16, 1, 0.0476190485060215],
            [3, 16, 2, 0.0476190485060215],
            [3, 16, 5, 0.0476190485060215],
            [3, 16, 8, 0.0476190485060215],
            [3, 17, 2, 0.0476190485060215],
            [3, 17, 13, 0.0476190485060215],
            [4, 0, 1, 0.03846153989434242],
            [4, 1, 0, 0.03846153989434242],
            [4, 1, 5, 0.03846153989434242],
            [4, 1, 13, 0.03846153989434242],
            [4, 2, 0, 0.03846153989434242],
            [4, 2, 7, 0.03846153989434242],
            [4, 2, 9, 0.03846153989434242],
            [4, 2, 16, 0.03846153989434242],
            [4, 4, 4, 0.03846153989434242],
            [4, 4, 6, 0.03846153989434242],
            [4, 4, 15, 0.03846153989434242],
            [4, 4, 17, 0.03846153989434242],
            [4, 5, 4, 0.03846153989434242],
            [4, 8, 14, 0.03846153989434242],
            [4, 8, 17, 0.03846153989434242],
            [4, 10, 0, 0.03846153989434242],
            [4, 10, 18, 0.07692307978868484],
            [4, 11, 15, 0.03846153989434242],
            [4, 12, 8, 0.03846153989434242],
            [4, 12, 11, 0.03846153989434242],
            [4, 13, 2, 0.03846153989434242],
            [4, 13, 9, 0.03846153989434242],
            [4, 14, 13, 0.03846153989434242],
            [4, 17, 4, 0.03846153989434242],
            [4, 18, 16, 0.03846153989434242]
        ]
    }
}