{
    "train_f1": 0.0,
    "train_prob": 0.0,
    "train_cov": 0.0,
    "valid_f1": 0.0,
    "valid_prob": 0.0,
    "valid_cov": 0.0,
    "len": 96,
    "binary_grammar": {
        "num_nt": 5,
        "num_pt": 14,
        "num_rhs": 361,
        "rule_probs": [
            [0, 0, 4, 0.0555555559694767],
            [0, 1, 13, 0.0555555559694767],
            [0, 2, 16, 0.0555555559694767],
            [0, 3, 5, 0.0555555559694767],
            [0, 5, 9, 0.0555555559694767],
            [0, 5, 18, 0.0555555559694767],
            [0, 6, 6, 0.0555555559694767],
            [0, 8, 7, 0.0555555559694767],
            [0, 10, 8, 0.0555555559694767],
            [0, 10, 15, 0.0555555559694767],
            [0, 11, 9, 0.0555555559694767],
            [0, 11, 16, 0.0555555559694767],
            [0, 12, 2, 0.0555555559694767],
            [0, 15, 0, 0.0555555559694767],
            [0, 15, 6, 0.0555555559694767],
            [0, 16, 2, 0.0555555559694767],
            [0, 18, 5, 0.0555555559694767],
            [0, 18, 16, 0.0555555559694767],
            [1, 1, 7, 0.05000000074505806],
            [1, 2, 4, 0.05000000074505806],
            [1, 3, 7, 0.10000000149011612],
            [1, 3, 8, 0.05000000074505806],
            [1, 3, 10, 0.05000000074505806],
            [1, 3, 16, 0.05000000074505806],
            [1, 6, 0, 0.05000000074505806],
            [1, 6, 12, 0.05000000074505806],
            [1, 6, 18, 0.05000000074505806],
            [1, 8, 6, 0.05000000074505806],
            [1, 8, 7, 0.05000000074505806],
            [1, 11, 0, 0.10000000149011612],
            [1, 12, 15, 0.05000000074505806],
            [1, 13, 6, 0.05000000074505806],
            [1, 15, 4, 0.05000000074505806],
            [1, 15, 8, 0.05000000074505806],
            [1, 15, 18, 0.05000000074505806],
            [1, 16, 8, 0.05000000074505806],
            [2, 0, 6, 0.05882352963089943],
            [2, 0, 15, 0.05882352963089943],
            [2, 1, 10, 0.05882352963089943],
            [2, 1, 17, 0.05882352963089943],
            [2, 2, 1, 0.05882352963089943],
            [2, 3, 1, 0.05882352963089943],
            [2, 4, 12, 0.05882352963089943],
            [2, 7, 12, 0.05882352963089943],
            [2, 8, 15, 0.05882352963089943],
            [2, 9, 7, 0.05882352963089943],
            [2, 9, 12, 0.05882352963089943],
            [2, 11, 13, 0.05882352963089943],
            [2, 13, 4, 0.05882352963089943],
            [2, 14, 7, 0.05882352963089943],
            [2, 16, 11, 0.05882352963089943],
            [2, 16, 13, 0.05882352963089943],
            [2, 18, 10, 0.05882352963089943],
            [3, 1, 11, 0.043478261679410934],
            [3, 1, 15, 0.043478261679410934],
            [3, 3, 6, 0.043478261679410934],
            [3, 3, 15, 0.043478261679410934],
            [3, 4, 16, 0.043478261679410934],
            [3, 6, 6, 0.043478261679410934],
            [3, 6, 7, 0.043478261679410934],
            [3, 6, 13, 0.043478261679410934],
            [3, 6, 16, 0.043478261679410934],
            [3, 10, 2, 0.043478261679410934],
            [3, 10, 6, 0.043478261679410934],
            [3, 10, 7, 0.043478261679410934],
            [3, 10, 13, 0.043478261679410934],
            [3, 10, 16, 0.043478261679410934],
            [3, 11, 12, 0.043478261679410934],
            [3, 12, 17, 0.043478261679410934],
            [3, 13, 4, 0.043478261679410934],
            [3, 13, 12, 0.043478261679410934],
            [3, 15, 2, 0.08695652335882187],
            [3, 15, 3, 0.043478261679410934],
            [3, 17, 17, 0.043478261679410934],
            [3, 18, 10, 0.043478261679410934],
            [4, 0, 11, 0.04545454680919647],
            [4, 1, 5, 0.04545454680919647],
            [4, 1, 12, 0.04545454680919647],
            [4, 2, 8, 0.04545454680919647],
            [4, 2, 16, 0.04545454680919647],
            [4, 3, 3, 0.04545454680919647],
            [4, 3, 8, 0.04545454680919647],
            [4, 4, 11, 0.04545454680919647],
            [4, 4, 14, 0.04545454680919647],
            [4, 5, 8, 0.04545454680919647],
            [4, 7, 6, 0.04545454680919647],
            [4, 8, 0, 0.04545454680919647],
            [4, 9, 1, 0.04545454680919647],
            [4, 9, 18, 0.09090909361839294],
            [4, 13, 4, 0.04545454680919647],
            [4, 13, 10, 0.04545454680919647],
            [4, 14, 3, 0.04545454680919647],
            [4, 14, 16, 0.04545454680919647],
            [4, 17, 4, 0.04545454680919647],
            [4, 17, 17, 0.04545454680919647],
            [4, 18, 16, 0.04545454680919647]
        ]
    }
}