{
    "train_f1": 0.0,
    "train_prob": 0.0,
    "train_cov": 0.0,
    "valid_f1": 0.0,
    "valid_prob": 0.0,
    "valid_cov": 0.0,
    "len": 93,
    "binary_grammar": {
        "num_nt": 5,
        "num_pt": 14,
        "num_rhs": 361,
        "rule_probs": [
            [0, 1, 7, 0.043478261679410934],
            [0, 2, 4, 0.043478261679410934],
            [0, 3, 8, 0.043478261679410934],
            [0, 5, 3, 0.043478261679410934],
            [0, 6, 7, 0.043478261679410934],
            [0, 6, 15, 0.08695652335882187],
            [0, 8, 0, 0.043478261679410934],
            [0, 8, 2, 0.043478261679410934],
            [0, 8, 8, 0.043478261679410934],
            [0, 9, 11, 0.043478261679410934],
            [0, 10, 14, 0.1304347813129425],
            [0, 11, 4, 0.043478261679410934],
            [0, 12, 14, 0.043478261679410934],
            [0, 13, 15, 0.043478261679410934],
            [0, 14, 7, 0.043478261679410934],
            [0, 15, 13, 0.043478261679410934],
            [0, 16, 1, 0.043478261679410934],
            [0, 16, 13, 0.043478261679410934],
            [0, 18, 2, 0.08695652335882187],
            [1, 0, 15, 0.125],
            [1, 2, 12, 0.125],
            [1, 4, 10, 0.125],
            [1, 8, 16, 0.125],
            [1, 9, 4, 0.125],
            [1, 9, 8, 0.125],
            [1, 13, 9, 0.125],
            [1, 14, 13, 0.125],
            [2, 0, 12, 0.043478261679410934],
            [2, 1, 16, 0.043478261679410934],
            [2, 2, 7, 0.043478261679410934],
            [2, 2, 9, 0.043478261679410934],
            [2, 3, 4, 0.043478261679410934],
            [2, 3, 15, 0.043478261679410934],
            [2, 4, 12, 0.043478261679410934],
            [2, 4, 13, 0.043478261679410934],
            [2, 5, 14, 0.043478261679410934],
            [2, 7, 1, 0.043478261679410934],
            [2, 7, 6, 0.043478261679410934],
            [2, 8, 0, 0.043478261679410934],
            [2, 9, 4, 0.043478261679410934],
            [2, 9, 10, 0.043478261679410934],
            [2, 11, 3, 0.043478261679410934],
            [2, 11, 8, 0.043478261679410934],
            [2, 13, 6, 0.043478261679410934],
            [2, 14, 12, 0.043478261679410934],
            [2, 14, 16, 0.043478261679410934],
            [2, 15, 11, 0.043478261679410934],
            [2, 17, 0, 0.043478261679410934],
            [2, 17, 10, 0.043478261679410934],
            [2, 18, 6, 0.043478261679410934],
            [3, 1, 4, 0.0476190485060215],
            [3, 1, 7, 0.0476190485060215],
            [3, 2, 0, 0.0476190485060215],
            [3, 2, 17, 0.0476190485060215],
            [3, 5, 5, 0.0476190485060215],
            [3, 5, 6, 0.0476190485060215],
            [3, 5, 15, 0.0476190485060215],
            [3, 6, 4, 0.095238097012043],
            [3, 6, 6, 0.0476190485060215],
            [3, 6, 9, 0.0476190485060215],
            [3, 6, 11, 0.0476190485060215],
            [3, 6, 13, 0.0476190485060215],
            [3, 7, 6, 0.0476190485060215],
            [3, 7, 17, 0.0476190485060215],
            [3, 9, 2, 0.0476190485060215],
            [3, 11, 1, 0.0476190485060215],
            [3, 11, 18, 0.0476190485060215],
            [3, 12, 4, 0.0476190485060215],
            [3, 14, 1, 0.0476190485060215],
            [3, 15, 14, 0.0476190485060215],
            [4, 2, 15, 0.03999999910593033],
            [4, 2, 18, 0.03999999910593033],
            [4, 3, 18, 0.03999999910593033],
            [4, 4, 4, 0.03999999910593033],
            [4, 6, 4, 0.07999999821186066],
            [4, 6, 11, 0.07999999821186066],
            [4, 9, 7, 0.03999999910593033],
            [4, 10, 13, 0.03999999910593033],
            [4, 11, 4, 0.03999999910593033],
            [4, 11, 8, 0.03999999910593033],
            [4, 11, 12, 0.03999999910593033],
            [4, 12, 1, 0.03999999910593033],
            [4, 12, 10, 0.03999999910593033],
            [4, 13, 0, 0.03999999910593033],
            [4, 13, 18, 0.03999999910593033],
            [4, 14, 13, 0.03999999910593033],
            [4, 14, 14, 0.03999999910593033],
            [4, 15, 4, 0.03999999910593033],
            [4, 15, 5, 0.03999999910593033],
            [4, 15, 13, 0.03999999910593033],
            [4, 16, 6, 0.03999999910593033],
            [4, 16, 7, 0.03999999910593033],
            [4, 16, 10, 0.03999999910593033]
        ]
    }
}