{
    "train_f1": 0.0,
    "train_prob": 0.0,
    "train_cov": 0.0,
    "valid_f1": 0.0,
    "valid_prob": 0.0,
    "valid_cov": 0.0,
    "len": 98,
    "binary_grammar": {
        "num_nt": 5,
        "num_pt": 14,
        "num_rhs": 361,
        "rule_probs": [
            [0, 0, 9, 0.04545454680919647],
            [0, 1, 7, 0.04545454680919647],
            [0, 2, 15, 0.04545454680919647],
            [0, 3, 11, 0.04545454680919647],
            [0, 5, 3, 0.04545454680919647],
            [0, 6, 18, 0.04545454680919647],
            [0, 7, 0, 0.04545454680919647],
            [0, 7, 13, 0.04545454680919647],
            [0, 9, 14, 0.04545454680919647],
            [0, 9, 15, 0.04545454680919647],
            [0, 10, 1, 0.04545454680919647],
            [0, 10, 8, 0.09090909361839294],
            [0, 11, 0, 0.04545454680919647],
            [0, 13, 1, 0.04545454680919647],
            [0, 13, 3, 0.04545454680919647],
            [0, 14, 5, 0.04545454680919647],
            [0, 15, 10, 0.04545454680919647],
            [0, 16, 8, 0.04545454680919647],
            [0, 17, 2, 0.04545454680919647],
            [0, 17, 7, 0.04545454680919647],
            [0, 18, 2, 0.04545454680919647],
            [1, 0, 11, 0.04545454680919647],
            [1, 2, 16, 0.04545454680919647],
            [1, 2, 17, 0.04545454680919647],
            [1, 3, 1, 0.04545454680919647],
            [1, 4, 10, 0.04545454680919647],
            [1, 5, 11, 0.04545454680919647],
            [1, 9, 2, 0.04545454680919647],
            [1, 9, 13, 0.04545454680919647],
            [1, 11, 6, 0.04545454680919647],
            [1, 11, 15, 0.04545454680919647],
            [1, 11, 17, 0.04545454680919647],
            [1, 13, 5, 0.04545454680919647],
            [1, 13, 10, 0.04545454680919647],
            [1, 14, 6, 0.04545454680919647],
            [1, 14, 8, 0.04545454680919647],
            [1, 14, 15, 0.04545454680919647],
            [1, 15, 11, 0.04545454680919647],
            [1, 16, 6, 0.04545454680919647],
            [1, 17, 4, 0.04545454680919647],
            [1, 17, 5, 0.04545454680919647],
            [1, 17, 13, 0.04545454680919647],
            [1, 18, 13, 0.04545454680919647],
            [2, 0, 9, 0.0476190485060215],
            [2, 1, 17, 0.0476190485060215],
            [2, 3, 6, 0.0476190485060215],
            [2, 3, 11, 0.0476190485060215],
            [2, 4, 4, 0.0476190485060215],
            [2, 4, 17, 0.0476190485060215],
            [2, 5, 10, 0.0476190485060215],
            [2, 6, 5, 0.0476190485060215],
            [2, 7, 9, 0.0476190485060215],
            [2, 8, 13, 0.0476190485060215],
            [2, 9, 16, 0.0476190485060215],
            [2, 12, 5, 0.0476190485060215],
            [2, 12, 11, 0.0476190485060215],
            [2, 12, 13, 0.0476190485060215],
            [2, 12, 14, 0.0476190485060215],
            [2, 13, 6, 0.0476190485060215],
            [2, 15, 8, 0.0476190485060215],
            [2, 15, 11, 0.0476190485060215],
            [2, 15, 18, 0.0476190485060215],
            [2, 16, 1, 0.0476190485060215],
            [2, 17, 18, 0.0476190485060215],
            [3, 1, 2, 0.05263157933950424],
            [3, 1, 4, 0.05263157933950424],
            [3, 1, 7, 0.05263157933950424],
            [3, 2, 12, 0.05263157933950424],
            [3, 3, 12, 0.05263157933950424],
            [3, 3, 16, 0.05263157933950424],
            [3, 5, 2, 0.05263157933950424],
            [3, 7, 8, 0.05263157933950424],
            [3, 7, 14, 0.05263157933950424],
            [3, 10, 9, 0.05263157933950424],
            [3, 12, 1, 0.05263157933950424],
            [3, 12, 3, 0.05263157933950424],
            [3, 12, 12, 0.05263157933950424],
            [3, 13, 2, 0.05263157933950424],
            [3, 13, 8, 0.05263157933950424],
            [3, 16, 4, 0.05263157933950424],
            [3, 16, 11, 0.05263157933950424],
            [3, 16, 14, 0.05263157933950424],
            [3, 16, 16, 0.05263157933950424],
            [4, 1, 8, 0.0625],
            [4, 1, 13, 0.0625],
            [4, 2, 8, 0.0625],
            [4, 2, 16, 0.0625],
            [4, 3, 16, 0.0625],
            [4, 5, 17, 0.0625],
            [4, 7, 18, 0.125],
            [4, 8, 12, 0.0625],
            [4, 9, 4, 0.0625],
            [4, 10, 13, 0.0625],
            [4, 13, 1, 0.0625],
            [4, 16, 10, 0.0625],
            [4, 18, 8, 0.0625],
            [4, 18, 13, 0.0625],
            [4, 18, 14, 0.0625]
        ]
    }
}