{
    "train_f1": 0.0,
    "train_prob": 0.0,
    "train_cov": 0.0,
    "valid_f1": 0.0,
    "valid_prob": 0.0,
    "valid_cov": 0.0,
    "len": 95,
    "binary_grammar": {
        "num_nt": 5,
        "num_pt": 14,
        "num_rhs": 361,
        "rule_probs": [
            [0, 0, 1, 0.03846153989434242],
            [0, 0, 8, 0.03846153989434242],
            [0, 0, 11, 0.03846153989434242],
            [0, 1, 2, 0.03846153989434242],
            [0, 1, 6, 0.03846153989434242],
            [0, 3, 2, 0.03846153989434242],
            [0, 4, 2, 0.03846153989434242],
            [0, 4, 8, 0.03846153989434242],
            [0, 4, 17, 0.03846153989434242],
            [0, 5, 8, 0.03846153989434242],
            [0, 5, 11, 0.07692307978868484],
            [0, 6, 15, 0.03846153989434242],
            [0, 8, 11, 0.03846153989434242],
            [0, 9, 7, 0.03846153989434242],
            [0, 12, 4, 0.03846153989434242],
            [0, 13, 2, 0.03846153989434242],
            [0, 13, 17, 0.07692307978868484],
            [0, 14, 11, 0.03846153989434242],
            [0, 15, 4, 0.03846153989434242],
            [0, 15, 17, 0.03846153989434242],
            [0, 16, 2, 0.03846153989434242],
            [0, 16, 5, 0.03846153989434242],
            [0, 17, 0, 0.03846153989434242],
            [0, 17, 3, 0.03846153989434242],
            [1, 0, 6, 0.05000000074505806],
            [1, 2, 0, 0.05000000074505806],
            [1, 2, 3, 0.05000000074505806],
            [1, 2, 13, 0.05000000074505806],
            [1, 2, 17, 0.05000000074505806],
            [1, 2, 18, 0.05000000074505806],
            [1, 4, 7, 0.05000000074505806],
            [1, 4, 11, 0.05000000074505806],
            [1, 4, 17, 0.05000000074505806],
            [1, 7, 7, 0.05000000074505806],
            [1, 8, 0, 0.05000000074505806],
            [1, 9, 5, 0.05000000074505806],
            [1, 10, 1, 0.05000000074505806],
            [1, 11, 12, 0.05000000074505806],
            [1, 13, 11, 0.05000000074505806],
            [1, 15, 11, 0.05000000074505806],
            [1, 16, 0, 0.05000000074505806],
            [1, 17, 3, 0.05000000074505806],
            [1, 18, 5, 0.05000000074505806],
            [1, 18, 6, 0.05000000074505806],
            [2, 0, 1, 0.05263157933950424],
            [2, 0, 13, 0.05263157933950424],
            [2, 3, 11, 0.05263157933950424],
            [2, 5, 8, 0.10526315867900848],
            [2, 5, 12, 0.05263157933950424],
            [2, 5, 14, 0.05263157933950424],
            [2, 7, 5, 0.05263157933950424],
            [2, 8, 17, 0.05263157933950424],
            [2, 9, 15, 0.05263157933950424],
            [2, 10, 15, 0.05263157933950424],
            [2, 11, 3, 0.05263157933950424],
            [2, 11, 4, 0.05263157933950424],
            [2, 11, 10, 0.05263157933950424],
            [2, 11, 14, 0.05263157933950424],
            [2, 16, 5, 0.05263157933950424],
            [2, 18, 1, 0.05263157933950424],
            [2, 18, 11, 0.05263157933950424],
            [2, 18, 15, 0.05263157933950424],
            [3, 0, 13, 0.05882352963089943],
            [3, 2, 4, 0.05882352963089943],
            [3, 3, 16, 0.05882352963089943],
            [3, 4, 18, 0.05882352963089943],
            [3, 5, 10, 0.05882352963089943],
            [3, 7, 7, 0.05882352963089943],
            [3, 8, 4, 0.05882352963089943],
            [3, 8, 11, 0.05882352963089943],
            [3, 8, 15, 0.05882352963089943],
            [3, 11, 9, 0.05882352963089943],
            [3, 11, 15, 0.05882352963089943],
            [3, 11, 18, 0.05882352963089943],
            [3, 12, 0, 0.05882352963089943],
            [3, 12, 4, 0.05882352963089943],
            [3, 12, 13, 0.05882352963089943],
            [3, 13, 9, 0.05882352963089943],
            [3, 14, 16, 0.05882352963089943],
            [4, 0, 5, 0.0555555559694767],
            [4, 5, 0, 0.0555555559694767],
            [4, 7, 5, 0.0555555559694767],
            [4, 7, 14, 0.0555555559694767],
            [4, 7, 18, 0.0555555559694767],
            [4, 8, 3, 0.0555555559694767],
            [4, 9, 13, 0.0555555559694767],
            [4, 11, 13, 0.0555555559694767],
            [4, 12, 13, 0.0555555559694767],
            [4, 13, 0, 0.1111111119389534],
            [4, 14, 1, 0.0555555559694767],
            [4, 16, 8, 0.0555555559694767],
            [4, 17, 7, 0.0555555559694767],
            [4, 18, 4, 0.0555555559694767],
            [4, 18, 16, 0.0555555559694767],
            [4, 18, 17, 0.1111111119389534]
        ]
    }
}