{
    "train_f1": 0.0,
    "train_prob": 0.0,
    "train_cov": 0.0,
    "valid_f1": 0.0,
    "valid_prob": 0.0,
    "valid_cov": 0.0,
    "len": 95,
    "binary_grammar": {
        "num_nt": 5,
        "num_pt": 14,
        "num_rhs": 361,
        "rule_probs": [
            [0, 1, 1, 0.03999999910593033],
            [0, 2, 1, 0.03999999910593033],
            [0, 2, 11, 0.11999999731779099],
            [0, 2, 13, 0.03999999910593033],
            [0, 3, 18, 0.03999999910593033],
            [0, 4, 9, 0.03999999910593033],
            [0, 5, 11, 0.03999999910593033],
            [0, 5, 16, 0.03999999910593033],
            [0, 6, 7, 0.03999999910593033],
            [0, 6, 17, 0.03999999910593033],
            [0, 7, 6, 0.03999999910593033],
            [0, 7, 12, 0.03999999910593033],
            [0, 9, 11, 0.03999999910593033],
            [0, 10, 4, 0.07999999821186066],
            [0, 10, 5, 0.03999999910593033],
            [0, 12, 4, 0.03999999910593033],
            [0, 12, 18, 0.03999999910593033],
            [0, 14, 15, 0.03999999910593033],
            [0, 15, 3, 0.03999999910593033],
            [0, 15, 17, 0.03999999910593033],
            [0, 17, 6, 0.03999999910593033],
            [0, 18, 1, 0.03999999910593033],
            [1, 0, 7, 0.0714285746216774],
            [1, 1, 0, 0.0714285746216774],
            [1, 2, 0, 0.0714285746216774],
            [1, 2, 9, 0.0714285746216774],
            [1, 2, 17, 0.0714285746216774],
            [1, 5, 0, 0.0714285746216774],
            [1, 5, 7, 0.1428571492433548],
            [1, 7, 14, 0.0714285746216774],
            [1, 8, 8, 0.0714285746216774],
            [1, 11, 13, 0.0714285746216774],
            [1, 12, 16, 0.0714285746216774],
            [1, 15, 1, 0.0714285746216774],
            [1, 17, 2, 0.0714285746216774],
            [2, 0, 0, 0.05000000074505806],
            [2, 0, 2, 0.05000000074505806],
            [2, 0, 10, 0.05000000074505806],
            [2, 1, 2, 0.05000000074505806],
            [2, 3, 2, 0.05000000074505806],
            [2, 4, 1, 0.05000000074505806],
            [2, 5, 2, 0.05000000074505806],
            [2, 9, 1, 0.05000000074505806],
            [2, 9, 5, 0.05000000074505806],
            [2, 9, 6, 0.05000000074505806],
            [2, 10, 3, 0.10000000149011612],
            [2, 10, 7, 0.05000000074505806],
            [2, 11, 1, 0.05000000074505806],
            [2, 14, 4, 0.05000000074505806],
            [2, 14, 17, 0.05000000074505806],
            [2, 15, 0, 0.05000000074505806],
            [2, 17, 5, 0.05000000074505806],
            [2, 17, 11, 0.05000000074505806],
            [2, 18, 6, 0.05000000074505806],
            [3, 0, 14, 0.0476190485060215],
            [3, 1, 10, 0.0476190485060215],
            [3, 1, 17, 0.0476190485060215],
            [3, 4, 1, 0.0476190485060215],
            [3, 6, 9, 0.0476190485060215],
            [3, 7, 7, 0.0476190485060215],
            [3, 7, 17, 0.0476190485060215],
            [3, 8, 4, 0.0476190485060215],
            [3, 8, 13, 0.0476190485060215],
            [3, 8, 14, 0.0476190485060215],
            [3, 8, 17, 0.0476190485060215],
            [3, 11, 4, 0.0476190485060215],
            [3, 11, 14, 0.0476190485060215],
            [3, 14, 3, 0.0476190485060215],
            [3, 14, 14, 0.0476190485060215],
            [3, 14, 15, 0.0476190485060215],
            [3, 15, 16, 0.0476190485060215],
            [3, 16, 7, 0.0476190485060215],
            [3, 17, 0, 0.0476190485060215],
            [3, 17, 4, 0.0476190485060215],
            [3, 18, 2, 0.0476190485060215],
            [4, 0, 9, 0.05000000074505806],
            [4, 1, 2, 0.05000000074505806],
            [4, 1, 6, 0.05000000074505806],
            [4, 1, 14, 0.05000000074505806],
            [4, 2, 18, 0.05000000074505806],
            [4, 4, 15, 0.05000000074505806],
            [4, 4, 18, 0.05000000074505806],
            [4, 5, 4, 0.05000000074505806],
            [4, 6, 11, 0.05000000074505806],
            [4, 8, 2, 0.05000000074505806],
            [4, 10, 6, 0.05000000074505806],
            [4, 11, 18, 0.05000000074505806],
            [4, 12, 7, 0.05000000074505806],
            [4, 12, 8, 0.05000000074505806],
            [4, 14, 1, 0.05000000074505806],
            [4, 15, 3, 0.05000000074505806],
            [4, 15, 10, 0.05000000074505806],
            [4, 16, 13, 0.05000000074505806],
            [4, 18, 14, 0.05000000074505806],
            [4, 18, 17, 0.05000000074505806]
        ]
    }
}