{
    "train_f1": 0.0,
    "train_prob": 0.0,
    "train_cov": 0.0,
    "valid_f1": 0.0,
    "valid_prob": 0.0,
    "valid_cov": 0.0,
    "len": 96,
    "binary_grammar": {
        "num_nt": 5,
        "num_pt": 14,
        "num_rhs": 361,
        "rule_probs": [
            [0, 0, 4, 0.0833333358168602],
            [0, 0, 10, 0.0833333358168602],
            [0, 2, 7, 0.0833333358168602],
            [0, 3, 8, 0.0833333358168602],
            [0, 6, 15, 0.0833333358168602],
            [0, 7, 14, 0.0833333358168602],
            [0, 12, 18, 0.0833333358168602],
            [0, 13, 12, 0.0833333358168602],
            [0, 13, 18, 0.0833333358168602],
            [0, 14, 17, 0.0833333358168602],
            [0, 15, 10, 0.0833333358168602],
            [0, 16, 17, 0.0833333358168602],
            [1, 0, 1, 0.043478261679410934],
            [1, 0, 13, 0.043478261679410934],
            [1, 0, 17, 0.043478261679410934],
            [1, 2, 17, 0.043478261679410934],
            [1, 4, 11, 0.043478261679410934],
            [1, 5, 7, 0.043478261679410934],
            [1, 5, 16, 0.043478261679410934],
            [1, 6, 0, 0.043478261679410934],
            [1, 6, 6, 0.043478261679410934],
            [1, 6, 12, 0.043478261679410934],
            [1, 6, 14, 0.043478261679410934],
            [1, 9, 4, 0.043478261679410934],
            [1, 9, 5, 0.043478261679410934],
            [1, 10, 8, 0.043478261679410934],
            [1, 14, 4, 0.043478261679410934],
            [1, 15, 0, 0.043478261679410934],
            [1, 16, 4, 0.08695652335882187],
            [1, 16, 6, 0.043478261679410934],
            [1, 16, 11, 0.043478261679410934],
            [1, 17, 5, 0.043478261679410934],
            [1, 18, 2, 0.043478261679410934],
            [1, 18, 4, 0.043478261679410934],
            [2, 0, 11, 0.043478261679410934],
            [2, 0, 12, 0.043478261679410934],
            [2, 2, 10, 0.043478261679410934],
            [2, 3, 3, 0.043478261679410934],
            [2, 3, 11, 0.043478261679410934],
            [2, 3, 15, 0.043478261679410934],
            [2, 4, 5, 0.043478261679410934],
            [2, 5, 13, 0.043478261679410934],
            [2, 7, 1, 0.043478261679410934],
            [2, 7, 8, 0.043478261679410934],
            [2, 8, 10, 0.043478261679410934],
            [2, 8, 12, 0.043478261679410934],
            [2, 8, 16, 0.043478261679410934],
            [2, 9, 3, 0.08695652335882187],
            [2, 11, 6, 0.043478261679410934],
            [2, 13, 11, 0.043478261679410934],
            [2, 13, 16, 0.043478261679410934],
            [2, 14, 1, 0.043478261679410934],
            [2, 15, 3, 0.043478261679410934],
            [2, 17, 10, 0.043478261679410934],
            [2, 18, 8, 0.043478261679410934],
            [2, 18, 15, 0.043478261679410934],
            [3, 1, 14, 0.043478261679410934],
            [3, 2, 7, 0.043478261679410934],
            [3, 3, 13, 0.043478261679410934],
            [3, 3, 15, 0.043478261679410934],
            [3, 4, 2, 0.043478261679410934],
            [3, 4, 5, 0.043478261679410934],
            [3, 5, 8, 0.043478261679410934],
            [3, 5, 11, 0.043478261679410934],
            [3, 5, 15, 0.043478261679410934],
            [3, 6, 4, 0.08695652335882187],
            [3, 6, 11, 0.043478261679410934],
            [3, 6, 14, 0.043478261679410934],
            [3, 7, 17, 0.043478261679410934],
            [3, 10, 5, 0.043478261679410934],
            [3, 12, 16, 0.043478261679410934],
            [3, 13, 9, 0.043478261679410934],
            [3, 14, 8, 0.043478261679410934],
            [3, 15, 17, 0.043478261679410934],
            [3, 16, 7, 0.043478261679410934],
            [3, 16, 14, 0.08695652335882187],
            [3, 18, 17, 0.043478261679410934],
            [4, 1, 0, 0.05263157933950424],
            [4, 5, 10, 0.05263157933950424],
            [4, 5, 12, 0.05263157933950424],
            [4, 5, 18, 0.05263157933950424],
            [4, 6, 11, 0.05263157933950424],
            [4, 7, 1, 0.05263157933950424],
            [4, 7, 4, 0.05263157933950424],
            [4, 8, 17, 0.05263157933950424],
            [4, 9, 7, 0.05263157933950424],
            [4, 9, 17, 0.05263157933950424],
            [4, 10, 14, 0.05263157933950424],
            [4, 11, 4, 0.05263157933950424],
            [4, 11, 14, 0.05263157933950424],
            [4, 12, 15, 0.05263157933950424],
            [4, 14, 1, 0.05263157933950424],
            [4, 14, 3, 0.05263157933950424],
            [4, 14, 8, 0.05263157933950424],
            [4, 15, 1, 0.05263157933950424],
            [4, 17, 13, 0.05263157933950424]
        ]
    }
}