{
    "train_f1": 0.0,
    "train_prob": 0.0,
    "train_cov": 0.0,
    "valid_f1": 0.0,
    "valid_prob": 0.0,
    "valid_cov": 0.0,
    "len": 96,
    "binary_grammar": {
        "num_nt": 5,
        "num_pt": 14,
        "num_rhs": 361,
        "rule_probs": [
            [0, 0, 7, 0.04545454680919647],
            [0, 2, 11, 0.04545454680919647],
            [0, 2, 18, 0.04545454680919647],
            [0, 4, 0, 0.04545454680919647],
            [0, 4, 3, 0.09090909361839294],
            [0, 5, 17, 0.04545454680919647],
            [0, 6, 5, 0.04545454680919647],
            [0, 7, 4, 0.04545454680919647],
            [0, 7, 6, 0.04545454680919647],
            [0, 8, 10, 0.04545454680919647],
            [0, 8, 16, 0.04545454680919647],
            [0, 10, 1, 0.04545454680919647],
            [0, 10, 14, 0.04545454680919647],
            [0, 11, 4, 0.04545454680919647],
            [0, 13, 1, 0.04545454680919647],
            [0, 14, 11, 0.04545454680919647],
            [0, 14, 13, 0.04545454680919647],
            [0, 14, 16, 0.04545454680919647],
            [0, 15, 4, 0.09090909361839294],
            [0, 18, 13, 0.04545454680919647],
            [1, 0, 14, 0.0416666679084301],
            [1, 1, 4, 0.0416666679084301],
            [1, 2, 0, 0.0416666679084301],
            [1, 3, 4, 0.0416666679084301],
            [1, 4, 2, 0.0416666679084301],
            [1, 4, 3, 0.0416666679084301],
            [1, 5, 4, 0.0416666679084301],
            [1, 5, 6, 0.0416666679084301],
            [1, 5, 16, 0.0416666679084301],
            [1, 6, 0, 0.0416666679084301],
            [1, 6, 15, 0.0416666679084301],
            [1, 6, 18, 0.0416666679084301],
            [1, 8, 1, 0.0416666679084301],
            [1, 9, 5, 0.0416666679084301],
            [1, 9, 10, 0.0416666679084301],
            [1, 12, 11, 0.0416666679084301],
            [1, 13, 1, 0.0416666679084301],
            [1, 13, 4, 0.0416666679084301],
            [1, 13, 6, 0.0416666679084301],
            [1, 14, 7, 0.0416666679084301],
            [1, 15, 7, 0.0416666679084301],
            [1, 17, 4, 0.0416666679084301],
            [1, 17, 16, 0.0416666679084301],
            [1, 18, 3, 0.0416666679084301],
            [2, 0, 13, 0.05263157933950424],
            [2, 1, 7, 0.05263157933950424],
            [2, 1, 18, 0.05263157933950424],
            [2, 2, 6, 0.05263157933950424],
            [2, 3, 9, 0.05263157933950424],
            [2, 3, 15, 0.05263157933950424],
            [2, 3, 16, 0.05263157933950424],
            [2, 4, 13, 0.05263157933950424],
            [2, 5, 7, 0.05263157933950424],
            [2, 8, 0, 0.05263157933950424],
            [2, 8, 13, 0.05263157933950424],
            [2, 9, 11, 0.05263157933950424],
            [2, 9, 15, 0.05263157933950424],
            [2, 11, 11, 0.05263157933950424],
            [2, 12, 4, 0.05263157933950424],
            [2, 14, 1, 0.05263157933950424],
            [2, 14, 8, 0.05263157933950424],
            [2, 14, 18, 0.05263157933950424],
            [2, 17, 14, 0.05263157933950424],
            [3, 3, 11, 0.05263157933950424],
            [3, 4, 1, 0.05263157933950424],
            [3, 6, 4, 0.05263157933950424],
            [3, 6, 13, 0.05263157933950424],
            [3, 7, 7, 0.05263157933950424],
            [3, 7, 14, 0.05263157933950424],
            [3, 7, 17, 0.10526315867900848],
            [3, 9, 17, 0.05263157933950424],
            [3, 10, 16, 0.05263157933950424],
            [3, 11, 2, 0.05263157933950424],
            [3, 11, 3, 0.05263157933950424],
            [3, 11, 8, 0.05263157933950424],
            [3, 11, 18, 0.05263157933950424],
            [3, 12, 5, 0.05263157933950424],
            [3, 15, 4, 0.05263157933950424],
            [3, 15, 16, 0.05263157933950424],
            [3, 16, 9, 0.05263157933950424],
            [3, 17, 1, 0.05263157933950424],
            [4, 0, 5, 0.0625],
            [4, 1, 12, 0.125],
            [4, 1, 13, 0.0625],
            [4, 3, 8, 0.0625],
            [4, 3, 10, 0.0625],
            [4, 3, 15, 0.0625],
            [4, 7, 3, 0.0625],
            [4, 9, 5, 0.0625],
            [4, 12, 2, 0.0625],
            [4, 12, 8, 0.0625],
            [4, 14, 8, 0.0625],
            [4, 15, 5, 0.0625],
            [4, 18, 7, 0.0625],
            [4, 18, 11, 0.0625],
            [4, 18, 16, 0.0625]
        ]
    }
}