{
    "train_f1": 0.0,
    "train_prob": 0.0,
    "train_cov": 0.0,
    "valid_f1": 0.0,
    "valid_prob": 0.0,
    "valid_cov": 0.0,
    "len": 96,
    "binary_grammar": {
        "num_nt": 5,
        "num_pt": 14,
        "num_rhs": 361,
        "rule_probs": [
            [0, 0, 13, 0.043478261679410934],
            [0, 0, 16, 0.043478261679410934],
            [0, 1, 13, 0.043478261679410934],
            [0, 2, 3, 0.043478261679410934],
            [0, 2, 4, 0.043478261679410934],
            [0, 2, 11, 0.08695652335882187],
            [0, 3, 3, 0.043478261679410934],
            [0, 4, 14, 0.043478261679410934],
            [0, 5, 7, 0.043478261679410934],
            [0, 5, 11, 0.043478261679410934],
            [0, 5, 13, 0.043478261679410934],
            [0, 7, 11, 0.043478261679410934],
            [0, 9, 2, 0.08695652335882187],
            [0, 10, 1, 0.043478261679410934],
            [0, 10, 10, 0.043478261679410934],
            [0, 11, 2, 0.043478261679410934],
            [0, 13, 12, 0.043478261679410934],
            [0, 14, 18, 0.043478261679410934],
            [0, 18, 1, 0.043478261679410934],
            [0, 18, 3, 0.043478261679410934],
            [0, 18, 13, 0.043478261679410934],
            [1, 0, 6, 0.05263157933950424],
            [1, 0, 10, 0.05263157933950424],
            [1, 2, 13, 0.05263157933950424],
            [1, 3, 13, 0.05263157933950424],
            [1, 4, 2, 0.05263157933950424],
            [1, 4, 8, 0.05263157933950424],
            [1, 5, 12, 0.05263157933950424],
            [1, 8, 4, 0.05263157933950424],
            [1, 9, 1, 0.05263157933950424],
            [1, 9, 5, 0.05263157933950424],
            [1, 9, 6, 0.05263157933950424],
            [1, 9, 9, 0.05263157933950424],
            [1, 11, 2, 0.05263157933950424],
            [1, 11, 9, 0.05263157933950424],
            [1, 12, 7, 0.05263157933950424],
            [1, 15, 0, 0.05263157933950424],
            [1, 15, 15, 0.05263157933950424],
            [1, 16, 8, 0.05263157933950424],
            [1, 18, 14, 0.05263157933950424],
            [2, 1, 9, 0.0555555559694767],
            [2, 1, 12, 0.0555555559694767],
            [2, 2, 17, 0.0555555559694767],
            [2, 3, 11, 0.0555555559694767],
            [2, 3, 15, 0.0555555559694767],
            [2, 3, 16, 0.0555555559694767],
            [2, 3, 18, 0.0555555559694767],
            [2, 4, 2, 0.0555555559694767],
            [2, 4, 8, 0.0555555559694767],
            [2, 6, 3, 0.0555555559694767],
            [2, 7, 14, 0.0555555559694767],
            [2, 8, 10, 0.0555555559694767],
            [2, 9, 2, 0.0555555559694767],
            [2, 9, 6, 0.0555555559694767],
            [2, 12, 10, 0.0555555559694767],
            [2, 12, 13, 0.0555555559694767],
            [2, 18, 6, 0.0555555559694767],
            [2, 18, 7, 0.0555555559694767],
            [3, 0, 14, 0.03999999910593033],
            [3, 1, 5, 0.03999999910593033],
            [3, 2, 4, 0.03999999910593033],
            [3, 2, 14, 0.03999999910593033],
            [3, 3, 16, 0.03999999910593033],
            [3, 4, 15, 0.03999999910593033],
            [3, 5, 0, 0.03999999910593033],
            [3, 5, 8, 0.03999999910593033],
            [3, 6, 11, 0.03999999910593033],
            [3, 6, 13, 0.03999999910593033],
            [3, 6, 14, 0.03999999910593033],
            [3, 7, 17, 0.03999999910593033],
            [3, 9, 2, 0.03999999910593033],
            [3, 10, 10, 0.03999999910593033],
            [3, 11, 15, 0.03999999910593033],
            [3, 12, 12, 0.03999999910593033],
            [3, 13, 11, 0.03999999910593033],
            [3, 14, 7, 0.03999999910593033],
            [3, 14, 14, 0.03999999910593033],
            [3, 15, 7, 0.03999999910593033],
            [3, 16, 8, 0.03999999910593033],
            [3, 17, 1, 0.07999999821186066],
            [3, 18, 5, 0.07999999821186066],
            [4, 1, 1, 0.06666667014360428],
            [4, 2, 0, 0.06666667014360428],
            [4, 2, 9, 0.06666667014360428],
            [4, 3, 3, 0.06666667014360428],
            [4, 3, 18, 0.06666667014360428],
            [4, 5, 18, 0.06666667014360428],
            [4, 6, 4, 0.06666667014360428],
            [4, 7, 3, 0.06666667014360428],
            [4, 9, 10, 0.06666667014360428],
            [4, 10, 9, 0.06666667014360428],
            [4, 11, 13, 0.06666667014360428],
            [4, 12, 7, 0.06666667014360428],
            [4, 12, 11, 0.06666667014360428],
            [4, 16, 2, 0.06666667014360428],
            [4, 16, 5, 0.06666667014360428]
        ]
    }
}