{
    "train_f1": 0.0,
    "train_prob": 0.0,
    "train_cov": 0.0,
    "valid_f1": 0.0,
    "valid_prob": 0.0,
    "valid_cov": 0.0,
    "len": 92,
    "binary_grammar": {
        "num_nt": 5,
        "num_pt": 14,
        "num_rhs": 361,
        "rule_probs": [
            [0, 0, 2, 0.04545454680919647],
            [0, 0, 5, 0.04545454680919647],
            [0, 0, 10, 0.04545454680919647],
            [0, 1, 0, 0.04545454680919647],
            [0, 1, 1, 0.04545454680919647],
            [0, 1, 7, 0.04545454680919647],
            [0, 2, 11, 0.04545454680919647],
            [0, 5, 3, 0.13636364042758942],
            [0, 5, 4, 0.04545454680919647],
            [0, 6, 10, 0.04545454680919647],
            [0, 10, 2, 0.04545454680919647],
            [0, 10, 14, 0.04545454680919647],
            [0, 14, 0, 0.09090909361839294],
            [0, 15, 3, 0.04545454680919647],
            [0, 15, 7, 0.04545454680919647],
            [0, 16, 6, 0.09090909361839294],
            [0, 17, 11, 0.04545454680919647],
            [0, 18, 10, 0.04545454680919647],
            [1, 0, 16, 0.0476190485060215],
            [1, 0, 18, 0.0476190485060215],
            [1, 1, 0, 0.0476190485060215],
            [1, 1, 16, 0.0476190485060215],
            [1, 4, 11, 0.095238097012043],
            [1, 5, 14, 0.0476190485060215],
            [1, 8, 13, 0.0476190485060215],
            [1, 9, 1, 0.0476190485060215],
            [1, 10, 6, 0.0476190485060215],
            [1, 13, 9, 0.0476190485060215],
            [1, 14, 2, 0.0476190485060215],
            [1, 14, 3, 0.0476190485060215],
            [1, 14, 9, 0.0476190485060215],
            [1, 16, 2, 0.0476190485060215],
            [1, 16, 4, 0.0476190485060215],
            [1, 16, 9, 0.0476190485060215],
            [1, 16, 11, 0.0476190485060215],
            [1, 16, 16, 0.095238097012043],
            [1, 18, 0, 0.0476190485060215],
            [2, 1, 9, 0.0476190485060215],
            [2, 2, 9, 0.0476190485060215],
            [2, 3, 18, 0.0476190485060215],
            [2, 4, 0, 0.0476190485060215],
            [2, 4, 7, 0.0476190485060215],
            [2, 4, 8, 0.0476190485060215],
            [2, 4, 17, 0.0476190485060215],
            [2, 6, 4, 0.0476190485060215],
            [2, 6, 5, 0.0476190485060215],
            [2, 7, 2, 0.0476190485060215],
            [2, 8, 11, 0.0476190485060215],
            [2, 9, 11, 0.0476190485060215],
            [2, 10, 7, 0.0476190485060215],
            [2, 11, 8, 0.0476190485060215],
            [2, 13, 18, 0.0476190485060215],
            [2, 14, 1, 0.0476190485060215],
            [2, 15, 4, 0.0476190485060215],
            [2, 15, 17, 0.0476190485060215],
            [2, 17, 2, 0.0476190485060215],
            [2, 17, 14, 0.0476190485060215],
            [2, 18, 0, 0.0476190485060215],
            [3, 0, 16, 0.05000000074505806],
            [3, 2, 10, 0.05000000074505806],
            [3, 2, 13, 0.05000000074505806],
            [3, 5, 2, 0.05000000074505806],
            [3, 6, 4, 0.10000000149011612],
            [3, 7, 17, 0.05000000074505806],
            [3, 7, 18, 0.05000000074505806],
            [3, 8, 11, 0.05000000074505806],
            [3, 9, 3, 0.05000000074505806],
            [3, 9, 14, 0.05000000074505806],
            [3, 11, 18, 0.05000000074505806],
            [3, 13, 10, 0.05000000074505806],
            [3, 14, 0, 0.05000000074505806],
            [3, 14, 17, 0.05000000074505806],
            [3, 15, 4, 0.05000000074505806],
            [3, 15, 13, 0.05000000074505806],
            [3, 16, 10, 0.05000000074505806],
            [3, 17, 1, 0.05000000074505806],
            [3, 17, 11, 0.05000000074505806],
            [4, 0, 3, 0.0625],
            [4, 0, 8, 0.0625],
            [4, 1, 18, 0.0625],
            [4, 3, 6, 0.0625],
            [4, 3, 7, 0.0625],
            [4, 3, 8, 0.0625],
            [4, 3, 15, 0.0625],
            [4, 3, 18, 0.0625],
            [4, 4, 8, 0.0625],
            [4, 4, 11, 0.0625],
            [4, 6, 11, 0.0625],
            [4, 7, 1, 0.0625],
            [4, 8, 12, 0.125],
            [4, 9, 1, 0.0625],
            [4, 9, 18, 0.0625]
        ]
    }
}