{
    "train_f1": 0.0,
    "train_prob": 0.0,
    "train_cov": 0.0,
    "valid_f1": 0.0,
    "valid_prob": 0.0,
    "valid_cov": 0.0,
    "len": 92,
    "binary_grammar": {
        "num_nt": 5,
        "num_pt": 14,
        "num_rhs": 361,
        "rule_probs": [
            [0, 0, 17, 0.0476190485060215],
            [0, 1, 3, 0.0476190485060215],
            [0, 1, 7, 0.0476190485060215],
            [0, 1, 15, 0.0476190485060215],
            [0, 2, 11, 0.0476190485060215],
            [0, 3, 1, 0.0476190485060215],
            [0, 3, 3, 0.0476190485060215],
            [0, 3, 8, 0.0476190485060215],
            [0, 3, 9, 0.0476190485060215],
            [0, 5, 8, 0.0476190485060215],
            [0, 6, 2, 0.0476190485060215],
            [0, 8, 3, 0.0476190485060215],
            [0, 8, 7, 0.0476190485060215],
            [0, 9, 17, 0.0476190485060215],
            [0, 11, 15, 0.0476190485060215],
            [0, 12, 2, 0.0476190485060215],
            [0, 13, 3, 0.0476190485060215],
            [0, 13, 16, 0.0476190485060215],
            [0, 13, 18, 0.0476190485060215],
            [0, 15, 12, 0.0476190485060215],
            [0, 15, 15, 0.0476190485060215],
            [1, 0, 0, 0.05263157933950424],
            [1, 0, 17, 0.05263157933950424],
            [1, 2, 0, 0.10526315867900848],
            [1, 2, 17, 0.05263157933950424],
            [1, 4, 2, 0.05263157933950424],
            [1, 6, 0, 0.05263157933950424],
            [1, 6, 6, 0.05263157933950424],
            [1, 6, 18, 0.05263157933950424],
            [1, 7, 16, 0.05263157933950424],
            [1, 9, 8, 0.05263157933950424],
            [1, 12, 10, 0.05263157933950424],
            [1, 14, 8, 0.10526315867900848],
            [1, 16, 5, 0.05263157933950424],
            [1, 16, 6, 0.10526315867900848],
            [1, 16, 11, 0.05263157933950424],
            [1, 18, 5, 0.05263157933950424],
            [2, 0, 2, 0.0714285746216774],
            [2, 1, 2, 0.0714285746216774],
            [2, 3, 7, 0.0714285746216774],
            [2, 3, 11, 0.0714285746216774],
            [2, 3, 15, 0.0714285746216774],
            [2, 4, 0, 0.0714285746216774],
            [2, 4, 3, 0.0714285746216774],
            [2, 5, 0, 0.0714285746216774],
            [2, 6, 16, 0.0714285746216774],
            [2, 7, 14, 0.0714285746216774],
            [2, 9, 8, 0.0714285746216774],
            [2, 13, 5, 0.0714285746216774],
            [2, 13, 16, 0.0714285746216774],
            [2, 18, 16, 0.0714285746216774],
            [3, 0, 0, 0.03703703731298447],
            [3, 1, 11, 0.03703703731298447],
            [3, 3, 3, 0.03703703731298447],
            [3, 3, 9, 0.03703703731298447],
            [3, 4, 3, 0.03703703731298447],
            [3, 5, 0, 0.03703703731298447],
            [3, 5, 4, 0.03703703731298447],
            [3, 5, 15, 0.07407407462596893],
            [3, 6, 3, 0.03703703731298447],
            [3, 6, 4, 0.07407407462596893],
            [3, 6, 14, 0.07407407462596893],
            [3, 9, 0, 0.03703703731298447],
            [3, 9, 2, 0.03703703731298447],
            [3, 11, 2, 0.03703703731298447],
            [3, 11, 3, 0.03703703731298447],
            [3, 11, 18, 0.03703703731298447],
            [3, 12, 18, 0.03703703731298447],
            [3, 13, 6, 0.03703703731298447],
            [3, 14, 16, 0.03703703731298447],
            [3, 15, 1, 0.03703703731298447],
            [3, 15, 17, 0.03703703731298447],
            [3, 16, 13, 0.03703703731298447],
            [3, 16, 15, 0.03703703731298447],
            [3, 17, 5, 0.03703703731298447],
            [4, 0, 7, 0.05263157933950424],
            [4, 0, 13, 0.05263157933950424],
            [4, 3, 18, 0.05263157933950424],
            [4, 4, 7, 0.05263157933950424],
            [4, 6, 4, 0.05263157933950424],
            [4, 6, 11, 0.05263157933950424],
            [4, 8, 2, 0.05263157933950424],
            [4, 11, 12, 0.05263157933950424],
            [4, 11, 13, 0.05263157933950424],
            [4, 12, 4, 0.05263157933950424],
            [4, 13, 0, 0.10526315867900848],
            [4, 13, 15, 0.05263157933950424],
            [4, 14, 12, 0.05263157933950424],
            [4, 14, 14, 0.05263157933950424],
            [4, 15, 4, 0.10526315867900848],
            [4, 16, 1, 0.05263157933950424],
            [4, 17, 2, 0.05263157933950424]
        ]
    }
}