{
    "train_f1": 0.0,
    "train_prob": 0.0,
    "train_cov": 0.0,
    "valid_f1": 0.0,
    "valid_prob": 0.0,
    "valid_cov": 0.0,
    "len": 94,
    "binary_grammar": {
        "num_nt": 5,
        "num_pt": 14,
        "num_rhs": 361,
        "rule_probs": [
            [0, 0, 16, 0.05000000074505806],
            [0, 2, 7, 0.05000000074505806],
            [0, 2, 11, 0.05000000074505806],
            [0, 4, 3, 0.05000000074505806],
            [0, 4, 9, 0.05000000074505806],
            [0, 4, 15, 0.05000000074505806],
            [0, 5, 11, 0.05000000074505806],
            [0, 6, 13, 0.05000000074505806],
            [0, 7, 12, 0.05000000074505806],
            [0, 9, 1, 0.05000000074505806],
            [0, 10, 5, 0.05000000074505806],
            [0, 11, 5, 0.10000000149011612],
            [0, 11, 12, 0.05000000074505806],
            [0, 13, 11, 0.05000000074505806],
            [0, 14, 7, 0.05000000074505806],
            [0, 14, 13, 0.05000000074505806],
            [0, 16, 17, 0.05000000074505806],
            [0, 17, 10, 0.05000000074505806],
            [0, 17, 13, 0.05000000074505806],
            [1, 0, 4, 0.05882352963089943],
            [1, 0, 18, 0.05882352963089943],
            [1, 2, 3, 0.05882352963089943],
            [1, 2, 8, 0.05882352963089943],
            [1, 2, 17, 0.11764705926179886],
            [1, 6, 18, 0.05882352963089943],
            [1, 8, 12, 0.05882352963089943],
            [1, 8, 15, 0.05882352963089943],
            [1, 9, 8, 0.05882352963089943],
            [1, 11, 12, 0.05882352963089943],
            [1, 11, 15, 0.05882352963089943],
            [1, 14, 9, 0.05882352963089943],
            [1, 15, 11, 0.05882352963089943],
            [1, 16, 13, 0.05882352963089943],
            [1, 17, 5, 0.05882352963089943],
            [1, 17, 15, 0.05882352963089943],
            [2, 4, 5, 0.0625],
            [2, 6, 17, 0.0625],
            [2, 7, 17, 0.0625],
            [2, 10, 6, 0.0625],
            [2, 10, 15, 0.0625],
            [2, 11, 6, 0.0625],
            [2, 12, 15, 0.0625],
            [2, 13, 0, 0.0625],
            [2, 13, 2, 0.0625],
            [2, 13, 7, 0.0625],
            [2, 13, 13, 0.0625],
            [2, 13, 15, 0.0625],
            [2, 13, 18, 0.0625],
            [2, 14, 3, 0.0625],
            [2, 16, 12, 0.0625],
            [2, 17, 0, 0.0625],
            [3, 0, 2, 0.0357142873108387],
            [3, 0, 13, 0.0714285746216774],
            [3, 1, 9, 0.0357142873108387],
            [3, 4, 2, 0.0357142873108387],
            [3, 4, 6, 0.0357142873108387],
            [3, 4, 8, 0.0357142873108387],
            [3, 5, 12, 0.0357142873108387],
            [3, 6, 4, 0.0357142873108387],
            [3, 6, 13, 0.0357142873108387],
            [3, 7, 11, 0.0357142873108387],
            [3, 7, 18, 0.0714285746216774],
            [3, 9, 8, 0.0714285746216774],
            [3, 10, 0, 0.0357142873108387],
            [3, 10, 4, 0.0357142873108387],
            [3, 11, 8, 0.0357142873108387],
            [3, 13, 10, 0.0357142873108387],
            [3, 13, 18, 0.0357142873108387],
            [3, 14, 5, 0.0357142873108387],
            [3, 14, 12, 0.0357142873108387],
            [3, 15, 5, 0.0357142873108387],
            [3, 15, 12, 0.0357142873108387],
            [3, 17, 1, 0.0714285746216774],
            [3, 17, 4, 0.0357142873108387],
            [3, 17, 7, 0.0357142873108387],
            [4, 0, 17, 0.05263157933950424],
            [4, 1, 10, 0.05263157933950424],
            [4, 1, 13, 0.05263157933950424],
            [4, 2, 13, 0.05263157933950424],
            [4, 3, 13, 0.05263157933950424],
            [4, 4, 7, 0.05263157933950424],
            [4, 5, 4, 0.05263157933950424],
            [4, 6, 4, 0.05263157933950424],
            [4, 8, 11, 0.05263157933950424],
            [4, 9, 8, 0.05263157933950424],
            [4, 10, 1, 0.05263157933950424],
            [4, 10, 2, 0.05263157933950424],
            [4, 11, 14, 0.05263157933950424],
            [4, 13, 6, 0.05263157933950424],
            [4, 14, 5, 0.05263157933950424],
            [4, 14, 12, 0.05263157933950424],
            [4, 15, 11, 0.05263157933950424],
            [4, 16, 7, 0.05263157933950424],
            [4, 16, 10, 0.05263157933950424]
        ]
    }
}