{
    "train_f1": 0.0,
    "train_prob": 0.0,
    "train_cov": 0.0,
    "valid_f1": 0.0,
    "valid_prob": 0.0,
    "valid_cov": 0.0,
    "len": 97,
    "binary_grammar": {
        "num_nt": 5,
        "num_pt": 14,
        "num_rhs": 361,
        "rule_probs": [
            [0, 0, 14, 0.05263157933950424],
            [0, 2, 11, 0.05263157933950424],
            [0, 4, 17, 0.05263157933950424],
            [0, 6, 12, 0.05263157933950424],
            [0, 7, 18, 0.05263157933950424],
            [0, 8, 3, 0.05263157933950424],
            [0, 8, 8, 0.10526315867900848],
            [0, 9, 0, 0.05263157933950424],
            [0, 9, 6, 0.05263157933950424],
            [0, 9, 8, 0.05263157933950424],
            [0, 11, 16, 0.05263157933950424],
            [0, 12, 3, 0.10526315867900848],
            [0, 14, 9, 0.05263157933950424],
            [0, 15, 1, 0.05263157933950424],
            [0, 15, 7, 0.05263157933950424],
            [0, 15, 18, 0.05263157933950424],
            [0, 16, 2, 0.05263157933950424],
            [1, 0, 5, 0.05000000074505806],
            [1, 1, 15, 0.05000000074505806],
            [1, 3, 3, 0.05000000074505806],
            [1, 5, 3, 0.05000000074505806],
            [1, 5, 4, 0.05000000074505806],
            [1, 5, 7, 0.05000000074505806],
            [1, 5, 8, 0.05000000074505806],
            [1, 7, 5, 0.05000000074505806],
            [1, 8, 3, 0.05000000074505806],
            [1, 8, 8, 0.05000000074505806],
            [1, 8, 12, 0.05000000074505806],
            [1, 10, 17, 0.05000000074505806],
            [1, 11, 0, 0.05000000074505806],
            [1, 11, 13, 0.05000000074505806],
            [1, 12, 7, 0.05000000074505806],
            [1, 12, 8, 0.05000000074505806],
            [1, 14, 9, 0.05000000074505806],
            [1, 15, 14, 0.05000000074505806],
            [1, 17, 7, 0.05000000074505806],
            [1, 17, 9, 0.05000000074505806],
            [2, 0, 16, 0.03999999910593033],
            [2, 2, 9, 0.03999999910593033],
            [2, 3, 3, 0.03999999910593033],
            [2, 3, 4, 0.03999999910593033],
            [2, 4, 8, 0.03999999910593033],
            [2, 5, 0, 0.03999999910593033],
            [2, 6, 3, 0.03999999910593033],
            [2, 6, 16, 0.03999999910593033],
            [2, 7, 5, 0.03999999910593033],
            [2, 8, 16, 0.03999999910593033],
            [2, 9, 0, 0.07999999821186066],
            [2, 9, 14, 0.03999999910593033],
            [2, 9, 16, 0.03999999910593033],
            [2, 10, 3, 0.03999999910593033],
            [2, 11, 2, 0.03999999910593033],
            [2, 12, 14, 0.03999999910593033],
            [2, 14, 9, 0.03999999910593033],
            [2, 14, 12, 0.03999999910593033],
            [2, 14, 13, 0.03999999910593033],
            [2, 15, 0, 0.03999999910593033],
            [2, 15, 11, 0.03999999910593033],
            [2, 16, 5, 0.03999999910593033],
            [2, 17, 18, 0.03999999910593033],
            [2, 18, 1, 0.03999999910593033],
            [3, 0, 0, 0.05882352963089943],
            [3, 0, 3, 0.05882352963089943],
            [3, 1, 9, 0.05882352963089943],
            [3, 3, 5, 0.05882352963089943],
            [3, 4, 5, 0.05882352963089943],
            [3, 8, 3, 0.05882352963089943],
            [3, 8, 8, 0.05882352963089943],
            [3, 9, 1, 0.05882352963089943],
            [3, 10, 17, 0.05882352963089943],
            [3, 11, 8, 0.05882352963089943],
            [3, 12, 6, 0.05882352963089943],
            [3, 12, 8, 0.05882352963089943],
            [3, 13, 4, 0.05882352963089943],
            [3, 14, 1, 0.05882352963089943],
            [3, 15, 14, 0.05882352963089943],
            [3, 17, 6, 0.05882352963089943],
            [3, 18, 6, 0.05882352963089943],
            [4, 1, 18, 0.05263157933950424],
            [4, 2, 7, 0.05263157933950424],
            [4, 3, 18, 0.05263157933950424],
            [4, 4, 12, 0.05263157933950424],
            [4, 5, 14, 0.05263157933950424],
            [4, 6, 7, 0.05263157933950424],
            [4, 7, 2, 0.05263157933950424],
            [4, 7, 4, 0.05263157933950424],
            [4, 7, 16, 0.05263157933950424],
            [4, 11, 1, 0.05263157933950424],
            [4, 11, 4, 0.05263157933950424],
            [4, 13, 2, 0.05263157933950424],
            [4, 13, 4, 0.05263157933950424],
            [4, 13, 11, 0.05263157933950424],
            [4, 13, 16, 0.05263157933950424],
            [4, 15, 15, 0.05263157933950424],
            [4, 16, 5, 0.05263157933950424],
            [4, 17, 1, 0.05263157933950424],
            [4, 18, 16, 0.05263157933950424]
        ]
    }
}