{
    "train_f1": 0.0,
    "train_prob": 0.0,
    "train_cov": 0.0,
    "valid_f1": 0.0,
    "valid_prob": 0.0,
    "valid_cov": 0.0,
    "len": 97,
    "binary_grammar": {
        "num_nt": 5,
        "num_pt": 14,
        "num_rhs": 361,
        "rule_probs": [
            [0, 6, 15, 0.1111111119389534],
            [0, 6, 17, 0.1111111119389534],
            [0, 8, 12, 0.1111111119389534],
            [0, 12, 0, 0.1111111119389534],
            [0, 12, 2, 0.1111111119389534],
            [0, 13, 11, 0.1111111119389534],
            [0, 13, 14, 0.1111111119389534],
            [0, 14, 18, 0.1111111119389534],
            [0, 17, 0, 0.1111111119389534],
            [1, 0, 7, 0.0476190485060215],
            [1, 0, 10, 0.0476190485060215],
            [1, 0, 16, 0.0476190485060215],
            [1, 1, 11, 0.0476190485060215],
            [1, 1, 12, 0.0476190485060215],
            [1, 1, 17, 0.0476190485060215],
            [1, 4, 0, 0.0476190485060215],
            [1, 5, 4, 0.0476190485060215],
            [1, 5, 16, 0.0476190485060215],
            [1, 7, 1, 0.0476190485060215],
            [1, 9, 4, 0.0476190485060215],
            [1, 9, 5, 0.0476190485060215],
            [1, 9, 13, 0.0476190485060215],
            [1, 10, 0, 0.095238097012043],
            [1, 11, 18, 0.0476190485060215],
            [1, 12, 3, 0.0476190485060215],
            [1, 12, 14, 0.0476190485060215],
            [1, 16, 6, 0.0476190485060215],
            [1, 17, 7, 0.0476190485060215],
            [1, 18, 7, 0.0476190485060215],
            [2, 1, 7, 0.0476190485060215],
            [2, 1, 13, 0.0476190485060215],
            [2, 3, 3, 0.0476190485060215],
            [2, 3, 8, 0.0476190485060215],
            [2, 5, 16, 0.0476190485060215],
            [2, 6, 1, 0.0476190485060215],
            [2, 6, 11, 0.0476190485060215],
            [2, 6, 18, 0.0476190485060215],
            [2, 7, 9, 0.0476190485060215],
            [2, 9, 11, 0.0476190485060215],
            [2, 9, 15, 0.0476190485060215],
            [2, 10, 6, 0.0476190485060215],
            [2, 12, 18, 0.0476190485060215],
            [2, 13, 13, 0.0476190485060215],
            [2, 13, 16, 0.0476190485060215],
            [2, 14, 5, 0.0476190485060215],
            [2, 14, 8, 0.095238097012043],
            [2, 14, 16, 0.0476190485060215],
            [2, 15, 14, 0.0476190485060215],
            [2, 17, 16, 0.0476190485060215],
            [3, 0, 6, 0.0476190485060215],
            [3, 2, 11, 0.0476190485060215],
            [3, 3, 5, 0.0476190485060215],
            [3, 4, 18, 0.0476190485060215],
            [3, 5, 12, 0.0476190485060215],
            [3, 8, 12, 0.0476190485060215],
            [3, 8, 18, 0.0476190485060215],
            [3, 10, 5, 0.0476190485060215],
            [3, 11, 8, 0.0476190485060215],
            [3, 11, 10, 0.0476190485060215],
            [3, 11, 16, 0.0476190485060215],
            [3, 13, 4, 0.0476190485060215],
            [3, 13, 12, 0.0476190485060215],
            [3, 13, 13, 0.0476190485060215],
            [3, 14, 7, 0.0476190485060215],
            [3, 14, 13, 0.0476190485060215],
            [3, 16, 2, 0.0476190485060215],
            [3, 16, 7, 0.0476190485060215],
            [3, 16, 9, 0.0476190485060215],
            [3, 17, 0, 0.0476190485060215],
            [3, 18, 8, 0.0476190485060215],
            [4, 0, 1, 0.0357142873108387],
            [4, 1, 0, 0.0357142873108387],
            [4, 2, 9, 0.0357142873108387],
            [4, 3, 11, 0.0357142873108387],
            [4, 3, 18, 0.0357142873108387],
            [4, 4, 15, 0.0357142873108387],
            [4, 5, 0, 0.0357142873108387],
            [4, 6, 1, 0.0357142873108387],
            [4, 7, 1, 0.0357142873108387],
            [4, 7, 2, 0.0357142873108387],
            [4, 8, 2, 0.0714285746216774],
            [4, 8, 6, 0.0357142873108387],
            [4, 8, 7, 0.0357142873108387],
            [4, 9, 5, 0.0357142873108387],
            [4, 9, 12, 0.0357142873108387],
            [4, 9, 18, 0.0357142873108387],
            [4, 10, 17, 0.0357142873108387],
            [4, 11, 5, 0.0357142873108387],
            [4, 12, 6, 0.0357142873108387],
            [4, 13, 6, 0.0357142873108387],
            [4, 13, 8, 0.0357142873108387],
            [4, 13, 12, 0.0357142873108387],
            [4, 14, 17, 0.0357142873108387],
            [4, 15, 8, 0.0357142873108387],
            [4, 17, 2, 0.0357142873108387],
            [4, 17, 6, 0.0357142873108387],
            [4, 18, 14, 0.0357142873108387]
        ]
    }
}