{
    "train_f1": 0.0,
    "train_prob": 0.0,
    "train_cov": 0.0,
    "valid_f1": 0.0,
    "valid_prob": 0.0,
    "valid_cov": 0.0,
    "len": 91,
    "binary_grammar": {
        "num_nt": 5,
        "num_pt": 14,
        "num_rhs": 361,
        "rule_probs": [
            [0, 0, 7, 0.043478261679410934],
            [0, 0, 18, 0.043478261679410934],
            [0, 1, 17, 0.08695652335882187],
            [0, 2, 8, 0.043478261679410934],
            [0, 2, 11, 0.043478261679410934],
            [0, 4, 16, 0.043478261679410934],
            [0, 4, 18, 0.043478261679410934],
            [0, 5, 3, 0.043478261679410934],
            [0, 5, 8, 0.043478261679410934],
            [0, 5, 11, 0.043478261679410934],
            [0, 7, 6, 0.043478261679410934],
            [0, 9, 11, 0.043478261679410934],
            [0, 10, 1, 0.043478261679410934],
            [0, 10, 14, 0.043478261679410934],
            [0, 11, 0, 0.043478261679410934],
            [0, 11, 14, 0.043478261679410934],
            [0, 11, 18, 0.043478261679410934],
            [0, 14, 10, 0.043478261679410934],
            [0, 15, 12, 0.043478261679410934],
            [0, 15, 13, 0.043478261679410934],
            [0, 17, 9, 0.043478261679410934],
            [0, 18, 3, 0.043478261679410934],
            [1, 0, 0, 0.07692307978868484],
            [1, 1, 4, 0.07692307978868484],
            [1, 1, 18, 0.07692307978868484],
            [1, 2, 16, 0.07692307978868484],
            [1, 6, 11, 0.07692307978868484],
            [1, 6, 17, 0.07692307978868484],
            [1, 9, 14, 0.07692307978868484],
            [1, 10, 8, 0.07692307978868484],
            [1, 11, 4, 0.07692307978868484],
            [1, 12, 1, 0.07692307978868484],
            [1, 12, 9, 0.07692307978868484],
            [1, 15, 8, 0.07692307978868484],
            [1, 16, 6, 0.07692307978868484],
            [2, 0, 0, 0.03999999910593033],
            [2, 1, 0, 0.03999999910593033],
            [2, 1, 12, 0.03999999910593033],
            [2, 3, 2, 0.03999999910593033],
            [2, 3, 8, 0.07999999821186066],
            [2, 4, 3, 0.03999999910593033],
            [2, 5, 15, 0.03999999910593033],
            [2, 7, 12, 0.03999999910593033],
            [2, 10, 6, 0.03999999910593033],
            [2, 10, 12, 0.03999999910593033],
            [2, 10, 15, 0.07999999821186066],
            [2, 11, 6, 0.07999999821186066],
            [2, 11, 10, 0.03999999910593033],
            [2, 11, 14, 0.03999999910593033],
            [2, 13, 4, 0.03999999910593033],
            [2, 14, 1, 0.03999999910593033],
            [2, 14, 2, 0.03999999910593033],
            [2, 15, 2, 0.03999999910593033],
            [2, 16, 18, 0.03999999910593033],
            [2, 17, 0, 0.03999999910593033],
            [2, 18, 8, 0.03999999910593033],
            [2, 18, 14, 0.03999999910593033],
            [3, 0, 1, 0.03703703731298447],
            [3, 2, 8, 0.03703703731298447],
            [3, 4, 2, 0.07407407462596893],
            [3, 4, 15, 0.03703703731298447],
            [3, 6, 4, 0.14814814925193787],
            [3, 6, 13, 0.03703703731298447],
            [3, 8, 18, 0.03703703731298447],
            [3, 9, 4, 0.03703703731298447],
            [3, 9, 9, 0.03703703731298447],
            [3, 10, 10, 0.03703703731298447],
            [3, 13, 3, 0.03703703731298447],
            [3, 13, 8, 0.03703703731298447],
            [3, 13, 16, 0.03703703731298447],
            [3, 13, 17, 0.03703703731298447],
            [3, 14, 5, 0.03703703731298447],
            [3, 14, 7, 0.07407407462596893],
            [3, 14, 9, 0.03703703731298447],
            [3, 15, 17, 0.03703703731298447],
            [3, 16, 3, 0.03703703731298447],
            [3, 16, 12, 0.03703703731298447],
            [3, 18, 7, 0.03703703731298447],
            [3, 18, 9, 0.03703703731298447],
            [4, 1, 1, 0.0833333358168602],
            [4, 1, 13, 0.0833333358168602],
            [4, 4, 5, 0.0833333358168602],
            [4, 5, 6, 0.0833333358168602],
            [4, 7, 5, 0.0833333358168602],
            [4, 9, 10, 0.0833333358168602],
            [4, 12, 2, 0.0833333358168602],
            [4, 14, 1, 0.0833333358168602],
            [4, 15, 5, 0.0833333358168602],
            [4, 15, 18, 0.0833333358168602],
            [4, 17, 6, 0.0833333358168602],
            [4, 17, 10, 0.0833333358168602]
        ]
    }
}