{
    "train_f1": 0.0,
    "train_prob": 0.0,
    "train_cov": 0.0,
    "valid_f1": 0.0,
    "valid_prob": 0.0,
    "valid_cov": 0.0,
    "len": 93,
    "binary_grammar": {
        "num_nt": 5,
        "num_pt": 14,
        "num_rhs": 361,
        "rule_probs": [
            [0, 0, 13, 0.0476190485060215],
            [0, 1, 3, 0.0476190485060215],
            [0, 2, 9, 0.0476190485060215],
            [0, 2, 11, 0.095238097012043],
            [0, 4, 9, 0.0476190485060215],
            [0, 5, 8, 0.0476190485060215],
            [0, 6, 6, 0.0476190485060215],
            [0, 8, 11, 0.095238097012043],
            [0, 10, 12, 0.0476190485060215],
            [0, 10, 14, 0.0476190485060215],
            [0, 12, 6, 0.0476190485060215],
            [0, 12, 12, 0.095238097012043],
            [0, 13, 6, 0.0476190485060215],
            [0, 13, 14, 0.0476190485060215],
            [0, 13, 17, 0.0476190485060215],
            [0, 14, 7, 0.0476190485060215],
            [0, 17, 0, 0.0476190485060215],
            [0, 17, 2, 0.0476190485060215],
            [1, 0, 17, 0.05882352963089943],
            [1, 1, 3, 0.05882352963089943],
            [1, 2, 6, 0.05882352963089943],
            [1, 2, 17, 0.05882352963089943],
            [1, 5, 7, 0.11764705926179886],
            [1, 5, 13, 0.05882352963089943],
            [1, 6, 6, 0.05882352963089943],
            [1, 8, 16, 0.05882352963089943],
            [1, 9, 1, 0.05882352963089943],
            [1, 9, 18, 0.05882352963089943],
            [1, 10, 15, 0.05882352963089943],
            [1, 11, 12, 0.05882352963089943],
            [1, 15, 7, 0.05882352963089943],
            [1, 15, 17, 0.05882352963089943],
            [1, 16, 6, 0.05882352963089943],
            [1, 18, 15, 0.05882352963089943],
            [2, 0, 11, 0.05263157933950424],
            [2, 1, 10, 0.05263157933950424],
            [2, 1, 13, 0.05263157933950424],
            [2, 3, 11, 0.05263157933950424],
            [2, 4, 3, 0.05263157933950424],
            [2, 4, 7, 0.05263157933950424],
            [2, 4, 17, 0.05263157933950424],
            [2, 5, 3, 0.05263157933950424],
            [2, 5, 12, 0.05263157933950424],
            [2, 6, 18, 0.05263157933950424],
            [2, 8, 9, 0.05263157933950424],
            [2, 8, 10, 0.10526315867900848],
            [2, 11, 2, 0.05263157933950424],
            [2, 13, 5, 0.05263157933950424],
            [2, 13, 18, 0.05263157933950424],
            [2, 14, 2, 0.05263157933950424],
            [2, 16, 7, 0.05263157933950424],
            [2, 17, 6, 0.05263157933950424],
            [3, 0, 8, 0.03846153989434242],
            [3, 1, 1, 0.03846153989434242],
            [3, 1, 15, 0.07692307978868484],
            [3, 2, 16, 0.03846153989434242],
            [3, 3, 2, 0.03846153989434242],
            [3, 3, 5, 0.03846153989434242],
            [3, 4, 1, 0.03846153989434242],
            [3, 4, 4, 0.03846153989434242],
            [3, 4, 17, 0.03846153989434242],
            [3, 5, 12, 0.03846153989434242],
            [3, 5, 15, 0.03846153989434242],
            [3, 6, 4, 0.07692307978868484],
            [3, 6, 14, 0.03846153989434242],
            [3, 7, 2, 0.03846153989434242],
            [3, 8, 14, 0.03846153989434242],
            [3, 10, 2, 0.03846153989434242],
            [3, 11, 2, 0.03846153989434242],
            [3, 12, 5, 0.03846153989434242],
            [3, 12, 16, 0.03846153989434242],
            [3, 14, 3, 0.03846153989434242],
            [3, 15, 2, 0.03846153989434242],
            [3, 16, 1, 0.03846153989434242],
            [3, 16, 9, 0.03846153989434242],
            [3, 17, 16, 0.03846153989434242],
            [4, 3, 12, 0.05882352963089943],
            [4, 5, 3, 0.05882352963089943],
            [4, 5, 18, 0.05882352963089943],
            [4, 6, 3, 0.05882352963089943],
            [4, 6, 4, 0.05882352963089943],
            [4, 8, 3, 0.05882352963089943],
            [4, 8, 6, 0.05882352963089943],
            [4, 11, 0, 0.05882352963089943],
            [4, 11, 8, 0.05882352963089943],
            [4, 11, 14, 0.05882352963089943],
            [4, 12, 17, 0.05882352963089943],
            [4, 13, 5, 0.05882352963089943],
            [4, 13, 8, 0.05882352963089943],
            [4, 13, 13, 0.05882352963089943],
            [4, 14, 1, 0.05882352963089943],
            [4, 16, 0, 0.05882352963089943],
            [4, 18, 0, 0.05882352963089943]
        ]
    }
}