{
    "train_f1": 0.0,
    "train_prob": 0.0,
    "train_cov": 0.0,
    "valid_f1": 0.0,
    "valid_prob": 0.0,
    "valid_cov": 0.0,
    "len": 91,
    "binary_grammar": {
        "num_nt": 5,
        "num_pt": 14,
        "num_rhs": 361,
        "rule_probs": [
            [0, 1, 7, 0.0625],
            [0, 1, 8, 0.125],
            [0, 1, 18, 0.0625],
            [0, 2, 4, 0.0625],
            [0, 3, 15, 0.0625],
            [0, 5, 11, 0.0625],
            [0, 5, 17, 0.0625],
            [0, 6, 6, 0.0625],
            [0, 10, 1, 0.125],
            [0, 10, 14, 0.0625],
            [0, 14, 17, 0.0625],
            [0, 16, 11, 0.0625],
            [0, 17, 15, 0.0625],
            [0, 18, 14, 0.0625],
            [1, 0, 15, 0.03703703731298447],
            [1, 1, 12, 0.03703703731298447],
            [1, 5, 0, 0.03703703731298447],
            [1, 5, 6, 0.03703703731298447],
            [1, 5, 7, 0.03703703731298447],
            [1, 7, 5, 0.03703703731298447],
            [1, 7, 15, 0.03703703731298447],
            [1, 7, 17, 0.03703703731298447],
            [1, 8, 4, 0.03703703731298447],
            [1, 8, 10, 0.03703703731298447],
            [1, 10, 6, 0.03703703731298447],
            [1, 10, 8, 0.03703703731298447],
            [1, 10, 11, 0.03703703731298447],
            [1, 11, 12, 0.03703703731298447],
            [1, 12, 0, 0.03703703731298447],
            [1, 12, 8, 0.03703703731298447],
            [1, 13, 17, 0.03703703731298447],
            [1, 14, 4, 0.03703703731298447],
            [1, 14, 15, 0.03703703731298447],
            [1, 14, 17, 0.03703703731298447],
            [1, 15, 4, 0.03703703731298447],
            [1, 15, 7, 0.03703703731298447],
            [1, 16, 4, 0.03703703731298447],
            [1, 16, 12, 0.03703703731298447],
            [1, 16, 15, 0.03703703731298447],
            [1, 17, 7, 0.03703703731298447],
            [1, 17, 10, 0.03703703731298447],
            [2, 1, 7, 0.043478261679410934],
            [2, 2, 9, 0.043478261679410934],
            [2, 3, 15, 0.17391304671764374],
            [2, 4, 5, 0.043478261679410934],
            [2, 4, 17, 0.043478261679410934],
            [2, 5, 3, 0.08695652335882187],
            [2, 6, 3, 0.043478261679410934],
            [2, 6, 16, 0.043478261679410934],
            [2, 10, 9, 0.043478261679410934],
            [2, 11, 17, 0.043478261679410934],
            [2, 12, 8, 0.043478261679410934],
            [2, 12, 13, 0.043478261679410934],
            [2, 13, 3, 0.043478261679410934],
            [2, 14, 3, 0.043478261679410934],
            [2, 14, 4, 0.043478261679410934],
            [2, 16, 8, 0.043478261679410934],
            [2, 17, 3, 0.043478261679410934],
            [2, 17, 6, 0.043478261679410934],
            [2, 18, 9, 0.043478261679410934],
            [3, 0, 12, 0.0555555559694767],
            [3, 1, 0, 0.0555555559694767],
            [3, 1, 4, 0.0555555559694767],
            [3, 2, 2, 0.0555555559694767],
            [3, 3, 11, 0.0555555559694767],
            [3, 3, 13, 0.0555555559694767],
            [3, 4, 2, 0.0555555559694767],
            [3, 6, 13, 0.0555555559694767],
            [3, 7, 7, 0.1111111119389534],
            [3, 7, 17, 0.0555555559694767],
            [3, 8, 14, 0.0555555559694767],
            [3, 10, 7, 0.0555555559694767],
            [3, 11, 11, 0.0555555559694767],
            [3, 13, 9, 0.0555555559694767],
            [3, 13, 16, 0.0555555559694767],
            [3, 15, 12, 0.0555555559694767],
            [3, 17, 9, 0.0555555559694767],
            [4, 2, 2, 0.0625],
            [4, 3, 4, 0.0625],
            [4, 3, 18, 0.0625],
            [4, 6, 11, 0.125],
            [4, 7, 14, 0.0625],
            [4, 7, 16, 0.0625],
            [4, 9, 2, 0.0625],
            [4, 12, 4, 0.0625],
            [4, 12, 13, 0.0625],
            [4, 13, 0, 0.0625],
            [4, 14, 5, 0.0625],
            [4, 15, 11, 0.0625],
            [4, 16, 1, 0.0625],
            [4, 17, 10, 0.125]
        ]
    }
}