{
    "train_f1": 0.0,
    "train_prob": 0.0,
    "train_cov": 0.0,
    "valid_f1": 0.0,
    "valid_prob": 0.0,
    "valid_cov": 0.0,
    "len": 93,
    "binary_grammar": {
        "num_nt": 5,
        "num_pt": 14,
        "num_rhs": 361,
        "rule_probs": [
            [0, 0, 8, 0.043478261679410934],
            [0, 2, 5, 0.043478261679410934],
            [0, 2, 11, 0.043478261679410934],
            [0, 3, 2, 0.043478261679410934],
            [0, 3, 3, 0.043478261679410934],
            [0, 5, 10, 0.043478261679410934],
            [0, 6, 9, 0.043478261679410934],
            [0, 6, 10, 0.043478261679410934],
            [0, 7, 8, 0.043478261679410934],
            [0, 7, 18, 0.043478261679410934],
            [0, 8, 6, 0.043478261679410934],
            [0, 9, 1, 0.043478261679410934],
            [0, 10, 1, 0.08695652335882187],
            [0, 10, 13, 0.043478261679410934],
            [0, 10, 14, 0.043478261679410934],
            [0, 13, 4, 0.043478261679410934],
            [0, 14, 7, 0.1304347813129425],
            [0, 15, 7, 0.08695652335882187],
            [0, 16, 1, 0.043478261679410934],
            [1, 0, 18, 0.0714285746216774],
            [1, 1, 4, 0.0714285746216774],
            [1, 2, 17, 0.0714285746216774],
            [1, 4, 9, 0.0714285746216774],
            [1, 5, 0, 0.0714285746216774],
            [1, 8, 1, 0.0714285746216774],
            [1, 9, 6, 0.0714285746216774],
            [1, 9, 13, 0.0714285746216774],
            [1, 11, 12, 0.0714285746216774],
            [1, 12, 13, 0.0714285746216774],
            [1, 14, 1, 0.0714285746216774],
            [1, 15, 5, 0.0714285746216774],
            [1, 15, 7, 0.0714285746216774],
            [1, 15, 9, 0.0714285746216774],
            [2, 0, 6, 0.05263157933950424],
            [2, 0, 12, 0.05263157933950424],
            [2, 1, 13, 0.05263157933950424],
            [2, 2, 8, 0.05263157933950424],
            [2, 3, 8, 0.05263157933950424],
            [2, 4, 12, 0.05263157933950424],
            [2, 4, 14, 0.05263157933950424],
            [2, 4, 17, 0.05263157933950424],
            [2, 5, 6, 0.05263157933950424],
            [2, 5, 11, 0.05263157933950424],
            [2, 5, 12, 0.10526315867900848],
            [2, 14, 0, 0.05263157933950424],
            [2, 16, 17, 0.05263157933950424],
            [2, 17, 0, 0.05263157933950424],
            [2, 17, 3, 0.05263157933950424],
            [2, 18, 1, 0.05263157933950424],
            [2, 18, 2, 0.05263157933950424],
            [2, 18, 6, 0.05263157933950424],
            [3, 0, 4, 0.043478261679410934],
            [3, 0, 5, 0.043478261679410934],
            [3, 1, 5, 0.043478261679410934],
            [3, 2, 1, 0.043478261679410934],
            [3, 2, 8, 0.043478261679410934],
            [3, 2, 13, 0.043478261679410934],
            [3, 2, 14, 0.043478261679410934],
            [3, 3, 11, 0.043478261679410934],
            [3, 4, 18, 0.043478261679410934],
            [3, 6, 4, 0.043478261679410934],
            [3, 8, 10, 0.043478261679410934],
            [3, 8, 11, 0.08695652335882187],
            [3, 11, 14, 0.043478261679410934],
            [3, 12, 5, 0.043478261679410934],
            [3, 12, 6, 0.043478261679410934],
            [3, 13, 17, 0.043478261679410934],
            [3, 13, 18, 0.043478261679410934],
            [3, 14, 4, 0.043478261679410934],
            [3, 15, 13, 0.043478261679410934],
            [3, 16, 1, 0.043478261679410934],
            [3, 17, 1, 0.043478261679410934],
            [3, 17, 16, 0.043478261679410934],
            [4, 0, 10, 0.0476190485060215],
            [4, 1, 13, 0.0476190485060215],
            [4, 2, 9, 0.0476190485060215],
            [4, 4, 15, 0.0476190485060215],
            [4, 5, 7, 0.0476190485060215],
            [4, 6, 1, 0.0476190485060215],
            [4, 7, 8, 0.0476190485060215],
            [4, 9, 7, 0.0476190485060215],
            [4, 9, 13, 0.0476190485060215],
            [4, 10, 0, 0.0476190485060215],
            [4, 10, 9, 0.0476190485060215],
            [4, 11, 4, 0.0476190485060215],
            [4, 11, 13, 0.0476190485060215],
            [4, 12, 15, 0.0476190485060215],
            [4, 14, 3, 0.0476190485060215],
            [4, 15, 5, 0.0476190485060215],
            [4, 16, 1, 0.0476190485060215],
            [4, 16, 7, 0.095238097012043],
            [4, 17, 7, 0.0476190485060215],
            [4, 17, 10, 0.0476190485060215]
        ]
    }
}