{
    "train_f1": 0.0,
    "train_prob": 0.0,
    "train_cov": 0.0,
    "valid_f1": 0.0,
    "valid_prob": 0.0,
    "valid_cov": 0.0,
    "len": 93,
    "binary_grammar": {
        "num_nt": 5,
        "num_pt": 14,
        "num_rhs": 361,
        "rule_probs": [
            [0, 0, 8, 0.07692307978868484],
            [0, 0, 15, 0.03846153989434242],
            [0, 1, 2, 0.03846153989434242],
            [0, 1, 17, 0.07692307978868484],
            [0, 2, 2, 0.03846153989434242],
            [0, 2, 11, 0.11538461595773697],
            [0, 2, 15, 0.03846153989434242],
            [0, 3, 8, 0.03846153989434242],
            [0, 4, 1, 0.03846153989434242],
            [0, 5, 7, 0.07692307978868484],
            [0, 5, 17, 0.03846153989434242],
            [0, 6, 17, 0.03846153989434242],
            [0, 9, 14, 0.03846153989434242],
            [0, 10, 1, 0.03846153989434242],
            [0, 10, 6, 0.03846153989434242],
            [0, 10, 12, 0.03846153989434242],
            [0, 11, 2, 0.03846153989434242],
            [0, 13, 17, 0.03846153989434242],
            [0, 15, 17, 0.03846153989434242],
            [0, 17, 14, 0.03846153989434242],
            [0, 18, 14, 0.03846153989434242],
            [1, 0, 0, 0.05263157933950424],
            [1, 0, 10, 0.05263157933950424],
            [1, 0, 12, 0.05263157933950424],
            [1, 1, 4, 0.05263157933950424],
            [1, 1, 13, 0.05263157933950424],
            [1, 2, 17, 0.05263157933950424],
            [1, 3, 4, 0.05263157933950424],
            [1, 3, 8, 0.05263157933950424],
            [1, 5, 6, 0.05263157933950424],
            [1, 7, 3, 0.05263157933950424],
            [1, 7, 17, 0.05263157933950424],
            [1, 8, 1, 0.05263157933950424],
            [1, 8, 10, 0.05263157933950424],
            [1, 9, 18, 0.05263157933950424],
            [1, 13, 12, 0.05263157933950424],
            [1, 14, 2, 0.05263157933950424],
            [1, 16, 2, 0.05263157933950424],
            [1, 18, 5, 0.05263157933950424],
            [1, 18, 16, 0.05263157933950424],
            [2, 4, 3, 0.0625],
            [2, 4, 5, 0.0625],
            [2, 4, 12, 0.0625],
            [2, 7, 6, 0.0625],
            [2, 8, 9, 0.0625],
            [2, 9, 4, 0.0625],
            [2, 11, 11, 0.0625],
            [2, 11, 13, 0.0625],
            [2, 12, 1, 0.0625],
            [2, 12, 6, 0.0625],
            [2, 12, 16, 0.0625],
            [2, 13, 18, 0.0625],
            [2, 15, 9, 0.0625],
            [2, 16, 13, 0.0625],
            [2, 18, 1, 0.125],
            [3, 1, 1, 0.04545454680919647],
            [3, 1, 11, 0.04545454680919647],
            [3, 1, 15, 0.04545454680919647],
            [3, 1, 16, 0.04545454680919647],
            [3, 2, 4, 0.04545454680919647],
            [3, 3, 3, 0.04545454680919647],
            [3, 3, 13, 0.09090909361839294],
            [3, 3, 18, 0.04545454680919647],
            [3, 5, 15, 0.04545454680919647],
            [3, 8, 14, 0.04545454680919647],
            [3, 9, 16, 0.04545454680919647],
            [3, 10, 7, 0.04545454680919647],
            [3, 10, 14, 0.04545454680919647],
            [3, 11, 10, 0.04545454680919647],
            [3, 11, 16, 0.04545454680919647],
            [3, 11, 18, 0.04545454680919647],
            [3, 13, 10, 0.04545454680919647],
            [3, 16, 4, 0.04545454680919647],
            [3, 16, 7, 0.04545454680919647],
            [3, 17, 15, 0.04545454680919647],
            [3, 18, 14, 0.04545454680919647],
            [4, 1, 7, 0.05882352963089943],
            [4, 3, 0, 0.05882352963089943],
            [4, 5, 3, 0.05882352963089943],
            [4, 6, 3, 0.05882352963089943],
            [4, 6, 15, 0.05882352963089943],
            [4, 8, 14, 0.05882352963089943],
            [4, 9, 0, 0.05882352963089943],
            [4, 9, 10, 0.05882352963089943],
            [4, 12, 8, 0.05882352963089943],
            [4, 12, 17, 0.05882352963089943],
            [4, 14, 1, 0.05882352963089943],
            [4, 14, 7, 0.05882352963089943],
            [4, 15, 2, 0.05882352963089943],
            [4, 15, 14, 0.05882352963089943],
            [4, 17, 5, 0.05882352963089943],
            [4, 17, 15, 0.05882352963089943],
            [4, 17, 16, 0.05882352963089943]
        ]
    }
}