{
    "train_f1": 0.0,
    "train_prob": 0.0,
    "train_cov": 0.0,
    "valid_f1": 0.0,
    "valid_prob": 0.0,
    "valid_cov": 0.0,
    "len": 93,
    "binary_grammar": {
        "num_nt": 5,
        "num_pt": 14,
        "num_rhs": 361,
        "rule_probs": [
            [0, 0, 5, 0.0416666679084301],
            [0, 1, 0, 0.0416666679084301],
            [0, 1, 8, 0.0416666679084301],
            [0, 2, 4, 0.0416666679084301],
            [0, 2, 11, 0.125],
            [0, 4, 1, 0.0416666679084301],
            [0, 4, 3, 0.0416666679084301],
            [0, 4, 9, 0.0416666679084301],
            [0, 5, 6, 0.0416666679084301],
            [0, 5, 7, 0.0416666679084301],
            [0, 5, 17, 0.0416666679084301],
            [0, 7, 11, 0.0416666679084301],
            [0, 10, 14, 0.0416666679084301],
            [0, 11, 2, 0.0416666679084301],
            [0, 12, 14, 0.0416666679084301],
            [0, 12, 15, 0.0416666679084301],
            [0, 14, 5, 0.0416666679084301],
            [0, 16, 11, 0.0416666679084301],
            [0, 16, 14, 0.0416666679084301],
            [0, 16, 17, 0.0416666679084301],
            [0, 17, 12, 0.0416666679084301],
            [0, 18, 13, 0.0416666679084301],
            [1, 1, 0, 0.0416666679084301],
            [1, 1, 14, 0.0833333358168602],
            [1, 2, 0, 0.0416666679084301],
            [1, 2, 17, 0.0416666679084301],
            [1, 4, 13, 0.0416666679084301],
            [1, 5, 7, 0.0833333358168602],
            [1, 5, 17, 0.0416666679084301],
            [1, 6, 14, 0.0416666679084301],
            [1, 8, 2, 0.0416666679084301],
            [1, 10, 8, 0.0416666679084301],
            [1, 12, 7, 0.0416666679084301],
            [1, 12, 18, 0.0416666679084301],
            [1, 13, 12, 0.0416666679084301],
            [1, 13, 17, 0.0416666679084301],
            [1, 15, 2, 0.0416666679084301],
            [1, 15, 7, 0.0833333358168602],
            [1, 16, 1, 0.0416666679084301],
            [1, 16, 10, 0.0416666679084301],
            [1, 17, 7, 0.0416666679084301],
            [1, 17, 16, 0.0416666679084301],
            [1, 18, 5, 0.0416666679084301],
            [2, 2, 5, 0.05000000074505806],
            [2, 4, 11, 0.05000000074505806],
            [2, 4, 15, 0.05000000074505806],
            [2, 5, 4, 0.05000000074505806],
            [2, 5, 11, 0.05000000074505806],
            [2, 5, 15, 0.05000000074505806],
            [2, 5, 16, 0.05000000074505806],
            [2, 6, 11, 0.05000000074505806],
            [2, 7, 12, 0.05000000074505806],
            [2, 8, 16, 0.05000000074505806],
            [2, 9, 1, 0.05000000074505806],
            [2, 9, 15, 0.05000000074505806],
            [2, 13, 0, 0.05000000074505806],
            [2, 13, 3, 0.05000000074505806],
            [2, 13, 17, 0.05000000074505806],
            [2, 14, 1, 0.05000000074505806],
            [2, 14, 16, 0.05000000074505806],
            [2, 15, 6, 0.05000000074505806],
            [2, 16, 8, 0.05000000074505806],
            [2, 16, 13, 0.05000000074505806],
            [3, 2, 4, 0.0625],
            [3, 4, 7, 0.0625],
            [3, 5, 12, 0.0625],
            [3, 6, 14, 0.0625],
            [3, 8, 1, 0.0625],
            [3, 8, 17, 0.0625],
            [3, 9, 4, 0.0625],
            [3, 10, 16, 0.0625],
            [3, 11, 2, 0.0625],
            [3, 11, 9, 0.0625],
            [3, 13, 5, 0.0625],
            [3, 14, 9, 0.0625],
            [3, 15, 6, 0.0625],
            [3, 15, 8, 0.0625],
            [3, 15, 17, 0.0625],
            [3, 17, 1, 0.0625],
            [4, 0, 3, 0.0625],
            [4, 2, 8, 0.0625],
            [4, 3, 16, 0.0625],
            [4, 3, 18, 0.0625],
            [4, 6, 12, 0.0625],
            [4, 6, 15, 0.0625],
            [4, 7, 10, 0.125],
            [4, 7, 14, 0.0625],
            [4, 8, 3, 0.125],
            [4, 8, 5, 0.0625],
            [4, 9, 2, 0.0625],
            [4, 9, 18, 0.0625],
            [4, 10, 17, 0.0625],
            [4, 14, 3, 0.0625]
        ]
    }
}