{
    "train_f1": 0.0,
    "train_prob": 0.0,
    "train_cov": 0.0,
    "valid_f1": 0.0,
    "valid_prob": 0.0,
    "valid_cov": 0.0,
    "len": 87,
    "binary_grammar": {
        "num_nt": 5,
        "num_pt": 14,
        "num_rhs": 361,
        "rule_probs": [
            [0, 0, 5, 0.0416666679084301],
            [0, 0, 6, 0.0416666679084301],
            [0, 1, 2, 0.0416666679084301],
            [0, 1, 8, 0.0416666679084301],
            [0, 2, 11, 0.0416666679084301],
            [0, 4, 2, 0.0416666679084301],
            [0, 6, 11, 0.0416666679084301],
            [0, 9, 8, 0.0416666679084301],
            [0, 10, 1, 0.0833333358168602],
            [0, 10, 14, 0.25],
            [0, 11, 4, 0.0416666679084301],
            [0, 11, 10, 0.0416666679084301],
            [0, 11, 12, 0.0833333358168602],
            [0, 13, 2, 0.0416666679084301],
            [0, 13, 6, 0.0416666679084301],
            [0, 13, 18, 0.0416666679084301],
            [0, 14, 10, 0.0416666679084301],
            [1, 0, 15, 0.0625],
            [1, 1, 16, 0.0625],
            [1, 2, 17, 0.0625],
            [1, 5, 15, 0.0625],
            [1, 6, 8, 0.0625],
            [1, 8, 6, 0.0625],
            [1, 8, 8, 0.0625],
            [1, 8, 15, 0.0625],
            [1, 11, 18, 0.0625],
            [1, 12, 15, 0.0625],
            [1, 16, 1, 0.0625],
            [1, 16, 6, 0.1875],
            [1, 17, 7, 0.0625],
            [1, 17, 10, 0.0625],
            [2, 0, 16, 0.0555555559694767],
            [2, 1, 0, 0.0555555559694767],
            [2, 1, 10, 0.0555555559694767],
            [2, 4, 3, 0.0555555559694767],
            [2, 5, 3, 0.0555555559694767],
            [2, 5, 12, 0.0555555559694767],
            [2, 5, 15, 0.0555555559694767],
            [2, 7, 3, 0.0555555559694767],
            [2, 10, 2, 0.0555555559694767],
            [2, 10, 15, 0.0555555559694767],
            [2, 13, 5, 0.0555555559694767],
            [2, 13, 10, 0.0555555559694767],
            [2, 13, 11, 0.0555555559694767],
            [2, 15, 2, 0.0555555559694767],
            [2, 15, 8, 0.1111111119389534],
            [2, 15, 15, 0.0555555559694767],
            [2, 18, 0, 0.0555555559694767],
            [3, 1, 0, 0.0357142873108387],
            [3, 1, 16, 0.0357142873108387],
            [3, 2, 4, 0.0357142873108387],
            [3, 2, 16, 0.0357142873108387],
            [3, 4, 4, 0.0357142873108387],
            [3, 5, 5, 0.0357142873108387],
            [3, 5, 6, 0.0714285746216774],
            [3, 5, 15, 0.0357142873108387],
            [3, 6, 4, 0.0714285746216774],
            [3, 6, 13, 0.0357142873108387],
            [3, 6, 15, 0.0357142873108387],
            [3, 7, 1, 0.0357142873108387],
            [3, 7, 17, 0.0357142873108387],
            [3, 8, 11, 0.0357142873108387],
            [3, 10, 0, 0.0357142873108387],
            [3, 10, 12, 0.0357142873108387],
            [3, 10, 14, 0.0357142873108387],
            [3, 11, 7, 0.0357142873108387],
            [3, 11, 8, 0.0357142873108387],
            [3, 12, 17, 0.0357142873108387],
            [3, 13, 15, 0.0357142873108387],
            [3, 13, 17, 0.0357142873108387],
            [3, 14, 12, 0.0357142873108387],
            [3, 15, 2, 0.0357142873108387],
            [3, 16, 3, 0.0357142873108387],
            [3, 17, 14, 0.0357142873108387],
            [4, 0, 13, 0.0714285746216774],
            [4, 1, 13, 0.0714285746216774],
            [4, 4, 6, 0.0714285746216774],
            [4, 4, 14, 0.0714285746216774],
            [4, 6, 11, 0.0714285746216774],
            [4, 6, 14, 0.0714285746216774],
            [4, 7, 3, 0.0714285746216774],
            [4, 7, 14, 0.1428571492433548],
            [4, 8, 3, 0.0714285746216774],
            [4, 9, 12, 0.0714285746216774],
            [4, 11, 4, 0.0714285746216774],
            [4, 11, 12, 0.0714285746216774],
            [4, 12, 7, 0.0714285746216774]
        ]
    }
}