{
    "train_f1": 1.3157894611358643,
    "train_prob": 13.245352745056152,
    "train_cov": 12.5,
    "valid_f1": 0.0,
    "valid_prob": 0.0,
    "valid_cov": 0.0,
    "len": 92,
    "binary_grammar": {
        "num_nt": 5,
        "num_pt": 14,
        "num_rhs": 361,
        "rule_probs": [
            [0, 0, 6, 0.06666667014360428],
            [0, 1, 18, 0.13333334028720856],
            [0, 2, 11, 0.06666667014360428],
            [0, 5, 1, 0.06666667014360428],
            [0, 6, 8, 0.06666667014360428],
            [0, 6, 10, 0.06666667014360428],
            [0, 6, 11, 0.06666667014360428],
            [0, 7, 6, 0.06666667014360428],
            [0, 10, 14, 0.06666667014360428],
            [0, 11, 12, 0.06666667014360428],
            [0, 14, 13, 0.06666667014360428],
            [0, 17, 1, 0.06666667014360428],
            [0, 18, 1, 0.06666667014360428],
            [0, 18, 4, 0.06666667014360428],
            [1, 0, 2, 0.04545454680919647],
            [1, 0, 18, 0.04545454680919647],
            [1, 1, 12, 0.04545454680919647],
            [1, 2, 5, 0.04545454680919647],
            [1, 2, 18, 0.04545454680919647],
            [1, 3, 7, 0.04545454680919647],
            [1, 4, 12, 0.04545454680919647],
            [1, 5, 0, 0.04545454680919647],
            [1, 5, 7, 0.04545454680919647],
            [1, 6, 14, 0.04545454680919647],
            [1, 9, 15, 0.04545454680919647],
            [1, 9, 18, 0.04545454680919647],
            [1, 12, 8, 0.04545454680919647],
            [1, 13, 4, 0.04545454680919647],
            [1, 14, 5, 0.04545454680919647],
            [1, 14, 15, 0.04545454680919647],
            [1, 15, 17, 0.04545454680919647],
            [1, 16, 6, 0.09090909361839294],
            [1, 17, 5, 0.04545454680919647],
            [1, 17, 14, 0.04545454680919647],
            [1, 18, 1, 0.04545454680919647],
            [2, 0, 9, 0.05000000074505806],
            [2, 1, 9, 0.05000000074505806],
            [2, 1, 10, 0.05000000074505806],
            [2, 1, 13, 0.05000000074505806],
            [2, 2, 6, 0.05000000074505806],
            [2, 3, 6, 0.05000000074505806],
            [2, 3, 11, 0.05000000074505806],
            [2, 4, 3, 0.05000000074505806],
            [2, 4, 5, 0.05000000074505806],
            [2, 5, 12, 0.05000000074505806],
            [2, 6, 4, 0.10000000149011612],
            [2, 8, 9, 0.05000000074505806],
            [2, 8, 10, 0.05000000074505806],
            [2, 8, 16, 0.05000000074505806],
            [2, 10, 3, 0.05000000074505806],
            [2, 10, 9, 0.05000000074505806],
            [2, 13, 11, 0.05000000074505806],
            [2, 16, 5, 0.05000000074505806],
            [2, 18, 1, 0.05000000074505806],
            [3, 2, 4, 0.0416666679084301],
            [3, 2, 6, 0.0416666679084301],
            [3, 3, 16, 0.0416666679084301],
            [3, 5, 2, 0.0416666679084301],
            [3, 7, 7, 0.0416666679084301],
            [3, 7, 17, 0.125],
            [3, 8, 11, 0.0416666679084301],
            [3, 9, 9, 0.0416666679084301],
            [3, 10, 11, 0.0416666679084301],
            [3, 11, 7, 0.0416666679084301],
            [3, 11, 18, 0.0416666679084301],
            [3, 12, 2, 0.0416666679084301],
            [3, 12, 3, 0.0416666679084301],
            [3, 12, 5, 0.0416666679084301],
            [3, 12, 15, 0.0416666679084301],
            [3, 13, 17, 0.0416666679084301],
            [3, 14, 7, 0.0416666679084301],
            [3, 15, 0, 0.0833333358168602],
            [3, 16, 11, 0.0416666679084301],
            [3, 17, 1, 0.0416666679084301],
            [3, 18, 9, 0.0416666679084301],
            [4, 0, 1, 0.05263157933950424],
            [4, 1, 4, 0.05263157933950424],
            [4, 1, 11, 0.05263157933950424],
            [4, 3, 1, 0.05263157933950424],
            [4, 3, 5, 0.05263157933950424],
            [4, 3, 10, 0.05263157933950424],
            [4, 3, 17, 0.05263157933950424],
            [4, 7, 14, 0.15789473056793213],
            [4, 8, 15, 0.05263157933950424],
            [4, 9, 7, 0.05263157933950424],
            [4, 11, 0, 0.05263157933950424],
            [4, 11, 12, 0.05263157933950424],
            [4, 13, 9, 0.05263157933950424],
            [4, 14, 5, 0.05263157933950424],
            [4, 15, 11, 0.05263157933950424],
            [4, 15, 17, 0.05263157933950424],
            [4, 15, 18, 0.05263157933950424]
        ]
    }
}