{
    "train_f1": 0.0,
    "train_prob": 0.0,
    "train_cov": 0.0,
    "valid_f1": 0.0,
    "valid_prob": 0.0,
    "valid_cov": 0.0,
    "len": 87,
    "binary_grammar": {
        "num_nt": 5,
        "num_pt": 14,
        "num_rhs": 361,
        "rule_probs": [
            [0, 0, 6, 0.0555555559694767],
            [0, 1, 3, 0.0555555559694767],
            [0, 1, 7, 0.0555555559694767],
            [0, 1, 9, 0.0555555559694767],
            [0, 1, 17, 0.1111111119389534],
            [0, 10, 5, 0.0555555559694767],
            [0, 10, 14, 0.2222222238779068],
            [0, 13, 11, 0.0555555559694767],
            [0, 14, 7, 0.1111111119389534],
            [0, 15, 4, 0.0555555559694767],
            [0, 16, 4, 0.0555555559694767],
            [0, 18, 9, 0.0555555559694767],
            [0, 18, 15, 0.0555555559694767],
            [1, 1, 15, 0.07692307978868484],
            [1, 1, 16, 0.03846153989434242],
            [1, 2, 12, 0.03846153989434242],
            [1, 2, 17, 0.11538461595773697],
            [1, 3, 10, 0.03846153989434242],
            [1, 5, 7, 0.07692307978868484],
            [1, 6, 2, 0.07692307978868484],
            [1, 6, 7, 0.03846153989434242],
            [1, 6, 15, 0.03846153989434242],
            [1, 7, 11, 0.03846153989434242],
            [1, 9, 1, 0.03846153989434242],
            [1, 9, 8, 0.03846153989434242],
            [1, 10, 8, 0.07692307978868484],
            [1, 10, 15, 0.03846153989434242],
            [1, 14, 2, 0.03846153989434242],
            [1, 16, 4, 0.03846153989434242],
            [1, 16, 6, 0.03846153989434242],
            [1, 18, 3, 0.03846153989434242],
            [1, 18, 13, 0.03846153989434242],
            [1, 18, 15, 0.03846153989434242],
            [2, 0, 8, 0.0555555559694767],
            [2, 3, 10, 0.0555555559694767],
            [2, 5, 3, 0.0555555559694767],
            [2, 7, 16, 0.0555555559694767],
            [2, 7, 18, 0.0555555559694767],
            [2, 8, 9, 0.0555555559694767],
            [2, 9, 15, 0.0555555559694767],
            [2, 9, 16, 0.0555555559694767],
            [2, 10, 15, 0.0555555559694767],
            [2, 11, 0, 0.0555555559694767],
            [2, 11, 10, 0.0555555559694767],
            [2, 11, 18, 0.0555555559694767],
            [2, 12, 3, 0.0555555559694767],
            [2, 13, 3, 0.0555555559694767],
            [2, 16, 3, 0.0555555559694767],
            [2, 16, 11, 0.0555555559694767],
            [2, 17, 0, 0.0555555559694767],
            [2, 18, 1, 0.0555555559694767],
            [3, 3, 5, 0.0416666679084301],
            [3, 3, 14, 0.0416666679084301],
            [3, 4, 4, 0.0416666679084301],
            [3, 4, 12, 0.0416666679084301],
            [3, 5, 11, 0.0416666679084301],
            [3, 5, 12, 0.0416666679084301],
            [3, 5, 15, 0.0416666679084301],
            [3, 6, 13, 0.0416666679084301],
            [3, 6, 15, 0.0416666679084301],
            [3, 6, 18, 0.0416666679084301],
            [3, 7, 8, 0.0416666679084301],
            [3, 7, 17, 0.0416666679084301],
            [3, 9, 14, 0.0416666679084301],
            [3, 12, 6, 0.0833333358168602],
            [3, 13, 11, 0.0416666679084301],
            [3, 14, 5, 0.0416666679084301],
            [3, 14, 13, 0.0416666679084301],
            [3, 15, 4, 0.0416666679084301],
            [3, 15, 15, 0.0416666679084301],
            [3, 15, 17, 0.0416666679084301],
            [3, 16, 9, 0.0416666679084301],
            [3, 16, 14, 0.0416666679084301],
            [3, 17, 2, 0.0416666679084301],
            [4, 1, 16, 0.0714285746216774],
            [4, 3, 4, 0.0714285746216774],
            [4, 3, 10, 0.0714285746216774],
            [4, 5, 5, 0.0714285746216774],
            [4, 6, 11, 0.0714285746216774],
            [4, 7, 3, 0.0714285746216774],
            [4, 7, 7, 0.0714285746216774],
            [4, 7, 18, 0.0714285746216774],
            [4, 11, 3, 0.0714285746216774],
            [4, 11, 12, 0.1428571492433548],
            [4, 16, 7, 0.0714285746216774],
            [4, 16, 13, 0.0714285746216774],
            [4, 16, 15, 0.0714285746216774]
        ]
    }
}