{
    "train_f1": 0.0,
    "train_prob": 0.0,
    "train_cov": 0.0,
    "valid_f1": 0.0,
    "valid_prob": 0.0,
    "valid_cov": 0.0,
    "len": 99,
    "binary_grammar": {
        "num_nt": 5,
        "num_pt": 14,
        "num_rhs": 361,
        "rule_probs": [
            [0, 0, 17, 0.05263157933950424],
            [0, 5, 13, 0.05263157933950424],
            [0, 8, 4, 0.05263157933950424],
            [0, 8, 10, 0.05263157933950424],
            [0, 8, 16, 0.05263157933950424],
            [0, 9, 3, 0.05263157933950424],
            [0, 9, 5, 0.05263157933950424],
            [0, 9, 6, 0.05263157933950424],
            [0, 10, 16, 0.05263157933950424],
            [0, 11, 3, 0.05263157933950424],
            [0, 11, 15, 0.05263157933950424],
            [0, 13, 6, 0.05263157933950424],
            [0, 14, 6, 0.05263157933950424],
            [0, 14, 12, 0.05263157933950424],
            [0, 15, 7, 0.05263157933950424],
            [0, 15, 16, 0.05263157933950424],
            [0, 17, 12, 0.10526315867900848],
            [0, 18, 2, 0.05263157933950424],
            [1, 0, 2, 0.0714285746216774],
            [1, 1, 1, 0.0714285746216774],
            [1, 1, 7, 0.0714285746216774],
            [1, 1, 13, 0.0714285746216774],
            [1, 1, 15, 0.0714285746216774],
            [1, 3, 4, 0.0714285746216774],
            [1, 6, 3, 0.0714285746216774],
            [1, 6, 8, 0.0714285746216774],
            [1, 8, 10, 0.0714285746216774],
            [1, 10, 1, 0.0714285746216774],
            [1, 10, 7, 0.0714285746216774],
            [1, 15, 15, 0.0714285746216774],
            [1, 16, 5, 0.0714285746216774],
            [1, 18, 11, 0.0714285746216774],
            [2, 0, 3, 0.0416666679084301],
            [2, 2, 14, 0.0416666679084301],
            [2, 3, 1, 0.0416666679084301],
            [2, 3, 15, 0.0416666679084301],
            [2, 4, 7, 0.0416666679084301],
            [2, 5, 7, 0.0416666679084301],
            [2, 6, 8, 0.0416666679084301],
            [2, 6, 17, 0.0416666679084301],
            [2, 8, 2, 0.0416666679084301],
            [2, 8, 3, 0.0416666679084301],
            [2, 8, 4, 0.0416666679084301],
            [2, 8, 6, 0.0416666679084301],
            [2, 8, 14, 0.0416666679084301],
            [2, 9, 4, 0.0416666679084301],
            [2, 10, 3, 0.0416666679084301],
            [2, 10, 11, 0.0416666679084301],
            [2, 10, 16, 0.0416666679084301],
            [2, 11, 9, 0.0416666679084301],
            [2, 11, 15, 0.0416666679084301],
            [2, 13, 1, 0.0416666679084301],
            [2, 14, 14, 0.0416666679084301],
            [2, 14, 18, 0.0416666679084301],
            [2, 17, 2, 0.0416666679084301],
            [2, 17, 13, 0.0416666679084301],
            [3, 0, 4, 0.05000000074505806],
            [3, 0, 8, 0.05000000074505806],
            [3, 2, 7, 0.05000000074505806],
            [3, 3, 4, 0.05000000074505806],
            [3, 4, 12, 0.05000000074505806],
            [3, 5, 3, 0.05000000074505806],
            [3, 5, 9, 0.05000000074505806],
            [3, 6, 6, 0.05000000074505806],
            [3, 8, 10, 0.05000000074505806],
            [3, 9, 11, 0.05000000074505806],
            [3, 9, 16, 0.05000000074505806],
            [3, 10, 15, 0.05000000074505806],
            [3, 11, 0, 0.05000000074505806],
            [3, 11, 18, 0.05000000074505806],
            [3, 12, 15, 0.05000000074505806],
            [3, 13, 15, 0.05000000074505806],
            [3, 14, 8, 0.05000000074505806],
            [3, 15, 8, 0.05000000074505806],
            [3, 16, 16, 0.05000000074505806],
            [3, 17, 6, 0.05000000074505806],
            [4, 0, 2, 0.043478261679410934],
            [4, 0, 17, 0.043478261679410934],
            [4, 1, 2, 0.043478261679410934],
            [4, 1, 14, 0.043478261679410934],
            [4, 1, 15, 0.043478261679410934],
            [4, 2, 9, 0.043478261679410934],
            [4, 2, 16, 0.043478261679410934],
            [4, 4, 1, 0.043478261679410934],
            [4, 4, 9, 0.043478261679410934],
            [4, 4, 14, 0.043478261679410934],
            [4, 5, 11, 0.043478261679410934],
            [4, 6, 0, 0.043478261679410934],
            [4, 8, 2, 0.043478261679410934],
            [4, 9, 18, 0.043478261679410934],
            [4, 10, 10, 0.043478261679410934],
            [4, 10, 18, 0.043478261679410934],
            [4, 11, 0, 0.043478261679410934],
            [4, 11, 2, 0.043478261679410934],
            [4, 11, 3, 0.043478261679410934],
            [4, 13, 14, 0.043478261679410934],
            [4, 14, 12, 0.043478261679410934],
            [4, 15, 11, 0.043478261679410934],
            [4, 18, 6, 0.043478261679410934]
        ]
    }
}