{
    "train_f1": 0.0,
    "train_prob": 0.0,
    "train_cov": 0.0,
    "valid_f1": 0.0,
    "valid_prob": 0.0,
    "valid_cov": 0.0,
    "len": 97,
    "binary_grammar": {
        "num_nt": 5,
        "num_pt": 14,
        "num_rhs": 361,
        "rule_probs": [
            [0, 1, 7, 0.05000000074505806],
            [0, 1, 17, 0.05000000074505806],
            [0, 2, 11, 0.10000000149011612],
            [0, 3, 14, 0.05000000074505806],
            [0, 5, 18, 0.05000000074505806],
            [0, 7, 5, 0.05000000074505806],
            [0, 8, 11, 0.05000000074505806],
            [0, 9, 3, 0.05000000074505806],
            [0, 9, 14, 0.05000000074505806],
            [0, 10, 1, 0.05000000074505806],
            [0, 10, 14, 0.05000000074505806],
            [0, 12, 3, 0.05000000074505806],
            [0, 13, 12, 0.05000000074505806],
            [0, 14, 7, 0.05000000074505806],
            [0, 14, 11, 0.05000000074505806],
            [0, 15, 4, 0.05000000074505806],
            [0, 16, 1, 0.05000000074505806],
            [0, 17, 13, 0.05000000074505806],
            [0, 17, 14, 0.05000000074505806],
            [1, 0, 5, 0.05000000074505806],
            [1, 1, 18, 0.05000000074505806],
            [1, 2, 1, 0.05000000074505806],
            [1, 4, 10, 0.05000000074505806],
            [1, 5, 13, 0.05000000074505806],
            [1, 5, 14, 0.05000000074505806],
            [1, 6, 14, 0.05000000074505806],
            [1, 7, 16, 0.05000000074505806],
            [1, 8, 1, 0.05000000074505806],
            [1, 9, 1, 0.05000000074505806],
            [1, 9, 9, 0.05000000074505806],
            [1, 10, 12, 0.05000000074505806],
            [1, 11, 6, 0.05000000074505806],
            [1, 11, 12, 0.05000000074505806],
            [1, 13, 5, 0.10000000149011612],
            [1, 14, 12, 0.05000000074505806],
            [1, 14, 13, 0.05000000074505806],
            [1, 16, 6, 0.05000000074505806],
            [1, 17, 6, 0.05000000074505806],
            [2, 1, 13, 0.0476190485060215],
            [2, 1, 16, 0.0476190485060215],
            [2, 1, 17, 0.0476190485060215],
            [2, 2, 17, 0.0476190485060215],
            [2, 3, 15, 0.0476190485060215],
            [2, 4, 7, 0.0476190485060215],
            [2, 6, 4, 0.0476190485060215],
            [2, 6, 14, 0.0476190485060215],
            [2, 7, 16, 0.0476190485060215],
            [2, 8, 14, 0.0476190485060215],
            [2, 9, 18, 0.0476190485060215],
            [2, 11, 5, 0.0476190485060215],
            [2, 14, 16, 0.0476190485060215],
            [2, 15, 1, 0.0476190485060215],
            [2, 15, 7, 0.0476190485060215],
            [2, 15, 17, 0.0476190485060215],
            [2, 16, 8, 0.0476190485060215],
            [2, 16, 13, 0.0476190485060215],
            [2, 16, 17, 0.0476190485060215],
            [2, 17, 6, 0.0476190485060215],
            [2, 18, 8, 0.0476190485060215],
            [3, 0, 18, 0.0555555559694767],
            [3, 1, 14, 0.0555555559694767],
            [3, 2, 8, 0.0555555559694767],
            [3, 3, 12, 0.0555555559694767],
            [3, 3, 16, 0.0555555559694767],
            [3, 5, 5, 0.0555555559694767],
            [3, 6, 2, 0.0555555559694767],
            [3, 6, 18, 0.0555555559694767],
            [3, 7, 7, 0.0555555559694767],
            [3, 7, 17, 0.0555555559694767],
            [3, 9, 3, 0.0555555559694767],
            [3, 9, 12, 0.0555555559694767],
            [3, 12, 7, 0.0555555559694767],
            [3, 12, 13, 0.0555555559694767],
            [3, 13, 3, 0.0555555559694767],
            [3, 16, 0, 0.0555555559694767],
            [3, 16, 7, 0.0555555559694767],
            [3, 16, 13, 0.0555555559694767],
            [4, 0, 4, 0.0476190485060215],
            [4, 1, 17, 0.0476190485060215],
            [4, 2, 11, 0.0476190485060215],
            [4, 2, 12, 0.0476190485060215],
            [4, 2, 15, 0.0476190485060215],
            [4, 2, 17, 0.0476190485060215],
            [4, 3, 0, 0.0476190485060215],
            [4, 3, 17, 0.0476190485060215],
            [4, 5, 11, 0.0476190485060215],
            [4, 5, 16, 0.0476190485060215],
            [4, 6, 8, 0.0476190485060215],
            [4, 7, 4, 0.0476190485060215],
            [4, 7, 9, 0.0476190485060215],
            [4, 7, 14, 0.0476190485060215],
            [4, 7, 15, 0.0476190485060215],
            [4, 8, 3, 0.095238097012043],
            [4, 11, 12, 0.0476190485060215],
            [4, 13, 5, 0.0476190485060215],
            [4, 15, 18, 0.0476190485060215],
            [4, 18, 16, 0.0476190485060215]
        ]
    }
}