{
    "train_f1": 0.0,
    "train_prob": 0.0,
    "train_cov": 0.0,
    "valid_f1": 0.0,
    "valid_prob": 0.0,
    "valid_cov": 0.0,
    "len": 89,
    "binary_grammar": {
        "num_nt": 5,
        "num_pt": 14,
        "num_rhs": 361,
        "rule_probs": [
            [0, 0, 5, 0.03999999910593033],
            [0, 1, 8, 0.03999999910593033],
            [0, 1, 14, 0.03999999910593033],
            [0, 2, 1, 0.03999999910593033],
            [0, 4, 10, 0.07999999821186066],
            [0, 4, 11, 0.03999999910593033],
            [0, 5, 3, 0.03999999910593033],
            [0, 7, 3, 0.03999999910593033],
            [0, 8, 0, 0.03999999910593033],
            [0, 8, 8, 0.03999999910593033],
            [0, 10, 1, 0.03999999910593033],
            [0, 10, 6, 0.03999999910593033],
            [0, 10, 14, 0.2800000011920929],
            [0, 12, 5, 0.03999999910593033],
            [0, 15, 15, 0.03999999910593033],
            [0, 16, 5, 0.03999999910593033],
            [0, 16, 12, 0.03999999910593033],
            [0, 18, 2, 0.03999999910593033],
            [1, 1, 14, 0.0625],
            [1, 2, 6, 0.0625],
            [1, 3, 10, 0.0625],
            [1, 3, 16, 0.0625],
            [1, 5, 3, 0.0625],
            [1, 5, 6, 0.0625],
            [1, 5, 18, 0.0625],
            [1, 6, 1, 0.0625],
            [1, 7, 0, 0.0625],
            [1, 7, 11, 0.0625],
            [1, 8, 18, 0.0625],
            [1, 9, 5, 0.0625],
            [1, 10, 18, 0.0625],
            [1, 12, 9, 0.0625],
            [1, 15, 7, 0.0625],
            [1, 18, 5, 0.0625],
            [2, 0, 11, 0.03846153989434242],
            [2, 1, 2, 0.03846153989434242],
            [2, 1, 6, 0.03846153989434242],
            [2, 1, 10, 0.03846153989434242],
            [2, 2, 9, 0.03846153989434242],
            [2, 2, 13, 0.03846153989434242],
            [2, 3, 8, 0.03846153989434242],
            [2, 3, 15, 0.03846153989434242],
            [2, 4, 1, 0.03846153989434242],
            [2, 4, 3, 0.03846153989434242],
            [2, 5, 11, 0.03846153989434242],
            [2, 6, 12, 0.03846153989434242],
            [2, 7, 12, 0.03846153989434242],
            [2, 7, 16, 0.03846153989434242],
            [2, 7, 17, 0.03846153989434242],
            [2, 8, 13, 0.03846153989434242],
            [2, 9, 12, 0.03846153989434242],
            [2, 10, 1, 0.03846153989434242],
            [2, 12, 0, 0.03846153989434242],
            [2, 12, 16, 0.03846153989434242],
            [2, 13, 5, 0.03846153989434242],
            [2, 13, 11, 0.03846153989434242],
            [2, 15, 17, 0.03846153989434242],
            [2, 16, 5, 0.03846153989434242],
            [2, 16, 8, 0.03846153989434242],
            [2, 17, 6, 0.03846153989434242],
            [3, 0, 11, 0.04545454680919647],
            [3, 1, 9, 0.09090909361839294],
            [3, 1, 10, 0.04545454680919647],
            [3, 2, 8, 0.04545454680919647],
            [3, 3, 5, 0.04545454680919647],
            [3, 3, 6, 0.04545454680919647],
            [3, 4, 4, 0.04545454680919647],
            [3, 7, 7, 0.13636364042758942],
            [3, 7, 17, 0.04545454680919647],
            [3, 7, 18, 0.04545454680919647],
            [3, 8, 11, 0.04545454680919647],
            [3, 8, 17, 0.04545454680919647],
            [3, 9, 8, 0.09090909361839294],
            [3, 10, 10, 0.04545454680919647],
            [3, 12, 11, 0.04545454680919647],
            [3, 14, 11, 0.04545454680919647],
            [3, 14, 14, 0.04545454680919647],
            [3, 17, 1, 0.04545454680919647],
            [4, 0, 3, 0.09090909361839294],
            [4, 1, 12, 0.09090909361839294],
            [4, 3, 11, 0.09090909361839294],
            [4, 7, 5, 0.09090909361839294],
            [4, 7, 13, 0.09090909361839294],
            [4, 9, 1, 0.09090909361839294],
            [4, 9, 11, 0.09090909361839294],
            [4, 11, 4, 0.09090909361839294],
            [4, 13, 7, 0.09090909361839294],
            [4, 13, 18, 0.09090909361839294],
            [4, 16, 1, 0.09090909361839294]
        ]
    }
}