{
    "train_f1": 0.0,
    "train_prob": 0.0,
    "train_cov": 0.0,
    "valid_f1": 0.0,
    "valid_prob": 0.0,
    "valid_cov": 0.0,
    "len": 87,
    "binary_grammar": {
        "num_nt": 5,
        "num_pt": 14,
        "num_rhs": 361,
        "rule_probs": [
            [0, 0, 5, 0.032258063554763794],
            [0, 1, 0, 0.032258063554763794],
            [0, 1, 7, 0.032258063554763794],
            [0, 1, 15, 0.032258063554763794],
            [0, 2, 1, 0.06451612710952759],
            [0, 2, 11, 0.09677419066429138],
            [0, 3, 11, 0.032258063554763794],
            [0, 4, 6, 0.032258063554763794],
            [0, 5, 14, 0.032258063554763794],
            [0, 6, 15, 0.032258063554763794],
            [0, 6, 17, 0.032258063554763794],
            [0, 8, 11, 0.032258063554763794],
            [0, 10, 6, 0.06451612710952759],
            [0, 10, 14, 0.19354838132858276],
            [0, 11, 4, 0.032258063554763794],
            [0, 12, 5, 0.032258063554763794],
            [0, 12, 9, 0.032258063554763794],
            [0, 12, 14, 0.032258063554763794],
            [0, 14, 3, 0.032258063554763794],
            [0, 15, 4, 0.032258063554763794],
            [0, 15, 17, 0.032258063554763794],
            [0, 16, 9, 0.032258063554763794],
            [1, 1, 18, 0.0476190485060215],
            [1, 5, 1, 0.0476190485060215],
            [1, 6, 14, 0.0476190485060215],
            [1, 7, 11, 0.0476190485060215],
            [1, 8, 2, 0.0476190485060215],
            [1, 8, 4, 0.0476190485060215],
            [1, 8, 16, 0.1428571492433548],
            [1, 9, 0, 0.0476190485060215],
            [1, 9, 10, 0.0476190485060215],
            [1, 10, 0, 0.0476190485060215],
            [1, 11, 12, 0.0476190485060215],
            [1, 13, 1, 0.0476190485060215],
            [1, 13, 11, 0.0476190485060215],
            [1, 15, 7, 0.0476190485060215],
            [1, 15, 11, 0.0476190485060215],
            [1, 16, 4, 0.095238097012043],
            [1, 16, 6, 0.0476190485060215],
            [1, 17, 16, 0.0476190485060215],
            [2, 0, 10, 0.0416666679084301],
            [2, 0, 11, 0.0416666679084301],
            [2, 1, 13, 0.0416666679084301],
            [2, 2, 6, 0.0416666679084301],
            [2, 2, 11, 0.0416666679084301],
            [2, 3, 3, 0.0416666679084301],
            [2, 3, 15, 0.0833333358168602],
            [2, 5, 18, 0.0416666679084301],
            [2, 6, 11, 0.0416666679084301],
            [2, 6, 16, 0.0416666679084301],
            [2, 7, 2, 0.0416666679084301],
            [2, 9, 5, 0.0416666679084301],
            [2, 10, 1, 0.0416666679084301],
            [2, 10, 9, 0.0416666679084301],
            [2, 10, 13, 0.0416666679084301],
            [2, 10, 16, 0.0416666679084301],
            [2, 14, 4, 0.0416666679084301],
            [2, 15, 17, 0.0416666679084301],
            [2, 16, 1, 0.0416666679084301],
            [2, 16, 8, 0.0416666679084301],
            [2, 17, 0, 0.0416666679084301],
            [2, 17, 8, 0.0416666679084301],
            [2, 17, 10, 0.0416666679084301],
            [3, 1, 4, 0.0625],
            [3, 1, 15, 0.0625],
            [3, 3, 3, 0.0625],
            [3, 4, 5, 0.0625],
            [3, 5, 0, 0.0625],
            [3, 7, 4, 0.0625],
            [3, 7, 17, 0.0625],
            [3, 8, 4, 0.0625],
            [3, 9, 4, 0.0625],
            [3, 11, 2, 0.0625],
            [3, 13, 10, 0.0625],
            [3, 15, 10, 0.0625],
            [3, 16, 15, 0.0625],
            [3, 17, 0, 0.0625],
            [3, 17, 1, 0.0625],
            [3, 17, 3, 0.0625],
            [4, 1, 1, 0.125],
            [4, 1, 6, 0.125],
            [4, 3, 12, 0.125],
            [4, 3, 18, 0.125],
            [4, 5, 15, 0.125],
            [4, 11, 14, 0.125],
            [4, 12, 6, 0.125],
            [4, 13, 9, 0.125]
        ]
    }
}