{
    "train_f1": 0.0,
    "train_prob": 0.0,
    "train_cov": 0.0,
    "valid_f1": 0.0,
    "valid_prob": 0.0,
    "valid_cov": 0.0,
    "len": 90,
    "binary_grammar": {
        "num_nt": 5,
        "num_pt": 14,
        "num_rhs": 361,
        "rule_probs": [
            [0, 0, 8, 0.10000000149011612],
            [0, 2, 3, 0.05000000074505806],
            [0, 2, 4, 0.05000000074505806],
            [0, 2, 11, 0.05000000074505806],
            [0, 3, 14, 0.05000000074505806],
            [0, 5, 0, 0.05000000074505806],
            [0, 7, 13, 0.05000000074505806],
            [0, 9, 10, 0.05000000074505806],
            [0, 10, 6, 0.10000000149011612],
            [0, 10, 14, 0.05000000074505806],
            [0, 11, 10, 0.05000000074505806],
            [0, 11, 12, 0.05000000074505806],
            [0, 12, 5, 0.05000000074505806],
            [0, 12, 9, 0.05000000074505806],
            [0, 13, 13, 0.05000000074505806],
            [0, 14, 7, 0.05000000074505806],
            [0, 15, 18, 0.05000000074505806],
            [0, 17, 11, 0.05000000074505806],
            [1, 0, 9, 0.05000000074505806],
            [1, 0, 15, 0.05000000074505806],
            [1, 1, 18, 0.05000000074505806],
            [1, 2, 6, 0.05000000074505806],
            [1, 3, 2, 0.05000000074505806],
            [1, 4, 10, 0.05000000074505806],
            [1, 5, 13, 0.05000000074505806],
            [1, 7, 6, 0.05000000074505806],
            [1, 9, 4, 0.05000000074505806],
            [1, 11, 11, 0.15000000596046448],
            [1, 12, 3, 0.05000000074505806],
            [1, 13, 6, 0.05000000074505806],
            [1, 14, 0, 0.05000000074505806],
            [1, 14, 9, 0.05000000074505806],
            [1, 15, 4, 0.05000000074505806],
            [1, 17, 0, 0.05000000074505806],
            [1, 17, 9, 0.05000000074505806],
            [1, 17, 10, 0.05000000074505806],
            [2, 0, 11, 0.04545454680919647],
            [2, 3, 8, 0.04545454680919647],
            [2, 4, 3, 0.09090909361839294],
            [2, 4, 13, 0.04545454680919647],
            [2, 5, 12, 0.04545454680919647],
            [2, 5, 16, 0.04545454680919647],
            [2, 8, 10, 0.09090909361839294],
            [2, 8, 18, 0.04545454680919647],
            [2, 10, 15, 0.09090909361839294],
            [2, 11, 1, 0.04545454680919647],
            [2, 11, 10, 0.04545454680919647],
            [2, 12, 2, 0.04545454680919647],
            [2, 12, 13, 0.04545454680919647],
            [2, 13, 11, 0.04545454680919647],
            [2, 15, 12, 0.09090909361839294],
            [2, 17, 7, 0.04545454680919647],
            [2, 17, 10, 0.04545454680919647],
            [2, 18, 11, 0.04545454680919647],
            [3, 1, 4, 0.05882352963089943],
            [3, 1, 9, 0.05882352963089943],
            [3, 1, 10, 0.11764705926179886],
            [3, 3, 4, 0.05882352963089943],
            [3, 7, 7, 0.05882352963089943],
            [3, 7, 9, 0.05882352963089943],
            [3, 7, 17, 0.11764705926179886],
            [3, 9, 8, 0.05882352963089943],
            [3, 10, 10, 0.05882352963089943],
            [3, 11, 2, 0.05882352963089943],
            [3, 12, 9, 0.05882352963089943],
            [3, 14, 6, 0.05882352963089943],
            [3, 14, 7, 0.05882352963089943],
            [3, 17, 3, 0.05882352963089943],
            [3, 18, 16, 0.05882352963089943],
            [4, 0, 8, 0.0476190485060215],
            [4, 1, 13, 0.0476190485060215],
            [4, 2, 12, 0.0476190485060215],
            [4, 2, 16, 0.0476190485060215],
            [4, 4, 17, 0.0476190485060215],
            [4, 5, 18, 0.0476190485060215],
            [4, 6, 1, 0.0476190485060215],
            [4, 6, 7, 0.0476190485060215],
            [4, 7, 15, 0.0476190485060215],
            [4, 9, 12, 0.0476190485060215],
            [4, 11, 11, 0.0476190485060215],
            [4, 11, 17, 0.0476190485060215],
            [4, 12, 1, 0.0476190485060215],
            [4, 14, 1, 0.0476190485060215],
            [4, 14, 3, 0.0476190485060215],
            [4, 14, 13, 0.0476190485060215],
            [4, 14, 15, 0.0476190485060215],
            [4, 15, 16, 0.0476190485060215],
            [4, 16, 2, 0.0476190485060215],
            [4, 16, 7, 0.0476190485060215],
            [4, 17, 10, 0.0476190485060215]
        ]
    }
}