{
    "train_f1": 0.0,
    "train_prob": 0.0,
    "train_cov": 0.0,
    "valid_f1": 0.0,
    "valid_prob": 0.0,
    "valid_cov": 0.0,
    "len": 88,
    "binary_grammar": {
        "num_nt": 5,
        "num_pt": 14,
        "num_rhs": 361,
        "rule_probs": [
            [0, 0, 13, 0.043478261679410934],
            [0, 1, 9, 0.043478261679410934],
            [0, 2, 9, 0.043478261679410934],
            [0, 2, 11, 0.08695652335882187],
            [0, 3, 5, 0.043478261679410934],
            [0, 5, 8, 0.043478261679410934],
            [0, 6, 16, 0.043478261679410934],
            [0, 7, 15, 0.043478261679410934],
            [0, 10, 1, 0.08695652335882187],
            [0, 10, 3, 0.043478261679410934],
            [0, 10, 6, 0.043478261679410934],
            [0, 10, 11, 0.043478261679410934],
            [0, 10, 14, 0.08695652335882187],
            [0, 14, 5, 0.043478261679410934],
            [0, 14, 17, 0.043478261679410934],
            [0, 15, 2, 0.043478261679410934],
            [0, 16, 9, 0.08695652335882187],
            [0, 17, 14, 0.043478261679410934],
            [0, 18, 7, 0.043478261679410934],
            [1, 1, 18, 0.0625],
            [1, 2, 16, 0.0625],
            [1, 4, 11, 0.0625],
            [1, 6, 6, 0.125],
            [1, 8, 16, 0.0625],
            [1, 10, 11, 0.0625],
            [1, 11, 11, 0.0625],
            [1, 12, 1, 0.0625],
            [1, 13, 15, 0.0625],
            [1, 14, 0, 0.0625],
            [1, 15, 11, 0.0625],
            [1, 16, 6, 0.0625],
            [1, 16, 12, 0.0625],
            [1, 17, 1, 0.0625],
            [1, 17, 13, 0.0625],
            [2, 0, 8, 0.03846153989434242],
            [2, 0, 15, 0.03846153989434242],
            [2, 1, 12, 0.03846153989434242],
            [2, 2, 5, 0.03846153989434242],
            [2, 4, 3, 0.1538461595773697],
            [2, 4, 5, 0.07692307978868484],
            [2, 5, 15, 0.03846153989434242],
            [2, 6, 1, 0.03846153989434242],
            [2, 8, 10, 0.03846153989434242],
            [2, 8, 15, 0.03846153989434242],
            [2, 10, 13, 0.03846153989434242],
            [2, 12, 13, 0.07692307978868484],
            [2, 13, 14, 0.03846153989434242],
            [2, 13, 15, 0.03846153989434242],
            [2, 14, 8, 0.03846153989434242],
            [2, 15, 6, 0.03846153989434242],
            [2, 15, 18, 0.03846153989434242],
            [2, 17, 6, 0.03846153989434242],
            [2, 17, 10, 0.07692307978868484],
            [2, 18, 16, 0.03846153989434242],
            [3, 0, 9, 0.0625],
            [3, 1, 14, 0.0625],
            [3, 6, 1, 0.0625],
            [3, 6, 10, 0.0625],
            [3, 7, 17, 0.0625],
            [3, 7, 18, 0.125],
            [3, 8, 16, 0.0625],
            [3, 10, 12, 0.0625],
            [3, 11, 12, 0.0625],
            [3, 11, 18, 0.0625],
            [3, 12, 13, 0.0625],
            [3, 13, 16, 0.0625],
            [3, 14, 8, 0.0625],
            [3, 14, 11, 0.0625],
            [3, 15, 6, 0.0625],
            [4, 0, 0, 0.05263157933950424],
            [4, 0, 1, 0.05263157933950424],
            [4, 0, 8, 0.05263157933950424],
            [4, 2, 11, 0.05263157933950424],
            [4, 3, 4, 0.05263157933950424],
            [4, 3, 18, 0.05263157933950424],
            [4, 4, 11, 0.05263157933950424],
            [4, 6, 11, 0.05263157933950424],
            [4, 7, 9, 0.05263157933950424],
            [4, 7, 15, 0.05263157933950424],
            [4, 9, 16, 0.05263157933950424],
            [4, 10, 13, 0.05263157933950424],
            [4, 11, 5, 0.05263157933950424],
            [4, 11, 12, 0.05263157933950424],
            [4, 12, 8, 0.05263157933950424],
            [4, 14, 18, 0.05263157933950424],
            [4, 15, 5, 0.05263157933950424],
            [4, 16, 14, 0.05263157933950424],
            [4, 17, 13, 0.05263157933950424]
        ]
    }
}