{
    "train_f1": 0.0,
    "train_prob": 0.0,
    "train_cov": 0.0,
    "valid_f1": 0.0,
    "valid_prob": 0.0,
    "valid_cov": 0.0,
    "len": 89,
    "binary_grammar": {
        "num_nt": 5,
        "num_pt": 14,
        "num_rhs": 361,
        "rule_probs": [
            [0, 0, 16, 0.0555555559694767],
            [0, 1, 2, 0.0555555559694767],
            [0, 2, 11, 0.0555555559694767],
            [0, 2, 15, 0.0555555559694767],
            [0, 4, 10, 0.0555555559694767],
            [0, 5, 4, 0.0555555559694767],
            [0, 5, 18, 0.0555555559694767],
            [0, 6, 15, 0.0555555559694767],
            [0, 8, 11, 0.0555555559694767],
            [0, 8, 12, 0.0555555559694767],
            [0, 9, 10, 0.1111111119389534],
            [0, 10, 14, 0.0555555559694767],
            [0, 12, 15, 0.0555555559694767],
            [0, 14, 7, 0.0555555559694767],
            [0, 16, 6, 0.0555555559694767],
            [0, 17, 14, 0.0555555559694767],
            [0, 18, 1, 0.0555555559694767],
            [1, 1, 0, 0.0555555559694767],
            [1, 1, 13, 0.0555555559694767],
            [1, 1, 16, 0.0555555559694767],
            [1, 1, 18, 0.0555555559694767],
            [1, 2, 12, 0.0555555559694767],
            [1, 2, 17, 0.0555555559694767],
            [1, 3, 18, 0.0555555559694767],
            [1, 7, 11, 0.0555555559694767],
            [1, 8, 1, 0.0555555559694767],
            [1, 9, 12, 0.0555555559694767],
            [1, 10, 8, 0.0555555559694767],
            [1, 10, 16, 0.0555555559694767],
            [1, 12, 3, 0.0555555559694767],
            [1, 15, 13, 0.0555555559694767],
            [1, 15, 17, 0.0555555559694767],
            [1, 17, 14, 0.0555555559694767],
            [1, 18, 0, 0.0555555559694767],
            [1, 18, 10, 0.0555555559694767],
            [2, 0, 11, 0.22727273404598236],
            [2, 1, 0, 0.04545454680919647],
            [2, 1, 16, 0.04545454680919647],
            [2, 4, 3, 0.04545454680919647],
            [2, 4, 12, 0.04545454680919647],
            [2, 5, 11, 0.04545454680919647],
            [2, 7, 1, 0.04545454680919647],
            [2, 8, 10, 0.04545454680919647],
            [2, 8, 13, 0.04545454680919647],
            [2, 9, 5, 0.04545454680919647],
            [2, 12, 16, 0.04545454680919647],
            [2, 13, 9, 0.04545454680919647],
            [2, 13, 15, 0.04545454680919647],
            [2, 14, 14, 0.04545454680919647],
            [2, 15, 6, 0.04545454680919647],
            [2, 17, 3, 0.04545454680919647],
            [2, 17, 10, 0.04545454680919647],
            [2, 18, 11, 0.04545454680919647],
            [3, 0, 15, 0.0476190485060215],
            [3, 4, 2, 0.0476190485060215],
            [3, 6, 4, 0.0476190485060215],
            [3, 6, 17, 0.0476190485060215],
            [3, 7, 17, 0.1428571492433548],
            [3, 9, 11, 0.0476190485060215],
            [3, 10, 17, 0.0476190485060215],
            [3, 12, 8, 0.0476190485060215],
            [3, 13, 6, 0.0476190485060215],
            [3, 14, 6, 0.095238097012043],
            [3, 14, 7, 0.095238097012043],
            [3, 14, 8, 0.0476190485060215],
            [3, 15, 5, 0.0476190485060215],
            [3, 15, 13, 0.0476190485060215],
            [3, 15, 17, 0.0476190485060215],
            [3, 17, 1, 0.095238097012043],
            [4, 0, 3, 0.0476190485060215],
            [4, 0, 5, 0.095238097012043],
            [4, 2, 1, 0.0476190485060215],
            [4, 2, 13, 0.0476190485060215],
            [4, 5, 13, 0.0476190485060215],
            [4, 6, 9, 0.0476190485060215],
            [4, 7, 14, 0.0476190485060215],
            [4, 9, 1, 0.0476190485060215],
            [4, 9, 9, 0.0476190485060215],
            [4, 11, 4, 0.0476190485060215],
            [4, 11, 12, 0.0476190485060215],
            [4, 12, 0, 0.0476190485060215],
            [4, 12, 9, 0.0476190485060215],
            [4, 13, 13, 0.0476190485060215],
            [4, 14, 14, 0.0476190485060215],
            [4, 15, 5, 0.0476190485060215],
            [4, 15, 9, 0.0476190485060215],
            [4, 17, 0, 0.0476190485060215],
            [4, 17, 3, 0.0476190485060215],
            [4, 18, 14, 0.0476190485060215]
        ]
    }
}