{
    "train_f1": 0.0,
    "train_prob": 0.0,
    "train_cov": 0.0,
    "valid_f1": 0.0,
    "valid_prob": 0.0,
    "valid_cov": 0.0,
    "len": 93,
    "binary_grammar": {
        "num_nt": 5,
        "num_pt": 14,
        "num_rhs": 361,
        "rule_probs": [
            [0, 0, 1, 0.04545454680919647],
            [0, 1, 2, 0.04545454680919647],
            [0, 1, 11, 0.04545454680919647],
            [0, 2, 11, 0.04545454680919647],
            [0, 2, 15, 0.04545454680919647],
            [0, 3, 11, 0.04545454680919647],
            [0, 4, 12, 0.04545454680919647],
            [0, 5, 13, 0.04545454680919647],
            [0, 5, 17, 0.04545454680919647],
            [0, 6, 18, 0.04545454680919647],
            [0, 7, 12, 0.04545454680919647],
            [0, 9, 1, 0.04545454680919647],
            [0, 9, 10, 0.04545454680919647],
            [0, 9, 16, 0.04545454680919647],
            [0, 13, 3, 0.04545454680919647],
            [0, 14, 7, 0.04545454680919647],
            [0, 14, 12, 0.04545454680919647],
            [0, 14, 15, 0.04545454680919647],
            [0, 16, 6, 0.04545454680919647],
            [0, 16, 7, 0.04545454680919647],
            [0, 17, 10, 0.04545454680919647],
            [0, 18, 2, 0.04545454680919647],
            [1, 0, 14, 0.06666667014360428],
            [1, 3, 6, 0.06666667014360428],
            [1, 3, 11, 0.06666667014360428],
            [1, 4, 5, 0.06666667014360428],
            [1, 5, 6, 0.06666667014360428],
            [1, 6, 18, 0.06666667014360428],
            [1, 9, 4, 0.06666667014360428],
            [1, 9, 9, 0.06666667014360428],
            [1, 11, 12, 0.06666667014360428],
            [1, 14, 15, 0.06666667014360428],
            [1, 14, 17, 0.06666667014360428],
            [1, 16, 6, 0.06666667014360428],
            [1, 17, 8, 0.06666667014360428],
            [1, 18, 12, 0.06666667014360428],
            [1, 18, 17, 0.06666667014360428],
            [2, 1, 12, 0.043478261679410934],
            [2, 3, 6, 0.043478261679410934],
            [2, 3, 7, 0.043478261679410934],
            [2, 3, 11, 0.043478261679410934],
            [2, 4, 3, 0.17391304671764374],
            [2, 5, 2, 0.043478261679410934],
            [2, 6, 0, 0.043478261679410934],
            [2, 7, 16, 0.043478261679410934],
            [2, 7, 17, 0.043478261679410934],
            [2, 9, 10, 0.043478261679410934],
            [2, 13, 11, 0.08695652335882187],
            [2, 13, 13, 0.043478261679410934],
            [2, 14, 6, 0.08695652335882187],
            [2, 14, 14, 0.043478261679410934],
            [2, 15, 12, 0.043478261679410934],
            [2, 18, 3, 0.043478261679410934],
            [2, 18, 8, 0.043478261679410934],
            [2, 18, 14, 0.043478261679410934],
            [3, 0, 8, 0.04545454680919647],
            [3, 0, 11, 0.04545454680919647],
            [3, 1, 4, 0.04545454680919647],
            [3, 1, 12, 0.04545454680919647],
            [3, 1, 15, 0.04545454680919647],
            [3, 1, 17, 0.04545454680919647],
            [3, 2, 6, 0.04545454680919647],
            [3, 3, 6, 0.04545454680919647],
            [3, 5, 0, 0.04545454680919647],
            [3, 5, 12, 0.04545454680919647],
            [3, 7, 1, 0.04545454680919647],
            [3, 7, 2, 0.04545454680919647],
            [3, 8, 9, 0.04545454680919647],
            [3, 8, 17, 0.04545454680919647],
            [3, 10, 2, 0.04545454680919647],
            [3, 10, 8, 0.04545454680919647],
            [3, 10, 10, 0.04545454680919647],
            [3, 11, 3, 0.04545454680919647],
            [3, 11, 5, 0.04545454680919647],
            [3, 13, 5, 0.04545454680919647],
            [3, 18, 16, 0.04545454680919647],
            [3, 18, 17, 0.04545454680919647],
            [4, 1, 0, 0.0555555559694767],
            [4, 1, 5, 0.0555555559694767],
            [4, 2, 7, 0.0555555559694767],
            [4, 3, 3, 0.0555555559694767],
            [4, 3, 4, 0.0555555559694767],
            [4, 5, 3, 0.0555555559694767],
            [4, 5, 11, 0.0555555559694767],
            [4, 5, 16, 0.0555555559694767],
            [4, 7, 13, 0.1111111119389534],
            [4, 9, 1, 0.1111111119389534],
            [4, 9, 13, 0.0555555559694767],
            [4, 11, 12, 0.0555555559694767],
            [4, 13, 17, 0.0555555559694767],
            [4, 14, 3, 0.0555555559694767],
            [4, 14, 14, 0.0555555559694767],
            [4, 15, 0, 0.0555555559694767]
        ]
    }
}