{
    "train_f1": 0.0,
    "train_prob": 0.0,
    "train_cov": 0.0,
    "valid_f1": 0.0,
    "valid_prob": 0.0,
    "valid_cov": 0.0,
    "len": 95,
    "binary_grammar": {
        "num_nt": 5,
        "num_pt": 14,
        "num_rhs": 361,
        "rule_probs": [
            [0, 0, 1, 0.04545454680919647],
            [0, 1, 10, 0.04545454680919647],
            [0, 1, 18, 0.09090909361839294],
            [0, 4, 8, 0.04545454680919647],
            [0, 4, 9, 0.04545454680919647],
            [0, 4, 18, 0.04545454680919647],
            [0, 5, 10, 0.04545454680919647],
            [0, 6, 16, 0.04545454680919647],
            [0, 7, 2, 0.04545454680919647],
            [0, 9, 3, 0.04545454680919647],
            [0, 10, 12, 0.04545454680919647],
            [0, 10, 14, 0.04545454680919647],
            [0, 11, 4, 0.04545454680919647],
            [0, 11, 7, 0.04545454680919647],
            [0, 11, 12, 0.04545454680919647],
            [0, 13, 17, 0.04545454680919647],
            [0, 14, 10, 0.04545454680919647],
            [0, 14, 13, 0.04545454680919647],
            [0, 16, 0, 0.04545454680919647],
            [0, 18, 0, 0.04545454680919647],
            [0, 18, 2, 0.04545454680919647],
            [1, 1, 14, 0.0625],
            [1, 1, 17, 0.0625],
            [1, 1, 18, 0.0625],
            [1, 3, 10, 0.0625],
            [1, 3, 11, 0.0625],
            [1, 4, 7, 0.0625],
            [1, 6, 11, 0.0625],
            [1, 8, 6, 0.0625],
            [1, 10, 13, 0.0625],
            [1, 12, 4, 0.0625],
            [1, 12, 8, 0.125],
            [1, 13, 7, 0.0625],
            [1, 14, 3, 0.0625],
            [1, 14, 8, 0.0625],
            [1, 17, 2, 0.0625],
            [2, 0, 11, 0.043478261679410934],
            [2, 4, 3, 0.1304347813129425],
            [2, 4, 5, 0.043478261679410934],
            [2, 4, 17, 0.043478261679410934],
            [2, 5, 1, 0.043478261679410934],
            [2, 6, 12, 0.043478261679410934],
            [2, 7, 11, 0.043478261679410934],
            [2, 8, 0, 0.043478261679410934],
            [2, 8, 9, 0.043478261679410934],
            [2, 8, 12, 0.043478261679410934],
            [2, 8, 18, 0.043478261679410934],
            [2, 9, 5, 0.043478261679410934],
            [2, 10, 10, 0.043478261679410934],
            [2, 11, 3, 0.043478261679410934],
            [2, 11, 17, 0.043478261679410934],
            [2, 13, 0, 0.043478261679410934],
            [2, 13, 11, 0.043478261679410934],
            [2, 15, 14, 0.043478261679410934],
            [2, 17, 5, 0.043478261679410934],
            [2, 17, 10, 0.043478261679410934],
            [2, 18, 11, 0.043478261679410934],
            [3, 2, 16, 0.0555555559694767],
            [3, 6, 4, 0.0555555559694767],
            [3, 6, 16, 0.0555555559694767],
            [3, 8, 15, 0.0555555559694767],
            [3, 9, 8, 0.0555555559694767],
            [3, 10, 10, 0.1111111119389534],
            [3, 11, 18, 0.0555555559694767],
            [3, 12, 5, 0.0555555559694767],
            [3, 13, 14, 0.0555555559694767],
            [3, 14, 6, 0.0555555559694767],
            [3, 14, 7, 0.0555555559694767],
            [3, 15, 5, 0.0555555559694767],
            [3, 15, 13, 0.0555555559694767],
            [3, 17, 1, 0.0555555559694767],
            [3, 17, 3, 0.0555555559694767],
            [3, 17, 14, 0.0555555559694767],
            [3, 18, 1, 0.0555555559694767],
            [4, 0, 18, 0.0476190485060215],
            [4, 1, 5, 0.0476190485060215],
            [4, 1, 15, 0.0476190485060215],
            [4, 4, 10, 0.0476190485060215],
            [4, 5, 1, 0.0476190485060215],
            [4, 5, 12, 0.0476190485060215],
            [4, 5, 18, 0.0476190485060215],
            [4, 6, 11, 0.0476190485060215],
            [4, 7, 15, 0.0476190485060215],
            [4, 9, 1, 0.0476190485060215],
            [4, 11, 12, 0.0476190485060215],
            [4, 11, 17, 0.0476190485060215],
            [4, 12, 4, 0.0476190485060215],
            [4, 13, 3, 0.0476190485060215],
            [4, 14, 10, 0.0476190485060215],
            [4, 15, 13, 0.0476190485060215],
            [4, 15, 15, 0.0476190485060215],
            [4, 16, 3, 0.0476190485060215],
            [4, 16, 6, 0.0476190485060215],
            [4, 18, 0, 0.0476190485060215],
            [4, 18, 12, 0.0476190485060215]
        ]
    }
}