{
    "train_f1": 0.0,
    "train_prob": 0.0,
    "train_cov": 0.0,
    "valid_f1": 0.0,
    "valid_prob": 0.0,
    "valid_cov": 0.0,
    "len": 91,
    "binary_grammar": {
        "num_nt": 5,
        "num_pt": 14,
        "num_rhs": 361,
        "rule_probs": [
            [0, 1, 2, 0.0476190485060215],
            [0, 1, 11, 0.0476190485060215],
            [0, 1, 17, 0.0476190485060215],
            [0, 2, 11, 0.0476190485060215],
            [0, 4, 3, 0.0476190485060215],
            [0, 4, 9, 0.0476190485060215],
            [0, 4, 10, 0.0476190485060215],
            [0, 4, 12, 0.095238097012043],
            [0, 4, 14, 0.0476190485060215],
            [0, 6, 15, 0.0476190485060215],
            [0, 6, 16, 0.0476190485060215],
            [0, 8, 16, 0.0476190485060215],
            [0, 9, 11, 0.0476190485060215],
            [0, 9, 15, 0.0476190485060215],
            [0, 10, 6, 0.0476190485060215],
            [0, 10, 14, 0.095238097012043],
            [0, 12, 5, 0.0476190485060215],
            [0, 17, 0, 0.0476190485060215],
            [0, 18, 13, 0.0476190485060215],
            [1, 0, 4, 0.0476190485060215],
            [1, 2, 7, 0.0476190485060215],
            [1, 5, 6, 0.0476190485060215],
            [1, 5, 15, 0.0476190485060215],
            [1, 5, 16, 0.0476190485060215],
            [1, 5, 18, 0.0476190485060215],
            [1, 7, 17, 0.0476190485060215],
            [1, 8, 15, 0.0476190485060215],
            [1, 9, 1, 0.0476190485060215],
            [1, 9, 10, 0.0476190485060215],
            [1, 10, 7, 0.0476190485060215],
            [1, 11, 2, 0.0476190485060215],
            [1, 11, 8, 0.0476190485060215],
            [1, 12, 1, 0.0476190485060215],
            [1, 12, 8, 0.0476190485060215],
            [1, 13, 1, 0.0476190485060215],
            [1, 14, 0, 0.0476190485060215],
            [1, 14, 9, 0.0476190485060215],
            [1, 14, 13, 0.0476190485060215],
            [1, 14, 18, 0.0476190485060215],
            [1, 17, 0, 0.0476190485060215],
            [2, 2, 6, 0.05882352963089943],
            [2, 3, 8, 0.05882352963089943],
            [2, 3, 17, 0.05882352963089943],
            [2, 4, 3, 0.11764705926179886],
            [2, 5, 1, 0.05882352963089943],
            [2, 6, 1, 0.11764705926179886],
            [2, 7, 16, 0.05882352963089943],
            [2, 9, 5, 0.23529411852359772],
            [2, 13, 5, 0.05882352963089943],
            [2, 15, 6, 0.05882352963089943],
            [2, 16, 6, 0.05882352963089943],
            [2, 18, 3, 0.05882352963089943],
            [3, 1, 9, 0.11764705926179886],
            [3, 1, 11, 0.05882352963089943],
            [3, 1, 16, 0.05882352963089943],
            [3, 2, 0, 0.05882352963089943],
            [3, 4, 1, 0.05882352963089943],
            [3, 4, 4, 0.05882352963089943],
            [3, 5, 15, 0.05882352963089943],
            [3, 7, 7, 0.05882352963089943],
            [3, 7, 10, 0.05882352963089943],
            [3, 7, 11, 0.05882352963089943],
            [3, 14, 7, 0.05882352963089943],
            [3, 14, 8, 0.05882352963089943],
            [3, 15, 1, 0.05882352963089943],
            [3, 16, 14, 0.05882352963089943],
            [3, 17, 4, 0.05882352963089943],
            [3, 17, 13, 0.05882352963089943],
            [4, 0, 17, 0.0416666679084301],
            [4, 2, 1, 0.0416666679084301],
            [4, 3, 4, 0.0416666679084301],
            [4, 4, 17, 0.0416666679084301],
            [4, 4, 18, 0.0416666679084301],
            [4, 6, 11, 0.0416666679084301],
            [4, 7, 3, 0.0416666679084301],
            [4, 8, 0, 0.0416666679084301],
            [4, 9, 8, 0.0416666679084301],
            [4, 9, 12, 0.0416666679084301],
            [4, 10, 4, 0.0416666679084301],
            [4, 11, 4, 0.0416666679084301],
            [4, 11, 8, 0.0416666679084301],
            [4, 12, 5, 0.0416666679084301],
            [4, 13, 9, 0.0416666679084301],
            [4, 13, 16, 0.0416666679084301],
            [4, 14, 3, 0.0416666679084301],
            [4, 15, 9, 0.0416666679084301],
            [4, 15, 14, 0.0833333358168602],
            [4, 15, 15, 0.0416666679084301],
            [4, 16, 1, 0.0416666679084301],
            [4, 16, 6, 0.0416666679084301],
            [4, 18, 13, 0.0416666679084301]
        ]
    }
}