{
    "train_f1": 0.0,
    "train_prob": 0.0,
    "train_cov": 0.0,
    "valid_f1": 0.0,
    "valid_prob": 17.964147567749023,
    "valid_cov": 10.0,
    "len": 87,
    "binary_grammar": {
        "num_nt": 5,
        "num_pt": 14,
        "num_rhs": 361,
        "rule_probs": [
            [0, 2, 11, 0.03703703731298447],
            [0, 4, 6, 0.03703703731298447],
            [0, 4, 10, 0.03703703731298447],
            [0, 5, 3, 0.03703703731298447],
            [0, 5, 8, 0.03703703731298447],
            [0, 10, 9, 0.03703703731298447],
            [0, 10, 11, 0.03703703731298447],
            [0, 10, 14, 0.1111111119389534],
            [0, 11, 18, 0.03703703731298447],
            [0, 12, 16, 0.03703703731298447],
            [0, 13, 1, 0.03703703731298447],
            [0, 13, 10, 0.03703703731298447],
            [0, 13, 17, 0.03703703731298447],
            [0, 14, 7, 0.03703703731298447],
            [0, 14, 15, 0.03703703731298447],
            [0, 15, 3, 0.03703703731298447],
            [0, 15, 4, 0.03703703731298447],
            [0, 16, 13, 0.03703703731298447],
            [0, 16, 17, 0.03703703731298447],
            [0, 17, 10, 0.03703703731298447],
            [0, 17, 11, 0.03703703731298447],
            [0, 17, 14, 0.03703703731298447],
            [0, 18, 2, 0.1111111119389534],
            [1, 0, 4, 0.06666667014360428],
            [1, 1, 16, 0.06666667014360428],
            [1, 4, 3, 0.06666667014360428],
            [1, 5, 6, 0.20000000298023224],
            [1, 7, 11, 0.06666667014360428],
            [1, 9, 2, 0.06666667014360428],
            [1, 10, 2, 0.06666667014360428],
            [1, 12, 3, 0.06666667014360428],
            [1, 13, 14, 0.13333334028720856],
            [1, 14, 15, 0.06666667014360428],
            [1, 18, 3, 0.06666667014360428],
            [1, 18, 17, 0.06666667014360428],
            [2, 0, 1, 0.05882352963089943],
            [2, 1, 10, 0.05882352963089943],
            [2, 1, 13, 0.05882352963089943],
            [2, 4, 3, 0.11764705926179886],
            [2, 4, 5, 0.05882352963089943],
            [2, 4, 9, 0.05882352963089943],
            [2, 10, 3, 0.05882352963089943],
            [2, 11, 0, 0.05882352963089943],
            [2, 11, 8, 0.05882352963089943],
            [2, 11, 10, 0.05882352963089943],
            [2, 13, 11, 0.05882352963089943],
            [2, 13, 13, 0.05882352963089943],
            [2, 14, 14, 0.05882352963089943],
            [2, 15, 10, 0.05882352963089943],
            [2, 16, 0, 0.05882352963089943],
            [2, 17, 6, 0.05882352963089943],
            [3, 2, 9, 0.05000000074505806],
            [3, 3, 3, 0.05000000074505806],
            [3, 4, 4, 0.05000000074505806],
            [3, 5, 0, 0.05000000074505806],
            [3, 6, 11, 0.10000000149011612],
            [3, 7, 10, 0.05000000074505806],
            [3, 7, 17, 0.05000000074505806],
            [3, 8, 15, 0.05000000074505806],
            [3, 9, 8, 0.05000000074505806],
            [3, 9, 15, 0.05000000074505806],
            [3, 11, 14, 0.05000000074505806],
            [3, 12, 0, 0.05000000074505806],
            [3, 14, 1, 0.10000000149011612],
            [3, 14, 7, 0.05000000074505806],
            [3, 14, 9, 0.05000000074505806],
            [3, 17, 3, 0.10000000149011612],
            [3, 18, 7, 0.05000000074505806],
            [4, 4, 12, 0.0476190485060215],
            [4, 4, 18, 0.0476190485060215],
            [4, 5, 17, 0.0476190485060215],
            [4, 6, 7, 0.0476190485060215],
            [4, 6, 11, 0.0476190485060215],
            [4, 7, 4, 0.0476190485060215],
            [4, 7, 18, 0.0476190485060215],
            [4, 8, 10, 0.0476190485060215],
            [4, 9, 12, 0.0476190485060215],
            [4, 9, 13, 0.0476190485060215],
            [4, 10, 11, 0.095238097012043],
            [4, 11, 4, 0.0476190485060215],
            [4, 11, 9, 0.0476190485060215],
            [4, 12, 2, 0.0476190485060215],
            [4, 14, 1, 0.0476190485060215],
            [4, 15, 0, 0.0476190485060215],
            [4, 15, 15, 0.095238097012043],
            [4, 16, 7, 0.0476190485060215],
            [4, 17, 1, 0.0476190485060215]
        ]
    }
}