{
    "train_f1": 0.0,
    "train_prob": 0.0,
    "train_cov": 0.0,
    "valid_f1": 0.0,
    "valid_prob": 0.0,
    "valid_cov": 0.0,
    "len": 100,
    "binary_grammar": {
        "num_nt": 5,
        "num_pt": 14,
        "num_rhs": 361,
        "rule_probs": [
            [0, 0, 14, 0.05263157933950424],
            [0, 0, 18, 0.05263157933950424],
            [0, 3, 14, 0.05263157933950424],
            [0, 4, 1, 0.05263157933950424],
            [0, 5, 13, 0.05263157933950424],
            [0, 6, 4, 0.05263157933950424],
            [0, 6, 10, 0.05263157933950424],
            [0, 6, 13, 0.05263157933950424],
            [0, 7, 8, 0.05263157933950424],
            [0, 7, 16, 0.05263157933950424],
            [0, 8, 16, 0.05263157933950424],
            [0, 10, 9, 0.05263157933950424],
            [0, 10, 15, 0.05263157933950424],
            [0, 10, 17, 0.05263157933950424],
            [0, 11, 0, 0.05263157933950424],
            [0, 12, 18, 0.05263157933950424],
            [0, 13, 0, 0.05263157933950424],
            [0, 18, 2, 0.05263157933950424],
            [0, 18, 16, 0.05263157933950424],
            [1, 1, 12, 0.05263157933950424],
            [1, 1, 14, 0.05263157933950424],
            [1, 1, 15, 0.05263157933950424],
            [1, 2, 10, 0.05263157933950424],
            [1, 5, 9, 0.05263157933950424],
            [1, 6, 12, 0.05263157933950424],
            [1, 6, 13, 0.05263157933950424],
            [1, 8, 0, 0.05263157933950424],
            [1, 8, 10, 0.05263157933950424],
            [1, 9, 9, 0.05263157933950424],
            [1, 9, 12, 0.05263157933950424],
            [1, 9, 13, 0.05263157933950424],
            [1, 11, 0, 0.05263157933950424],
            [1, 13, 6, 0.05263157933950424],
            [1, 13, 16, 0.05263157933950424],
            [1, 14, 10, 0.05263157933950424],
            [1, 15, 12, 0.05263157933950424],
            [1, 17, 9, 0.05263157933950424],
            [1, 17, 13, 0.05263157933950424],
            [2, 0, 14, 0.0555555559694767],
            [2, 2, 6, 0.0555555559694767],
            [2, 3, 16, 0.0555555559694767],
            [2, 4, 0, 0.0555555559694767],
            [2, 4, 3, 0.0555555559694767],
            [2, 6, 11, 0.0555555559694767],
            [2, 6, 17, 0.0555555559694767],
            [2, 8, 2, 0.0555555559694767],
            [2, 10, 12, 0.0555555559694767],
            [2, 12, 8, 0.0555555559694767],
            [2, 13, 3, 0.0555555559694767],
            [2, 13, 9, 0.0555555559694767],
            [2, 14, 3, 0.0555555559694767],
            [2, 14, 6, 0.0555555559694767],
            [2, 15, 4, 0.0555555559694767],
            [2, 15, 16, 0.0555555559694767],
            [2, 16, 15, 0.0555555559694767],
            [2, 17, 7, 0.0555555559694767],
            [3, 0, 7, 0.0416666679084301],
            [3, 3, 2, 0.0416666679084301],
            [3, 3, 3, 0.0416666679084301],
            [3, 3, 10, 0.0416666679084301],
            [3, 5, 2, 0.0416666679084301],
            [3, 5, 10, 0.0416666679084301],
            [3, 5, 17, 0.0416666679084301],
            [3, 6, 13, 0.0416666679084301],
            [3, 6, 17, 0.0416666679084301],
            [3, 7, 0, 0.0416666679084301],
            [3, 7, 4, 0.0416666679084301],
            [3, 7, 11, 0.0416666679084301],
            [3, 8, 7, 0.0416666679084301],
            [3, 9, 3, 0.0416666679084301],
            [3, 9, 17, 0.0416666679084301],
            [3, 10, 9, 0.0416666679084301],
            [3, 11, 3, 0.0416666679084301],
            [3, 12, 17, 0.0416666679084301],
            [3, 14, 10, 0.0416666679084301],
            [3, 15, 1, 0.0416666679084301],
            [3, 16, 12, 0.0416666679084301],
            [3, 17, 0, 0.0416666679084301],
            [3, 18, 4, 0.0416666679084301],
            [3, 18, 13, 0.0416666679084301],
            [4, 0, 13, 0.05000000074505806],
            [4, 0, 14, 0.05000000074505806],
            [4, 1, 15, 0.05000000074505806],
            [4, 2, 0, 0.05000000074505806],
            [4, 2, 8, 0.05000000074505806],
            [4, 2, 18, 0.05000000074505806],
            [4, 4, 3, 0.05000000074505806],
            [4, 4, 6, 0.05000000074505806],
            [4, 4, 7, 0.05000000074505806],
            [4, 4, 18, 0.05000000074505806],
            [4, 6, 14, 0.05000000074505806],
            [4, 8, 7, 0.05000000074505806],
            [4, 8, 10, 0.05000000074505806],
            [4, 9, 15, 0.05000000074505806],
            [4, 11, 2, 0.05000000074505806],
            [4, 11, 7, 0.05000000074505806],
            [4, 12, 15, 0.05000000074505806],
            [4, 13, 11, 0.05000000074505806],
            [4, 14, 14, 0.05000000074505806],
            [4, 18, 1, 0.05000000074505806]
        ]
    }
}