{
    "train_f1": 0.0,
    "train_prob": 0.0,
    "train_cov": 0.0,
    "valid_f1": 0.0,
    "valid_prob": 0.0,
    "valid_cov": 0.0,
    "len": 91,
    "binary_grammar": {
        "num_nt": 5,
        "num_pt": 14,
        "num_rhs": 361,
        "rule_probs": [
            [0, 0, 11, 0.05000000074505806],
            [0, 1, 18, 0.05000000074505806],
            [0, 2, 5, 0.05000000074505806],
            [0, 2, 18, 0.05000000074505806],
            [0, 3, 4, 0.05000000074505806],
            [0, 5, 15, 0.05000000074505806],
            [0, 6, 5, 0.05000000074505806],
            [0, 7, 9, 0.05000000074505806],
            [0, 8, 11, 0.05000000074505806],
            [0, 9, 10, 0.05000000074505806],
            [0, 10, 14, 0.05000000074505806],
            [0, 10, 17, 0.05000000074505806],
            [0, 13, 9, 0.05000000074505806],
            [0, 14, 5, 0.05000000074505806],
            [0, 15, 15, 0.05000000074505806],
            [0, 17, 17, 0.05000000074505806],
            [0, 18, 2, 0.10000000149011612],
            [0, 18, 8, 0.05000000074505806],
            [0, 18, 15, 0.05000000074505806],
            [1, 3, 16, 0.05882352963089943],
            [1, 3, 18, 0.05882352963089943],
            [1, 4, 3, 0.05882352963089943],
            [1, 5, 6, 0.05882352963089943],
            [1, 6, 1, 0.05882352963089943],
            [1, 7, 15, 0.05882352963089943],
            [1, 7, 18, 0.05882352963089943],
            [1, 8, 9, 0.05882352963089943],
            [1, 8, 10, 0.05882352963089943],
            [1, 8, 16, 0.05882352963089943],
            [1, 10, 1, 0.05882352963089943],
            [1, 11, 10, 0.05882352963089943],
            [1, 14, 16, 0.05882352963089943],
            [1, 15, 4, 0.11764705926179886],
            [1, 15, 16, 0.05882352963089943],
            [1, 17, 17, 0.05882352963089943],
            [2, 0, 11, 0.043478261679410934],
            [2, 0, 13, 0.043478261679410934],
            [2, 2, 2, 0.043478261679410934],
            [2, 3, 8, 0.043478261679410934],
            [2, 3, 15, 0.1304347813129425],
            [2, 4, 3, 0.08695652335882187],
            [2, 4, 5, 0.08695652335882187],
            [2, 4, 15, 0.043478261679410934],
            [2, 4, 16, 0.043478261679410934],
            [2, 6, 7, 0.043478261679410934],
            [2, 6, 16, 0.043478261679410934],
            [2, 10, 15, 0.043478261679410934],
            [2, 11, 8, 0.08695652335882187],
            [2, 13, 17, 0.043478261679410934],
            [2, 13, 18, 0.043478261679410934],
            [2, 14, 1, 0.043478261679410934],
            [2, 18, 3, 0.043478261679410934],
            [2, 18, 8, 0.043478261679410934],
            [3, 0, 5, 0.05000000074505806],
            [3, 0, 6, 0.05000000074505806],
            [3, 0, 11, 0.10000000149011612],
            [3, 1, 14, 0.05000000074505806],
            [3, 1, 15, 0.05000000074505806],
            [3, 3, 3, 0.05000000074505806],
            [3, 3, 15, 0.05000000074505806],
            [3, 4, 1, 0.05000000074505806],
            [3, 4, 12, 0.05000000074505806],
            [3, 7, 14, 0.05000000074505806],
            [3, 7, 17, 0.05000000074505806],
            [3, 8, 9, 0.05000000074505806],
            [3, 9, 5, 0.05000000074505806],
            [3, 9, 14, 0.05000000074505806],
            [3, 10, 2, 0.05000000074505806],
            [3, 12, 0, 0.05000000074505806],
            [3, 12, 14, 0.05000000074505806],
            [3, 17, 1, 0.05000000074505806],
            [3, 18, 18, 0.05000000074505806],
            [4, 0, 5, 0.05000000074505806],
            [4, 1, 5, 0.05000000074505806],
            [4, 4, 4, 0.05000000074505806],
            [4, 4, 18, 0.05000000074505806],
            [4, 6, 4, 0.05000000074505806],
            [4, 9, 1, 0.10000000149011612],
            [4, 9, 11, 0.05000000074505806],
            [4, 9, 13, 0.05000000074505806],
            [4, 10, 9, 0.05000000074505806],
            [4, 11, 4, 0.05000000074505806],
            [4, 11, 14, 0.05000000074505806],
            [4, 12, 1, 0.05000000074505806],
            [4, 12, 18, 0.05000000074505806],
            [4, 14, 5, 0.05000000074505806],
            [4, 14, 10, 0.05000000074505806],
            [4, 15, 0, 0.05000000074505806],
            [4, 15, 15, 0.05000000074505806],
            [4, 16, 1, 0.05000000074505806],
            [4, 16, 2, 0.05000000074505806]
        ]
    }
}