{
    "train_f1": 0.0,
    "train_prob": 0.0,
    "train_cov": 0.0,
    "valid_f1": 0.0,
    "valid_prob": 0.0,
    "valid_cov": 0.0,
    "len": 89,
    "binary_grammar": {
        "num_nt": 5,
        "num_pt": 14,
        "num_rhs": 361,
        "rule_probs": [
            [0, 0, 13, 0.05000000074505806],
            [0, 0, 17, 0.05000000074505806],
            [0, 2, 11, 0.05000000074505806],
            [0, 3, 14, 0.05000000074505806],
            [0, 4, 10, 0.05000000074505806],
            [0, 4, 17, 0.05000000074505806],
            [0, 5, 15, 0.05000000074505806],
            [0, 6, 11, 0.10000000149011612],
            [0, 6, 15, 0.05000000074505806],
            [0, 9, 3, 0.05000000074505806],
            [0, 10, 14, 0.05000000074505806],
            [0, 12, 9, 0.05000000074505806],
            [0, 13, 0, 0.05000000074505806],
            [0, 16, 2, 0.05000000074505806],
            [0, 16, 17, 0.10000000149011612],
            [0, 17, 1, 0.05000000074505806],
            [0, 18, 2, 0.05000000074505806],
            [0, 18, 8, 0.05000000074505806],
            [1, 0, 5, 0.05882352963089943],
            [1, 2, 17, 0.05882352963089943],
            [1, 3, 1, 0.05882352963089943],
            [1, 4, 10, 0.05882352963089943],
            [1, 5, 6, 0.11764705926179886],
            [1, 5, 13, 0.05882352963089943],
            [1, 5, 16, 0.05882352963089943],
            [1, 6, 10, 0.05882352963089943],
            [1, 8, 16, 0.05882352963089943],
            [1, 10, 0, 0.05882352963089943],
            [1, 10, 10, 0.05882352963089943],
            [1, 10, 18, 0.05882352963089943],
            [1, 13, 7, 0.05882352963089943],
            [1, 13, 17, 0.05882352963089943],
            [1, 14, 6, 0.05882352963089943],
            [1, 14, 14, 0.05882352963089943],
            [2, 0, 11, 0.0714285746216774],
            [2, 0, 12, 0.0357142873108387],
            [2, 0, 16, 0.0357142873108387],
            [2, 3, 15, 0.1071428582072258],
            [2, 4, 3, 0.0714285746216774],
            [2, 4, 5, 0.0357142873108387],
            [2, 5, 3, 0.0357142873108387],
            [2, 6, 18, 0.0357142873108387],
            [2, 8, 0, 0.0357142873108387],
            [2, 8, 7, 0.0357142873108387],
            [2, 8, 10, 0.0357142873108387],
            [2, 8, 17, 0.0357142873108387],
            [2, 10, 3, 0.0357142873108387],
            [2, 10, 13, 0.0357142873108387],
            [2, 12, 18, 0.0357142873108387],
            [2, 13, 5, 0.0714285746216774],
            [2, 13, 8, 0.0357142873108387],
            [2, 13, 9, 0.0357142873108387],
            [2, 13, 15, 0.0357142873108387],
            [2, 14, 1, 0.0357142873108387],
            [2, 14, 14, 0.0357142873108387],
            [2, 15, 6, 0.0357142873108387],
            [2, 18, 8, 0.0357142873108387],
            [3, 0, 11, 0.04545454680919647],
            [3, 1, 6, 0.04545454680919647],
            [3, 1, 9, 0.04545454680919647],
            [3, 1, 10, 0.04545454680919647],
            [3, 1, 15, 0.04545454680919647],
            [3, 2, 18, 0.04545454680919647],
            [3, 4, 1, 0.04545454680919647],
            [3, 4, 4, 0.04545454680919647],
            [3, 8, 2, 0.04545454680919647],
            [3, 8, 9, 0.04545454680919647],
            [3, 9, 18, 0.04545454680919647],
            [3, 10, 2, 0.09090909361839294],
            [3, 12, 0, 0.04545454680919647],
            [3, 12, 1, 0.04545454680919647],
            [3, 13, 6, 0.04545454680919647],
            [3, 14, 7, 0.04545454680919647],
            [3, 15, 3, 0.04545454680919647],
            [3, 15, 4, 0.04545454680919647],
            [3, 17, 1, 0.09090909361839294],
            [3, 17, 3, 0.04545454680919647],
            [4, 1, 12, 0.07692307978868484],
            [4, 3, 10, 0.07692307978868484],
            [4, 3, 11, 0.07692307978868484],
            [4, 5, 3, 0.07692307978868484],
            [4, 9, 9, 0.07692307978868484],
            [4, 11, 4, 0.07692307978868484],
            [4, 12, 9, 0.07692307978868484],
            [4, 12, 18, 0.07692307978868484],
            [4, 14, 4, 0.07692307978868484],
            [4, 16, 10, 0.1538461595773697],
            [4, 17, 11, 0.07692307978868484],
            [4, 18, 17, 0.07692307978868484]
        ]
    }
}