{
    "train_f1": 0.0,
    "train_prob": 0.0,
    "train_cov": 0.0,
    "valid_f1": 0.0,
    "valid_prob": 0.0,
    "valid_cov": 0.0,
    "len": 87,
    "binary_grammar": {
        "num_nt": 5,
        "num_pt": 14,
        "num_rhs": 361,
        "rule_probs": [
            [0, 1, 7, 0.03846153989434242],
            [0, 1, 11, 0.03846153989434242],
            [0, 1, 13, 0.03846153989434242],
            [0, 1, 18, 0.03846153989434242],
            [0, 2, 1, 0.03846153989434242],
            [0, 2, 15, 0.03846153989434242],
            [0, 3, 3, 0.03846153989434242],
            [0, 4, 6, 0.03846153989434242],
            [0, 4, 15, 0.03846153989434242],
            [0, 5, 3, 0.03846153989434242],
            [0, 6, 11, 0.03846153989434242],
            [0, 6, 18, 0.03846153989434242],
            [0, 7, 9, 0.03846153989434242],
            [0, 8, 11, 0.03846153989434242],
            [0, 9, 10, 0.03846153989434242],
            [0, 10, 2, 0.03846153989434242],
            [0, 10, 6, 0.03846153989434242],
            [0, 10, 14, 0.07692307978868484],
            [0, 11, 2, 0.03846153989434242],
            [0, 11, 8, 0.03846153989434242],
            [0, 12, 16, 0.03846153989434242],
            [0, 14, 16, 0.03846153989434242],
            [0, 17, 13, 0.03846153989434242],
            [0, 18, 1, 0.03846153989434242],
            [0, 18, 6, 0.03846153989434242],
            [1, 1, 2, 0.0714285746216774],
            [1, 5, 6, 0.0714285746216774],
            [1, 5, 17, 0.0714285746216774],
            [1, 6, 5, 0.0714285746216774],
            [1, 7, 6, 0.0714285746216774],
            [1, 7, 17, 0.0714285746216774],
            [1, 8, 9, 0.0714285746216774],
            [1, 8, 16, 0.0714285746216774],
            [1, 9, 6, 0.0714285746216774],
            [1, 12, 0, 0.0714285746216774],
            [1, 14, 17, 0.0714285746216774],
            [1, 15, 11, 0.0714285746216774],
            [1, 16, 4, 0.0714285746216774],
            [1, 17, 7, 0.0714285746216774],
            [2, 1, 12, 0.05000000074505806],
            [2, 1, 13, 0.15000000596046448],
            [2, 3, 15, 0.15000000596046448],
            [2, 4, 3, 0.10000000149011612],
            [2, 6, 7, 0.05000000074505806],
            [2, 7, 2, 0.05000000074505806],
            [2, 9, 16, 0.05000000074505806],
            [2, 11, 0, 0.05000000074505806],
            [2, 12, 7, 0.05000000074505806],
            [2, 12, 12, 0.05000000074505806],
            [2, 12, 13, 0.05000000074505806],
            [2, 13, 16, 0.05000000074505806],
            [2, 16, 8, 0.05000000074505806],
            [2, 18, 2, 0.05000000074505806],
            [2, 18, 14, 0.05000000074505806],
            [3, 0, 6, 0.0357142873108387],
            [3, 1, 0, 0.0357142873108387],
            [3, 1, 15, 0.1071428582072258],
            [3, 3, 15, 0.0357142873108387],
            [3, 3, 18, 0.0357142873108387],
            [3, 4, 17, 0.0357142873108387],
            [3, 6, 4, 0.0714285746216774],
            [3, 6, 11, 0.0357142873108387],
            [3, 7, 10, 0.0357142873108387],
            [3, 7, 17, 0.0714285746216774],
            [3, 8, 4, 0.0357142873108387],
            [3, 8, 9, 0.0357142873108387],
            [3, 9, 9, 0.0357142873108387],
            [3, 10, 2, 0.0714285746216774],
            [3, 10, 10, 0.0357142873108387],
            [3, 10, 17, 0.0357142873108387],
            [3, 12, 1, 0.0357142873108387],
            [3, 14, 7, 0.0714285746216774],
            [3, 14, 18, 0.0357142873108387],
            [3, 15, 0, 0.0357142873108387],
            [3, 17, 3, 0.0357142873108387],
            [3, 18, 7, 0.0357142873108387],
            [4, 0, 12, 0.0833333358168602],
            [4, 3, 4, 0.1666666716337204],
            [4, 5, 8, 0.0833333358168602],
            [4, 5, 9, 0.0833333358168602],
            [4, 7, 18, 0.0833333358168602],
            [4, 9, 1, 0.0833333358168602],
            [4, 11, 4, 0.0833333358168602],
            [4, 15, 15, 0.0833333358168602],
            [4, 16, 10, 0.0833333358168602],
            [4, 17, 15, 0.0833333358168602],
            [4, 18, 16, 0.0833333358168602]
        ]
    }
}