{
    "train_f1": 0.0,
    "train_prob": 0.0,
    "train_cov": 0.0,
    "valid_f1": 0.0,
    "valid_prob": 0.0,
    "valid_cov": 0.0,
    "len": 89,
    "binary_grammar": {
        "num_nt": 5,
        "num_pt": 14,
        "num_rhs": 361,
        "rule_probs": [
            [0, 0, 8, 0.05882352963089943],
            [0, 3, 10, 0.05882352963089943],
            [0, 3, 15, 0.05882352963089943],
            [0, 4, 3, 0.05882352963089943],
            [0, 5, 8, 0.05882352963089943],
            [0, 5, 15, 0.05882352963089943],
            [0, 5, 17, 0.05882352963089943],
            [0, 7, 7, 0.05882352963089943],
            [0, 10, 14, 0.05882352963089943],
            [0, 11, 8, 0.05882352963089943],
            [0, 11, 18, 0.05882352963089943],
            [0, 12, 11, 0.05882352963089943],
            [0, 14, 15, 0.11764705926179886],
            [0, 15, 16, 0.05882352963089943],
            [0, 18, 2, 0.05882352963089943],
            [0, 18, 8, 0.05882352963089943],
            [1, 2, 6, 0.06666667014360428],
            [1, 2, 17, 0.06666667014360428],
            [1, 3, 1, 0.06666667014360428],
            [1, 8, 9, 0.06666667014360428],
            [1, 9, 4, 0.06666667014360428],
            [1, 9, 10, 0.06666667014360428],
            [1, 12, 15, 0.06666667014360428],
            [1, 12, 16, 0.06666667014360428],
            [1, 13, 17, 0.06666667014360428],
            [1, 14, 7, 0.06666667014360428],
            [1, 14, 17, 0.13333334028720856],
            [1, 15, 3, 0.06666667014360428],
            [1, 16, 14, 0.06666667014360428],
            [1, 18, 8, 0.06666667014360428],
            [2, 3, 6, 0.0476190485060215],
            [2, 3, 15, 0.0476190485060215],
            [2, 4, 3, 0.1428571492433548],
            [2, 4, 5, 0.0476190485060215],
            [2, 4, 6, 0.0476190485060215],
            [2, 5, 2, 0.0476190485060215],
            [2, 5, 12, 0.0476190485060215],
            [2, 6, 16, 0.0476190485060215],
            [2, 7, 17, 0.0476190485060215],
            [2, 8, 0, 0.0476190485060215],
            [2, 10, 6, 0.0476190485060215],
            [2, 12, 13, 0.0476190485060215],
            [2, 12, 17, 0.0476190485060215],
            [2, 13, 11, 0.0476190485060215],
            [2, 13, 15, 0.0476190485060215],
            [2, 13, 18, 0.0476190485060215],
            [2, 14, 14, 0.095238097012043],
            [2, 18, 15, 0.0476190485060215],
            [3, 1, 6, 0.0416666679084301],
            [3, 3, 18, 0.0416666679084301],
            [3, 5, 15, 0.0416666679084301],
            [3, 6, 13, 0.0416666679084301],
            [3, 7, 10, 0.0833333358168602],
            [3, 7, 17, 0.125],
            [3, 8, 5, 0.0416666679084301],
            [3, 8, 9, 0.0833333358168602],
            [3, 8, 14, 0.0416666679084301],
            [3, 9, 10, 0.0416666679084301],
            [3, 10, 1, 0.0416666679084301],
            [3, 10, 14, 0.0416666679084301],
            [3, 10, 16, 0.0416666679084301],
            [3, 10, 17, 0.0416666679084301],
            [3, 10, 18, 0.0416666679084301],
            [3, 14, 2, 0.0416666679084301],
            [3, 14, 18, 0.0416666679084301],
            [3, 15, 12, 0.0833333358168602],
            [3, 17, 3, 0.0416666679084301],
            [4, 0, 17, 0.043478261679410934],
            [4, 1, 5, 0.043478261679410934],
            [4, 2, 0, 0.043478261679410934],
            [4, 2, 10, 0.043478261679410934],
            [4, 3, 4, 0.043478261679410934],
            [4, 6, 13, 0.043478261679410934],
            [4, 7, 5, 0.08695652335882187],
            [4, 9, 1, 0.043478261679410934],
            [4, 9, 7, 0.043478261679410934],
            [4, 10, 7, 0.043478261679410934],
            [4, 10, 13, 0.043478261679410934],
            [4, 11, 1, 0.043478261679410934],
            [4, 11, 12, 0.043478261679410934],
            [4, 12, 10, 0.043478261679410934],
            [4, 13, 16, 0.043478261679410934],
            [4, 14, 1, 0.043478261679410934],
            [4, 14, 3, 0.043478261679410934],
            [4, 15, 0, 0.043478261679410934],
            [4, 15, 9, 0.043478261679410934],
            [4, 15, 15, 0.043478261679410934],
            [4, 17, 11, 0.043478261679410934],
            [4, 18, 1, 0.043478261679410934]
        ]
    }
}