{
    "train_f1": 0.0,
    "train_prob": 0.0,
    "train_cov": 0.0,
    "valid_f1": 0.0,
    "valid_prob": 0.0,
    "valid_cov": 0.0,
    "len": 90,
    "binary_grammar": {
        "num_nt": 5,
        "num_pt": 14,
        "num_rhs": 361,
        "rule_probs": [
            [0, 0, 13, 0.05882352963089943],
            [0, 1, 0, 0.05882352963089943],
            [0, 1, 2, 0.05882352963089943],
            [0, 2, 11, 0.05882352963089943],
            [0, 2, 14, 0.05882352963089943],
            [0, 3, 0, 0.05882352963089943],
            [0, 5, 17, 0.05882352963089943],
            [0, 8, 8, 0.05882352963089943],
            [0, 10, 11, 0.05882352963089943],
            [0, 10, 14, 0.05882352963089943],
            [0, 12, 4, 0.05882352963089943],
            [0, 14, 2, 0.05882352963089943],
            [0, 14, 16, 0.05882352963089943],
            [0, 15, 10, 0.05882352963089943],
            [0, 16, 8, 0.05882352963089943],
            [0, 17, 11, 0.05882352963089943],
            [0, 18, 2, 0.05882352963089943],
            [1, 0, 13, 0.0555555559694767],
            [1, 1, 5, 0.0555555559694767],
            [1, 2, 5, 0.0555555559694767],
            [1, 5, 4, 0.1111111119389534],
            [1, 5, 6, 0.0555555559694767],
            [1, 7, 10, 0.0555555559694767],
            [1, 8, 3, 0.0555555559694767],
            [1, 8, 16, 0.0555555559694767],
            [1, 9, 12, 0.1111111119389534],
            [1, 10, 0, 0.0555555559694767],
            [1, 11, 11, 0.0555555559694767],
            [1, 11, 15, 0.1111111119389534],
            [1, 11, 17, 0.0555555559694767],
            [1, 14, 7, 0.0555555559694767],
            [1, 17, 13, 0.0555555559694767],
            [2, 0, 15, 0.05882352963089943],
            [2, 1, 13, 0.05882352963089943],
            [2, 2, 0, 0.05882352963089943],
            [2, 4, 3, 0.05882352963089943],
            [2, 5, 12, 0.05882352963089943],
            [2, 6, 0, 0.05882352963089943],
            [2, 6, 11, 0.05882352963089943],
            [2, 9, 5, 0.05882352963089943],
            [2, 12, 18, 0.05882352963089943],
            [2, 13, 5, 0.05882352963089943],
            [2, 13, 8, 0.05882352963089943],
            [2, 14, 1, 0.1764705926179886],
            [2, 14, 15, 0.05882352963089943],
            [2, 15, 5, 0.05882352963089943],
            [2, 17, 13, 0.05882352963089943],
            [3, 0, 5, 0.0416666679084301],
            [3, 0, 7, 0.0416666679084301],
            [3, 0, 15, 0.0416666679084301],
            [3, 0, 16, 0.0416666679084301],
            [3, 2, 1, 0.0416666679084301],
            [3, 3, 5, 0.0416666679084301],
            [3, 3, 11, 0.0416666679084301],
            [3, 3, 12, 0.0416666679084301],
            [3, 4, 4, 0.0416666679084301],
            [3, 4, 8, 0.0416666679084301],
            [3, 5, 9, 0.0416666679084301],
            [3, 6, 13, 0.0416666679084301],
            [3, 7, 2, 0.0416666679084301],
            [3, 7, 9, 0.0416666679084301],
            [3, 7, 17, 0.125],
            [3, 9, 15, 0.0416666679084301],
            [3, 10, 14, 0.0416666679084301],
            [3, 11, 14, 0.0416666679084301],
            [3, 13, 16, 0.0416666679084301],
            [3, 14, 2, 0.0833333358168602],
            [3, 17, 15, 0.0416666679084301],
            [4, 0, 12, 0.0416666679084301],
            [4, 1, 5, 0.0416666679084301],
            [4, 1, 13, 0.0416666679084301],
            [4, 2, 11, 0.0416666679084301],
            [4, 3, 3, 0.0416666679084301],
            [4, 3, 4, 0.0416666679084301],
            [4, 6, 10, 0.0416666679084301],
            [4, 7, 5, 0.0416666679084301],
            [4, 7, 10, 0.0416666679084301],
            [4, 8, 3, 0.0416666679084301],
            [4, 9, 9, 0.0416666679084301],
            [4, 9, 13, 0.0416666679084301],
            [4, 11, 4, 0.0833333358168602],
            [4, 11, 5, 0.0416666679084301],
            [4, 12, 2, 0.0416666679084301],
            [4, 13, 0, 0.0416666679084301],
            [4, 14, 1, 0.0416666679084301],
            [4, 15, 0, 0.0833333358168602],
            [4, 16, 10, 0.0416666679084301],
            [4, 17, 9, 0.0416666679084301],
            [4, 18, 0, 0.0416666679084301],
            [4, 18, 4, 0.0416666679084301]
        ]
    }
}