{
    "train_f1": 0.0,
    "train_prob": 0.0,
    "train_cov": 0.0,
    "valid_f1": 0.0,
    "valid_prob": 0.0,
    "valid_cov": 0.0,
    "len": 89,
    "binary_grammar": {
        "num_nt": 5,
        "num_pt": 14,
        "num_rhs": 361,
        "rule_probs": [
            [0, 1, 2, 0.05882352963089943],
            [0, 5, 3, 0.05882352963089943],
            [0, 6, 11, 0.05882352963089943],
            [0, 8, 4, 0.05882352963089943],
            [0, 9, 4, 0.11764705926179886],
            [0, 10, 6, 0.05882352963089943],
            [0, 11, 1, 0.05882352963089943],
            [0, 11, 5, 0.05882352963089943],
            [0, 14, 10, 0.05882352963089943],
            [0, 14, 15, 0.11764705926179886],
            [0, 15, 17, 0.05882352963089943],
            [0, 16, 1, 0.05882352963089943],
            [0, 16, 7, 0.05882352963089943],
            [0, 17, 12, 0.05882352963089943],
            [0, 18, 11, 0.05882352963089943],
            [1, 0, 4, 0.11764705926179886],
            [1, 3, 16, 0.05882352963089943],
            [1, 6, 10, 0.05882352963089943],
            [1, 8, 3, 0.05882352963089943],
            [1, 8, 16, 0.1764705926179886],
            [1, 9, 4, 0.05882352963089943],
            [1, 9, 10, 0.05882352963089943],
            [1, 10, 5, 0.05882352963089943],
            [1, 10, 6, 0.05882352963089943],
            [1, 11, 17, 0.05882352963089943],
            [1, 12, 8, 0.05882352963089943],
            [1, 13, 7, 0.05882352963089943],
            [1, 17, 11, 0.05882352963089943],
            [1, 18, 12, 0.05882352963089943],
            [2, 2, 9, 0.0476190485060215],
            [2, 2, 12, 0.0476190485060215],
            [2, 2, 17, 0.0476190485060215],
            [2, 4, 1, 0.0476190485060215],
            [2, 4, 3, 0.190476194024086],
            [2, 5, 11, 0.0476190485060215],
            [2, 7, 2, 0.0476190485060215],
            [2, 12, 13, 0.0476190485060215],
            [2, 12, 16, 0.0476190485060215],
            [2, 12, 18, 0.0476190485060215],
            [2, 13, 5, 0.095238097012043],
            [2, 15, 6, 0.0476190485060215],
            [2, 15, 12, 0.0476190485060215],
            [2, 16, 3, 0.0476190485060215],
            [2, 17, 10, 0.0476190485060215],
            [2, 18, 0, 0.0476190485060215],
            [2, 18, 15, 0.0476190485060215],
            [3, 0, 8, 0.0416666679084301],
            [3, 3, 3, 0.0416666679084301],
            [3, 3, 6, 0.0416666679084301],
            [3, 3, 9, 0.0416666679084301],
            [3, 5, 11, 0.0416666679084301],
            [3, 6, 13, 0.0416666679084301],
            [3, 8, 10, 0.0416666679084301],
            [3, 9, 9, 0.0416666679084301],
            [3, 10, 2, 0.0833333358168602],
            [3, 11, 5, 0.0416666679084301],
            [3, 11, 14, 0.0416666679084301],
            [3, 13, 5, 0.0416666679084301],
            [3, 13, 16, 0.0416666679084301],
            [3, 14, 16, 0.0416666679084301],
            [3, 15, 4, 0.0416666679084301],
            [3, 15, 13, 0.0416666679084301],
            [3, 15, 16, 0.0416666679084301],
            [3, 16, 1, 0.0416666679084301],
            [3, 16, 7, 0.0833333358168602],
            [3, 16, 9, 0.0416666679084301],
            [3, 17, 13, 0.0416666679084301],
            [3, 18, 17, 0.0416666679084301],
            [4, 0, 5, 0.0476190485060215],
            [4, 1, 1, 0.0476190485060215],
            [4, 2, 15, 0.0476190485060215],
            [4, 3, 2, 0.0476190485060215],
            [4, 3, 13, 0.0476190485060215],
            [4, 4, 1, 0.0476190485060215],
            [4, 7, 3, 0.0476190485060215],
            [4, 7, 13, 0.0476190485060215],
            [4, 9, 9, 0.0476190485060215],
            [4, 9, 16, 0.0476190485060215],
            [4, 10, 9, 0.0476190485060215],
            [4, 10, 11, 0.0476190485060215],
            [4, 11, 4, 0.0476190485060215],
            [4, 11, 5, 0.0476190485060215],
            [4, 11, 12, 0.0476190485060215],
            [4, 11, 14, 0.0476190485060215],
            [4, 12, 13, 0.0476190485060215],
            [4, 15, 15, 0.0476190485060215],
            [4, 16, 2, 0.0476190485060215],
            [4, 17, 10, 0.0476190485060215],
            [4, 18, 1, 0.0476190485060215]
        ]
    }
}