{
    "train_f1": 0.0,
    "train_prob": 0.0,
    "train_cov": 0.0,
    "valid_f1": 0.0,
    "valid_prob": 0.0,
    "valid_cov": 0.0,
    "len": 93,
    "binary_grammar": {
        "num_nt": 5,
        "num_pt": 14,
        "num_rhs": 361,
        "rule_probs": [
            [0, 0, 2, 0.03703703731298447],
            [0, 0, 8, 0.03703703731298447],
            [0, 0, 13, 0.03703703731298447],
            [0, 2, 4, 0.03703703731298447],
            [0, 2, 11, 0.14814814925193787],
            [0, 5, 8, 0.07407407462596893],
            [0, 6, 16, 0.03703703731298447],
            [0, 7, 10, 0.03703703731298447],
            [0, 7, 15, 0.03703703731298447],
            [0, 8, 11, 0.03703703731298447],
            [0, 8, 12, 0.03703703731298447],
            [0, 9, 1, 0.03703703731298447],
            [0, 9, 10, 0.03703703731298447],
            [0, 10, 14, 0.03703703731298447],
            [0, 14, 1, 0.03703703731298447],
            [0, 14, 5, 0.03703703731298447],
            [0, 14, 15, 0.03703703731298447],
            [0, 16, 3, 0.03703703731298447],
            [0, 16, 7, 0.03703703731298447],
            [0, 17, 9, 0.03703703731298447],
            [0, 17, 17, 0.03703703731298447],
            [0, 18, 2, 0.03703703731298447],
            [0, 18, 18, 0.03703703731298447],
            [1, 0, 4, 0.10000000149011612],
            [1, 1, 3, 0.10000000149011612],
            [1, 3, 2, 0.10000000149011612],
            [1, 4, 0, 0.10000000149011612],
            [1, 9, 11, 0.10000000149011612],
            [1, 10, 8, 0.10000000149011612],
            [1, 10, 9, 0.10000000149011612],
            [1, 14, 13, 0.10000000149011612],
            [1, 15, 8, 0.10000000149011612],
            [1, 17, 13, 0.10000000149011612],
            [2, 0, 0, 0.0555555559694767],
            [2, 1, 6, 0.0555555559694767],
            [2, 1, 9, 0.0555555559694767],
            [2, 4, 3, 0.0555555559694767],
            [2, 5, 7, 0.0555555559694767],
            [2, 6, 16, 0.0555555559694767],
            [2, 7, 9, 0.0555555559694767],
            [2, 8, 16, 0.0555555559694767],
            [2, 9, 5, 0.0555555559694767],
            [2, 9, 16, 0.0555555559694767],
            [2, 12, 8, 0.0555555559694767],
            [2, 12, 10, 0.0555555559694767],
            [2, 13, 8, 0.0555555559694767],
            [2, 14, 1, 0.0555555559694767],
            [2, 14, 3, 0.0555555559694767],
            [2, 17, 10, 0.0555555559694767],
            [2, 18, 3, 0.0555555559694767],
            [2, 18, 5, 0.0555555559694767],
            [3, 0, 15, 0.05000000074505806],
            [3, 1, 6, 0.05000000074505806],
            [3, 1, 10, 0.05000000074505806],
            [3, 4, 12, 0.05000000074505806],
            [3, 4, 18, 0.05000000074505806],
            [3, 5, 0, 0.05000000074505806],
            [3, 5, 12, 0.05000000074505806],
            [3, 6, 4, 0.05000000074505806],
            [3, 7, 2, 0.05000000074505806],
            [3, 7, 13, 0.05000000074505806],
            [3, 9, 12, 0.05000000074505806],
            [3, 9, 14, 0.05000000074505806],
            [3, 10, 2, 0.15000000596046448],
            [3, 14, 18, 0.05000000074505806],
            [3, 16, 1, 0.05000000074505806],
            [3, 17, 3, 0.05000000074505806],
            [3, 18, 1, 0.05000000074505806],
            [3, 18, 2, 0.05000000074505806],
            [4, 0, 13, 0.03999999910593033],
            [4, 0, 14, 0.03999999910593033],
            [4, 1, 4, 0.03999999910593033],
            [4, 3, 1, 0.03999999910593033],
            [4, 3, 2, 0.03999999910593033],
            [4, 3, 4, 0.03999999910593033],
            [4, 3, 14, 0.03999999910593033],
            [4, 5, 13, 0.03999999910593033],
            [4, 6, 11, 0.03999999910593033],
            [4, 8, 1, 0.03999999910593033],
            [4, 9, 3, 0.03999999910593033],
            [4, 9, 12, 0.03999999910593033],
            [4, 9, 13, 0.03999999910593033],
            [4, 10, 3, 0.07999999821186066],
            [4, 10, 11, 0.03999999910593033],
            [4, 11, 4, 0.03999999910593033],
            [4, 11, 16, 0.03999999910593033],
            [4, 12, 2, 0.03999999910593033],
            [4, 13, 0, 0.03999999910593033],
            [4, 13, 18, 0.03999999910593033],
            [4, 14, 8, 0.03999999910593033],
            [4, 15, 0, 0.03999999910593033],
            [4, 15, 5, 0.03999999910593033],
            [4, 17, 1, 0.03999999910593033]
        ]
    }
}