{
    "train_f1": 0.0,
    "train_prob": 0.0,
    "train_cov": 0.0,
    "valid_f1": 0.0,
    "valid_prob": 0.0,
    "valid_cov": 0.0,
    "len": 94,
    "binary_grammar": {
        "num_nt": 5,
        "num_pt": 14,
        "num_rhs": 361,
        "rule_probs": [
            [0, 0, 3, 0.0476190485060215],
            [0, 0, 9, 0.0476190485060215],
            [0, 0, 11, 0.0476190485060215],
            [0, 0, 13, 0.095238097012043],
            [0, 1, 2, 0.0476190485060215],
            [0, 1, 8, 0.0476190485060215],
            [0, 4, 5, 0.0476190485060215],
            [0, 4, 10, 0.0476190485060215],
            [0, 5, 17, 0.0476190485060215],
            [0, 6, 6, 0.0476190485060215],
            [0, 8, 11, 0.095238097012043],
            [0, 10, 6, 0.0476190485060215],
            [0, 12, 2, 0.0476190485060215],
            [0, 12, 4, 0.0476190485060215],
            [0, 13, 15, 0.0476190485060215],
            [0, 14, 5, 0.0476190485060215],
            [0, 14, 17, 0.0476190485060215],
            [0, 17, 11, 0.0476190485060215],
            [0, 18, 1, 0.0476190485060215],
            [1, 0, 16, 0.05000000074505806],
            [1, 1, 5, 0.05000000074505806],
            [1, 1, 7, 0.05000000074505806],
            [1, 5, 13, 0.05000000074505806],
            [1, 6, 2, 0.05000000074505806],
            [1, 6, 6, 0.10000000149011612],
            [1, 8, 4, 0.05000000074505806],
            [1, 9, 4, 0.05000000074505806],
            [1, 9, 16, 0.05000000074505806],
            [1, 11, 2, 0.05000000074505806],
            [1, 11, 15, 0.05000000074505806],
            [1, 12, 15, 0.10000000149011612],
            [1, 13, 11, 0.05000000074505806],
            [1, 13, 17, 0.05000000074505806],
            [1, 14, 15, 0.05000000074505806],
            [1, 14, 16, 0.05000000074505806],
            [1, 15, 17, 0.05000000074505806],
            [1, 17, 15, 0.05000000074505806],
            [2, 1, 7, 0.0714285746216774],
            [2, 1, 13, 0.0714285746216774],
            [2, 2, 6, 0.0714285746216774],
            [2, 3, 15, 0.0714285746216774],
            [2, 4, 3, 0.0714285746216774],
            [2, 7, 5, 0.0714285746216774],
            [2, 7, 16, 0.0714285746216774],
            [2, 11, 10, 0.0714285746216774],
            [2, 13, 5, 0.0714285746216774],
            [2, 13, 17, 0.0714285746216774],
            [2, 14, 4, 0.0714285746216774],
            [2, 16, 15, 0.0714285746216774],
            [2, 17, 3, 0.0714285746216774],
            [2, 18, 14, 0.0714285746216774],
            [3, 1, 6, 0.0416666679084301],
            [3, 2, 1, 0.0416666679084301],
            [3, 3, 7, 0.0416666679084301],
            [3, 3, 18, 0.0416666679084301],
            [3, 4, 10, 0.0416666679084301],
            [3, 6, 11, 0.0416666679084301],
            [3, 7, 2, 0.0833333358168602],
            [3, 7, 9, 0.0416666679084301],
            [3, 7, 10, 0.0416666679084301],
            [3, 7, 16, 0.0416666679084301],
            [3, 7, 17, 0.0416666679084301],
            [3, 9, 6, 0.0416666679084301],
            [3, 11, 11, 0.0416666679084301],
            [3, 11, 14, 0.0416666679084301],
            [3, 14, 2, 0.0416666679084301],
            [3, 15, 2, 0.0416666679084301],
            [3, 15, 4, 0.0416666679084301],
            [3, 15, 17, 0.0416666679084301],
            [3, 16, 14, 0.0416666679084301],
            [3, 17, 1, 0.0416666679084301],
            [3, 17, 3, 0.0833333358168602],
            [3, 18, 9, 0.0416666679084301],
            [4, 0, 1, 0.0476190485060215],
            [4, 0, 5, 0.0476190485060215],
            [4, 0, 15, 0.0476190485060215],
            [4, 1, 10, 0.0476190485060215],
            [4, 1, 12, 0.0476190485060215],
            [4, 3, 3, 0.0476190485060215],
            [4, 3, 4, 0.0476190485060215],
            [4, 5, 3, 0.0476190485060215],
            [4, 7, 4, 0.0476190485060215],
            [4, 9, 8, 0.0476190485060215],
            [4, 9, 9, 0.0476190485060215],
            [4, 10, 9, 0.0476190485060215],
            [4, 11, 4, 0.0476190485060215],
            [4, 11, 14, 0.0476190485060215],
            [4, 12, 8, 0.0476190485060215],
            [4, 12, 9, 0.0476190485060215],
            [4, 12, 10, 0.0476190485060215],
            [4, 14, 1, 0.0476190485060215],
            [4, 14, 8, 0.0476190485060215],
            [4, 15, 2, 0.0476190485060215],
            [4, 16, 7, 0.0476190485060215]
        ]
    }
}