{
    "train_f1": 0.0,
    "train_prob": 0.0,
    "train_cov": 0.0,
    "valid_f1": 0.0,
    "valid_prob": 0.0,
    "valid_cov": 0.0,
    "len": 86,
    "binary_grammar": {
        "num_nt": 5,
        "num_pt": 14,
        "num_rhs": 361,
        "rule_probs": [
            [0, 2, 11, 0.11764705926179886],
            [0, 2, 18, 0.11764705926179886],
            [0, 4, 18, 0.05882352963089943],
            [0, 5, 8, 0.05882352963089943],
            [0, 5, 17, 0.05882352963089943],
            [0, 6, 17, 0.05882352963089943],
            [0, 8, 10, 0.05882352963089943],
            [0, 9, 1, 0.05882352963089943],
            [0, 9, 18, 0.05882352963089943],
            [0, 10, 14, 0.05882352963089943],
            [0, 11, 16, 0.05882352963089943],
            [0, 15, 0, 0.05882352963089943],
            [0, 16, 11, 0.05882352963089943],
            [0, 18, 2, 0.11764705926179886],
            [1, 0, 9, 0.07692307978868484],
            [1, 0, 15, 0.07692307978868484],
            [1, 1, 12, 0.07692307978868484],
            [1, 2, 16, 0.07692307978868484],
            [1, 6, 7, 0.07692307978868484],
            [1, 6, 12, 0.07692307978868484],
            [1, 6, 17, 0.07692307978868484],
            [1, 8, 12, 0.07692307978868484],
            [1, 10, 6, 0.07692307978868484],
            [1, 11, 9, 0.07692307978868484],
            [1, 13, 17, 0.07692307978868484],
            [1, 15, 6, 0.07692307978868484],
            [1, 16, 15, 0.07692307978868484],
            [2, 1, 13, 0.13636364042758942],
            [2, 4, 3, 0.1818181872367859],
            [2, 4, 5, 0.04545454680919647],
            [2, 5, 12, 0.04545454680919647],
            [2, 5, 14, 0.04545454680919647],
            [2, 8, 10, 0.09090909361839294],
            [2, 11, 4, 0.04545454680919647],
            [2, 13, 6, 0.04545454680919647],
            [2, 13, 15, 0.04545454680919647],
            [2, 14, 3, 0.04545454680919647],
            [2, 14, 14, 0.04545454680919647],
            [2, 15, 12, 0.04545454680919647],
            [2, 16, 13, 0.04545454680919647],
            [2, 17, 7, 0.04545454680919647],
            [2, 18, 8, 0.09090909361839294],
            [3, 0, 11, 0.03448275849223137],
            [3, 1, 1, 0.03448275849223137],
            [3, 1, 4, 0.03448275849223137],
            [3, 1, 9, 0.03448275849223137],
            [3, 1, 10, 0.03448275849223137],
            [3, 1, 15, 0.03448275849223137],
            [3, 3, 11, 0.03448275849223137],
            [3, 3, 12, 0.03448275849223137],
            [3, 3, 13, 0.03448275849223137],
            [3, 6, 15, 0.03448275849223137],
            [3, 7, 2, 0.06896551698446274],
            [3, 7, 5, 0.03448275849223137],
            [3, 8, 9, 0.03448275849223137],
            [3, 9, 10, 0.03448275849223137],
            [3, 10, 3, 0.03448275849223137],
            [3, 11, 0, 0.03448275849223137],
            [3, 11, 14, 0.03448275849223137],
            [3, 12, 14, 0.03448275849223137],
            [3, 13, 16, 0.03448275849223137],
            [3, 14, 2, 0.06896551698446274],
            [3, 14, 15, 0.03448275849223137],
            [3, 16, 17, 0.03448275849223137],
            [3, 17, 3, 0.1034482792019844],
            [3, 18, 4, 0.03448275849223137],
            [3, 18, 9, 0.03448275849223137],
            [4, 0, 9, 0.05263157933950424],
            [4, 2, 0, 0.05263157933950424],
            [4, 2, 3, 0.05263157933950424],
            [4, 3, 4, 0.05263157933950424],
            [4, 3, 13, 0.05263157933950424],
            [4, 4, 12, 0.05263157933950424],
            [4, 6, 1, 0.05263157933950424],
            [4, 7, 4, 0.05263157933950424],
            [4, 7, 5, 0.05263157933950424],
            [4, 8, 2, 0.05263157933950424],
            [4, 10, 13, 0.05263157933950424],
            [4, 11, 12, 0.05263157933950424],
            [4, 12, 9, 0.05263157933950424],
            [4, 12, 10, 0.05263157933950424],
            [4, 14, 11, 0.05263157933950424],
            [4, 16, 2, 0.05263157933950424],
            [4, 16, 18, 0.05263157933950424],
            [4, 17, 5, 0.05263157933950424],
            [4, 17, 18, 0.05263157933950424]
        ]
    }
}