{
    "train_f1": 0.0,
    "train_prob": 0.0,
    "train_cov": 0.0,
    "valid_f1": 0.0,
    "valid_prob": 0.0,
    "valid_cov": 0.0,
    "len": 83,
    "binary_grammar": {
        "num_nt": 5,
        "num_pt": 14,
        "num_rhs": 361,
        "rule_probs": [
            [0, 0, 13, 0.05263157933950424],
            [0, 4, 10, 0.05263157933950424],
            [0, 5, 3, 0.05263157933950424],
            [0, 5, 15, 0.05263157933950424],
            [0, 5, 17, 0.05263157933950424],
            [0, 6, 17, 0.05263157933950424],
            [0, 10, 11, 0.05263157933950424],
            [0, 10, 12, 0.05263157933950424],
            [0, 11, 16, 0.05263157933950424],
            [0, 14, 15, 0.05263157933950424],
            [0, 15, 12, 0.05263157933950424],
            [0, 15, 16, 0.05263157933950424],
            [0, 16, 0, 0.05263157933950424],
            [0, 16, 7, 0.05263157933950424],
            [0, 16, 14, 0.05263157933950424],
            [0, 18, 2, 0.15789473056793213],
            [0, 18, 11, 0.05263157933950424],
            [1, 0, 8, 0.0714285746216774],
            [1, 1, 4, 0.0714285746216774],
            [1, 1, 5, 0.0714285746216774],
            [1, 1, 8, 0.0714285746216774],
            [1, 3, 1, 0.0714285746216774],
            [1, 3, 16, 0.0714285746216774],
            [1, 5, 6, 0.0714285746216774],
            [1, 8, 3, 0.0714285746216774],
            [1, 8, 11, 0.0714285746216774],
            [1, 12, 1, 0.0714285746216774],
            [1, 12, 3, 0.0714285746216774],
            [1, 12, 6, 0.0714285746216774],
            [1, 13, 7, 0.0714285746216774],
            [1, 14, 17, 0.0714285746216774],
            [2, 1, 13, 0.07692307978868484],
            [2, 2, 0, 0.03846153989434242],
            [2, 3, 8, 0.03846153989434242],
            [2, 3, 15, 0.03846153989434242],
            [2, 4, 3, 0.11538461595773697],
            [2, 4, 17, 0.03846153989434242],
            [2, 5, 12, 0.07692307978868484],
            [2, 8, 2, 0.03846153989434242],
            [2, 8, 14, 0.03846153989434242],
            [2, 9, 16, 0.03846153989434242],
            [2, 10, 1, 0.03846153989434242],
            [2, 10, 3, 0.03846153989434242],
            [2, 11, 3, 0.03846153989434242],
            [2, 12, 8, 0.11538461595773697],
            [2, 12, 13, 0.07692307978868484],
            [2, 12, 18, 0.03846153989434242],
            [2, 14, 9, 0.03846153989434242],
            [2, 15, 6, 0.03846153989434242],
            [2, 16, 8, 0.03846153989434242],
            [3, 0, 2, 0.05000000074505806],
            [3, 1, 7, 0.05000000074505806],
            [3, 3, 11, 0.05000000074505806],
            [3, 4, 4, 0.05000000074505806],
            [3, 5, 8, 0.05000000074505806],
            [3, 6, 4, 0.05000000074505806],
            [3, 6, 12, 0.05000000074505806],
            [3, 7, 2, 0.05000000074505806],
            [3, 7, 17, 0.10000000149011612],
            [3, 11, 0, 0.05000000074505806],
            [3, 11, 14, 0.05000000074505806],
            [3, 14, 1, 0.05000000074505806],
            [3, 14, 2, 0.05000000074505806],
            [3, 15, 0, 0.05000000074505806],
            [3, 16, 1, 0.05000000074505806],
            [3, 16, 17, 0.05000000074505806],
            [3, 17, 3, 0.10000000149011612],
            [3, 17, 9, 0.05000000074505806],
            [4, 0, 5, 0.0476190485060215],
            [4, 0, 12, 0.0476190485060215],
            [4, 1, 5, 0.0476190485060215],
            [4, 1, 6, 0.0476190485060215],
            [4, 3, 14, 0.0476190485060215],
            [4, 9, 1, 0.095238097012043],
            [4, 11, 1, 0.095238097012043],
            [4, 11, 4, 0.190476194024086],
            [4, 11, 5, 0.0476190485060215],
            [4, 11, 13, 0.095238097012043],
            [4, 12, 2, 0.0476190485060215],
            [4, 13, 3, 0.0476190485060215],
            [4, 14, 9, 0.0476190485060215],
            [4, 15, 13, 0.0476190485060215],
            [4, 16, 10, 0.0476190485060215]
        ]
    }
}