{
    "train_f1": 0.0,
    "train_prob": 0.0,
    "train_cov": 0.0,
    "valid_f1": 0.0,
    "valid_prob": 0.0,
    "valid_cov": 0.0,
    "len": 99,
    "binary_grammar": {
        "num_nt": 5,
        "num_pt": 14,
        "num_rhs": 361,
        "rule_probs": [
            [0, 1, 7, 0.0416666679084301],
            [0, 2, 11, 0.0416666679084301],
            [0, 3, 3, 0.0416666679084301],
            [0, 5, 5, 0.0416666679084301],
            [0, 5, 11, 0.0416666679084301],
            [0, 6, 3, 0.0416666679084301],
            [0, 6, 15, 0.0416666679084301],
            [0, 8, 0, 0.0416666679084301],
            [0, 8, 18, 0.0416666679084301],
            [0, 11, 8, 0.0416666679084301],
            [0, 11, 10, 0.0416666679084301],
            [0, 11, 18, 0.0416666679084301],
            [0, 12, 0, 0.0416666679084301],
            [0, 12, 4, 0.0416666679084301],
            [0, 12, 11, 0.0416666679084301],
            [0, 13, 7, 0.0416666679084301],
            [0, 14, 4, 0.0416666679084301],
            [0, 14, 10, 0.0416666679084301],
            [0, 14, 12, 0.0416666679084301],
            [0, 15, 18, 0.0416666679084301],
            [0, 16, 6, 0.0416666679084301],
            [0, 18, 4, 0.0416666679084301],
            [0, 18, 10, 0.0416666679084301],
            [0, 18, 13, 0.0416666679084301],
            [1, 0, 12, 0.0555555559694767],
            [1, 1, 4, 0.0555555559694767],
            [1, 2, 7, 0.0555555559694767],
            [1, 3, 15, 0.0555555559694767],
            [1, 6, 13, 0.0555555559694767],
            [1, 7, 10, 0.0555555559694767],
            [1, 8, 10, 0.0555555559694767],
            [1, 9, 4, 0.0555555559694767],
            [1, 9, 13, 0.0555555559694767],
            [1, 10, 3, 0.0555555559694767],
            [1, 10, 4, 0.0555555559694767],
            [1, 12, 2, 0.0555555559694767],
            [1, 12, 14, 0.0555555559694767],
            [1, 13, 13, 0.0555555559694767],
            [1, 14, 2, 0.0555555559694767],
            [1, 14, 10, 0.0555555559694767],
            [1, 18, 1, 0.0555555559694767],
            [1, 18, 7, 0.0555555559694767],
            [2, 0, 6, 0.05263157933950424],
            [2, 5, 1, 0.05263157933950424],
            [2, 6, 6, 0.10526315867900848],
            [2, 6, 18, 0.05263157933950424],
            [2, 7, 9, 0.05263157933950424],
            [2, 7, 10, 0.05263157933950424],
            [2, 7, 17, 0.05263157933950424],
            [2, 9, 11, 0.05263157933950424],
            [2, 11, 2, 0.05263157933950424],
            [2, 11, 11, 0.05263157933950424],
            [2, 12, 7, 0.05263157933950424],
            [2, 13, 0, 0.05263157933950424],
            [2, 15, 15, 0.05263157933950424],
            [2, 16, 0, 0.05263157933950424],
            [2, 16, 17, 0.05263157933950424],
            [2, 17, 7, 0.05263157933950424],
            [2, 17, 10, 0.05263157933950424],
            [2, 17, 11, 0.05263157933950424],
            [3, 0, 11, 0.05263157933950424],
            [3, 1, 15, 0.05263157933950424],
            [3, 2, 4, 0.05263157933950424],
            [3, 3, 3, 0.05263157933950424],
            [3, 6, 2, 0.05263157933950424],
            [3, 6, 9, 0.05263157933950424],
            [3, 8, 6, 0.05263157933950424],
            [3, 8, 7, 0.05263157933950424],
            [3, 8, 8, 0.05263157933950424],
            [3, 8, 9, 0.05263157933950424],
            [3, 9, 14, 0.05263157933950424],
            [3, 10, 16, 0.05263157933950424],
            [3, 11, 5, 0.05263157933950424],
            [3, 11, 6, 0.05263157933950424],
            [3, 12, 1, 0.05263157933950424],
            [3, 14, 17, 0.05263157933950424],
            [3, 15, 2, 0.05263157933950424],
            [3, 16, 5, 0.05263157933950424],
            [3, 16, 11, 0.05263157933950424],
            [4, 0, 0, 0.05000000074505806],
            [4, 0, 15, 0.05000000074505806],
            [4, 1, 8, 0.05000000074505806],
            [4, 2, 15, 0.05000000074505806],
            [4, 3, 10, 0.05000000074505806],
            [4, 4, 10, 0.05000000074505806],
            [4, 6, 8, 0.05000000074505806],
            [4, 7, 10, 0.05000000074505806],
            [4, 7, 12, 0.05000000074505806],
            [4, 8, 4, 0.05000000074505806],
            [4, 8, 13, 0.05000000074505806],
            [4, 10, 1, 0.05000000074505806],
            [4, 10, 4, 0.05000000074505806],
            [4, 10, 10, 0.05000000074505806],
            [4, 10, 13, 0.05000000074505806],
            [4, 12, 5, 0.05000000074505806],
            [4, 12, 8, 0.05000000074505806],
            [4, 13, 7, 0.05000000074505806],
            [4, 15, 1, 0.05000000074505806],
            [4, 17, 14, 0.05000000074505806]
        ]
    }
}