{
    "train_f1": 0.0,
    "train_prob": 0.0,
    "train_cov": 0.0,
    "valid_f1": 0.0,
    "valid_prob": 0.0,
    "valid_cov": 0.0,
    "len": 88,
    "binary_grammar": {
        "num_nt": 5,
        "num_pt": 14,
        "num_rhs": 361,
        "rule_probs": [
            [0, 0, 13, 0.06666667014360428],
            [0, 1, 17, 0.06666667014360428],
            [0, 3, 1, 0.06666667014360428],
            [0, 3, 3, 0.06666667014360428],
            [0, 3, 11, 0.06666667014360428],
            [0, 3, 14, 0.06666667014360428],
            [0, 4, 8, 0.13333334028720856],
            [0, 6, 3, 0.06666667014360428],
            [0, 11, 3, 0.06666667014360428],
            [0, 11, 9, 0.06666667014360428],
            [0, 14, 5, 0.06666667014360428],
            [0, 15, 17, 0.06666667014360428],
            [0, 17, 1, 0.06666667014360428],
            [0, 17, 2, 0.06666667014360428],
            [1, 0, 1, 0.04545454680919647],
            [1, 0, 14, 0.04545454680919647],
            [1, 1, 18, 0.04545454680919647],
            [1, 2, 0, 0.04545454680919647],
            [1, 2, 11, 0.04545454680919647],
            [1, 3, 4, 0.04545454680919647],
            [1, 5, 7, 0.04545454680919647],
            [1, 5, 9, 0.04545454680919647],
            [1, 5, 12, 0.04545454680919647],
            [1, 5, 15, 0.04545454680919647],
            [1, 7, 0, 0.04545454680919647],
            [1, 7, 5, 0.04545454680919647],
            [1, 7, 10, 0.04545454680919647],
            [1, 8, 13, 0.04545454680919647],
            [1, 10, 0, 0.04545454680919647],
            [1, 10, 16, 0.04545454680919647],
            [1, 12, 3, 0.04545454680919647],
            [1, 12, 13, 0.04545454680919647],
            [1, 14, 16, 0.04545454680919647],
            [1, 16, 14, 0.04545454680919647],
            [1, 17, 1, 0.04545454680919647],
            [1, 17, 2, 0.04545454680919647],
            [2, 0, 17, 0.05882352963089943],
            [2, 2, 18, 0.11764705926179886],
            [2, 3, 6, 0.05882352963089943],
            [2, 5, 13, 0.05882352963089943],
            [2, 5, 16, 0.05882352963089943],
            [2, 7, 12, 0.05882352963089943],
            [2, 8, 11, 0.05882352963089943],
            [2, 9, 16, 0.05882352963089943],
            [2, 12, 8, 0.05882352963089943],
            [2, 12, 17, 0.05882352963089943],
            [2, 13, 17, 0.05882352963089943],
            [2, 14, 1, 0.05882352963089943],
            [2, 14, 17, 0.05882352963089943],
            [2, 16, 12, 0.05882352963089943],
            [2, 17, 11, 0.05882352963089943],
            [2, 18, 5, 0.05882352963089943],
            [3, 1, 16, 0.0555555559694767],
            [3, 2, 9, 0.0555555559694767],
            [3, 2, 11, 0.0555555559694767],
            [3, 9, 4, 0.0555555559694767],
            [3, 9, 8, 0.0555555559694767],
            [3, 11, 18, 0.0555555559694767],
            [3, 12, 3, 0.0555555559694767],
            [3, 12, 9, 0.0555555559694767],
            [3, 13, 10, 0.0555555559694767],
            [3, 13, 14, 0.0555555559694767],
            [3, 14, 6, 0.0555555559694767],
            [3, 15, 7, 0.0555555559694767],
            [3, 15, 12, 0.0555555559694767],
            [3, 15, 18, 0.0555555559694767],
            [3, 16, 1, 0.0555555559694767],
            [3, 17, 14, 0.0555555559694767],
            [3, 17, 18, 0.0555555559694767],
            [3, 18, 5, 0.0555555559694767],
            [4, 1, 11, 0.0555555559694767],
            [4, 2, 4, 0.0555555559694767],
            [4, 5, 1, 0.0555555559694767],
            [4, 6, 11, 0.0555555559694767],
            [4, 7, 5, 0.0555555559694767],
            [4, 7, 10, 0.0555555559694767],
            [4, 7, 12, 0.0555555559694767],
            [4, 7, 13, 0.0555555559694767],
            [4, 8, 3, 0.0555555559694767],
            [4, 9, 2, 0.0555555559694767],
            [4, 10, 12, 0.0555555559694767],
            [4, 10, 13, 0.0555555559694767],
            [4, 11, 9, 0.0555555559694767],
            [4, 13, 2, 0.0555555559694767],
            [4, 14, 12, 0.0555555559694767],
            [4, 15, 0, 0.0555555559694767],
            [4, 15, 10, 0.0555555559694767],
            [4, 18, 0, 0.0555555559694767]
        ]
    }
}