{
    "train_f1": 0.0,
    "train_prob": 0.0,
    "train_cov": 0.0,
    "valid_f1": 0.0,
    "valid_prob": 0.0,
    "valid_cov": 0.0,
    "len": 93,
    "binary_grammar": {
        "num_nt": 5,
        "num_pt": 14,
        "num_rhs": 361,
        "rule_probs": [
            [0, 1, 16, 0.0476190485060215],
            [0, 2, 11, 0.095238097012043],
            [0, 3, 11, 0.0476190485060215],
            [0, 4, 10, 0.0476190485060215],
            [0, 5, 3, 0.0476190485060215],
            [0, 5, 15, 0.0476190485060215],
            [0, 6, 7, 0.0476190485060215],
            [0, 6, 11, 0.0476190485060215],
            [0, 6, 14, 0.0476190485060215],
            [0, 8, 8, 0.0476190485060215],
            [0, 8, 13, 0.0476190485060215],
            [0, 10, 11, 0.0476190485060215],
            [0, 13, 13, 0.0476190485060215],
            [0, 13, 15, 0.0476190485060215],
            [0, 14, 5, 0.0476190485060215],
            [0, 15, 0, 0.0476190485060215],
            [0, 15, 10, 0.0476190485060215],
            [0, 16, 14, 0.0476190485060215],
            [0, 16, 17, 0.0476190485060215],
            [0, 18, 9, 0.0476190485060215],
            [1, 1, 11, 0.09090909361839294],
            [1, 5, 8, 0.09090909361839294],
            [1, 6, 10, 0.09090909361839294],
            [1, 8, 8, 0.09090909361839294],
            [1, 8, 9, 0.09090909361839294],
            [1, 10, 0, 0.09090909361839294],
            [1, 11, 8, 0.09090909361839294],
            [1, 11, 12, 0.09090909361839294],
            [1, 13, 13, 0.09090909361839294],
            [1, 15, 15, 0.09090909361839294],
            [1, 18, 17, 0.09090909361839294],
            [2, 3, 5, 0.0476190485060215],
            [2, 3, 6, 0.0476190485060215],
            [2, 4, 2, 0.0476190485060215],
            [2, 4, 3, 0.1428571492433548],
            [2, 4, 5, 0.0476190485060215],
            [2, 5, 14, 0.0476190485060215],
            [2, 6, 15, 0.0476190485060215],
            [2, 9, 10, 0.0476190485060215],
            [2, 11, 8, 0.0476190485060215],
            [2, 12, 13, 0.095238097012043],
            [2, 14, 14, 0.095238097012043],
            [2, 14, 16, 0.0476190485060215],
            [2, 15, 12, 0.0476190485060215],
            [2, 16, 10, 0.0476190485060215],
            [2, 17, 3, 0.0476190485060215],
            [2, 18, 0, 0.0476190485060215],
            [2, 18, 3, 0.0476190485060215],
            [3, 0, 11, 0.0476190485060215],
            [3, 1, 10, 0.0476190485060215],
            [3, 2, 5, 0.0476190485060215],
            [3, 3, 11, 0.0476190485060215],
            [3, 4, 1, 0.0476190485060215],
            [3, 5, 15, 0.0476190485060215],
            [3, 6, 4, 0.0476190485060215],
            [3, 6, 6, 0.0476190485060215],
            [3, 6, 13, 0.0476190485060215],
            [3, 6, 15, 0.0476190485060215],
            [3, 7, 2, 0.095238097012043],
            [3, 7, 10, 0.0476190485060215],
            [3, 7, 16, 0.0476190485060215],
            [3, 9, 9, 0.0476190485060215],
            [3, 10, 2, 0.0476190485060215],
            [3, 11, 17, 0.0476190485060215],
            [3, 11, 18, 0.0476190485060215],
            [3, 13, 16, 0.0476190485060215],
            [3, 13, 17, 0.0476190485060215],
            [3, 18, 17, 0.0476190485060215],
            [4, 0, 5, 0.03846153989434242],
            [4, 1, 9, 0.03846153989434242],
            [4, 1, 15, 0.03846153989434242],
            [4, 1, 16, 0.03846153989434242],
            [4, 2, 1, 0.03846153989434242],
            [4, 2, 9, 0.03846153989434242],
            [4, 3, 2, 0.03846153989434242],
            [4, 3, 6, 0.03846153989434242],
            [4, 6, 11, 0.03846153989434242],
            [4, 7, 7, 0.03846153989434242],
            [4, 9, 1, 0.03846153989434242],
            [4, 9, 11, 0.03846153989434242],
            [4, 9, 12, 0.03846153989434242],
            [4, 10, 2, 0.03846153989434242],
            [4, 10, 8, 0.03846153989434242],
            [4, 10, 12, 0.03846153989434242],
            [4, 11, 4, 0.03846153989434242],
            [4, 11, 6, 0.03846153989434242],
            [4, 12, 0, 0.03846153989434242],
            [4, 13, 17, 0.03846153989434242],
            [4, 14, 3, 0.07692307978868484],
            [4, 14, 18, 0.03846153989434242],
            [4, 15, 7, 0.03846153989434242],
            [4, 15, 8, 0.03846153989434242],
            [4, 18, 4, 0.03846153989434242]
        ]
    }
}