{
    "train_f1": 0.0,
    "train_prob": 0.0,
    "train_cov": 0.0,
    "valid_f1": 0.0,
    "valid_prob": 0.0,
    "valid_cov": 0.0,
    "len": 92,
    "binary_grammar": {
        "num_nt": 5,
        "num_pt": 14,
        "num_rhs": 361,
        "rule_probs": [
            [0, 0, 4, 0.04545454680919647],
            [0, 0, 8, 0.04545454680919647],
            [0, 1, 8, 0.04545454680919647],
            [0, 3, 2, 0.04545454680919647],
            [0, 3, 7, 0.04545454680919647],
            [0, 3, 15, 0.04545454680919647],
            [0, 4, 12, 0.04545454680919647],
            [0, 5, 17, 0.04545454680919647],
            [0, 6, 9, 0.04545454680919647],
            [0, 6, 11, 0.04545454680919647],
            [0, 8, 11, 0.04545454680919647],
            [0, 9, 1, 0.04545454680919647],
            [0, 9, 3, 0.04545454680919647],
            [0, 11, 3, 0.04545454680919647],
            [0, 11, 4, 0.04545454680919647],
            [0, 11, 5, 0.04545454680919647],
            [0, 14, 5, 0.04545454680919647],
            [0, 14, 16, 0.04545454680919647],
            [0, 15, 7, 0.04545454680919647],
            [0, 16, 16, 0.04545454680919647],
            [0, 18, 11, 0.04545454680919647],
            [0, 18, 14, 0.04545454680919647],
            [1, 1, 3, 0.05000000074505806],
            [1, 1, 5, 0.05000000074505806],
            [1, 2, 14, 0.05000000074505806],
            [1, 2, 18, 0.05000000074505806],
            [1, 3, 7, 0.05000000074505806],
            [1, 3, 11, 0.05000000074505806],
            [1, 4, 16, 0.05000000074505806],
            [1, 4, 17, 0.05000000074505806],
            [1, 7, 13, 0.05000000074505806],
            [1, 8, 9, 0.05000000074505806],
            [1, 10, 0, 0.05000000074505806],
            [1, 12, 1, 0.05000000074505806],
            [1, 12, 6, 0.05000000074505806],
            [1, 12, 12, 0.05000000074505806],
            [1, 13, 7, 0.05000000074505806],
            [1, 13, 17, 0.05000000074505806],
            [1, 14, 17, 0.05000000074505806],
            [1, 16, 6, 0.10000000149011612],
            [1, 17, 14, 0.05000000074505806],
            [2, 3, 1, 0.05882352963089943],
            [2, 3, 11, 0.05882352963089943],
            [2, 3, 16, 0.05882352963089943],
            [2, 4, 3, 0.11764705926179886],
            [2, 4, 5, 0.11764705926179886],
            [2, 7, 12, 0.05882352963089943],
            [2, 8, 0, 0.05882352963089943],
            [2, 12, 13, 0.05882352963089943],
            [2, 13, 3, 0.05882352963089943],
            [2, 14, 2, 0.05882352963089943],
            [2, 15, 6, 0.05882352963089943],
            [2, 15, 14, 0.05882352963089943],
            [2, 18, 0, 0.05882352963089943],
            [2, 18, 3, 0.05882352963089943],
            [2, 18, 8, 0.05882352963089943],
            [3, 0, 11, 0.05882352963089943],
            [3, 1, 6, 0.05882352963089943],
            [3, 2, 18, 0.05882352963089943],
            [3, 3, 1, 0.05882352963089943],
            [3, 4, 2, 0.05882352963089943],
            [3, 7, 2, 0.05882352963089943],
            [3, 7, 14, 0.05882352963089943],
            [3, 7, 17, 0.05882352963089943],
            [3, 8, 15, 0.05882352963089943],
            [3, 10, 2, 0.05882352963089943],
            [3, 10, 10, 0.05882352963089943],
            [3, 13, 17, 0.05882352963089943],
            [3, 14, 2, 0.05882352963089943],
            [3, 14, 10, 0.05882352963089943],
            [3, 16, 15, 0.05882352963089943],
            [3, 17, 3, 0.11764705926179886],
            [4, 1, 5, 0.0416666679084301],
            [4, 1, 12, 0.125],
            [4, 1, 16, 0.0416666679084301],
            [4, 2, 14, 0.0416666679084301],
            [4, 3, 4, 0.0416666679084301],
            [4, 3, 10, 0.0416666679084301],
            [4, 3, 15, 0.0416666679084301],
            [4, 5, 3, 0.0416666679084301],
            [4, 7, 3, 0.0416666679084301],
            [4, 7, 4, 0.0416666679084301],
            [4, 9, 9, 0.0416666679084301],
            [4, 9, 13, 0.0416666679084301],
            [4, 10, 9, 0.0833333358168602],
            [4, 11, 4, 0.0416666679084301],
            [4, 11, 10, 0.0416666679084301],
            [4, 11, 12, 0.0416666679084301],
            [4, 12, 7, 0.0416666679084301],
            [4, 13, 18, 0.0416666679084301],
            [4, 15, 0, 0.0833333358168602],
            [4, 18, 0, 0.0416666679084301]
        ]
    }
}