{
    "train_f1": 0.0,
    "train_prob": 0.0,
    "train_cov": 0.0,
    "valid_f1": 0.0,
    "valid_prob": 0.0,
    "valid_cov": 0.0,
    "len": 91,
    "binary_grammar": {
        "num_nt": 5,
        "num_pt": 14,
        "num_rhs": 361,
        "rule_probs": [
            [0, 0, 18, 0.0476190485060215],
            [0, 1, 7, 0.0476190485060215],
            [0, 1, 8, 0.0476190485060215],
            [0, 2, 3, 0.0476190485060215],
            [0, 2, 11, 0.095238097012043],
            [0, 4, 16, 0.0476190485060215],
            [0, 6, 18, 0.0476190485060215],
            [0, 7, 12, 0.0476190485060215],
            [0, 8, 3, 0.0476190485060215],
            [0, 9, 11, 0.0476190485060215],
            [0, 9, 15, 0.0476190485060215],
            [0, 10, 6, 0.0476190485060215],
            [0, 14, 0, 0.0476190485060215],
            [0, 16, 13, 0.0476190485060215],
            [0, 16, 16, 0.0476190485060215],
            [0, 16, 17, 0.0476190485060215],
            [0, 17, 5, 0.0476190485060215],
            [0, 18, 1, 0.0476190485060215],
            [0, 18, 11, 0.0476190485060215],
            [0, 18, 12, 0.0476190485060215],
            [1, 0, 17, 0.0625],
            [1, 1, 6, 0.0625],
            [1, 3, 10, 0.0625],
            [1, 3, 13, 0.0625],
            [1, 4, 8, 0.0625],
            [1, 5, 6, 0.0625],
            [1, 9, 10, 0.0625],
            [1, 9, 14, 0.0625],
            [1, 9, 17, 0.0625],
            [1, 11, 15, 0.0625],
            [1, 12, 3, 0.0625],
            [1, 14, 13, 0.0625],
            [1, 15, 12, 0.0625],
            [1, 16, 4, 0.0625],
            [1, 17, 4, 0.0625],
            [1, 18, 11, 0.0625],
            [2, 2, 2, 0.05000000074505806],
            [2, 2, 9, 0.05000000074505806],
            [2, 3, 15, 0.05000000074505806],
            [2, 4, 1, 0.05000000074505806],
            [2, 4, 6, 0.05000000074505806],
            [2, 5, 8, 0.05000000074505806],
            [2, 5, 18, 0.05000000074505806],
            [2, 6, 15, 0.10000000149011612],
            [2, 9, 3, 0.05000000074505806],
            [2, 11, 8, 0.10000000149011612],
            [2, 12, 13, 0.05000000074505806],
            [2, 14, 1, 0.05000000074505806],
            [2, 14, 11, 0.05000000074505806],
            [2, 15, 9, 0.05000000074505806],
            [2, 16, 8, 0.05000000074505806],
            [2, 17, 6, 0.05000000074505806],
            [2, 18, 8, 0.10000000149011612],
            [3, 0, 6, 0.03999999910593033],
            [3, 0, 11, 0.03999999910593033],
            [3, 2, 18, 0.03999999910593033],
            [3, 3, 11, 0.03999999910593033],
            [3, 4, 4, 0.03999999910593033],
            [3, 4, 18, 0.03999999910593033],
            [3, 5, 6, 0.03999999910593033],
            [3, 6, 5, 0.03999999910593033],
            [3, 7, 2, 0.03999999910593033],
            [3, 7, 10, 0.03999999910593033],
            [3, 7, 17, 0.07999999821186066],
            [3, 8, 4, 0.07999999821186066],
            [3, 9, 15, 0.03999999910593033],
            [3, 10, 2, 0.07999999821186066],
            [3, 10, 11, 0.03999999910593033],
            [3, 11, 7, 0.03999999910593033],
            [3, 11, 14, 0.03999999910593033],
            [3, 13, 14, 0.03999999910593033],
            [3, 14, 1, 0.03999999910593033],
            [3, 15, 2, 0.03999999910593033],
            [3, 16, 1, 0.03999999910593033],
            [3, 18, 8, 0.03999999910593033],
            [4, 0, 2, 0.0555555559694767],
            [4, 1, 7, 0.0555555559694767],
            [4, 3, 4, 0.0555555559694767],
            [4, 3, 10, 0.0555555559694767],
            [4, 3, 13, 0.0555555559694767],
            [4, 4, 7, 0.0555555559694767],
            [4, 4, 17, 0.0555555559694767],
            [4, 7, 3, 0.0555555559694767],
            [4, 7, 5, 0.1111111119389534],
            [4, 7, 13, 0.0555555559694767],
            [4, 9, 9, 0.0555555559694767],
            [4, 10, 9, 0.0555555559694767],
            [4, 11, 3, 0.0555555559694767],
            [4, 15, 15, 0.0555555559694767],
            [4, 18, 1, 0.1111111119389534],
            [4, 18, 16, 0.0555555559694767]
        ]
    }
}