{
    "train_f1": 0.0,
    "train_prob": 0.0,
    "train_cov": 0.0,
    "valid_f1": 10.0,
    "valid_prob": 17.94085693359375,
    "valid_cov": 10.0,
    "len": 95,
    "binary_grammar": {
        "num_nt": 5,
        "num_pt": 14,
        "num_rhs": 361,
        "rule_probs": [
            [0, 0, 1, 0.043478261679410934],
            [0, 0, 8, 0.043478261679410934],
            [0, 1, 6, 0.043478261679410934],
            [0, 1, 8, 0.043478261679410934],
            [0, 4, 13, 0.043478261679410934],
            [0, 4, 18, 0.043478261679410934],
            [0, 6, 6, 0.043478261679410934],
            [0, 6, 11, 0.043478261679410934],
            [0, 7, 10, 0.043478261679410934],
            [0, 10, 11, 0.043478261679410934],
            [0, 10, 16, 0.043478261679410934],
            [0, 11, 6, 0.043478261679410934],
            [0, 12, 0, 0.043478261679410934],
            [0, 13, 5, 0.043478261679410934],
            [0, 14, 10, 0.1304347813129425],
            [0, 15, 16, 0.043478261679410934],
            [0, 16, 6, 0.043478261679410934],
            [0, 17, 0, 0.043478261679410934],
            [0, 17, 5, 0.043478261679410934],
            [0, 17, 11, 0.043478261679410934],
            [0, 18, 6, 0.043478261679410934],
            [1, 2, 7, 0.0833333358168602],
            [1, 3, 14, 0.0833333358168602],
            [1, 5, 4, 0.0833333358168602],
            [1, 9, 8, 0.0833333358168602],
            [1, 9, 17, 0.0833333358168602],
            [1, 12, 15, 0.0833333358168602],
            [1, 14, 14, 0.0833333358168602],
            [1, 14, 15, 0.0833333358168602],
            [1, 14, 17, 0.0833333358168602],
            [1, 15, 18, 0.0833333358168602],
            [1, 17, 0, 0.1666666716337204],
            [2, 1, 10, 0.04545454680919647],
            [2, 1, 13, 0.04545454680919647],
            [2, 5, 5, 0.04545454680919647],
            [2, 5, 11, 0.04545454680919647],
            [2, 5, 12, 0.04545454680919647],
            [2, 6, 2, 0.04545454680919647],
            [2, 6, 11, 0.04545454680919647],
            [2, 6, 15, 0.04545454680919647],
            [2, 7, 4, 0.04545454680919647],
            [2, 8, 9, 0.04545454680919647],
            [2, 9, 16, 0.04545454680919647],
            [2, 10, 7, 0.04545454680919647],
            [2, 11, 8, 0.04545454680919647],
            [2, 11, 10, 0.04545454680919647],
            [2, 12, 13, 0.04545454680919647],
            [2, 13, 11, 0.04545454680919647],
            [2, 13, 13, 0.04545454680919647],
            [2, 15, 6, 0.09090909361839294],
            [2, 17, 12, 0.04545454680919647],
            [2, 17, 14, 0.04545454680919647],
            [2, 18, 6, 0.04545454680919647],
            [3, 0, 11, 0.043478261679410934],
            [3, 0, 13, 0.043478261679410934],
            [3, 1, 0, 0.043478261679410934],
            [3, 1, 13, 0.043478261679410934],
            [3, 1, 15, 0.043478261679410934],
            [3, 2, 18, 0.043478261679410934],
            [3, 3, 11, 0.043478261679410934],
            [3, 3, 15, 0.043478261679410934],
            [3, 4, 1, 0.043478261679410934],
            [3, 4, 4, 0.043478261679410934],
            [3, 6, 14, 0.043478261679410934],
            [3, 7, 8, 0.043478261679410934],
            [3, 7, 17, 0.043478261679410934],
            [3, 9, 7, 0.043478261679410934],
            [3, 10, 1, 0.043478261679410934],
            [3, 12, 5, 0.043478261679410934],
            [3, 12, 12, 0.043478261679410934],
            [3, 13, 2, 0.043478261679410934],
            [3, 14, 1, 0.043478261679410934],
            [3, 14, 3, 0.043478261679410934],
            [3, 15, 4, 0.043478261679410934],
            [3, 17, 9, 0.043478261679410934],
            [3, 17, 10, 0.043478261679410934],
            [4, 3, 4, 0.05000000074505806],
            [4, 3, 15, 0.05000000074505806],
            [4, 6, 11, 0.05000000074505806],
            [4, 9, 4, 0.05000000074505806],
            [4, 9, 9, 0.05000000074505806],
            [4, 9, 12, 0.05000000074505806],
            [4, 9, 16, 0.05000000074505806],
            [4, 11, 4, 0.10000000149011612],
            [4, 11, 5, 0.05000000074505806],
            [4, 11, 9, 0.05000000074505806],
            [4, 11, 12, 0.05000000074505806],
            [4, 13, 18, 0.05000000074505806],
            [4, 14, 5, 0.05000000074505806],
            [4, 14, 6, 0.05000000074505806],
            [4, 14, 8, 0.05000000074505806],
            [4, 15, 0, 0.05000000074505806],
            [4, 16, 1, 0.05000000074505806],
            [4, 16, 7, 0.05000000074505806],
            [4, 18, 0, 0.05000000074505806]
        ]
    }
}