{
    "train_f1": 0.0,
    "train_prob": 22.009153366088867,
    "train_cov": 12.5,
    "valid_f1": 0.0,
    "valid_prob": 0.0,
    "valid_cov": 0.0,
    "len": 85,
    "binary_grammar": {
        "num_nt": 5,
        "num_pt": 14,
        "num_rhs": 361,
        "rule_probs": [
            [0, 1, 8, 0.08695652335882187],
            [0, 3, 10, 0.043478261679410934],
            [0, 5, 3, 0.043478261679410934],
            [0, 5, 7, 0.043478261679410934],
            [0, 5, 16, 0.043478261679410934],
            [0, 6, 9, 0.043478261679410934],
            [0, 6, 17, 0.043478261679410934],
            [0, 7, 13, 0.043478261679410934],
            [0, 7, 14, 0.043478261679410934],
            [0, 8, 8, 0.043478261679410934],
            [0, 8, 12, 0.043478261679410934],
            [0, 13, 15, 0.043478261679410934],
            [0, 14, 10, 0.043478261679410934],
            [0, 14, 15, 0.08695652335882187],
            [0, 15, 10, 0.08695652335882187],
            [0, 16, 8, 0.08695652335882187],
            [0, 16, 17, 0.08695652335882187],
            [0, 18, 15, 0.043478261679410934],
            [1, 0, 3, 0.06666667014360428],
            [1, 1, 17, 0.06666667014360428],
            [1, 2, 6, 0.06666667014360428],
            [1, 5, 4, 0.06666667014360428],
            [1, 6, 0, 0.06666667014360428],
            [1, 6, 6, 0.06666667014360428],
            [1, 9, 1, 0.06666667014360428],
            [1, 9, 4, 0.06666667014360428],
            [1, 9, 10, 0.06666667014360428],
            [1, 10, 11, 0.06666667014360428],
            [1, 14, 17, 0.13333334028720856],
            [1, 16, 4, 0.13333334028720856],
            [1, 18, 17, 0.06666667014360428],
            [2, 1, 0, 0.04545454680919647],
            [2, 1, 12, 0.04545454680919647],
            [2, 2, 9, 0.04545454680919647],
            [2, 3, 15, 0.09090909361839294],
            [2, 4, 3, 0.09090909361839294],
            [2, 4, 10, 0.04545454680919647],
            [2, 5, 2, 0.04545454680919647],
            [2, 5, 11, 0.04545454680919647],
            [2, 7, 5, 0.04545454680919647],
            [2, 7, 9, 0.04545454680919647],
            [2, 7, 17, 0.04545454680919647],
            [2, 11, 8, 0.04545454680919647],
            [2, 11, 10, 0.04545454680919647],
            [2, 12, 0, 0.04545454680919647],
            [2, 13, 5, 0.04545454680919647],
            [2, 14, 1, 0.04545454680919647],
            [2, 14, 17, 0.04545454680919647],
            [2, 15, 18, 0.04545454680919647],
            [2, 16, 4, 0.04545454680919647],
            [2, 18, 15, 0.04545454680919647],
            [3, 1, 0, 0.0476190485060215],
            [3, 1, 10, 0.0476190485060215],
            [3, 1, 17, 0.0476190485060215],
            [3, 2, 3, 0.0476190485060215],
            [3, 3, 5, 0.095238097012043],
            [3, 7, 0, 0.0476190485060215],
            [3, 7, 2, 0.0476190485060215],
            [3, 7, 10, 0.0476190485060215],
            [3, 7, 17, 0.0476190485060215],
            [3, 9, 2, 0.0476190485060215],
            [3, 11, 14, 0.0476190485060215],
            [3, 12, 5, 0.0476190485060215],
            [3, 13, 17, 0.0476190485060215],
            [3, 14, 5, 0.0476190485060215],
            [3, 14, 11, 0.0476190485060215],
            [3, 15, 0, 0.0476190485060215],
            [3, 17, 3, 0.1428571492433548],
            [3, 18, 12, 0.0476190485060215],
            [4, 1, 6, 0.05263157933950424],
            [4, 1, 12, 0.10526315867900848],
            [4, 2, 9, 0.05263157933950424],
            [4, 6, 3, 0.05263157933950424],
            [4, 6, 15, 0.05263157933950424],
            [4, 8, 3, 0.05263157933950424],
            [4, 9, 13, 0.05263157933950424],
            [4, 10, 12, 0.05263157933950424],
            [4, 11, 4, 0.05263157933950424],
            [4, 12, 4, 0.05263157933950424],
            [4, 14, 3, 0.05263157933950424],
            [4, 14, 8, 0.05263157933950424],
            [4, 15, 0, 0.15789473056793213],
            [4, 15, 7, 0.05263157933950424],
            [4, 15, 16, 0.05263157933950424],
            [4, 17, 7, 0.05263157933950424]
        ]
    }
}