{
    "train_f1": 0.0,
    "train_prob": 0.0,
    "train_cov": 0.0,
    "valid_f1": 0.0,
    "valid_prob": 0.0,
    "valid_cov": 0.0,
    "len": 88,
    "binary_grammar": {
        "num_nt": 5,
        "num_pt": 14,
        "num_rhs": 361,
        "rule_probs": [
            [0, 1, 4, 0.05263157933950424],
            [0, 1, 11, 0.05263157933950424],
            [0, 6, 4, 0.05263157933950424],
            [0, 8, 8, 0.10526315867900848],
            [0, 9, 10, 0.05263157933950424],
            [0, 10, 6, 0.05263157933950424],
            [0, 10, 12, 0.05263157933950424],
            [0, 11, 4, 0.05263157933950424],
            [0, 11, 5, 0.05263157933950424],
            [0, 12, 18, 0.05263157933950424],
            [0, 14, 10, 0.05263157933950424],
            [0, 15, 10, 0.05263157933950424],
            [0, 16, 9, 0.05263157933950424],
            [0, 16, 17, 0.05263157933950424],
            [0, 17, 3, 0.05263157933950424],
            [0, 17, 11, 0.15789473056793213],
            [1, 3, 10, 0.0714285746216774],
            [1, 6, 18, 0.0714285746216774],
            [1, 9, 15, 0.0714285746216774],
            [1, 10, 8, 0.0714285746216774],
            [1, 12, 18, 0.0714285746216774],
            [1, 13, 4, 0.0714285746216774],
            [1, 13, 5, 0.0714285746216774],
            [1, 14, 8, 0.0714285746216774],
            [1, 14, 9, 0.0714285746216774],
            [1, 14, 14, 0.0714285746216774],
            [1, 14, 17, 0.1428571492433548],
            [1, 17, 9, 0.0714285746216774],
            [1, 18, 2, 0.0714285746216774],
            [2, 0, 10, 0.0416666679084301],
            [2, 1, 12, 0.0416666679084301],
            [2, 1, 13, 0.125],
            [2, 3, 15, 0.0416666679084301],
            [2, 6, 8, 0.0416666679084301],
            [2, 6, 11, 0.0416666679084301],
            [2, 6, 16, 0.0416666679084301],
            [2, 7, 16, 0.0416666679084301],
            [2, 7, 17, 0.0416666679084301],
            [2, 9, 1, 0.0416666679084301],
            [2, 9, 10, 0.0416666679084301],
            [2, 10, 12, 0.0416666679084301],
            [2, 11, 8, 0.1666666716337204],
            [2, 11, 15, 0.0416666679084301],
            [2, 13, 11, 0.0416666679084301],
            [2, 14, 6, 0.0416666679084301],
            [2, 16, 8, 0.0833333358168602],
            [2, 17, 2, 0.0416666679084301],
            [3, 0, 11, 0.07692307978868484],
            [3, 1, 0, 0.07692307978868484],
            [3, 1, 7, 0.07692307978868484],
            [3, 2, 1, 0.07692307978868484],
            [3, 4, 0, 0.07692307978868484],
            [3, 6, 7, 0.07692307978868484],
            [3, 7, 7, 0.07692307978868484],
            [3, 7, 17, 0.07692307978868484],
            [3, 8, 11, 0.07692307978868484],
            [3, 11, 15, 0.07692307978868484],
            [3, 13, 6, 0.07692307978868484],
            [3, 17, 0, 0.07692307978868484],
            [3, 18, 7, 0.07692307978868484],
            [4, 0, 15, 0.03333333507180214],
            [4, 1, 1, 0.03333333507180214],
            [4, 1, 6, 0.03333333507180214],
            [4, 3, 3, 0.03333333507180214],
            [4, 3, 18, 0.03333333507180214],
            [4, 5, 5, 0.03333333507180214],
            [4, 5, 7, 0.03333333507180214],
            [4, 6, 2, 0.03333333507180214],
            [4, 6, 3, 0.03333333507180214],
            [4, 7, 7, 0.03333333507180214],
            [4, 7, 12, 0.03333333507180214],
            [4, 9, 1, 0.03333333507180214],
            [4, 9, 7, 0.03333333507180214],
            [4, 9, 8, 0.03333333507180214],
            [4, 9, 9, 0.03333333507180214],
            [4, 9, 12, 0.03333333507180214],
            [4, 11, 4, 0.03333333507180214],
            [4, 12, 13, 0.03333333507180214],
            [4, 12, 15, 0.03333333507180214],
            [4, 13, 0, 0.03333333507180214],
            [4, 14, 3, 0.03333333507180214],
            [4, 14, 8, 0.03333333507180214],
            [4, 15, 11, 0.03333333507180214],
            [4, 15, 15, 0.03333333507180214],
            [4, 16, 10, 0.10000000149011612],
            [4, 18, 3, 0.03333333507180214],
            [4, 18, 17, 0.03333333507180214],
            [4, 18, 18, 0.03333333507180214]
        ]
    }
}