{
    "train_f1": 0.0,
    "train_prob": 0.0,
    "train_cov": 0.0,
    "valid_f1": 0.0,
    "valid_prob": 0.0,
    "valid_cov": 0.0,
    "len": 88,
    "binary_grammar": {
        "num_nt": 5,
        "num_pt": 14,
        "num_rhs": 361,
        "rule_probs": [
            [0, 0, 9, 0.05000000074505806],
            [0, 2, 11, 0.05000000074505806],
            [0, 3, 17, 0.05000000074505806],
            [0, 4, 3, 0.05000000074505806],
            [0, 4, 8, 0.05000000074505806],
            [0, 5, 3, 0.05000000074505806],
            [0, 5, 15, 0.05000000074505806],
            [0, 7, 0, 0.05000000074505806],
            [0, 9, 1, 0.05000000074505806],
            [0, 10, 12, 0.05000000074505806],
            [0, 12, 8, 0.05000000074505806],
            [0, 13, 15, 0.05000000074505806],
            [0, 14, 5, 0.05000000074505806],
            [0, 14, 7, 0.05000000074505806],
            [0, 15, 7, 0.05000000074505806],
            [0, 15, 10, 0.05000000074505806],
            [0, 16, 1, 0.05000000074505806],
            [0, 16, 17, 0.05000000074505806],
            [0, 17, 5, 0.05000000074505806],
            [0, 18, 8, 0.05000000074505806],
            [1, 1, 12, 0.10000000149011612],
            [1, 3, 10, 0.10000000149011612],
            [1, 4, 2, 0.10000000149011612],
            [1, 6, 6, 0.10000000149011612],
            [1, 8, 16, 0.20000000298023224],
            [1, 10, 15, 0.10000000149011612],
            [1, 11, 12, 0.10000000149011612],
            [1, 12, 3, 0.10000000149011612],
            [1, 13, 13, 0.10000000149011612],
            [2, 1, 3, 0.0416666679084301],
            [2, 2, 9, 0.0416666679084301],
            [2, 2, 12, 0.0416666679084301],
            [2, 3, 15, 0.125],
            [2, 4, 3, 0.0416666679084301],
            [2, 5, 11, 0.0416666679084301],
            [2, 7, 5, 0.0416666679084301],
            [2, 8, 10, 0.0416666679084301],
            [2, 9, 3, 0.0416666679084301],
            [2, 9, 9, 0.0416666679084301],
            [2, 10, 2, 0.0416666679084301],
            [2, 10, 7, 0.0416666679084301],
            [2, 11, 10, 0.0833333358168602],
            [2, 12, 13, 0.0416666679084301],
            [2, 13, 4, 0.0416666679084301],
            [2, 13, 11, 0.0416666679084301],
            [2, 16, 0, 0.0416666679084301],
            [2, 16, 6, 0.0416666679084301],
            [2, 17, 10, 0.0416666679084301],
            [2, 17, 12, 0.0416666679084301],
            [2, 18, 15, 0.0416666679084301],
            [3, 0, 15, 0.10526315867900848],
            [3, 1, 5, 0.05263157933950424],
            [3, 1, 6, 0.05263157933950424],
            [3, 1, 15, 0.05263157933950424],
            [3, 5, 11, 0.05263157933950424],
            [3, 5, 14, 0.05263157933950424],
            [3, 5, 15, 0.05263157933950424],
            [3, 6, 4, 0.10526315867900848],
            [3, 9, 14, 0.05263157933950424],
            [3, 10, 1, 0.10526315867900848],
            [3, 11, 10, 0.05263157933950424],
            [3, 13, 14, 0.05263157933950424],
            [3, 14, 7, 0.05263157933950424],
            [3, 14, 18, 0.05263157933950424],
            [3, 17, 1, 0.10526315867900848],
            [4, 0, 13, 0.03703703731298447],
            [4, 1, 2, 0.03703703731298447],
            [4, 2, 6, 0.03703703731298447],
            [4, 2, 8, 0.03703703731298447],
            [4, 2, 15, 0.07407407462596893],
            [4, 3, 3, 0.03703703731298447],
            [4, 3, 4, 0.07407407462596893],
            [4, 5, 5, 0.03703703731298447],
            [4, 5, 9, 0.03703703731298447],
            [4, 7, 3, 0.03703703731298447],
            [4, 7, 14, 0.03703703731298447],
            [4, 8, 12, 0.03703703731298447],
            [4, 9, 8, 0.03703703731298447],
            [4, 9, 9, 0.03703703731298447],
            [4, 9, 10, 0.07407407462596893],
            [4, 10, 8, 0.03703703731298447],
            [4, 11, 14, 0.03703703731298447],
            [4, 12, 2, 0.03703703731298447],
            [4, 12, 13, 0.03703703731298447],
            [4, 14, 0, 0.03703703731298447],
            [4, 14, 8, 0.03703703731298447],
            [4, 15, 18, 0.07407407462596893],
            [4, 18, 0, 0.03703703731298447]
        ]
    }
}