{
    "train_f1": 1.9208037853240967,
    "train_prob": 3.771413803100586,
    "train_cov": 25.0,
    "valid_f1": 5.0,
    "valid_prob": 17.92878532409668,
    "valid_cov": 10.0,
    "len": 87,
    "binary_grammar": {
        "num_nt": 5,
        "num_pt": 14,
        "num_rhs": 361,
        "rule_probs": [
            [0, 1, 3, 0.03846153989434242],
            [0, 1, 5, 0.03846153989434242],
            [0, 1, 14, 0.03846153989434242],
            [0, 2, 16, 0.03846153989434242],
            [0, 3, 3, 0.03846153989434242],
            [0, 3, 17, 0.03846153989434242],
            [0, 6, 15, 0.03846153989434242],
            [0, 6, 16, 0.03846153989434242],
            [0, 7, 7, 0.03846153989434242],
            [0, 8, 8, 0.03846153989434242],
            [0, 10, 14, 0.03846153989434242],
            [0, 11, 4, 0.03846153989434242],
            [0, 12, 2, 0.03846153989434242],
            [0, 12, 4, 0.03846153989434242],
            [0, 14, 10, 0.11538461595773697],
            [0, 14, 15, 0.07692307978868484],
            [0, 15, 3, 0.07692307978868484],
            [0, 15, 10, 0.07692307978868484],
            [0, 17, 10, 0.03846153989434242],
            [0, 17, 11, 0.07692307978868484],
            [1, 0, 17, 0.0833333358168602],
            [1, 2, 12, 0.0833333358168602],
            [1, 5, 3, 0.0833333358168602],
            [1, 6, 6, 0.1666666716337204],
            [1, 9, 4, 0.0833333358168602],
            [1, 9, 10, 0.0833333358168602],
            [1, 10, 2, 0.0833333358168602],
            [1, 11, 11, 0.0833333358168602],
            [1, 12, 3, 0.0833333358168602],
            [1, 12, 4, 0.0833333358168602],
            [1, 14, 17, 0.0833333358168602],
            [2, 0, 7, 0.04545454680919647],
            [2, 1, 12, 0.04545454680919647],
            [2, 2, 5, 0.04545454680919647],
            [2, 3, 10, 0.04545454680919647],
            [2, 3, 15, 0.09090909361839294],
            [2, 4, 3, 0.13636364042758942],
            [2, 5, 11, 0.04545454680919647],
            [2, 6, 0, 0.04545454680919647],
            [2, 7, 16, 0.04545454680919647],
            [2, 8, 18, 0.04545454680919647],
            [2, 10, 6, 0.04545454680919647],
            [2, 10, 7, 0.04545454680919647],
            [2, 12, 12, 0.04545454680919647],
            [2, 12, 13, 0.04545454680919647],
            [2, 13, 15, 0.04545454680919647],
            [2, 16, 3, 0.04545454680919647],
            [2, 16, 8, 0.04545454680919647],
            [2, 17, 6, 0.04545454680919647],
            [2, 18, 17, 0.04545454680919647],
            [3, 0, 6, 0.0625],
            [3, 0, 11, 0.0625],
            [3, 1, 6, 0.0625],
            [3, 5, 4, 0.0625],
            [3, 7, 2, 0.0625],
            [3, 7, 17, 0.0625],
            [3, 8, 4, 0.0625],
            [3, 9, 5, 0.0625],
            [3, 9, 15, 0.0625],
            [3, 10, 2, 0.0625],
            [3, 11, 9, 0.0625],
            [3, 13, 9, 0.125],
            [3, 16, 9, 0.0625],
            [3, 17, 3, 0.0625],
            [3, 17, 10, 0.0625],
            [4, 0, 0, 0.0416666679084301],
            [4, 1, 18, 0.0416666679084301],
            [4, 2, 6, 0.0416666679084301],
            [4, 2, 8, 0.0416666679084301],
            [4, 2, 9, 0.0416666679084301],
            [4, 3, 4, 0.0416666679084301],
            [4, 6, 7, 0.0416666679084301],
            [4, 6, 13, 0.0416666679084301],
            [4, 7, 11, 0.0416666679084301],
            [4, 9, 1, 0.0833333358168602],
            [4, 9, 14, 0.0416666679084301],
            [4, 10, 12, 0.0833333358168602],
            [4, 11, 4, 0.0416666679084301],
            [4, 11, 12, 0.0416666679084301],
            [4, 12, 1, 0.0416666679084301],
            [4, 14, 1, 0.0416666679084301],
            [4, 14, 3, 0.0416666679084301],
            [4, 14, 5, 0.0416666679084301],
            [4, 14, 13, 0.0416666679084301],
            [4, 16, 6, 0.0416666679084301],
            [4, 17, 10, 0.0416666679084301],
            [4, 17, 11, 0.0416666679084301]
        ]
    }
}