{
    "train_f1": 0.0,
    "train_prob": 21.665603637695312,
    "train_cov": 12.5,
    "valid_f1": 0.0,
    "valid_prob": 0.0,
    "valid_cov": 0.0,
    "len": 87,
    "binary_grammar": {
        "num_nt": 5,
        "num_pt": 14,
        "num_rhs": 361,
        "rule_probs": [
            [0, 1, 2, 0.0416666679084301],
            [0, 1, 8, 0.0416666679084301],
            [0, 4, 16, 0.0416666679084301],
            [0, 5, 7, 0.0416666679084301],
            [0, 6, 11, 0.0416666679084301],
            [0, 6, 15, 0.0416666679084301],
            [0, 11, 11, 0.0416666679084301],
            [0, 14, 5, 0.0416666679084301],
            [0, 14, 7, 0.0416666679084301],
            [0, 14, 10, 0.125],
            [0, 14, 15, 0.0416666679084301],
            [0, 14, 17, 0.0416666679084301],
            [0, 15, 10, 0.0833333358168602],
            [0, 15, 18, 0.0416666679084301],
            [0, 17, 10, 0.0416666679084301],
            [0, 17, 11, 0.2083333283662796],
            [0, 18, 8, 0.0416666679084301],
            [1, 2, 17, 0.0476190485060215],
            [1, 4, 7, 0.0476190485060215],
            [1, 5, 6, 0.0476190485060215],
            [1, 6, 9, 0.0476190485060215],
            [1, 6, 18, 0.0476190485060215],
            [1, 7, 11, 0.0476190485060215],
            [1, 9, 4, 0.0476190485060215],
            [1, 9, 10, 0.0476190485060215],
            [1, 9, 16, 0.0476190485060215],
            [1, 10, 18, 0.0476190485060215],
            [1, 12, 2, 0.0476190485060215],
            [1, 12, 9, 0.0476190485060215],
            [1, 12, 15, 0.0476190485060215],
            [1, 13, 7, 0.0476190485060215],
            [1, 13, 16, 0.0476190485060215],
            [1, 14, 0, 0.0476190485060215],
            [1, 14, 17, 0.0476190485060215],
            [1, 16, 4, 0.0476190485060215],
            [1, 16, 11, 0.0476190485060215],
            [1, 17, 13, 0.0476190485060215],
            [1, 18, 6, 0.0476190485060215],
            [2, 2, 6, 0.25],
            [2, 3, 0, 0.0833333358168602],
            [2, 3, 15, 0.0833333358168602],
            [2, 4, 3, 0.1666666716337204],
            [2, 11, 6, 0.0833333358168602],
            [2, 11, 10, 0.0833333358168602],
            [2, 12, 12, 0.0833333358168602],
            [2, 12, 13, 0.0833333358168602],
            [2, 16, 3, 0.0833333358168602],
            [3, 0, 7, 0.0416666679084301],
            [3, 0, 8, 0.0416666679084301],
            [3, 0, 11, 0.125],
            [3, 1, 6, 0.0416666679084301],
            [3, 1, 15, 0.0416666679084301],
            [3, 2, 18, 0.0416666679084301],
            [3, 3, 18, 0.0416666679084301],
            [3, 6, 7, 0.0416666679084301],
            [3, 7, 10, 0.0416666679084301],
            [3, 8, 10, 0.0416666679084301],
            [3, 8, 17, 0.0416666679084301],
            [3, 9, 5, 0.0416666679084301],
            [3, 10, 1, 0.0416666679084301],
            [3, 10, 4, 0.0416666679084301],
            [3, 10, 10, 0.0416666679084301],
            [3, 10, 17, 0.0416666679084301],
            [3, 11, 16, 0.0833333358168602],
            [3, 14, 1, 0.0416666679084301],
            [3, 16, 5, 0.0416666679084301],
            [3, 17, 3, 0.0416666679084301],
            [3, 18, 6, 0.0416666679084301],
            [4, 1, 0, 0.05263157933950424],
            [4, 1, 5, 0.05263157933950424],
            [4, 2, 5, 0.05263157933950424],
            [4, 3, 3, 0.05263157933950424],
            [4, 4, 16, 0.05263157933950424],
            [4, 5, 9, 0.05263157933950424],
            [4, 6, 3, 0.05263157933950424],
            [4, 7, 3, 0.05263157933950424],
            [4, 8, 3, 0.05263157933950424],
            [4, 9, 9, 0.05263157933950424],
            [4, 11, 12, 0.05263157933950424],
            [4, 12, 4, 0.05263157933950424],
            [4, 12, 15, 0.05263157933950424],
            [4, 14, 5, 0.05263157933950424],
            [4, 14, 8, 0.05263157933950424],
            [4, 15, 0, 0.05263157933950424],
            [4, 17, 10, 0.05263157933950424],
            [4, 18, 0, 0.05263157933950424],
            [4, 18, 6, 0.05263157933950424]
        ]
    }
}