{
    "train_f1": 0.0,
    "train_prob": 0.0,
    "train_cov": 0.0,
    "valid_f1": 0.0,
    "valid_prob": 0.0,
    "valid_cov": 0.0,
    "len": 88,
    "binary_grammar": {
        "num_nt": 5,
        "num_pt": 14,
        "num_rhs": 361,
        "rule_probs": [
            [0, 0, 8, 0.05882352963089943],
            [0, 3, 4, 0.05882352963089943],
            [0, 3, 10, 0.05882352963089943],
            [0, 4, 5, 0.11764705926179886],
            [0, 9, 14, 0.05882352963089943],
            [0, 10, 2, 0.05882352963089943],
            [0, 10, 5, 0.05882352963089943],
            [0, 10, 14, 0.05882352963089943],
            [0, 14, 10, 0.05882352963089943],
            [0, 14, 13, 0.05882352963089943],
            [0, 15, 10, 0.05882352963089943],
            [0, 16, 10, 0.05882352963089943],
            [0, 16, 17, 0.05882352963089943],
            [0, 16, 18, 0.05882352963089943],
            [0, 17, 11, 0.11764705926179886],
            [1, 0, 17, 0.05882352963089943],
            [1, 0, 18, 0.05882352963089943],
            [1, 3, 3, 0.05882352963089943],
            [1, 4, 7, 0.05882352963089943],
            [1, 5, 16, 0.05882352963089943],
            [1, 6, 6, 0.05882352963089943],
            [1, 6, 10, 0.05882352963089943],
            [1, 8, 1, 0.05882352963089943],
            [1, 8, 12, 0.05882352963089943],
            [1, 9, 10, 0.05882352963089943],
            [1, 10, 0, 0.05882352963089943],
            [1, 14, 1, 0.05882352963089943],
            [1, 14, 17, 0.11764705926179886],
            [1, 15, 18, 0.05882352963089943],
            [1, 16, 4, 0.05882352963089943],
            [1, 17, 17, 0.05882352963089943],
            [2, 0, 5, 0.0476190485060215],
            [2, 0, 11, 0.0476190485060215],
            [2, 1, 15, 0.0476190485060215],
            [2, 2, 3, 0.0476190485060215],
            [2, 3, 6, 0.0476190485060215],
            [2, 4, 1, 0.0476190485060215],
            [2, 4, 3, 0.1428571492433548],
            [2, 7, 16, 0.0476190485060215],
            [2, 7, 17, 0.0476190485060215],
            [2, 10, 7, 0.0476190485060215],
            [2, 11, 8, 0.0476190485060215],
            [2, 12, 9, 0.0476190485060215],
            [2, 12, 13, 0.095238097012043],
            [2, 13, 15, 0.0476190485060215],
            [2, 14, 14, 0.0476190485060215],
            [2, 15, 10, 0.0476190485060215],
            [2, 18, 1, 0.0476190485060215],
            [2, 18, 15, 0.0476190485060215],
            [3, 0, 5, 0.04545454680919647],
            [3, 0, 6, 0.04545454680919647],
            [3, 0, 15, 0.09090909361839294],
            [3, 1, 6, 0.04545454680919647],
            [3, 3, 13, 0.04545454680919647],
            [3, 4, 1, 0.04545454680919647],
            [3, 4, 12, 0.04545454680919647],
            [3, 7, 6, 0.04545454680919647],
            [3, 7, 17, 0.13636364042758942],
            [3, 7, 18, 0.04545454680919647],
            [3, 9, 5, 0.09090909361839294],
            [3, 9, 10, 0.04545454680919647],
            [3, 10, 7, 0.04545454680919647],
            [3, 11, 16, 0.04545454680919647],
            [3, 12, 10, 0.04545454680919647],
            [3, 14, 1, 0.04545454680919647],
            [3, 17, 3, 0.04545454680919647],
            [3, 18, 12, 0.04545454680919647],
            [4, 1, 5, 0.043478261679410934],
            [4, 2, 11, 0.043478261679410934],
            [4, 3, 4, 0.043478261679410934],
            [4, 3, 7, 0.043478261679410934],
            [4, 4, 0, 0.043478261679410934],
            [4, 5, 4, 0.043478261679410934],
            [4, 6, 3, 0.043478261679410934],
            [4, 7, 8, 0.043478261679410934],
            [4, 9, 1, 0.043478261679410934],
            [4, 9, 9, 0.08695652335882187],
            [4, 9, 10, 0.043478261679410934],
            [4, 10, 12, 0.043478261679410934],
            [4, 11, 0, 0.043478261679410934],
            [4, 11, 8, 0.043478261679410934],
            [4, 12, 8, 0.043478261679410934],
            [4, 13, 3, 0.043478261679410934],
            [4, 13, 4, 0.043478261679410934],
            [4, 13, 11, 0.043478261679410934],
            [4, 15, 9, 0.043478261679410934],
            [4, 15, 15, 0.08695652335882187],
            [4, 18, 0, 0.043478261679410934]
        ]
    }
}