{
    "train_f1": 0.0,
    "train_prob": 0.0,
    "train_cov": 0.0,
    "valid_f1": 0.0,
    "valid_prob": 0.0,
    "valid_cov": 0.0,
    "len": 49,
    "binary_grammar": {
        "num_nt": 5,
        "num_pt": 14,
        "num_rhs": 361,
        "rule_probs": [
            [0, 0, 16, 0.07692307978868484],
            [0, 2, 14, 0.07692307978868484],
            [0, 3, 6, 0.07692307978868484],
            [0, 6, 1, 0.07692307978868484],
            [0, 6, 9, 0.07692307978868484],
            [0, 6, 10, 0.07692307978868484],
            [0, 8, 15, 0.07692307978868484],
            [0, 10, 9, 0.07692307978868484],
            [0, 11, 15, 0.07692307978868484],
            [0, 14, 11, 0.07692307978868484],
            [0, 17, 12, 0.07692307978868484],
            [0, 18, 0, 0.07692307978868484],
            [0, 18, 10, 0.07692307978868484],
            [1, 0, 5, 0.10000000149011612],
            [1, 0, 7, 0.10000000149011612],
            [1, 0, 16, 0.10000000149011612],
            [1, 2, 12, 0.10000000149011612],
            [1, 5, 7, 0.10000000149011612],
            [1, 7, 7, 0.10000000149011612],
            [1, 8, 5, 0.10000000149011612],
            [1, 13, 6, 0.10000000149011612],
            [1, 15, 8, 0.10000000149011612],
            [1, 16, 14, 0.10000000149011612],
            [2, 2, 0, 0.1428571492433548],
            [2, 11, 16, 0.1428571492433548],
            [2, 13, 18, 0.1428571492433548],
            [2, 16, 6, 0.1428571492433548],
            [2, 17, 5, 0.1428571492433548],
            [2, 17, 14, 0.1428571492433548],
            [2, 18, 3, 0.1428571492433548],
            [3, 3, 6, 0.25],
            [3, 5, 14, 0.25],
            [3, 7, 2, 0.25],
            [3, 17, 1, 0.25],
            [4, 1, 6, 0.06666667014360428],
            [4, 1, 11, 0.06666667014360428],
            [4, 2, 13, 0.06666667014360428],
            [4, 3, 12, 0.06666667014360428],
            [4, 4, 9, 0.06666667014360428],
            [4, 4, 12, 0.06666667014360428],
            [4, 7, 4, 0.06666667014360428],
            [4, 8, 3, 0.06666667014360428],
            [4, 9, 2, 0.06666667014360428],
            [4, 10, 0, 0.06666667014360428],
            [4, 13, 18, 0.06666667014360428],
            [4, 16, 1, 0.06666667014360428],
            [4, 16, 7, 0.06666667014360428],
            [4, 17, 18, 0.06666667014360428],
            [4, 18, 10, 0.06666667014360428]
        ]
    }
}