{
    "train_f1": 0.0,
    "train_prob": 0.0,
    "train_cov": 0.0,
    "valid_f1": 0.0,
    "valid_prob": 0.0,
    "valid_cov": 0.0,
    "len": 99,
    "binary_grammar": {
        "num_nt": 5,
        "num_pt": 14,
        "num_rhs": 361,
        "rule_probs": [
            [0, 0, 5, 0.0476190485060215],
            [0, 0, 9, 0.0476190485060215],
            [0, 0, 12, 0.0476190485060215],
            [0, 1, 16, 0.0476190485060215],
            [0, 4, 17, 0.0476190485060215],
            [0, 4, 18, 0.0476190485060215],
            [0, 5, 4, 0.0476190485060215],
            [0, 6, 13, 0.0476190485060215],
            [0, 7, 4, 0.0476190485060215],
            [0, 7, 16, 0.0476190485060215],
            [0, 8, 2, 0.0476190485060215],
            [0, 8, 8, 0.0476190485060215],
            [0, 8, 13, 0.0476190485060215],
            [0, 8, 15, 0.0476190485060215],
            [0, 9, 2, 0.0476190485060215],
            [0, 9, 5, 0.0476190485060215],
            [0, 10, 2, 0.0476190485060215],
            [0, 10, 7, 0.0476190485060215],
            [0, 11, 2, 0.0476190485060215],
            [0, 15, 9, 0.0476190485060215],
            [0, 18, 1, 0.0476190485060215],
            [1, 0, 1, 0.0625],
            [1, 3, 4, 0.0625],
            [1, 4, 4, 0.0625],
            [1, 5, 17, 0.0625],
            [1, 8, 15, 0.0625],
            [1, 8, 17, 0.0625],
            [1, 9, 4, 0.0625],
            [1, 10, 4, 0.0625],
            [1, 12, 13, 0.0625],
            [1, 13, 6, 0.0625],
            [1, 14, 15, 0.0625],
            [1, 15, 12, 0.0625],
            [1, 16, 11, 0.0625],
            [1, 17, 0, 0.0625],
            [1, 17, 9, 0.0625],
            [1, 18, 12, 0.0625],
            [2, 0, 18, 0.04545454680919647],
            [2, 1, 3, 0.04545454680919647],
            [2, 2, 4, 0.04545454680919647],
            [2, 3, 8, 0.04545454680919647],
            [2, 4, 7, 0.04545454680919647],
            [2, 5, 6, 0.04545454680919647],
            [2, 6, 3, 0.04545454680919647],
            [2, 7, 0, 0.04545454680919647],
            [2, 9, 10, 0.04545454680919647],
            [2, 10, 1, 0.04545454680919647],
            [2, 10, 13, 0.04545454680919647],
            [2, 11, 11, 0.04545454680919647],
            [2, 12, 5, 0.04545454680919647],
            [2, 12, 12, 0.04545454680919647],
            [2, 12, 13, 0.04545454680919647],
            [2, 13, 6, 0.04545454680919647],
            [2, 16, 9, 0.04545454680919647],
            [2, 17, 4, 0.04545454680919647],
            [2, 17, 14, 0.04545454680919647],
            [2, 18, 1, 0.04545454680919647],
            [2, 18, 10, 0.04545454680919647],
            [2, 18, 16, 0.04545454680919647],
            [3, 3, 18, 0.0555555559694767],
            [3, 4, 10, 0.0555555559694767],
            [3, 4, 16, 0.0555555559694767],
            [3, 6, 10, 0.0555555559694767],
            [3, 8, 10, 0.1111111119389534],
            [3, 11, 4, 0.0555555559694767],
            [3, 11, 6, 0.0555555559694767],
            [3, 11, 18, 0.0555555559694767],
            [3, 13, 3, 0.0555555559694767],
            [3, 13, 8, 0.0555555559694767],
            [3, 13, 9, 0.0555555559694767],
            [3, 14, 13, 0.0555555559694767],
            [3, 15, 10, 0.0555555559694767],
            [3, 16, 4, 0.0555555559694767],
            [3, 16, 14, 0.0555555559694767],
            [3, 17, 7, 0.0555555559694767],
            [3, 18, 7, 0.0555555559694767],
            [4, 0, 9, 0.043478261679410934],
            [4, 3, 4, 0.043478261679410934],
            [4, 3, 17, 0.043478261679410934],
            [4, 4, 6, 0.043478261679410934],
            [4, 4, 12, 0.043478261679410934],
            [4, 5, 12, 0.043478261679410934],
            [4, 6, 5, 0.043478261679410934],
            [4, 7, 1, 0.043478261679410934],
            [4, 9, 7, 0.043478261679410934],
            [4, 9, 12, 0.043478261679410934],
            [4, 10, 2, 0.043478261679410934],
            [4, 10, 8, 0.043478261679410934],
            [4, 11, 13, 0.043478261679410934],
            [4, 11, 17, 0.043478261679410934],
            [4, 14, 3, 0.043478261679410934],
            [4, 15, 15, 0.043478261679410934],
            [4, 16, 6, 0.043478261679410934],
            [4, 16, 8, 0.043478261679410934],
            [4, 16, 10, 0.043478261679410934],
            [4, 16, 14, 0.043478261679410934],
            [4, 17, 12, 0.043478261679410934],
            [4, 18, 14, 0.043478261679410934],
            [4, 18, 16, 0.043478261679410934]
        ]
    }
}