{
    "train_f1": 0.0,
    "train_prob": 0.0,
    "train_cov": 0.0,
    "valid_f1": 0.0,
    "valid_prob": 0.0,
    "valid_cov": 0.0,
    "len": 90,
    "binary_grammar": {
        "num_nt": 5,
        "num_pt": 14,
        "num_rhs": 361,
        "rule_probs": [
            [0, 0, 11, 0.08695652335882187],
            [0, 1, 3, 0.043478261679410934],
            [0, 2, 1, 0.043478261679410934],
            [0, 3, 13, 0.043478261679410934],
            [0, 3, 15, 0.043478261679410934],
            [0, 5, 14, 0.043478261679410934],
            [0, 5, 15, 0.043478261679410934],
            [0, 7, 9, 0.043478261679410934],
            [0, 7, 12, 0.043478261679410934],
            [0, 8, 8, 0.08695652335882187],
            [0, 9, 3, 0.043478261679410934],
            [0, 10, 17, 0.043478261679410934],
            [0, 11, 16, 0.043478261679410934],
            [0, 12, 18, 0.043478261679410934],
            [0, 14, 2, 0.043478261679410934],
            [0, 14, 5, 0.043478261679410934],
            [0, 16, 7, 0.043478261679410934],
            [0, 16, 17, 0.043478261679410934],
            [0, 17, 12, 0.043478261679410934],
            [0, 17, 17, 0.08695652335882187],
            [1, 0, 2, 0.0714285746216774],
            [1, 1, 17, 0.0714285746216774],
            [1, 5, 4, 0.0714285746216774],
            [1, 6, 6, 0.0714285746216774],
            [1, 6, 18, 0.0714285746216774],
            [1, 8, 15, 0.0714285746216774],
            [1, 9, 10, 0.0714285746216774],
            [1, 11, 10, 0.0714285746216774],
            [1, 13, 8, 0.0714285746216774],
            [1, 14, 17, 0.0714285746216774],
            [1, 15, 4, 0.0714285746216774],
            [1, 17, 7, 0.0714285746216774],
            [1, 17, 11, 0.0714285746216774],
            [1, 18, 10, 0.0714285746216774],
            [2, 2, 2, 0.04545454680919647],
            [2, 3, 3, 0.04545454680919647],
            [2, 3, 10, 0.04545454680919647],
            [2, 4, 3, 0.04545454680919647],
            [2, 5, 8, 0.04545454680919647],
            [2, 6, 2, 0.04545454680919647],
            [2, 6, 18, 0.04545454680919647],
            [2, 7, 12, 0.04545454680919647],
            [2, 10, 15, 0.04545454680919647],
            [2, 11, 8, 0.04545454680919647],
            [2, 13, 18, 0.04545454680919647],
            [2, 15, 3, 0.04545454680919647],
            [2, 16, 0, 0.04545454680919647],
            [2, 16, 3, 0.13636364042758942],
            [2, 16, 6, 0.04545454680919647],
            [2, 16, 8, 0.04545454680919647],
            [2, 16, 12, 0.04545454680919647],
            [2, 17, 5, 0.04545454680919647],
            [2, 17, 10, 0.04545454680919647],
            [2, 18, 0, 0.04545454680919647],
            [3, 0, 2, 0.0625],
            [3, 0, 11, 0.0625],
            [3, 1, 0, 0.0625],
            [3, 2, 1, 0.0625],
            [3, 3, 11, 0.0625],
            [3, 4, 2, 0.0625],
            [3, 4, 9, 0.0625],
            [3, 7, 10, 0.125],
            [3, 8, 7, 0.0625],
            [3, 11, 4, 0.0625],
            [3, 14, 13, 0.0625],
            [3, 14, 16, 0.0625],
            [3, 16, 1, 0.0625],
            [3, 16, 7, 0.0625],
            [3, 16, 18, 0.0625],
            [4, 0, 5, 0.03999999910593033],
            [4, 0, 18, 0.03999999910593033],
            [4, 4, 17, 0.07999999821186066],
            [4, 4, 18, 0.03999999910593033],
            [4, 5, 9, 0.03999999910593033],
            [4, 9, 5, 0.03999999910593033],
            [4, 9, 8, 0.03999999910593033],
            [4, 9, 12, 0.03999999910593033],
            [4, 11, 4, 0.03999999910593033],
            [4, 11, 12, 0.03999999910593033],
            [4, 12, 16, 0.03999999910593033],
            [4, 14, 1, 0.03999999910593033],
            [4, 14, 3, 0.11999999731779099],
            [4, 15, 0, 0.07999999821186066],
            [4, 15, 15, 0.03999999910593033],
            [4, 15, 18, 0.03999999910593033],
            [4, 16, 1, 0.03999999910593033],
            [4, 16, 2, 0.03999999910593033],
            [4, 16, 6, 0.03999999910593033],
            [4, 16, 10, 0.03999999910593033],
            [4, 17, 10, 0.03999999910593033]
        ]
    }
}