{
    "train_f1": 0.0,
    "train_prob": 0.0,
    "train_cov": 0.0,
    "valid_f1": 0.0,
    "valid_prob": 0.0,
    "valid_cov": 0.0,
    "len": 85,
    "binary_grammar": {
        "num_nt": 5,
        "num_pt": 14,
        "num_rhs": 361,
        "rule_probs": [
            [0, 1, 2, 0.03333333507180214],
            [0, 1, 15, 0.03333333507180214],
            [0, 3, 17, 0.03333333507180214],
            [0, 4, 6, 0.03333333507180214],
            [0, 4, 8, 0.03333333507180214],
            [0, 4, 13, 0.03333333507180214],
            [0, 4, 14, 0.03333333507180214],
            [0, 5, 3, 0.03333333507180214],
            [0, 5, 4, 0.03333333507180214],
            [0, 5, 7, 0.03333333507180214],
            [0, 5, 8, 0.03333333507180214],
            [0, 5, 17, 0.03333333507180214],
            [0, 6, 5, 0.03333333507180214],
            [0, 8, 0, 0.03333333507180214],
            [0, 8, 8, 0.03333333507180214],
            [0, 8, 9, 0.03333333507180214],
            [0, 8, 11, 0.03333333507180214],
            [0, 10, 14, 0.06666667014360428],
            [0, 10, 17, 0.03333333507180214],
            [0, 14, 10, 0.03333333507180214],
            [0, 14, 15, 0.03333333507180214],
            [0, 16, 6, 0.03333333507180214],
            [0, 16, 9, 0.03333333507180214],
            [0, 17, 3, 0.03333333507180214],
            [0, 17, 7, 0.03333333507180214],
            [0, 17, 10, 0.06666667014360428],
            [0, 18, 8, 0.03333333507180214],
            [0, 18, 9, 0.03333333507180214],
            [1, 2, 6, 0.25],
            [1, 3, 2, 0.125],
            [1, 5, 6, 0.125],
            [1, 6, 18, 0.125],
            [1, 14, 17, 0.25],
            [1, 17, 6, 0.125],
            [2, 1, 11, 0.043478261679410934],
            [2, 3, 5, 0.043478261679410934],
            [2, 4, 3, 0.17391304671764374],
            [2, 6, 11, 0.043478261679410934],
            [2, 7, 5, 0.1304347813129425],
            [2, 7, 14, 0.043478261679410934],
            [2, 10, 7, 0.043478261679410934],
            [2, 10, 16, 0.043478261679410934],
            [2, 12, 13, 0.043478261679410934],
            [2, 13, 5, 0.043478261679410934],
            [2, 13, 11, 0.08695652335882187],
            [2, 14, 17, 0.043478261679410934],
            [2, 15, 14, 0.08695652335882187],
            [2, 16, 10, 0.043478261679410934],
            [2, 17, 6, 0.043478261679410934],
            [2, 17, 14, 0.043478261679410934],
            [3, 0, 8, 0.05882352963089943],
            [3, 0, 12, 0.05882352963089943],
            [3, 1, 4, 0.05882352963089943],
            [3, 1, 6, 0.05882352963089943],
            [3, 1, 7, 0.05882352963089943],
            [3, 3, 11, 0.05882352963089943],
            [3, 5, 15, 0.05882352963089943],
            [3, 7, 17, 0.11764705926179886],
            [3, 9, 14, 0.05882352963089943],
            [3, 11, 6, 0.05882352963089943],
            [3, 12, 5, 0.05882352963089943],
            [3, 12, 11, 0.05882352963089943],
            [3, 13, 5, 0.05882352963089943],
            [3, 14, 0, 0.05882352963089943],
            [3, 14, 11, 0.05882352963089943],
            [3, 14, 16, 0.05882352963089943],
            [4, 2, 7, 0.04545454680919647],
            [4, 2, 12, 0.04545454680919647],
            [4, 2, 17, 0.04545454680919647],
            [4, 3, 9, 0.04545454680919647],
            [4, 3, 18, 0.04545454680919647],
            [4, 6, 17, 0.04545454680919647],
            [4, 8, 6, 0.04545454680919647],
            [4, 9, 1, 0.13636364042758942],
            [4, 9, 7, 0.04545454680919647],
            [4, 9, 12, 0.04545454680919647],
            [4, 10, 7, 0.04545454680919647],
            [4, 11, 8, 0.04545454680919647],
            [4, 12, 4, 0.04545454680919647],
            [4, 14, 1, 0.04545454680919647],
            [4, 14, 8, 0.04545454680919647],
            [4, 14, 16, 0.09090909361839294],
            [4, 15, 0, 0.04545454680919647],
            [4, 16, 6, 0.04545454680919647],
            [4, 16, 10, 0.04545454680919647]
        ]
    }
}