{
    "train_f1": 0.0,
    "train_prob": 0.0,
    "train_cov": 0.0,
    "valid_f1": 0.0,
    "valid_prob": 0.0,
    "valid_cov": 0.0,
    "len": 91,
    "binary_grammar": {
        "num_nt": 5,
        "num_pt": 14,
        "num_rhs": 361,
        "rule_probs": [
            [0, 0, 8, 0.125],
            [0, 0, 13, 0.0416666679084301],
            [0, 1, 3, 0.0416666679084301],
            [0, 1, 12, 0.0416666679084301],
            [0, 4, 8, 0.0416666679084301],
            [0, 5, 15, 0.0416666679084301],
            [0, 7, 9, 0.0416666679084301],
            [0, 8, 8, 0.0416666679084301],
            [0, 9, 16, 0.0416666679084301],
            [0, 10, 16, 0.0416666679084301],
            [0, 11, 8, 0.0416666679084301],
            [0, 11, 18, 0.0416666679084301],
            [0, 13, 4, 0.0416666679084301],
            [0, 13, 13, 0.0416666679084301],
            [0, 14, 10, 0.0416666679084301],
            [0, 14, 11, 0.0416666679084301],
            [0, 14, 15, 0.0416666679084301],
            [0, 14, 17, 0.0416666679084301],
            [0, 15, 10, 0.0416666679084301],
            [0, 16, 12, 0.0416666679084301],
            [0, 16, 17, 0.0416666679084301],
            [0, 17, 17, 0.0416666679084301],
            [1, 3, 10, 0.125],
            [1, 6, 6, 0.0625],
            [1, 8, 16, 0.0625],
            [1, 10, 0, 0.125],
            [1, 10, 15, 0.0625],
            [1, 11, 2, 0.0625],
            [1, 11, 11, 0.0625],
            [1, 12, 3, 0.0625],
            [1, 12, 4, 0.0625],
            [1, 12, 16, 0.0625],
            [1, 13, 1, 0.0625],
            [1, 14, 17, 0.0625],
            [1, 17, 11, 0.0625],
            [1, 18, 12, 0.0625],
            [2, 2, 9, 0.043478261679410934],
            [2, 3, 12, 0.043478261679410934],
            [2, 3, 15, 0.043478261679410934],
            [2, 4, 1, 0.043478261679410934],
            [2, 4, 3, 0.1304347813129425],
            [2, 6, 11, 0.08695652335882187],
            [2, 6, 14, 0.043478261679410934],
            [2, 7, 5, 0.043478261679410934],
            [2, 8, 10, 0.043478261679410934],
            [2, 8, 14, 0.043478261679410934],
            [2, 9, 3, 0.043478261679410934],
            [2, 10, 7, 0.043478261679410934],
            [2, 10, 12, 0.043478261679410934],
            [2, 11, 10, 0.043478261679410934],
            [2, 12, 13, 0.08695652335882187],
            [2, 16, 3, 0.043478261679410934],
            [2, 16, 6, 0.043478261679410934],
            [2, 17, 14, 0.043478261679410934],
            [2, 18, 11, 0.043478261679410934],
            [3, 1, 6, 0.0714285746216774],
            [3, 1, 12, 0.0714285746216774],
            [3, 4, 0, 0.0714285746216774],
            [3, 4, 1, 0.0714285746216774],
            [3, 5, 14, 0.0714285746216774],
            [3, 7, 2, 0.0714285746216774],
            [3, 7, 10, 0.0714285746216774],
            [3, 7, 17, 0.0714285746216774],
            [3, 8, 15, 0.0714285746216774],
            [3, 10, 2, 0.0714285746216774],
            [3, 11, 10, 0.0714285746216774],
            [3, 14, 2, 0.0714285746216774],
            [3, 14, 7, 0.0714285746216774],
            [3, 14, 16, 0.0714285746216774],
            [4, 0, 12, 0.043478261679410934],
            [4, 1, 0, 0.043478261679410934],
            [4, 2, 15, 0.043478261679410934],
            [4, 3, 4, 0.043478261679410934],
            [4, 3, 17, 0.043478261679410934],
            [4, 4, 3, 0.043478261679410934],
            [4, 4, 17, 0.043478261679410934],
            [4, 6, 4, 0.043478261679410934],
            [4, 7, 11, 0.043478261679410934],
            [4, 9, 1, 0.08695652335882187],
            [4, 9, 3, 0.043478261679410934],
            [4, 9, 9, 0.043478261679410934],
            [4, 11, 4, 0.043478261679410934],
            [4, 11, 9, 0.043478261679410934],
            [4, 11, 12, 0.043478261679410934],
            [4, 11, 15, 0.043478261679410934],
            [4, 13, 9, 0.043478261679410934],
            [4, 13, 15, 0.043478261679410934],
            [4, 14, 1, 0.043478261679410934],
            [4, 14, 16, 0.043478261679410934],
            [4, 17, 4, 0.043478261679410934],
            [4, 18, 1, 0.043478261679410934]
        ]
    }
}