{
    "train_f1": 0.0,
    "train_prob": 0.0,
    "train_cov": 0.0,
    "valid_f1": 0.0,
    "valid_prob": 0.0,
    "valid_cov": 0.0,
    "len": 84,
    "binary_grammar": {
        "num_nt": 5,
        "num_pt": 14,
        "num_rhs": 361,
        "rule_probs": [
            [0, 2, 14, 0.0625],
            [0, 2, 15, 0.0625],
            [0, 3, 0, 0.0625],
            [0, 3, 4, 0.0625],
            [0, 4, 3, 0.0625],
            [0, 8, 11, 0.0625],
            [0, 9, 15, 0.0625],
            [0, 10, 11, 0.0625],
            [0, 11, 4, 0.0625],
            [0, 12, 4, 0.0625],
            [0, 14, 5, 0.0625],
            [0, 14, 15, 0.0625],
            [0, 15, 10, 0.0625],
            [0, 15, 15, 0.0625],
            [0, 16, 1, 0.0625],
            [0, 18, 14, 0.0625],
            [1, 0, 16, 0.03846153989434242],
            [1, 0, 17, 0.03846153989434242],
            [1, 2, 6, 0.07692307978868484],
            [1, 3, 18, 0.03846153989434242],
            [1, 6, 6, 0.07692307978868484],
            [1, 7, 8, 0.03846153989434242],
            [1, 8, 1, 0.03846153989434242],
            [1, 9, 17, 0.03846153989434242],
            [1, 10, 11, 0.03846153989434242],
            [1, 11, 12, 0.03846153989434242],
            [1, 12, 3, 0.03846153989434242],
            [1, 12, 15, 0.03846153989434242],
            [1, 13, 1, 0.03846153989434242],
            [1, 13, 3, 0.03846153989434242],
            [1, 14, 13, 0.03846153989434242],
            [1, 14, 14, 0.07692307978868484],
            [1, 14, 17, 0.11538461595773697],
            [1, 15, 12, 0.07692307978868484],
            [1, 16, 4, 0.03846153989434242],
            [1, 18, 16, 0.03846153989434242],
            [2, 0, 12, 0.0625],
            [2, 4, 3, 0.125],
            [2, 6, 7, 0.125],
            [2, 7, 5, 0.125],
            [2, 8, 16, 0.0625],
            [2, 9, 3, 0.125],
            [2, 11, 8, 0.125],
            [2, 11, 10, 0.0625],
            [2, 12, 2, 0.0625],
            [2, 13, 11, 0.0625],
            [2, 13, 18, 0.0625],
            [3, 1, 18, 0.0714285746216774],
            [3, 2, 1, 0.0714285746216774],
            [3, 4, 10, 0.0714285746216774],
            [3, 5, 2, 0.0714285746216774],
            [3, 7, 9, 0.0714285746216774],
            [3, 7, 10, 0.0714285746216774],
            [3, 9, 9, 0.0714285746216774],
            [3, 11, 14, 0.1428571492433548],
            [3, 11, 16, 0.0714285746216774],
            [3, 14, 5, 0.0714285746216774],
            [3, 15, 17, 0.0714285746216774],
            [3, 16, 9, 0.1428571492433548],
            [4, 0, 5, 0.0357142873108387],
            [4, 0, 11, 0.0357142873108387],
            [4, 3, 2, 0.0357142873108387],
            [4, 4, 17, 0.0357142873108387],
            [4, 7, 18, 0.0714285746216774],
            [4, 8, 3, 0.0357142873108387],
            [4, 8, 17, 0.0357142873108387],
            [4, 9, 1, 0.0357142873108387],
            [4, 9, 3, 0.0357142873108387],
            [4, 9, 6, 0.0357142873108387],
            [4, 9, 9, 0.0357142873108387],
            [4, 9, 12, 0.0357142873108387],
            [4, 9, 13, 0.0357142873108387],
            [4, 10, 8, 0.0357142873108387],
            [4, 11, 1, 0.0357142873108387],
            [4, 11, 6, 0.0357142873108387],
            [4, 11, 14, 0.0357142873108387],
            [4, 12, 10, 0.0357142873108387],
            [4, 12, 15, 0.0357142873108387],
            [4, 14, 3, 0.0714285746216774],
            [4, 14, 8, 0.0714285746216774],
            [4, 14, 14, 0.0357142873108387],
            [4, 15, 0, 0.0357142873108387],
            [4, 15, 9, 0.0357142873108387],
            [4, 18, 1, 0.0357142873108387]
        ]
    }
}