{
    "train_f1": 0.0,
    "train_prob": 0.0,
    "train_cov": 0.0,
    "valid_f1": 0.0,
    "valid_prob": 0.0,
    "valid_cov": 0.0,
    "len": 83,
    "binary_grammar": {
        "num_nt": 5,
        "num_pt": 14,
        "num_rhs": 361,
        "rule_probs": [
            [0, 0, 9, 0.04545454680919647],
            [0, 1, 3, 0.04545454680919647],
            [0, 3, 2, 0.04545454680919647],
            [0, 4, 1, 0.04545454680919647],
            [0, 4, 13, 0.04545454680919647],
            [0, 5, 3, 0.09090909361839294],
            [0, 6, 11, 0.04545454680919647],
            [0, 6, 15, 0.04545454680919647],
            [0, 8, 1, 0.04545454680919647],
            [0, 8, 8, 0.09090909361839294],
            [0, 9, 5, 0.04545454680919647],
            [0, 11, 2, 0.04545454680919647],
            [0, 14, 9, 0.04545454680919647],
            [0, 14, 11, 0.04545454680919647],
            [0, 14, 15, 0.13636364042758942],
            [0, 16, 5, 0.04545454680919647],
            [0, 16, 6, 0.04545454680919647],
            [0, 17, 11, 0.04545454680919647],
            [1, 0, 2, 0.0476190485060215],
            [1, 0, 10, 0.0476190485060215],
            [1, 3, 11, 0.0476190485060215],
            [1, 4, 15, 0.0476190485060215],
            [1, 6, 6, 0.0476190485060215],
            [1, 8, 8, 0.0476190485060215],
            [1, 8, 16, 0.0476190485060215],
            [1, 9, 12, 0.0476190485060215],
            [1, 10, 1, 0.0476190485060215],
            [1, 10, 8, 0.0476190485060215],
            [1, 10, 15, 0.0476190485060215],
            [1, 11, 6, 0.0476190485060215],
            [1, 12, 3, 0.1428571492433548],
            [1, 13, 5, 0.0476190485060215],
            [1, 14, 17, 0.095238097012043],
            [1, 15, 12, 0.0476190485060215],
            [1, 16, 5, 0.0476190485060215],
            [1, 18, 8, 0.0476190485060215],
            [2, 2, 1, 0.06666667014360428],
            [2, 2, 9, 0.06666667014360428],
            [2, 4, 3, 0.2666666805744171],
            [2, 9, 10, 0.20000000298023224],
            [2, 12, 5, 0.06666667014360428],
            [2, 12, 13, 0.06666667014360428],
            [2, 14, 1, 0.06666667014360428],
            [2, 14, 3, 0.06666667014360428],
            [2, 14, 17, 0.06666667014360428],
            [2, 16, 12, 0.06666667014360428],
            [3, 1, 4, 0.0625],
            [3, 1, 6, 0.0625],
            [3, 3, 3, 0.0625],
            [3, 4, 10, 0.0625],
            [3, 5, 11, 0.0625],
            [3, 6, 4, 0.0625],
            [3, 7, 10, 0.0625],
            [3, 9, 6, 0.0625],
            [3, 9, 15, 0.125],
            [3, 10, 18, 0.0625],
            [3, 11, 18, 0.0625],
            [3, 14, 0, 0.0625],
            [3, 14, 2, 0.0625],
            [3, 15, 4, 0.0625],
            [3, 16, 9, 0.0625],
            [4, 0, 14, 0.03846153989434242],
            [4, 1, 6, 0.03846153989434242],
            [4, 1, 12, 0.03846153989434242],
            [4, 5, 6, 0.03846153989434242],
            [4, 5, 9, 0.03846153989434242],
            [4, 5, 18, 0.03846153989434242],
            [4, 6, 9, 0.03846153989434242],
            [4, 7, 10, 0.03846153989434242],
            [4, 9, 1, 0.11538461595773697],
            [4, 9, 7, 0.03846153989434242],
            [4, 9, 10, 0.03846153989434242],
            [4, 9, 12, 0.03846153989434242],
            [4, 11, 2, 0.03846153989434242],
            [4, 12, 4, 0.03846153989434242],
            [4, 14, 1, 0.07692307978868484],
            [4, 14, 3, 0.07692307978868484],
            [4, 14, 4, 0.03846153989434242],
            [4, 15, 0, 0.03846153989434242],
            [4, 15, 13, 0.03846153989434242],
            [4, 15, 15, 0.03846153989434242],
            [4, 16, 0, 0.03846153989434242],
            [4, 16, 10, 0.03846153989434242]
        ]
    }
}