{
    "train_f1": 0.0,
    "train_prob": 0.0,
    "train_cov": 0.0,
    "valid_f1": 0.0,
    "valid_prob": 0.0,
    "valid_cov": 0.0,
    "len": 83,
    "binary_grammar": {
        "num_nt": 5,
        "num_pt": 14,
        "num_rhs": 361,
        "rule_probs": [
            [0, 0, 1, 0.05882352963089943],
            [0, 0, 8, 0.11764705926179886],
            [0, 1, 2, 0.11764705926179886],
            [0, 1, 6, 0.05882352963089943],
            [0, 4, 9, 0.05882352963089943],
            [0, 5, 8, 0.05882352963089943],
            [0, 6, 4, 0.05882352963089943],
            [0, 6, 7, 0.05882352963089943],
            [0, 8, 8, 0.1764705926179886],
            [0, 10, 14, 0.05882352963089943],
            [0, 12, 4, 0.05882352963089943],
            [0, 13, 0, 0.05882352963089943],
            [0, 17, 5, 0.05882352963089943],
            [1, 0, 14, 0.05000000074505806],
            [1, 2, 6, 0.05000000074505806],
            [1, 2, 10, 0.05000000074505806],
            [1, 2, 17, 0.05000000074505806],
            [1, 3, 3, 0.05000000074505806],
            [1, 4, 5, 0.05000000074505806],
            [1, 5, 6, 0.05000000074505806],
            [1, 6, 3, 0.05000000074505806],
            [1, 6, 6, 0.05000000074505806],
            [1, 9, 10, 0.05000000074505806],
            [1, 10, 14, 0.05000000074505806],
            [1, 12, 3, 0.05000000074505806],
            [1, 13, 4, 0.05000000074505806],
            [1, 14, 17, 0.15000000596046448],
            [1, 16, 5, 0.05000000074505806],
            [1, 17, 15, 0.05000000074505806],
            [1, 18, 7, 0.05000000074505806],
            [1, 18, 12, 0.05000000074505806],
            [2, 0, 10, 0.0555555559694767],
            [2, 1, 1, 0.0555555559694767],
            [2, 1, 7, 0.0555555559694767],
            [2, 4, 3, 0.2222222238779068],
            [2, 5, 5, 0.0555555559694767],
            [2, 5, 15, 0.0555555559694767],
            [2, 7, 5, 0.1111111119389534],
            [2, 8, 18, 0.0555555559694767],
            [2, 11, 6, 0.0555555559694767],
            [2, 11, 7, 0.0555555559694767],
            [2, 13, 11, 0.0555555559694767],
            [2, 14, 10, 0.0555555559694767],
            [2, 16, 3, 0.0555555559694767],
            [2, 18, 8, 0.0555555559694767],
            [3, 0, 8, 0.03999999910593033],
            [3, 1, 6, 0.03999999910593033],
            [3, 1, 9, 0.03999999910593033],
            [3, 1, 17, 0.03999999910593033],
            [3, 4, 7, 0.07999999821186066],
            [3, 4, 12, 0.03999999910593033],
            [3, 7, 10, 0.11999999731779099],
            [3, 7, 17, 0.03999999910593033],
            [3, 8, 18, 0.03999999910593033],
            [3, 9, 5, 0.03999999910593033],
            [3, 9, 9, 0.03999999910593033],
            [3, 9, 12, 0.03999999910593033],
            [3, 10, 14, 0.03999999910593033],
            [3, 11, 14, 0.03999999910593033],
            [3, 14, 2, 0.07999999821186066],
            [3, 14, 4, 0.03999999910593033],
            [3, 14, 11, 0.03999999910593033],
            [3, 16, 1, 0.03999999910593033],
            [3, 16, 7, 0.03999999910593033],
            [3, 16, 9, 0.03999999910593033],
            [3, 16, 18, 0.03999999910593033],
            [4, 2, 17, 0.05000000074505806],
            [4, 3, 2, 0.05000000074505806],
            [4, 5, 9, 0.05000000074505806],
            [4, 8, 6, 0.05000000074505806],
            [4, 9, 1, 0.15000000596046448],
            [4, 11, 12, 0.05000000074505806],
            [4, 11, 14, 0.05000000074505806],
            [4, 12, 10, 0.05000000074505806],
            [4, 12, 13, 0.05000000074505806],
            [4, 13, 5, 0.05000000074505806],
            [4, 13, 14, 0.05000000074505806],
            [4, 13, 18, 0.05000000074505806],
            [4, 14, 1, 0.10000000149011612],
            [4, 14, 3, 0.05000000074505806],
            [4, 14, 8, 0.05000000074505806],
            [4, 16, 6, 0.05000000074505806],
            [4, 16, 10, 0.05000000074505806]
        ]
    }
}