{
    "train_f1": 0.0,
    "train_prob": 0.0,
    "train_cov": 0.0,
    "valid_f1": 0.0,
    "valid_prob": 0.0,
    "valid_cov": 0.0,
    "len": 86,
    "binary_grammar": {
        "num_nt": 5,
        "num_pt": 14,
        "num_rhs": 361,
        "rule_probs": [
            [0, 1, 2, 0.06666667014360428],
            [0, 1, 7, 0.03333333507180214],
            [0, 1, 16, 0.03333333507180214],
            [0, 3, 0, 0.03333333507180214],
            [0, 3, 10, 0.03333333507180214],
            [0, 4, 1, 0.03333333507180214],
            [0, 4, 8, 0.03333333507180214],
            [0, 5, 4, 0.03333333507180214],
            [0, 5, 15, 0.03333333507180214],
            [0, 6, 4, 0.03333333507180214],
            [0, 7, 9, 0.03333333507180214],
            [0, 7, 10, 0.03333333507180214],
            [0, 7, 15, 0.03333333507180214],
            [0, 9, 0, 0.03333333507180214],
            [0, 9, 5, 0.03333333507180214],
            [0, 9, 10, 0.03333333507180214],
            [0, 10, 14, 0.03333333507180214],
            [0, 13, 1, 0.03333333507180214],
            [0, 14, 10, 0.03333333507180214],
            [0, 14, 15, 0.10000000149011612],
            [0, 14, 17, 0.03333333507180214],
            [0, 16, 4, 0.03333333507180214],
            [0, 16, 6, 0.06666667014360428],
            [0, 16, 13, 0.03333333507180214],
            [0, 17, 18, 0.03333333507180214],
            [0, 18, 15, 0.03333333507180214],
            [1, 0, 10, 0.0625],
            [1, 2, 6, 0.0625],
            [1, 3, 11, 0.0625],
            [1, 4, 0, 0.0625],
            [1, 5, 4, 0.0625],
            [1, 7, 12, 0.0625],
            [1, 8, 9, 0.0625],
            [1, 9, 4, 0.0625],
            [1, 10, 4, 0.0625],
            [1, 11, 15, 0.0625],
            [1, 14, 14, 0.125],
            [1, 14, 17, 0.0625],
            [1, 16, 4, 0.0625],
            [1, 16, 5, 0.0625],
            [1, 17, 6, 0.0625],
            [2, 1, 9, 0.0555555559694767],
            [2, 2, 10, 0.0555555559694767],
            [2, 3, 8, 0.0555555559694767],
            [2, 3, 10, 0.0555555559694767],
            [2, 4, 3, 0.0555555559694767],
            [2, 4, 5, 0.0555555559694767],
            [2, 7, 5, 0.1111111119389534],
            [2, 10, 7, 0.0555555559694767],
            [2, 11, 10, 0.0555555559694767],
            [2, 12, 12, 0.0555555559694767],
            [2, 13, 11, 0.0555555559694767],
            [2, 14, 6, 0.0555555559694767],
            [2, 14, 8, 0.0555555559694767],
            [2, 14, 13, 0.0555555559694767],
            [2, 15, 12, 0.0555555559694767],
            [2, 16, 3, 0.1111111119389534],
            [3, 0, 5, 0.07692307978868484],
            [3, 4, 18, 0.07692307978868484],
            [3, 7, 9, 0.07692307978868484],
            [3, 7, 10, 0.1538461595773697],
            [3, 8, 5, 0.07692307978868484],
            [3, 9, 15, 0.07692307978868484],
            [3, 10, 8, 0.07692307978868484],
            [3, 11, 14, 0.07692307978868484],
            [3, 13, 3, 0.07692307978868484],
            [3, 15, 2, 0.07692307978868484],
            [3, 16, 1, 0.07692307978868484],
            [3, 16, 9, 0.07692307978868484],
            [4, 1, 16, 0.043478261679410934],
            [4, 3, 3, 0.043478261679410934],
            [4, 3, 18, 0.043478261679410934],
            [4, 4, 4, 0.043478261679410934],
            [4, 5, 1, 0.043478261679410934],
            [4, 9, 1, 0.1304347813129425],
            [4, 9, 10, 0.043478261679410934],
            [4, 9, 12, 0.043478261679410934],
            [4, 10, 11, 0.08695652335882187],
            [4, 11, 4, 0.08695652335882187],
            [4, 12, 4, 0.08695652335882187],
            [4, 12, 5, 0.043478261679410934],
            [4, 13, 14, 0.043478261679410934],
            [4, 14, 14, 0.043478261679410934],
            [4, 15, 0, 0.043478261679410934],
            [4, 15, 17, 0.043478261679410934],
            [4, 18, 16, 0.08695652335882187]
        ]
    }
}