{
    "train_f1": 0.0,
    "train_prob": 0.0,
    "train_cov": 0.0,
    "valid_f1": 0.0,
    "valid_prob": 0.0,
    "valid_cov": 0.0,
    "len": 81,
    "binary_grammar": {
        "num_nt": 5,
        "num_pt": 14,
        "num_rhs": 361,
        "rule_probs": [
            [0, 3, 10, 0.05000000074505806],
            [0, 4, 7, 0.10000000149011612],
            [0, 4, 18, 0.10000000149011612],
            [0, 5, 3, 0.05000000074505806],
            [0, 5, 13, 0.05000000074505806],
            [0, 7, 15, 0.05000000074505806],
            [0, 10, 1, 0.05000000074505806],
            [0, 10, 14, 0.15000000596046448],
            [0, 11, 3, 0.05000000074505806],
            [0, 15, 1, 0.05000000074505806],
            [0, 15, 12, 0.05000000074505806],
            [0, 16, 6, 0.10000000149011612],
            [0, 16, 12, 0.05000000074505806],
            [0, 17, 10, 0.05000000074505806],
            [0, 17, 17, 0.05000000074505806],
            [1, 0, 4, 0.07692307978868484],
            [1, 0, 18, 0.07692307978868484],
            [1, 1, 0, 0.07692307978868484],
            [1, 2, 6, 0.07692307978868484],
            [1, 2, 17, 0.07692307978868484],
            [1, 3, 3, 0.07692307978868484],
            [1, 4, 11, 0.07692307978868484],
            [1, 8, 11, 0.07692307978868484],
            [1, 9, 4, 0.07692307978868484],
            [1, 11, 15, 0.07692307978868484],
            [1, 13, 0, 0.07692307978868484],
            [1, 13, 16, 0.07692307978868484],
            [1, 14, 8, 0.07692307978868484],
            [2, 0, 12, 0.03333333507180214],
            [2, 1, 3, 0.06666667014360428],
            [2, 1, 13, 0.03333333507180214],
            [2, 4, 3, 0.13333334028720856],
            [2, 5, 14, 0.03333333507180214],
            [2, 6, 4, 0.03333333507180214],
            [2, 6, 16, 0.06666667014360428],
            [2, 7, 6, 0.03333333507180214],
            [2, 8, 5, 0.03333333507180214],
            [2, 8, 6, 0.03333333507180214],
            [2, 9, 16, 0.03333333507180214],
            [2, 10, 7, 0.03333333507180214],
            [2, 11, 2, 0.03333333507180214],
            [2, 11, 6, 0.06666667014360428],
            [2, 12, 11, 0.03333333507180214],
            [2, 12, 13, 0.03333333507180214],
            [2, 12, 16, 0.06666667014360428],
            [2, 13, 8, 0.03333333507180214],
            [2, 14, 1, 0.03333333507180214],
            [2, 14, 14, 0.03333333507180214],
            [2, 14, 17, 0.03333333507180214],
            [2, 15, 6, 0.03333333507180214],
            [2, 16, 3, 0.03333333507180214],
            [3, 0, 8, 0.05263157933950424],
            [3, 0, 13, 0.05263157933950424],
            [3, 1, 6, 0.05263157933950424],
            [3, 1, 10, 0.05263157933950424],
            [3, 2, 1, 0.15789473056793213],
            [3, 3, 5, 0.05263157933950424],
            [3, 4, 11, 0.05263157933950424],
            [3, 5, 4, 0.05263157933950424],
            [3, 5, 5, 0.05263157933950424],
            [3, 7, 10, 0.15789473056793213],
            [3, 9, 5, 0.10526315867900848],
            [3, 10, 18, 0.05263157933950424],
            [3, 11, 2, 0.05263157933950424],
            [3, 12, 0, 0.05263157933950424],
            [4, 0, 6, 0.0555555559694767],
            [4, 3, 4, 0.0555555559694767],
            [4, 3, 18, 0.0555555559694767],
            [4, 4, 3, 0.0555555559694767],
            [4, 7, 14, 0.0555555559694767],
            [4, 8, 15, 0.0555555559694767],
            [4, 9, 1, 0.1111111119389534],
            [4, 9, 12, 0.0555555559694767],
            [4, 9, 16, 0.0555555559694767],
            [4, 10, 0, 0.0555555559694767],
            [4, 10, 9, 0.0555555559694767],
            [4, 11, 4, 0.0555555559694767],
            [4, 12, 7, 0.0555555559694767],
            [4, 14, 3, 0.1111111119389534],
            [4, 15, 18, 0.0555555559694767],
            [4, 16, 10, 0.0555555559694767]
        ]
    }
}