{
    "train_f1": 0.0,
    "train_prob": 0.0,
    "train_cov": 0.0,
    "valid_f1": 0.0,
    "valid_prob": 0.0,
    "valid_cov": 0.0,
    "len": 80,
    "binary_grammar": {
        "num_nt": 5,
        "num_pt": 14,
        "num_rhs": 361,
        "rule_probs": [
            [0, 1, 8, 0.06666667014360428],
            [0, 2, 7, 0.06666667014360428],
            [0, 3, 11, 0.06666667014360428],
            [0, 5, 15, 0.06666667014360428],
            [0, 6, 7, 0.06666667014360428],
            [0, 6, 16, 0.06666667014360428],
            [0, 10, 14, 0.06666667014360428],
            [0, 11, 5, 0.06666667014360428],
            [0, 12, 4, 0.06666667014360428],
            [0, 13, 13, 0.06666667014360428],
            [0, 14, 15, 0.06666667014360428],
            [0, 17, 3, 0.06666667014360428],
            [0, 17, 12, 0.06666667014360428],
            [0, 18, 1, 0.06666667014360428],
            [0, 18, 2, 0.06666667014360428],
            [1, 0, 17, 0.13333334028720856],
            [1, 3, 1, 0.06666667014360428],
            [1, 4, 2, 0.06666667014360428],
            [1, 5, 6, 0.06666667014360428],
            [1, 5, 16, 0.06666667014360428],
            [1, 6, 4, 0.06666667014360428],
            [1, 9, 12, 0.06666667014360428],
            [1, 9, 15, 0.06666667014360428],
            [1, 9, 18, 0.06666667014360428],
            [1, 13, 13, 0.06666667014360428],
            [1, 14, 14, 0.06666667014360428],
            [1, 14, 17, 0.13333334028720856],
            [1, 18, 12, 0.06666667014360428],
            [2, 1, 9, 0.0714285746216774],
            [2, 1, 12, 0.0357142873108387],
            [2, 1, 13, 0.0357142873108387],
            [2, 2, 10, 0.0357142873108387],
            [2, 3, 15, 0.0714285746216774],
            [2, 4, 3, 0.1428571492433548],
            [2, 6, 0, 0.0357142873108387],
            [2, 6, 1, 0.0357142873108387],
            [2, 6, 16, 0.0357142873108387],
            [2, 7, 2, 0.0357142873108387],
            [2, 8, 0, 0.0357142873108387],
            [2, 8, 18, 0.1071428582072258],
            [2, 9, 10, 0.0357142873108387],
            [2, 10, 7, 0.0357142873108387],
            [2, 11, 5, 0.0357142873108387],
            [2, 11, 8, 0.0357142873108387],
            [2, 13, 11, 0.0714285746216774],
            [2, 17, 12, 0.0357142873108387],
            [2, 17, 14, 0.0357142873108387],
            [2, 18, 8, 0.0357142873108387],
            [3, 1, 15, 0.0476190485060215],
            [3, 2, 13, 0.0476190485060215],
            [3, 4, 18, 0.0476190485060215],
            [3, 7, 10, 0.380952388048172],
            [3, 7, 17, 0.0476190485060215],
            [3, 8, 2, 0.0476190485060215],
            [3, 9, 5, 0.0476190485060215],
            [3, 10, 2, 0.0476190485060215],
            [3, 10, 4, 0.0476190485060215],
            [3, 12, 0, 0.0476190485060215],
            [3, 16, 1, 0.0476190485060215],
            [3, 16, 9, 0.0476190485060215],
            [3, 18, 15, 0.095238097012043],
            [4, 0, 4, 0.0476190485060215],
            [4, 0, 9, 0.0476190485060215],
            [4, 2, 6, 0.0476190485060215],
            [4, 2, 8, 0.0476190485060215],
            [4, 2, 11, 0.0476190485060215],
            [4, 3, 4, 0.0476190485060215],
            [4, 3, 6, 0.0476190485060215],
            [4, 4, 15, 0.0476190485060215],
            [4, 4, 17, 0.0476190485060215],
            [4, 5, 9, 0.0476190485060215],
            [4, 6, 6, 0.0476190485060215],
            [4, 8, 14, 0.0476190485060215],
            [4, 9, 1, 0.0476190485060215],
            [4, 10, 8, 0.0476190485060215],
            [4, 11, 4, 0.0476190485060215],
            [4, 14, 3, 0.095238097012043],
            [4, 16, 6, 0.0476190485060215],
            [4, 18, 0, 0.095238097012043],
            [4, 18, 4, 0.0476190485060215]
        ]
    }
}