{
    "train_f1": 0.625,
    "train_prob": 3.8255481719970703,
    "train_cov": 12.5,
    "valid_f1": 0.0,
    "valid_prob": 0.0,
    "valid_cov": 0.0,
    "len": 91,
    "binary_grammar": {
        "num_nt": 5,
        "num_pt": 14,
        "num_rhs": 361,
        "rule_probs": [
            [0, 1, 2, 0.095238097012043],
            [0, 3, 16, 0.0476190485060215],
            [0, 4, 8, 0.0476190485060215],
            [0, 8, 16, 0.095238097012043],
            [0, 9, 1, 0.0476190485060215],
            [0, 10, 17, 0.0476190485060215],
            [0, 11, 5, 0.0476190485060215],
            [0, 12, 0, 0.0476190485060215],
            [0, 13, 0, 0.0476190485060215],
            [0, 14, 10, 0.0476190485060215],
            [0, 15, 1, 0.0476190485060215],
            [0, 15, 10, 0.0476190485060215],
            [0, 15, 15, 0.0476190485060215],
            [0, 17, 2, 0.0476190485060215],
            [0, 17, 10, 0.0476190485060215],
            [0, 17, 12, 0.0476190485060215],
            [0, 17, 17, 0.095238097012043],
            [0, 17, 18, 0.0476190485060215],
            [1, 1, 3, 0.04545454680919647],
            [1, 1, 17, 0.04545454680919647],
            [1, 2, 3, 0.04545454680919647],
            [1, 2, 6, 0.04545454680919647],
            [1, 4, 0, 0.04545454680919647],
            [1, 7, 11, 0.04545454680919647],
            [1, 7, 16, 0.04545454680919647],
            [1, 8, 16, 0.04545454680919647],
            [1, 9, 10, 0.04545454680919647],
            [1, 10, 6, 0.04545454680919647],
            [1, 10, 11, 0.04545454680919647],
            [1, 12, 3, 0.04545454680919647],
            [1, 13, 17, 0.04545454680919647],
            [1, 14, 6, 0.04545454680919647],
            [1, 14, 7, 0.04545454680919647],
            [1, 14, 9, 0.04545454680919647],
            [1, 14, 17, 0.09090909361839294],
            [1, 15, 12, 0.04545454680919647],
            [1, 15, 18, 0.04545454680919647],
            [1, 16, 4, 0.04545454680919647],
            [1, 16, 18, 0.04545454680919647],
            [2, 1, 13, 0.05882352963089943],
            [2, 2, 4, 0.05882352963089943],
            [2, 3, 15, 0.05882352963089943],
            [2, 4, 3, 0.1764705926179886],
            [2, 7, 5, 0.05882352963089943],
            [2, 8, 10, 0.05882352963089943],
            [2, 9, 10, 0.05882352963089943],
            [2, 11, 6, 0.05882352963089943],
            [2, 11, 8, 0.05882352963089943],
            [2, 11, 10, 0.05882352963089943],
            [2, 12, 18, 0.05882352963089943],
            [2, 13, 11, 0.05882352963089943],
            [2, 14, 1, 0.05882352963089943],
            [2, 15, 5, 0.05882352963089943],
            [2, 16, 12, 0.05882352963089943],
            [3, 1, 6, 0.05000000074505806],
            [3, 1, 15, 0.05000000074505806],
            [3, 3, 5, 0.05000000074505806],
            [3, 5, 12, 0.05000000074505806],
            [3, 6, 0, 0.05000000074505806],
            [3, 6, 2, 0.05000000074505806],
            [3, 6, 14, 0.05000000074505806],
            [3, 7, 2, 0.05000000074505806],
            [3, 7, 10, 0.05000000074505806],
            [3, 7, 17, 0.05000000074505806],
            [3, 9, 5, 0.10000000149011612],
            [3, 10, 8, 0.05000000074505806],
            [3, 11, 2, 0.05000000074505806],
            [3, 13, 0, 0.05000000074505806],
            [3, 13, 16, 0.05000000074505806],
            [3, 14, 6, 0.05000000074505806],
            [3, 14, 14, 0.05000000074505806],
            [3, 18, 1, 0.05000000074505806],
            [3, 18, 13, 0.05000000074505806],
            [4, 0, 8, 0.05000000074505806],
            [4, 0, 13, 0.05000000074505806],
            [4, 2, 8, 0.05000000074505806],
            [4, 3, 17, 0.05000000074505806],
            [4, 4, 18, 0.05000000074505806],
            [4, 5, 9, 0.05000000074505806],
            [4, 7, 5, 0.05000000074505806],
            [4, 7, 8, 0.05000000074505806],
            [4, 9, 1, 0.10000000149011612],
            [4, 9, 8, 0.05000000074505806],
            [4, 9, 12, 0.05000000074505806],
            [4, 9, 14, 0.05000000074505806],
            [4, 10, 0, 0.05000000074505806],
            [4, 10, 9, 0.05000000074505806],
            [4, 11, 4, 0.05000000074505806],
            [4, 12, 4, 0.10000000149011612],
            [4, 13, 5, 0.05000000074505806],
            [4, 18, 7, 0.05000000074505806]
        ]
    }
}