{
    "train_f1": 0.0,
    "train_prob": 0.0,
    "train_cov": 0.0,
    "valid_f1": 0.0,
    "valid_prob": 0.0,
    "valid_cov": 0.0,
    "len": 97,
    "binary_grammar": {
        "num_nt": 5,
        "num_pt": 14,
        "num_rhs": 361,
        "rule_probs": [
            [0, 1, 14, 0.0555555559694767],
            [0, 3, 8, 0.0555555559694767],
            [0, 3, 11, 0.0555555559694767],
            [0, 3, 14, 0.0555555559694767],
            [0, 3, 15, 0.0555555559694767],
            [0, 4, 0, 0.0555555559694767],
            [0, 5, 7, 0.0555555559694767],
            [0, 6, 3, 0.0555555559694767],
            [0, 8, 1, 0.0555555559694767],
            [0, 10, 11, 0.0555555559694767],
            [0, 11, 0, 0.0555555559694767],
            [0, 11, 4, 0.0555555559694767],
            [0, 12, 5, 0.0555555559694767],
            [0, 15, 5, 0.0555555559694767],
            [0, 16, 9, 0.0555555559694767],
            [0, 16, 12, 0.0555555559694767],
            [0, 16, 17, 0.0555555559694767],
            [0, 17, 10, 0.0555555559694767],
            [1, 1, 5, 0.06666667014360428],
            [1, 1, 11, 0.06666667014360428],
            [1, 1, 16, 0.06666667014360428],
            [1, 4, 2, 0.06666667014360428],
            [1, 5, 12, 0.06666667014360428],
            [1, 6, 18, 0.06666667014360428],
            [1, 9, 7, 0.06666667014360428],
            [1, 10, 11, 0.06666667014360428],
            [1, 10, 16, 0.06666667014360428],
            [1, 12, 1, 0.06666667014360428],
            [1, 12, 3, 0.06666667014360428],
            [1, 14, 1, 0.06666667014360428],
            [1, 14, 3, 0.06666667014360428],
            [1, 16, 14, 0.06666667014360428],
            [1, 18, 1, 0.06666667014360428],
            [2, 1, 15, 0.0555555559694767],
            [2, 2, 3, 0.0555555559694767],
            [2, 3, 3, 0.0555555559694767],
            [2, 3, 14, 0.0555555559694767],
            [2, 3, 15, 0.0555555559694767],
            [2, 5, 8, 0.0555555559694767],
            [2, 7, 7, 0.0555555559694767],
            [2, 7, 11, 0.0555555559694767],
            [2, 8, 11, 0.0555555559694767],
            [2, 8, 14, 0.0555555559694767],
            [2, 9, 9, 0.0555555559694767],
            [2, 10, 7, 0.0555555559694767],
            [2, 11, 8, 0.0555555559694767],
            [2, 11, 18, 0.0555555559694767],
            [2, 12, 4, 0.0555555559694767],
            [2, 13, 1, 0.0555555559694767],
            [2, 13, 8, 0.0555555559694767],
            [2, 14, 3, 0.0555555559694767],
            [3, 0, 3, 0.03999999910593033],
            [3, 0, 11, 0.07999999821186066],
            [3, 1, 1, 0.03999999910593033],
            [3, 1, 2, 0.03999999910593033],
            [3, 2, 12, 0.03999999910593033],
            [3, 4, 12, 0.03999999910593033],
            [3, 4, 14, 0.03999999910593033],
            [3, 5, 15, 0.03999999910593033],
            [3, 7, 0, 0.03999999910593033],
            [3, 7, 14, 0.03999999910593033],
            [3, 9, 7, 0.03999999910593033],
            [3, 9, 13, 0.03999999910593033],
            [3, 10, 11, 0.03999999910593033],
            [3, 10, 12, 0.07999999821186066],
            [3, 11, 4, 0.03999999910593033],
            [3, 11, 17, 0.03999999910593033],
            [3, 12, 0, 0.03999999910593033],
            [3, 12, 14, 0.03999999910593033],
            [3, 14, 14, 0.03999999910593033],
            [3, 15, 2, 0.03999999910593033],
            [3, 16, 4, 0.03999999910593033],
            [3, 17, 7, 0.03999999910593033],
            [3, 17, 8, 0.03999999910593033],
            [4, 0, 5, 0.0416666679084301],
            [4, 0, 10, 0.0416666679084301],
            [4, 1, 2, 0.0416666679084301],
            [4, 2, 1, 0.0416666679084301],
            [4, 2, 5, 0.0416666679084301],
            [4, 3, 9, 0.0416666679084301],
            [4, 3, 14, 0.0416666679084301],
            [4, 5, 10, 0.0416666679084301],
            [4, 7, 4, 0.0416666679084301],
            [4, 8, 0, 0.0416666679084301],
            [4, 8, 7, 0.0416666679084301],
            [4, 8, 17, 0.0833333358168602],
            [4, 9, 8, 0.0416666679084301],
            [4, 9, 11, 0.0416666679084301],
            [4, 9, 13, 0.0416666679084301],
            [4, 13, 10, 0.0416666679084301],
            [4, 13, 18, 0.0416666679084301],
            [4, 14, 5, 0.0416666679084301],
            [4, 14, 10, 0.0416666679084301],
            [4, 15, 5, 0.0416666679084301],
            [4, 15, 7, 0.0416666679084301],
            [4, 17, 3, 0.0416666679084301],
            [4, 17, 5, 0.0416666679084301]
        ]
    }
}