{
    "train_f1": 0.8439921736717224,
    "train_prob": 0.7488095164299011,
    "train_cov": 0.9921875,
    "valid_f1": 0.8450875878334045,
    "valid_prob": 0.7490005493164062,
    "valid_cov": 0.9921875
}