{
    "train_f1": 0.8850094676017761,
    "train_prob": 0.7977463006973267,
    "train_cov": 1.0,
    "valid_f1": 0.8437424302101135,
    "valid_prob": 0.7899823784828186,
    "valid_cov": 1.0
}