{
    "train_f1": 0.841159999370575,
    "train_prob": 0.8046965003013611,
    "train_cov": 1.0,
    "valid_f1": 0.8325424790382385,
    "valid_prob": 0.8199320435523987,
    "valid_cov": 1.0
}