{
    "train_f1": 0.851829469203949,
    "train_prob": 0.7831907868385315,
    "train_cov": 1.0,
    "valid_f1": 0.8553320169448853,
    "valid_prob": 0.790216326713562,
    "valid_cov": 1.0
}