{
    "train_f1": 0.8819580674171448,
    "train_prob": 0.7623914480209351,
    "train_cov": 1.0,
    "valid_f1": 0.8336442708969116,
    "valid_prob": 0.7614976167678833,
    "valid_cov": 1.0
}