{
    "train_f1": 0.8819196224212646,
    "train_prob": 0.844106912612915,
    "train_cov": 0.9921875,
    "valid_f1": 0.8440187573432922,
    "valid_prob": 0.7975930571556091,
    "valid_cov": 0.9921875
}