{
    "train_f1": 0.8796955347061157,
    "train_prob": 0.8249489068984985,
    "train_cov": 1.0,
    "valid_f1": 0.8575473427772522,
    "valid_prob": 0.7976017594337463,
    "valid_cov": 1.0
}