{
    "train_f1": 0.8910574913024902,
    "train_prob": 0.8482963442802429,
    "train_cov": 1.0,
    "valid_f1": 0.8208550810813904,
    "valid_prob": 0.757902979850769,
    "valid_cov": 0.984375
}