{
    "train_f1": 0.829148530960083,
    "train_prob": 0.7517709136009216,
    "train_cov": 1.0,
    "valid_f1": 0.8373769521713257,
    "valid_prob": 0.7671440839767456,
    "valid_cov": 1.0
}