{
    "train_f1": 0.8635556101799011,
    "train_prob": 0.8449826240539551,
    "train_cov": 0.9921875,
    "valid_f1": 0.8348354697227478,
    "valid_prob": 0.7743898034095764,
    "valid_cov": 1.0
}