{
    "train_f1": 0.7688989639282227,
    "train_prob": 0.023407764732837677,
    "train_cov": 1.0,
    "valid_f1": 0.6648303866386414,
    "valid_prob": 0.028017984703183174,
    "valid_cov": 0.9921875
}