{
    "train_f1": 0.8472345471382141,
    "train_prob": 0.7527974247932434,
    "train_cov": 0.984375,
    "valid_f1": 0.8484017252922058,
    "valid_prob": 0.7761857509613037,
    "valid_cov": 1.0
}