{
    "train_f1": 0.8310893774032593,
    "train_prob": 0.7625676989555359,
    "train_cov": 0.9921875,
    "valid_f1": 0.8705432415008545,
    "valid_prob": 0.7826849222183228,
    "valid_cov": 0.9921875
}