{
    "train_f1": 0.8444907069206238,
    "train_prob": 0.797324538230896,
    "train_cov": 1.0,
    "valid_f1": 0.8450450301170349,
    "valid_prob": 0.7752416133880615,
    "valid_cov": 0.9921875
}