{
    "train_f1": 0.8597503900527954,
    "train_prob": 0.8124303817749023,
    "train_cov": 1.0,
    "valid_f1": 0.8351524472236633,
    "valid_prob": 0.7693281769752502,
    "valid_cov": 0.9921875
}