{
    "train_f1": 0.8386649489402771,
    "train_prob": 0.8036453127861023,
    "train_cov": 1.0,
    "valid_f1": 0.8791316747665405,
    "valid_prob": 0.8305522799491882,
    "valid_cov": 1.0
}