{
    "train_f1": 0.855237603187561,
    "train_prob": 0.823490560054779,
    "train_cov": 0.984375,
    "valid_f1": 0.8467284440994263,
    "valid_prob": 0.7811743021011353,
    "valid_cov": 1.0
}