{
    "train_f1": 0.871167004108429,
    "train_prob": 0.8307961225509644,
    "train_cov": 1.0,
    "valid_f1": 0.8437705636024475,
    "valid_prob": 0.7906325459480286,
    "valid_cov": 0.9921875
}