{
    "train_f1": 0.8264504075050354,
    "train_prob": 0.7605871558189392,
    "train_cov": 0.9921875,
    "valid_f1": 0.824883222579956,
    "valid_prob": 0.7906702756881714,
    "valid_cov": 1.0
}