{
    "train_f1": 0.8412026762962341,
    "train_prob": 0.8093175292015076,
    "train_cov": 1.0,
    "valid_f1": 0.8751219511032104,
    "valid_prob": 0.7228060364723206,
    "valid_cov": 0.9921875
}