{
    "train_f1": 0.8696867227554321,
    "train_prob": 0.7857125401496887,
    "train_cov": 0.984375,
    "valid_f1": 0.8345513343811035,
    "valid_prob": 0.7421815991401672,
    "valid_cov": 1.0
}