{
    "train_f1": 0.7438244819641113,
    "train_prob": 0.030355390161275864,
    "train_cov": 1.0,
    "valid_f1": 0.7414151430130005,
    "valid_prob": 0.025338459759950638,
    "valid_cov": 1.0
}