{
    "train_f1": 0.8691568970680237,
    "train_prob": 0.8553927540779114,
    "train_cov": 1.0,
    "valid_f1": 0.8238098621368408,
    "valid_prob": 0.7956965565681458,
    "valid_cov": 1.0
}