{
    "train_f1": 0.8493852615356445,
    "train_prob": 0.8282598257064819,
    "train_cov": 1.0,
    "valid_f1": 0.8312740325927734,
    "valid_prob": 0.8107303380966187,
    "valid_cov": 1.0
}