{
    "train_f1": 0.854300856590271,
    "train_prob": 0.8441793322563171,
    "train_cov": 0.9765625,
    "valid_f1": 0.8506818413734436,
    "valid_prob": 0.7842977046966553,
    "valid_cov": 0.9921875
}