{
    "train_f1": 0.8304888010025024,
    "train_prob": 0.7846441268920898,
    "train_cov": 1.0,
    "valid_f1": 0.8243927955627441,
    "valid_prob": 0.7334032654762268,
    "valid_cov": 1.0
}