{
    "train_f1": 0.868168830871582,
    "train_prob": 0.8086038827896118,
    "train_cov": 1.0,
    "valid_f1": 0.8610640168190002,
    "valid_prob": 0.8329604864120483,
    "valid_cov": 0.9921875
}