{
    "train_f1": 0.8633955717086792,
    "train_prob": 0.851154088973999,
    "train_cov": 0.9921875,
    "valid_f1": 0.838552713394165,
    "valid_prob": 0.8615426421165466,
    "valid_cov": 0.9921875
}