{
    "train_f1": 0.9488996863365173,
    "train_prob": 0.7600668668746948,
    "train_cov": 1.0,
    "valid_f1": 0.9358813762664795,
    "valid_prob": 0.6947993040084839,
    "valid_cov": 0.9921875
}