{
    "train_f1": 0.9517675638198853,
    "train_prob": 0.7574701309204102,
    "train_cov": 1.0,
    "valid_f1": 0.9619255065917969,
    "valid_prob": 0.7202765345573425,
    "valid_cov": 1.0
}