{
    "train_f1": 0.9400103092193604,
    "train_prob": 0.7399301528930664,
    "train_cov": 0.984375,
    "valid_f1": 0.958502471446991,
    "valid_prob": 0.7576013803482056,
    "valid_cov": 0.9921875
}