{
    "train_f1": 0.9450987577438354,
    "train_prob": 0.6757898926734924,
    "train_cov": 1.0,
    "valid_f1": 0.9353869557380676,
    "valid_prob": 0.6951587796211243,
    "valid_cov": 0.984375
}