{
    "train_f1": 0.7000681161880493,
    "train_prob": 0.05501455068588257,
    "train_cov": 0.984375,
    "valid_f1": 0.7415453195571899,
    "valid_prob": 0.055179283022880554,
    "valid_cov": 1.0
}