{
    "train_f1": 0.9488170742988586,
    "train_prob": 0.6973015666007996,
    "train_cov": 1.0,
    "valid_f1": 0.9519907236099243,
    "valid_prob": 0.7400354743003845,
    "valid_cov": 0.9921875
}