{
    "train_f1": 0.9455678462982178,
    "train_prob": 0.745625913143158,
    "train_cov": 0.984375,
    "valid_f1": 0.9718642234802246,
    "valid_prob": 0.7709319591522217,
    "valid_cov": 1.0
}