{
    "train_f1": 0.9263520836830139,
    "train_prob": 0.7807458639144897,
    "train_cov": 0.96875,
    "valid_f1": 0.9183919429779053,
    "valid_prob": 0.8447556495666504,
    "valid_cov": 0.953125
}