{
    "train_f1": 0.9479123950004578,
    "train_prob": 0.762004017829895,
    "train_cov": 0.984375,
    "valid_f1": 0.9509716033935547,
    "valid_prob": 0.7878279089927673,
    "valid_cov": 0.984375
}