{
    "train_f1": 0.9497489929199219,
    "train_prob": 0.7654906511306763,
    "train_cov": 0.9765625,
    "valid_f1": 0.9484227895736694,
    "valid_prob": 0.8042612075805664,
    "valid_cov": 0.96875
}