{
    "train_f1": 0.9393641948699951,
    "train_prob": 0.7282103300094604,
    "train_cov": 0.9921875,
    "valid_f1": 0.9358150959014893,
    "valid_prob": 0.7568432092666626,
    "valid_cov": 0.984375
}