{
    "train_f1": 0.928102433681488,
    "train_prob": 0.7683753371238708,
    "train_cov": 0.9765625,
    "valid_f1": 0.9699554443359375,
    "valid_prob": 0.7845965027809143,
    "valid_cov": 1.0
}