{
    "train_f1": 0.963600754737854,
    "train_prob": 0.7724919319152832,
    "train_cov": 1.0,
    "valid_f1": 0.9426928758621216,
    "valid_prob": 0.7677626609802246,
    "valid_cov": 0.9921875
}