{
    "train_f1": 0.9620882868766785,
    "train_prob": 0.75754314661026,
    "train_cov": 1.0,
    "valid_f1": 0.9270333051681519,
    "valid_prob": 0.8006601333618164,
    "valid_cov": 0.9765625
}