{
    "train_f1": 0.9437789916992188,
    "train_prob": 0.7759936451911926,
    "train_cov": 0.9921875,
    "valid_f1": 0.9489518404006958,
    "valid_prob": 0.8165569305419922,
    "valid_cov": 0.984375
}