{
    "train_f1": 0.7140015363693237,
    "train_prob": 0.040801163762807846,
    "train_cov": 0.9921875,
    "valid_f1": 0.7359777092933655,
    "valid_prob": 0.03234042972326279,
    "valid_cov": 1.0
}