{
    "train_f1": 0.9355469942092896,
    "train_prob": 0.7958700060844421,
    "train_cov": 0.984375,
    "valid_f1": 0.943695604801178,
    "valid_prob": 0.8397797346115112,
    "valid_cov": 0.9765625
}