{
    "train_f1": 0.9445819854736328,
    "train_prob": 0.7731335163116455,
    "train_cov": 0.984375,
    "valid_f1": 0.9531800746917725,
    "valid_prob": 0.8047020435333252,
    "valid_cov": 0.984375
}