{
    "train_f1": 0.962618350982666,
    "train_prob": 0.7840933799743652,
    "train_cov": 0.9921875,
    "valid_f1": 0.9470712542533875,
    "valid_prob": 0.7991961240768433,
    "valid_cov": 0.984375
}