{
    "train_f1": 0.958642303943634,
    "train_prob": 0.8167513608932495,
    "train_cov": 1.0,
    "valid_f1": 0.9641026258468628,
    "valid_prob": 0.8037183284759521,
    "valid_cov": 0.9921875
}