{
    "train_f1": 0.9491395950317383,
    "train_prob": 0.816706120967865,
    "train_cov": 0.984375,
    "valid_f1": 0.9681745767593384,
    "valid_prob": 0.7639909982681274,
    "valid_cov": 1.0
}