{
    "train_f1": 0.9407858848571777,
    "train_prob": 0.825920581817627,
    "train_cov": 0.96875,
    "valid_f1": 0.9544969797134399,
    "valid_prob": 0.8015989065170288,
    "valid_cov": 0.9921875
}