{
    "train_f1": 0.9591006636619568,
    "train_prob": 0.7938764095306396,
    "train_cov": 1.0,
    "valid_f1": 0.9526780247688293,
    "valid_prob": 0.7935305833816528,
    "valid_cov": 1.0
}