{
    "train_f1": 0.952279806137085,
    "train_prob": 0.8077569603919983,
    "train_cov": 1.0,
    "valid_f1": 0.9470495581626892,
    "valid_prob": 0.8200085759162903,
    "valid_cov": 0.9765625
}