{
    "train_f1": 0.9552057385444641,
    "train_prob": 0.7586410641670227,
    "train_cov": 1.0,
    "valid_f1": 0.9385368824005127,
    "valid_prob": 0.797429621219635,
    "valid_cov": 0.9921875
}