{
    "train_f1": 0.9424858093261719,
    "train_prob": 0.7807541489601135,
    "train_cov": 0.984375,
    "valid_f1": 0.9340640306472778,
    "valid_prob": 0.8318502902984619,
    "valid_cov": 0.96875
}