{
    "train_f1": 0.7248023748397827,
    "train_prob": 0.0659683346748352,
    "train_cov": 1.0,
    "valid_f1": 0.7173564434051514,
    "valid_prob": 0.0809100940823555,
    "valid_cov": 0.984375
}