{
    "train_f1": 0.9756412506103516,
    "train_prob": 0.7852482199668884,
    "train_cov": 1.0,
    "valid_f1": 0.9465635418891907,
    "valid_prob": 0.8020875453948975,
    "valid_cov": 0.9765625
}