{
    "train_f1": 0.9528857469558716,
    "train_prob": 0.7547847628593445,
    "train_cov": 1.0,
    "valid_f1": 0.9721421003341675,
    "valid_prob": 0.8003240823745728,
    "valid_cov": 0.9921875
}