{
    "train_f1": 0.9346968531608582,
    "train_prob": 0.8073859810829163,
    "train_cov": 0.9765625,
    "valid_f1": 0.9570778608322144,
    "valid_prob": 0.8253356218338013,
    "valid_cov": 0.9921875
}