{
    "train_f1": 0.9375106692314148,
    "train_prob": 0.8084869384765625,
    "train_cov": 0.96875,
    "valid_f1": 0.9605187177658081,
    "valid_prob": 0.7952226996421814,
    "valid_cov": 0.9921875
}