{
    "train_f1": 0.9469086527824402,
    "train_prob": 0.8268334865570068,
    "train_cov": 0.9765625,
    "valid_f1": 0.9314162135124207,
    "valid_prob": 0.7523630857467651,
    "valid_cov": 0.9765625
}