{
    "train_f1": 0.9614525437355042,
    "train_prob": 0.7975334525108337,
    "train_cov": 0.9921875,
    "valid_f1": 0.9527215361595154,
    "valid_prob": 0.8357242345809937,
    "valid_cov": 0.9921875
}