{
    "train_f1": 0.9527769088745117,
    "train_prob": 0.8291494846343994,
    "train_cov": 0.9921875,
    "valid_f1": 0.9645483493804932,
    "valid_prob": 0.8807201385498047,
    "valid_cov": 1.0
}