{
    "train_f1": 0.9551517367362976,
    "train_prob": 0.8605278134346008,
    "train_cov": 0.984375,
    "valid_f1": 0.9602131843566895,
    "valid_prob": 0.8738300204277039,
    "valid_cov": 0.9921875
}