{
    "train_f1": 0.9518038630485535,
    "train_prob": 0.8546512126922607,
    "train_cov": 0.984375,
    "valid_f1": 0.9423906803131104,
    "valid_prob": 0.893890917301178,
    "valid_cov": 0.96875
}