{
    "train_f1": 0.9654009938240051,
    "train_prob": 0.8871574997901917,
    "train_cov": 1.0,
    "valid_f1": 0.9603519439697266,
    "valid_prob": 0.8581975102424622,
    "valid_cov": 1.0
}