{
    "train_f1": 0.7399348616600037,
    "train_prob": 0.12264622747898102,
    "train_cov": 0.9921875,
    "valid_f1": 0.7663315534591675,
    "valid_prob": 0.1028413400053978,
    "valid_cov": 0.984375
}