{
    "train_f1": 0.9592333436012268,
    "train_prob": 0.8671725988388062,
    "train_cov": 0.984375,
    "valid_f1": 0.9382749795913696,
    "valid_prob": 0.8161671757698059,
    "valid_cov": 0.9765625
}