{
    "train_f1": 0.9427069425582886,
    "train_prob": 0.8073097467422485,
    "train_cov": 0.9765625,
    "valid_f1": 0.9348989129066467,
    "valid_prob": 0.8265508413314819,
    "valid_cov": 0.9765625
}