{
    "train_f1": 0.9620772004127502,
    "train_prob": 0.8609293699264526,
    "train_cov": 0.984375,
    "valid_f1": 0.9656494855880737,
    "valid_prob": 0.8524870276451111,
    "valid_cov": 1.0
}