{
    "train_f1": 0.9668893814086914,
    "train_prob": 0.858482301235199,
    "train_cov": 0.9921875,
    "valid_f1": 0.9370654821395874,
    "valid_prob": 0.8535788059234619,
    "valid_cov": 0.96875
}