{
    "train_f1": 0.9718192219734192,
    "train_prob": 0.8866437077522278,
    "train_cov": 0.9921875,
    "valid_f1": 0.9476447105407715,
    "valid_prob": 0.856268584728241,
    "valid_cov": 0.984375
}