{
    "train_f1": 0.9679994583129883,
    "train_prob": 0.8159565925598145,
    "train_cov": 1.0,
    "valid_f1": 0.959210216999054,
    "valid_prob": 0.8723104596138,
    "valid_cov": 0.984375
}