{
    "train_f1": 0.9603445529937744,
    "train_prob": 0.808545708656311,
    "train_cov": 0.9921875,
    "valid_f1": 0.9540789723396301,
    "valid_prob": 0.8492149710655212,
    "valid_cov": 0.9921875
}