{
    "train_f1": 0.952736496925354,
    "train_prob": 0.8530626893043518,
    "train_cov": 0.9765625,
    "valid_f1": 0.9816436767578125,
    "valid_prob": 0.8768157958984375,
    "valid_cov": 1.0
}