{
    "train_f1": 0.9618721604347229,
    "train_prob": 0.8150861263275146,
    "train_cov": 1.0,
    "valid_f1": 0.9468744993209839,
    "valid_prob": 0.8223985433578491,
    "valid_cov": 0.984375
}