{
    "train_f1": 0.9658942222595215,
    "train_prob": 0.8675658106803894,
    "train_cov": 0.9921875,
    "valid_f1": 0.9616951942443848,
    "valid_prob": 0.8447815775871277,
    "valid_cov": 0.9921875
}