{
    "train_f1": 0.7979786396026611,
    "train_prob": 0.09379478543996811,
    "train_cov": 1.0,
    "valid_f1": 0.785408079624176,
    "valid_prob": 0.11935652047395706,
    "valid_cov": 1.0
}