{
    "train_f1": 0.9639084935188293,
    "train_prob": 0.8687325716018677,
    "train_cov": 0.9921875,
    "valid_f1": 0.9679263830184937,
    "valid_prob": 0.8824827075004578,
    "valid_cov": 0.984375
}