{
    "train_f1": 0.9549200534820557,
    "train_prob": 0.838554322719574,
    "train_cov": 0.9921875,
    "valid_f1": 0.9579864740371704,
    "valid_prob": 0.8593412041664124,
    "valid_cov": 0.984375
}