{
    "train_f1": 0.9607597589492798,
    "train_prob": 0.8294417262077332,
    "train_cov": 1.0,
    "valid_f1": 0.9547817707061768,
    "valid_prob": 0.8248172998428345,
    "valid_cov": 0.9921875
}