{
    "train_f1": 0.9639678001403809,
    "train_prob": 0.8622568845748901,
    "train_cov": 0.9921875,
    "valid_f1": 0.9599374532699585,
    "valid_prob": 0.8573129773139954,
    "valid_cov": 0.984375
}