{
    "train_f1": 0.9566409587860107,
    "train_prob": 0.893663763999939,
    "train_cov": 0.984375,
    "valid_f1": 0.9681149125099182,
    "valid_prob": 0.8644115328788757,
    "valid_cov": 0.9921875
}