{
    "train_f1": 0.9426971673965454,
    "train_prob": 0.8653500080108643,
    "train_cov": 0.9765625,
    "valid_f1": 0.9572568535804749,
    "valid_prob": 0.8628393411636353,
    "valid_cov": 0.9921875
}