{
    "train_f1": 0.9568434953689575,
    "train_prob": 0.8097238540649414,
    "train_cov": 0.9921875,
    "valid_f1": 0.9486484527587891,
    "valid_prob": 0.833281397819519,
    "valid_cov": 0.9921875
}