{
    "train_f1": 0.9544389843940735,
    "train_prob": 0.7857797145843506,
    "train_cov": 1.0,
    "valid_f1": 0.9291048645973206,
    "valid_prob": 0.8053349852561951,
    "valid_cov": 0.9765625
}