{
    "train_f1": 0.9677258133888245,
    "train_prob": 0.8469750881195068,
    "train_cov": 1.0,
    "valid_f1": 0.9491057395935059,
    "valid_prob": 0.837425947189331,
    "valid_cov": 0.9765625
}