{
    "train_f1": 0.9736129641532898,
    "train_prob": 0.8911205530166626,
    "train_cov": 0.9921875,
    "valid_f1": 0.9502725005149841,
    "valid_prob": 0.8487719297409058,
    "valid_cov": 0.9765625
}