{
    "train_f1": 0.753777801990509,
    "train_prob": 0.12226955592632294,
    "train_cov": 0.9921875,
    "valid_f1": 0.7274501323699951,
    "valid_prob": 0.1332504153251648,
    "valid_cov": 1.0
}