{
    "train_f1": 0.9455946087837219,
    "train_prob": 0.8244879245758057,
    "train_cov": 0.9921875,
    "valid_f1": 0.9567168951034546,
    "valid_prob": 0.8756183385848999,
    "valid_cov": 0.984375
}