{
    "train_f1": 0.9617194533348083,
    "train_prob": 0.854234516620636,
    "train_cov": 0.9921875,
    "valid_f1": 0.9236293435096741,
    "valid_prob": 0.8540477156639099,
    "valid_cov": 0.953125
}