{
    "train_f1": 0.9706653952598572,
    "train_prob": 0.8904438018798828,
    "train_cov": 0.9921875,
    "valid_f1": 0.9694281816482544,
    "valid_prob": 0.8643861413002014,
    "valid_cov": 0.9921875
}