{
    "train_f1": 0.9710540175437927,
    "train_prob": 0.8591125011444092,
    "train_cov": 1.0,
    "valid_f1": 0.9635557532310486,
    "valid_prob": 0.9064415693283081,
    "valid_cov": 0.984375
}