{
    "train_f1": 0.9771270751953125,
    "train_prob": 0.9048075079917908,
    "train_cov": 1.0,
    "valid_f1": 0.9696126580238342,
    "valid_prob": 0.8782312273979187,
    "valid_cov": 0.9921875
}