{
    "train_f1": 0.9531816244125366,
    "train_prob": 0.8611660003662109,
    "train_cov": 1.0,
    "valid_f1": 0.9359320998191833,
    "valid_prob": 0.8900547623634338,
    "valid_cov": 0.9609375
}