{
    "train_f1": 0.9759212136268616,
    "train_prob": 0.9036493897438049,
    "train_cov": 1.0,
    "valid_f1": 0.9498932361602783,
    "valid_prob": 0.8781743049621582,
    "valid_cov": 0.984375
}