{
    "train_f1": 0.9595720767974854,
    "train_prob": 0.9231290817260742,
    "train_cov": 0.9765625,
    "valid_f1": 0.9585638046264648,
    "valid_prob": 0.8829523921012878,
    "valid_cov": 0.9921875
}