{
    "train_f1": 0.9579049348831177,
    "train_prob": 0.8960443139076233,
    "train_cov": 0.984375,
    "valid_f1": 0.9568132162094116,
    "valid_prob": 0.8841579556465149,
    "valid_cov": 0.9921875
}