{
    "train_f1": 0.9895381927490234,
    "train_prob": 0.9115816354751587,
    "train_cov": 1.0,
    "valid_f1": 0.9534019231796265,
    "valid_prob": 0.9216138124465942,
    "valid_cov": 0.9765625
}