{
    "train_f1": 0.7957863807678223,
    "train_prob": 0.20041464269161224,
    "train_cov": 1.0,
    "valid_f1": 0.74344801902771,
    "valid_prob": 0.11593294888734818,
    "valid_cov": 1.0
}