{
    "train_f1": 0.9617458581924438,
    "train_prob": 0.8605111837387085,
    "train_cov": 1.0,
    "valid_f1": 0.9690365195274353,
    "valid_prob": 0.851940929889679,
    "valid_cov": 1.0
}