{
    "train_f1": 0.9518699645996094,
    "train_prob": 0.8757690787315369,
    "train_cov": 0.984375,
    "valid_f1": 0.9896975755691528,
    "valid_prob": 0.9015099406242371,
    "valid_cov": 1.0
}