{
    "train_f1": 0.9684551954269409,
    "train_prob": 0.8735406994819641,
    "train_cov": 0.9921875,
    "valid_f1": 0.9618479013442993,
    "valid_prob": 0.8813551664352417,
    "valid_cov": 0.984375
}