{
    "train_f1": 0.9638257622718811,
    "train_prob": 0.8233529925346375,
    "train_cov": 0.9921875,
    "valid_f1": 0.9798881411552429,
    "valid_prob": 0.8697481155395508,
    "valid_cov": 1.0
}