{
    "train_f1": 0.9555211067199707,
    "train_prob": 0.8594875931739807,
    "train_cov": 0.9765625,
    "valid_f1": 0.9656039476394653,
    "valid_prob": 0.8296898007392883,
    "valid_cov": 1.0
}