{
    "train_f1": 0.977185070514679,
    "train_prob": 0.7799840569496155,
    "train_cov": 1.0,
    "valid_f1": 0.9865630865097046,
    "valid_prob": 0.8337095379829407,
    "valid_cov": 1.0
}