{
    "train_f1": 0.9676224589347839,
    "train_prob": 0.8417853713035583,
    "train_cov": 1.0,
    "valid_f1": 0.9578659534454346,
    "valid_prob": 0.8388946056365967,
    "valid_cov": 0.9765625
}