{
    "train_f1": 0.9703407287597656,
    "train_prob": 0.8359590172767639,
    "train_cov": 0.9921875,
    "valid_f1": 0.9507639408111572,
    "valid_prob": 0.8768852949142456,
    "valid_cov": 0.96875
}