{
    "train_f1": 0.9580103158950806,
    "train_prob": 0.802249550819397,
    "train_cov": 0.9921875,
    "valid_f1": 0.9606691598892212,
    "valid_prob": 0.8465855717658997,
    "valid_cov": 0.984375
}