{
    "train_f1": 0.9814553260803223,
    "train_prob": 0.8504957556724548,
    "train_cov": 1.0,
    "valid_f1": 0.9792729616165161,
    "valid_prob": 0.8476159572601318,
    "valid_cov": 0.9921875
}