{
    "train_f1": 0.7777374982833862,
    "train_prob": 0.23474329710006714,
    "train_cov": 0.9921875,
    "valid_f1": 0.7601657509803772,
    "valid_prob": 0.2255721390247345,
    "valid_cov": 0.9921875
}