{
    "train_f1": 0.5563845038414001,
    "train_prob": 0.009974000044167042,
    "train_cov": 1.0,
    "valid_f1": 0.6111757755279541,
    "valid_prob": 0.006793024018406868,
    "valid_cov": 1.0
}