{
    "train_f1": 0.9497369527816772,
    "train_prob": 0.7906672358512878,
    "train_cov": 0.984375,
    "valid_f1": 0.9805055260658264,
    "valid_prob": 0.8939690589904785,
    "valid_cov": 0.9921875
}