{
    "train_f1": 0.9844843745231628,
    "train_prob": 0.8836102485656738,
    "train_cov": 1.0,
    "valid_f1": 0.9622997641563416,
    "valid_prob": 0.8372348546981812,
    "valid_cov": 0.984375
}