{
    "train_f1": 0.9682696461677551,
    "train_prob": 0.8719419240951538,
    "train_cov": 0.984375,
    "valid_f1": 0.9679923057556152,
    "valid_prob": 0.8583245873451233,
    "valid_cov": 0.9765625
}