{
    "train_f1": 0.9739334583282471,
    "train_prob": 0.8342740535736084,
    "train_cov": 0.9921875,
    "valid_f1": 0.974778413772583,
    "valid_prob": 0.8350517153739929,
    "valid_cov": 0.9921875
}