{
    "train_f1": 0.9590944647789001,
    "train_prob": 0.8442374467849731,
    "train_cov": 0.9765625,
    "valid_f1": 0.9598010778427124,
    "valid_prob": 0.848778486251831,
    "valid_cov": 0.984375
}