{
    "train_f1": 0.976383626461029,
    "train_prob": 0.8574551939964294,
    "train_cov": 1.0,
    "valid_f1": 0.9676518440246582,
    "valid_prob": 0.8469428420066833,
    "valid_cov": 0.9921875
}