{
    "train_f1": 0.953983724117279,
    "train_prob": 0.8272154331207275,
    "train_cov": 0.9765625,
    "valid_f1": 0.9604625105857849,
    "valid_prob": 0.8311962485313416,
    "valid_cov": 0.984375
}