{
    "train_f1": 0.9621865749359131,
    "train_prob": 0.8405404686927795,
    "train_cov": 0.984375,
    "valid_f1": 0.9716081619262695,
    "valid_prob": 0.849395215511322,
    "valid_cov": 0.9921875
}