{
    "train_f1": 0.9732726812362671,
    "train_prob": 0.8061504364013672,
    "train_cov": 0.9921875,
    "valid_f1": 0.97359299659729,
    "valid_prob": 0.8229454755783081,
    "valid_cov": 1.0
}