{
    "train_f1": 0.9544028639793396,
    "train_prob": 0.7845353484153748,
    "train_cov": 0.9765625,
    "valid_f1": 0.9509327411651611,
    "valid_prob": 0.7347903251647949,
    "valid_cov": 0.984375
}