{
    "train_f1": 0.7616041898727417,
    "train_prob": 0.3040546774864197,
    "train_cov": 1.0,
    "valid_f1": 0.7266180515289307,
    "valid_prob": 0.25866761803627014,
    "valid_cov": 0.9921875
}