{
    "train_f1": 0.9726723432540894,
    "train_prob": 0.8158565163612366,
    "train_cov": 1.0,
    "valid_f1": 0.96889728307724,
    "valid_prob": 0.799930989742279,
    "valid_cov": 0.9921875
}