{
    "train_f1": 0.9790675044059753,
    "train_prob": 0.8162758350372314,
    "train_cov": 1.0,
    "valid_f1": 0.9348272085189819,
    "valid_prob": 0.7918531894683838,
    "valid_cov": 0.9609375
}