{
    "train_f1": 0.9715180993080139,
    "train_prob": 0.7803938388824463,
    "train_cov": 1.0,
    "valid_f1": 0.9713388085365295,
    "valid_prob": 0.8009192943572998,
    "valid_cov": 1.0
}