{
    "train_f1": 0.9585272073745728,
    "train_prob": 0.8417596817016602,
    "train_cov": 0.984375,
    "valid_f1": 0.9850786924362183,
    "valid_prob": 0.8446444272994995,
    "valid_cov": 1.0
}