{
    "train_f1": 0.9704169034957886,
    "train_prob": 0.8290627002716064,
    "train_cov": 1.0,
    "valid_f1": 0.9643000364303589,
    "valid_prob": 0.8601001501083374,
    "valid_cov": 0.984375
}