{
    "train_f1": 0.9587980508804321,
    "train_prob": 0.8340285420417786,
    "train_cov": 0.984375,
    "valid_f1": 0.9607126116752625,
    "valid_prob": 0.8369871377944946,
    "valid_cov": 0.984375
}