{
    "train_f1": 0.9683593511581421,
    "train_prob": 0.8463298678398132,
    "train_cov": 0.9921875,
    "valid_f1": 0.9709054827690125,
    "valid_prob": 0.8263710141181946,
    "valid_cov": 0.9921875
}