{
    "train_f1": 0.9614417552947998,
    "train_prob": 0.8430589437484741,
    "train_cov": 0.984375,
    "valid_f1": 0.9875653982162476,
    "valid_prob": 0.847848117351532,
    "valid_cov": 1.0
}