{
    "train_f1": 0.9559977054595947,
    "train_prob": 0.834210216999054,
    "train_cov": 0.9765625,
    "valid_f1": 0.9386000633239746,
    "valid_prob": 0.840820848941803,
    "valid_cov": 0.9609375
}