{
    "train_f1": 0.9795842170715332,
    "train_prob": 0.8345504999160767,
    "train_cov": 1.0,
    "valid_f1": 0.9690098762512207,
    "valid_prob": 0.8256075978279114,
    "valid_cov": 0.984375
}