{
    "train_f1": 0.8110090494155884,
    "train_prob": 0.2561817169189453,
    "train_cov": 0.9921875,
    "valid_f1": 0.7702428698539734,
    "valid_prob": 0.2867147624492645,
    "valid_cov": 1.0
}