{
    "train_f1": 0.9764673709869385,
    "train_prob": 0.8568780422210693,
    "train_cov": 0.9921875,
    "valid_f1": 0.9666743874549866,
    "valid_prob": 0.8372524976730347,
    "valid_cov": 0.9921875
}