{
    "train_f1": 0.9576370120048523,
    "train_prob": 0.7988083362579346,
    "train_cov": 0.984375,
    "valid_f1": 0.9757357239723206,
    "valid_prob": 0.8353321552276611,
    "valid_cov": 0.9921875
}