{
    "train_f1": 0.987830638885498,
    "train_prob": 0.81705641746521,
    "train_cov": 1.0,
    "valid_f1": 0.9634261727333069,
    "valid_prob": 0.8044383525848389,
    "valid_cov": 0.984375
}