{
    "train_f1": 0.9752126932144165,
    "train_prob": 0.8271024823188782,
    "train_cov": 0.9921875,
    "valid_f1": 0.9751930832862854,
    "valid_prob": 0.8325502872467041,
    "valid_cov": 0.9921875
}