{
    "train_f1": 0.9616161584854126,
    "train_prob": 0.8270097374916077,
    "train_cov": 0.984375,
    "valid_f1": 0.9691609144210815,
    "valid_prob": 0.8609648942947388,
    "valid_cov": 0.984375
}