{
    "train_f1": 0.9737565517425537,
    "train_prob": 0.8223462104797363,
    "train_cov": 0.9921875,
    "valid_f1": 0.9554831385612488,
    "valid_prob": 0.8243786096572876,
    "valid_cov": 0.9765625
}