{
    "train_f1": 0.9674554467201233,
    "train_prob": 0.8176397681236267,
    "train_cov": 1.0,
    "valid_f1": 0.9630677700042725,
    "valid_prob": 0.8200556039810181,
    "valid_cov": 0.9921875
}