{
    "train_f1": 0.975305438041687,
    "train_prob": 0.8492570519447327,
    "train_cov": 1.0,
    "valid_f1": 0.9828371405601501,
    "valid_prob": 0.8507983684539795,
    "valid_cov": 1.0
}