{
    "train_f1": 0.9492933750152588,
    "train_prob": 0.7959089279174805,
    "train_cov": 0.9921875,
    "valid_f1": 0.9722592830657959,
    "valid_prob": 0.8888229131698608,
    "valid_cov": 0.984375
}