{
    "train_f1": 0.965807318687439,
    "train_prob": 0.7870836853981018,
    "train_cov": 1.0,
    "valid_f1": 0.9612220525741577,
    "valid_prob": 0.8404076099395752,
    "valid_cov": 0.984375
}