{
    "train_f1": 0.7752612829208374,
    "train_prob": 0.3699995279312134,
    "train_cov": 0.9921875,
    "valid_f1": 0.7980298399925232,
    "valid_prob": 0.36235693097114563,
    "valid_cov": 0.9921875
}