{
    "train_f1": 0.9719030857086182,
    "train_prob": 0.8735973834991455,
    "train_cov": 0.9921875,
    "valid_f1": 0.9708566665649414,
    "valid_prob": 0.8642511367797852,
    "valid_cov": 0.9921875
}