{
    "train_f1": 0.9733062386512756,
    "train_prob": 0.8361786603927612,
    "train_cov": 1.0,
    "valid_f1": 0.9378079771995544,
    "valid_prob": 0.857172966003418,
    "valid_cov": 0.9765625
}