{
    "train_f1": 0.9712467193603516,
    "train_prob": 0.8622468709945679,
    "train_cov": 0.9921875,
    "valid_f1": 0.9583605527877808,
    "valid_prob": 0.8630900382995605,
    "valid_cov": 0.984375
}