{
    "train_f1": 0.9740253686904907,
    "train_prob": 0.898901104927063,
    "train_cov": 0.984375,
    "valid_f1": 0.9738134145736694,
    "valid_prob": 0.8841566443443298,
    "valid_cov": 0.9921875
}