{
    "train_f1": 0.9791676998138428,
    "train_prob": 0.84874427318573,
    "train_cov": 1.0,
    "valid_f1": 0.9756380319595337,
    "valid_prob": 0.8878802061080933,
    "valid_cov": 0.9921875
}