{
    "train_f1": 0.9798255562782288,
    "train_prob": 0.8606078028678894,
    "train_cov": 1.0,
    "valid_f1": 0.9746744632720947,
    "valid_prob": 0.8772953152656555,
    "valid_cov": 0.984375
}