{
    "train_f1": 0.9820619821548462,
    "train_prob": 0.9031651020050049,
    "train_cov": 1.0,
    "valid_f1": 0.9506242871284485,
    "valid_prob": 0.9084040522575378,
    "valid_cov": 0.9609375
}