{
    "train_f1": 0.9687882661819458,
    "train_prob": 0.8855085968971252,
    "train_cov": 0.984375,
    "valid_f1": 0.9677777290344238,
    "valid_prob": 0.8913428783416748,
    "valid_cov": 0.984375
}