{
    "train_f1": 0.9670620560646057,
    "train_prob": 0.8670934438705444,
    "train_cov": 0.9921875,
    "valid_f1": 0.9641426205635071,
    "valid_prob": 0.8845329284667969,
    "valid_cov": 0.9765625
}