{
    "train_f1": 0.9724570512771606,
    "train_prob": 0.8845654726028442,
    "train_cov": 0.9921875,
    "valid_f1": 0.9692346453666687,
    "valid_prob": 0.8391304612159729,
    "valid_cov": 1.0
}