{
    "train_f1": 0.7868459224700928,
    "train_prob": 0.46282052993774414,
    "train_cov": 0.984375,
    "valid_f1": 0.8147053718566895,
    "valid_prob": 0.3972339630126953,
    "valid_cov": 1.0
}