{
    "train_f1": 0.9651435613632202,
    "train_prob": 0.8587664365768433,
    "train_cov": 0.9921875,
    "valid_f1": 0.9594812393188477,
    "valid_prob": 0.8569002747535706,
    "valid_cov": 0.9921875
}