{
    "train_f1": 0.9540646076202393,
    "train_prob": 0.838278591632843,
    "train_cov": 0.9765625,
    "valid_f1": 0.960641622543335,
    "valid_prob": 0.8865830302238464,
    "valid_cov": 0.9765625
}