{
    "train_f1": 0.9728963971138,
    "train_prob": 0.882072925567627,
    "train_cov": 0.9921875,
    "valid_f1": 0.9730674028396606,
    "valid_prob": 0.8745615482330322,
    "valid_cov": 0.9921875
}