{
    "train_f1": 0.9765748381614685,
    "train_prob": 0.856819212436676,
    "train_cov": 1.0,
    "valid_f1": 0.9635710120201111,
    "valid_prob": 0.8807494640350342,
    "valid_cov": 0.984375
}