{
    "train_f1": 0.954701840877533,
    "train_prob": 0.8518626689910889,
    "train_cov": 0.9765625,
    "valid_f1": 0.9618677496910095,
    "valid_prob": 0.8431812524795532,
    "valid_cov": 0.9921875
}