{
    "train_f1": 0.9326744675636292,
    "train_prob": 0.8388406038284302,
    "train_cov": 0.9609375,
    "valid_f1": 0.9718431234359741,
    "valid_prob": 0.8620836734771729,
    "valid_cov": 0.984375
}