{
    "train_f1": 0.9734817743301392,
    "train_prob": 0.8864258527755737,
    "train_cov": 0.9921875,
    "valid_f1": 0.9593310356140137,
    "valid_prob": 0.9165383577346802,
    "valid_cov": 0.96875
}