{
    "train_f1": 0.9326015114784241,
    "train_prob": 0.8342905044555664,
    "train_cov": 0.9765625,
    "valid_f1": 0.968816876411438,
    "valid_prob": 0.8512263894081116,
    "valid_cov": 0.984375
}