{
    "train_f1": 0.961280345916748,
    "train_prob": 0.9012764692306519,
    "train_cov": 0.9765625,
    "valid_f1": 0.9607792496681213,
    "valid_prob": 0.8765523433685303,
    "valid_cov": 0.984375
}