{
    "train_f1": 0.9627292156219482,
    "train_prob": 0.9043036699295044,
    "train_cov": 0.9921875,
    "valid_f1": 0.9810815453529358,
    "valid_prob": 0.892911434173584,
    "valid_cov": 1.0
}