{
    "train_f1": 0.7928910851478577,
    "train_prob": 0.3860456347465515,
    "train_cov": 0.9921875,
    "valid_f1": 0.770013689994812,
    "valid_prob": 0.36926984786987305,
    "valid_cov": 0.9921875
}