{
    "train_f1": 0.9825685024261475,
    "train_prob": 0.8772491216659546,
    "train_cov": 1.0,
    "valid_f1": 0.9667465090751648,
    "valid_prob": 0.9060003161430359,
    "valid_cov": 0.9921875
}