{
    "train_f1": 0.9780033230781555,
    "train_prob": 0.9038797616958618,
    "train_cov": 1.0,
    "valid_f1": 0.9707553386688232,
    "valid_prob": 0.9260504841804504,
    "valid_cov": 0.9921875
}