{
    "train_f1": 0.9626199007034302,
    "train_prob": 0.8899350762367249,
    "train_cov": 1.0,
    "valid_f1": 0.906325101852417,
    "valid_prob": 0.8595670461654663,
    "valid_cov": 0.9765625
}