{
    "train_f1": 0.9676339626312256,
    "train_prob": 0.9188809990882874,
    "train_cov": 0.9921875,
    "valid_f1": 0.9383856654167175,
    "valid_prob": 0.8913750648498535,
    "valid_cov": 0.984375
}