{
    "train_f1": 0.9521496891975403,
    "train_prob": 0.8958900570869446,
    "train_cov": 0.9921875,
    "valid_f1": 0.9192862510681152,
    "valid_prob": 0.8401852250099182,
    "valid_cov": 0.9921875
}