{
    "train_f1": 0.9441933035850525,
    "train_prob": 0.8976724147796631,
    "train_cov": 1.0,
    "valid_f1": 0.9390473365783691,
    "valid_prob": 0.8697134256362915,
    "valid_cov": 0.9921875
}