{
    "train_f1": 0.9492883086204529,
    "train_prob": 0.9053451418876648,
    "train_cov": 1.0,
    "valid_f1": 0.9489011168479919,
    "valid_prob": 0.8704555630683899,
    "valid_cov": 1.0
}