{
    "train_f1": 0.9601500034332275,
    "train_prob": 0.8941309452056885,
    "train_cov": 1.0,
    "valid_f1": 0.9384637475013733,
    "valid_prob": 0.8904750943183899,
    "valid_cov": 0.984375
}