{
    "train_f1": 0.9682056903839111,
    "train_prob": 0.910731315612793,
    "train_cov": 1.0,
    "valid_f1": 0.9588726162910461,
    "valid_prob": 0.9030740261077881,
    "valid_cov": 0.984375
}