{
    "train_f1": 0.9544225931167603,
    "train_prob": 0.8705973625183105,
    "train_cov": 0.9921875,
    "valid_f1": 0.9232274889945984,
    "valid_prob": 0.8887307643890381,
    "valid_cov": 0.984375
}