{
    "train_f1": 0.8121886849403381,
    "train_prob": 0.4393826723098755,
    "train_cov": 0.9921875,
    "valid_f1": 0.8014283180236816,
    "valid_prob": 0.4268954396247864,
    "valid_cov": 1.0
}