{
    "train_f1": 0.9467236399650574,
    "train_prob": 0.8525440096855164,
    "train_cov": 0.9921875,
    "valid_f1": 0.9426891803741455,
    "valid_prob": 0.8394839763641357,
    "valid_cov": 1.0
}