{
    "train_f1": 0.9579242467880249,
    "train_prob": 0.8645555973052979,
    "train_cov": 1.0,
    "valid_f1": 0.9386531114578247,
    "valid_prob": 0.8283891081809998,
    "valid_cov": 1.0
}