{
    "train_f1": 0.9628245830535889,
    "train_prob": 0.8861726522445679,
    "train_cov": 1.0,
    "valid_f1": 0.9307276010513306,
    "valid_prob": 0.8389876484870911,
    "valid_cov": 0.9921875
}