{
    "train_f1": 0.9349033236503601,
    "train_prob": 0.8416447639465332,
    "train_cov": 1.0,
    "valid_f1": 0.9567189812660217,
    "valid_prob": 0.8774703741073608,
    "valid_cov": 1.0
}