{
    "train_f1": 0.9616194367408752,
    "train_prob": 0.8942188024520874,
    "train_cov": 1.0,
    "valid_f1": 0.9373847842216492,
    "valid_prob": 0.8611087203025818,
    "valid_cov": 0.984375
}