{
    "train_f1": 0.9428961873054504,
    "train_prob": 0.876617431640625,
    "train_cov": 0.984375,
    "valid_f1": 0.9510164856910706,
    "valid_prob": 0.8566523194313049,
    "valid_cov": 1.0
}