{
    "train_f1": 0.920269250869751,
    "train_prob": 0.8291889429092407,
    "train_cov": 0.9921875,
    "valid_f1": 0.9378370046615601,
    "valid_prob": 0.8701777458190918,
    "valid_cov": 1.0
}