{
    "train_f1": 0.936985433101654,
    "train_prob": 0.8768337965011597,
    "train_cov": 1.0,
    "valid_f1": 0.932330310344696,
    "valid_prob": 0.8612895011901855,
    "valid_cov": 1.0
}