{
    "train_f1": 0.9337168335914612,
    "train_prob": 0.8390854597091675,
    "train_cov": 0.9921875,
    "valid_f1": 0.9198398590087891,
    "valid_prob": 0.8417096138000488,
    "valid_cov": 0.9921875
}