{
    "train_f1": 0.9518033266067505,
    "train_prob": 0.86757892370224,
    "train_cov": 1.0,
    "valid_f1": 0.950425922870636,
    "valid_prob": 0.8605489730834961,
    "valid_cov": 1.0
}