{
    "train_f1": 0.818742573261261,
    "train_prob": 0.4937402904033661,
    "train_cov": 1.0,
    "valid_f1": 0.7705487012863159,
    "valid_prob": 0.44253528118133545,
    "valid_cov": 0.9921875
}