{
    "train_f1": 0.9449462294578552,
    "train_prob": 0.8518750667572021,
    "train_cov": 0.9921875,
    "valid_f1": 0.9472649693489075,
    "valid_prob": 0.8805657625198364,
    "valid_cov": 0.9921875
}