{
    "train_f1": 0.9221475720405579,
    "train_prob": 0.8347288966178894,
    "train_cov": 0.9921875,
    "valid_f1": 0.9527126550674438,
    "valid_prob": 0.863787055015564,
    "valid_cov": 0.9921875
}