{
    "train_f1": 0.9521710276603699,
    "train_prob": 0.857261598110199,
    "train_cov": 1.0,
    "valid_f1": 0.9237576127052307,
    "valid_prob": 0.8612982630729675,
    "valid_cov": 0.9765625
}