{
    "train_f1": 0.9147623777389526,
    "train_prob": 0.7911921739578247,
    "train_cov": 0.9921875,
    "valid_f1": 0.9507209658622742,
    "valid_prob": 0.8596808910369873,
    "valid_cov": 1.0
}