{
    "train_f1": 0.9349068403244019,
    "train_prob": 0.8197289109230042,
    "train_cov": 0.9921875,
    "valid_f1": 0.9383981823921204,
    "valid_prob": 0.8279659748077393,
    "valid_cov": 1.0
}