{
    "train_f1": 0.9601418972015381,
    "train_prob": 0.8923830986022949,
    "train_cov": 0.9921875,
    "valid_f1": 0.9269707798957825,
    "valid_prob": 0.8287931084632874,
    "valid_cov": 1.0
}