{
    "train_f1": 0.9628601670265198,
    "train_prob": 0.8876969814300537,
    "train_cov": 1.0,
    "valid_f1": 0.9558776617050171,
    "valid_prob": 0.8498269319534302,
    "valid_cov": 1.0
}