{
    "train_f1": 0.9527827501296997,
    "train_prob": 0.8500009775161743,
    "train_cov": 1.0,
    "valid_f1": 0.9285125136375427,
    "valid_prob": 0.8455315232276917,
    "valid_cov": 0.9921875
}