{
    "train_f1": 0.9633151292800903,
    "train_prob": 0.8899004459381104,
    "train_cov": 1.0,
    "valid_f1": 0.9366083145141602,
    "valid_prob": 0.8319509625434875,
    "valid_cov": 0.9921875
}