{
    "train_f1": 0.9456399083137512,
    "train_prob": 0.8628280162811279,
    "train_cov": 0.984375,
    "valid_f1": 0.9433051943778992,
    "valid_prob": 0.8651523590087891,
    "valid_cov": 0.9921875
}