{
    "train_f1": 0.7811548709869385,
    "train_prob": 0.498595654964447,
    "train_cov": 0.9921875,
    "valid_f1": 0.8267016410827637,
    "valid_prob": 0.4776826798915863,
    "valid_cov": 1.0
}