{
    "train_f1": 0.9523001313209534,
    "train_prob": 0.8528467416763306,
    "train_cov": 0.9921875,
    "valid_f1": 0.9398683309555054,
    "valid_prob": 0.8595491647720337,
    "valid_cov": 0.984375
}