{
    "train_f1": 0.9570339322090149,
    "train_prob": 0.8512829542160034,
    "train_cov": 1.0,
    "valid_f1": 0.9473128914833069,
    "valid_prob": 0.8814877271652222,
    "valid_cov": 0.9921875
}