{
    "train_f1": 0.9450667500495911,
    "train_prob": 0.8553076982498169,
    "train_cov": 1.0,
    "valid_f1": 0.9307067394256592,
    "valid_prob": 0.8298698663711548,
    "valid_cov": 1.0
}