{
    "train_f1": 0.9463032484054565,
    "train_prob": 0.8851471543312073,
    "train_cov": 1.0,
    "valid_f1": 0.9634758234024048,
    "valid_prob": 0.8540505766868591,
    "valid_cov": 1.0
}