{
    "train_f1": 0.9266827702522278,
    "train_prob": 0.8430195450782776,
    "train_cov": 0.984375,
    "valid_f1": 0.937877893447876,
    "valid_prob": 0.8802194595336914,
    "valid_cov": 0.9921875
}