{
    "train_f1": 0.9481790065765381,
    "train_prob": 0.8672468066215515,
    "train_cov": 0.9921875,
    "valid_f1": 0.9465840458869934,
    "valid_prob": 0.8471236228942871,
    "valid_cov": 1.0
}