{
    "train_f1": 0.9265351295471191,
    "train_prob": 0.8963820934295654,
    "train_cov": 0.96875,
    "valid_f1": 0.933695912361145,
    "valid_prob": 0.8464750647544861,
    "valid_cov": 0.9921875
}