{
    "train_f1": 0.9485701322555542,
    "train_prob": 0.8700156807899475,
    "train_cov": 0.9921875,
    "valid_f1": 0.9635300040245056,
    "valid_prob": 0.883621335029602,
    "valid_cov": 1.0
}