{
    "train_f1": 0.9644557237625122,
    "train_prob": 0.9093156456947327,
    "train_cov": 0.9921875,
    "valid_f1": 0.9394128322601318,
    "valid_prob": 0.8485045433044434,
    "valid_cov": 1.0
}