{
    "train_f1": 0.9641821980476379,
    "train_prob": 0.8551609516143799,
    "train_cov": 0.9921875,
    "valid_f1": 0.9561365842819214,
    "valid_prob": 0.8622925877571106,
    "valid_cov": 1.0
}