{
    "train_f1": 0.8659746050834656,
    "train_prob": 0.5730205178260803,
    "train_cov": 1.0,
    "valid_f1": 0.8043869137763977,
    "valid_prob": 0.5636066198348999,
    "valid_cov": 1.0
}