{
    "train_f1": 0.9360771775245667,
    "train_prob": 0.8487101197242737,
    "train_cov": 0.9921875,
    "valid_f1": 0.9523628354072571,
    "valid_prob": 0.8713812232017517,
    "valid_cov": 0.9921875
}