{
    "train_f1": 0.9136278033256531,
    "train_prob": 0.8508121371269226,
    "train_cov": 0.9765625,
    "valid_f1": 0.9475523233413696,
    "valid_prob": 0.8513847589492798,
    "valid_cov": 0.984375
}