{
    "train_f1": 0.9444583654403687,
    "train_prob": 0.8757383823394775,
    "train_cov": 0.9921875,
    "valid_f1": 0.9605571627616882,
    "valid_prob": 0.885940432548523,
    "valid_cov": 1.0
}