{
    "train_f1": 0.9564399719238281,
    "train_prob": 0.8666113615036011,
    "train_cov": 1.0,
    "valid_f1": 0.9430497288703918,
    "valid_prob": 0.839411199092865,
    "valid_cov": 0.9921875
}