{
    "train_f1": 0.9343856573104858,
    "train_prob": 0.890594482421875,
    "train_cov": 0.9765625,
    "valid_f1": 0.9671340584754944,
    "valid_prob": 0.8648700714111328,
    "valid_cov": 1.0
}