{
    "train_f1": 0.9599413871765137,
    "train_prob": 0.8943457007408142,
    "train_cov": 0.984375,
    "valid_f1": 0.9322275519371033,
    "valid_prob": 0.8567213416099548,
    "valid_cov": 0.984375
}