{
    "train_f1": 0.9612413644790649,
    "train_prob": 0.8794688582420349,
    "train_cov": 1.0,
    "valid_f1": 0.9396524429321289,
    "valid_prob": 0.8680703639984131,
    "valid_cov": 0.9921875
}