{
    "train_f1": 0.966973066329956,
    "train_prob": 0.8725000619888306,
    "train_cov": 1.0,
    "valid_f1": 0.9567340612411499,
    "valid_prob": 0.896386981010437,
    "valid_cov": 1.0
}