{
    "train_f1": 0.9487782716751099,
    "train_prob": 0.8708299994468689,
    "train_cov": 0.9921875,
    "valid_f1": 0.9289427399635315,
    "valid_prob": 0.870630145072937,
    "valid_cov": 0.984375
}