{
    "train_f1": 0.9508180022239685,
    "train_prob": 0.8349321484565735,
    "train_cov": 1.0,
    "valid_f1": 0.9527100324630737,
    "valid_prob": 0.8637757301330566,
    "valid_cov": 1.0
}