{
    "train_f1": 0.8505656719207764,
    "train_prob": 0.5732427835464478,
    "train_cov": 0.9921875,
    "valid_f1": 0.7931273579597473,
    "valid_prob": 0.5680757761001587,
    "valid_cov": 0.9921875
}