{
    "train_f1": 0.6576604247093201,
    "train_prob": 0.011097549460828304,
    "train_cov": 1.0,
    "valid_f1": 0.5777676701545715,
    "valid_prob": 0.00639698188751936,
    "valid_cov": 1.0
}