{
    "train_f1": 0.9592806696891785,
    "train_prob": 0.8568371534347534,
    "train_cov": 1.0,
    "valid_f1": 0.9404678344726562,
    "valid_prob": 0.8579138517379761,
    "valid_cov": 1.0
}