{
    "train_f1": 0.9374473094940186,
    "train_prob": 0.8428981304168701,
    "train_cov": 0.9921875,
    "valid_f1": 0.9476223587989807,
    "valid_prob": 0.8388252258300781,
    "valid_cov": 1.0
}