{
    "train_f1": 0.9394809007644653,
    "train_prob": 0.8093251585960388,
    "train_cov": 0.9921875,
    "valid_f1": 0.9529019594192505,
    "valid_prob": 0.8474226593971252,
    "valid_cov": 0.9921875
}