{
    "train_f1": 0.9547534584999084,
    "train_prob": 0.8844151496887207,
    "train_cov": 0.9921875,
    "valid_f1": 0.9307540059089661,
    "valid_prob": 0.8695297241210938,
    "valid_cov": 0.984375
}