{
    "train_f1": 0.9548595547676086,
    "train_prob": 0.870851993560791,
    "train_cov": 0.984375,
    "valid_f1": 0.9362380504608154,
    "valid_prob": 0.8387070894241333,
    "valid_cov": 0.9921875
}