{
    "train_f1": 0.9679506421089172,
    "train_prob": 0.910239577293396,
    "train_cov": 0.984375,
    "valid_f1": 0.942857563495636,
    "valid_prob": 0.8636044859886169,
    "valid_cov": 0.984375
}