{
    "train_f1": 0.9691266417503357,
    "train_prob": 0.8916285037994385,
    "train_cov": 1.0,
    "valid_f1": 0.9664466381072998,
    "valid_prob": 0.8734844923019409,
    "valid_cov": 1.0
}