{
    "train_f1": 0.9332597255706787,
    "train_prob": 0.8580844402313232,
    "train_cov": 0.984375,
    "valid_f1": 0.9614414572715759,
    "valid_prob": 0.8763332366943359,
    "valid_cov": 1.0
}