{
    "train_f1": 0.9614009261131287,
    "train_prob": 0.9038293957710266,
    "train_cov": 0.9921875,
    "valid_f1": 0.9745685458183289,
    "valid_prob": 0.8978448510169983,
    "valid_cov": 1.0
}