{
    "train_f1": 0.9580289721488953,
    "train_prob": 0.8528079390525818,
    "train_cov": 1.0,
    "valid_f1": 0.9418461322784424,
    "valid_prob": 0.8626668453216553,
    "valid_cov": 0.9921875
}