{
    "train_f1": 0.8452434539794922,
    "train_prob": 0.5065864324569702,
    "train_cov": 1.0,
    "valid_f1": 0.7894946336746216,
    "valid_prob": 0.399641752243042,
    "valid_cov": 1.0
}