{
    "train_f1": 0.9629032611846924,
    "train_prob": 0.8760951161384583,
    "train_cov": 1.0,
    "valid_f1": 0.9534854888916016,
    "valid_prob": 0.8788594603538513,
    "valid_cov": 0.9921875
}