{
    "train_f1": 0.9364174008369446,
    "train_prob": 0.8348341584205627,
    "train_cov": 0.9921875,
    "valid_f1": 0.9436001777648926,
    "valid_prob": 0.8891139626502991,
    "valid_cov": 1.0
}