{
    "train_f1": 0.9584324359893799,
    "train_prob": 0.8956246376037598,
    "train_cov": 1.0,
    "valid_f1": 0.958645224571228,
    "valid_prob": 0.86497962474823,
    "valid_cov": 1.0
}