{
    "train_f1": 0.9533663392066956,
    "train_prob": 0.8736362457275391,
    "train_cov": 0.984375,
    "valid_f1": 0.9384889602661133,
    "valid_prob": 0.8805696368217468,
    "valid_cov": 0.9921875
}