{
    "train_f1": 0.9513052701950073,
    "train_prob": 0.8523377180099487,
    "train_cov": 1.0,
    "valid_f1": 0.9505208730697632,
    "valid_prob": 0.8507176637649536,
    "valid_cov": 1.0
}