{
    "train_f1": 0.9731479287147522,
    "train_prob": 0.9014205932617188,
    "train_cov": 1.0,
    "valid_f1": 0.9358147382736206,
    "valid_prob": 0.8882316946983337,
    "valid_cov": 0.984375
}