{
    "train_f1": 0.9625211954116821,
    "train_prob": 0.9254665970802307,
    "train_cov": 0.984375,
    "valid_f1": 0.9205641150474548,
    "valid_prob": 0.8704206943511963,
    "valid_cov": 0.984375
}