{
    "train_f1": 0.9637629985809326,
    "train_prob": 0.9069297909736633,
    "train_cov": 1.0,
    "valid_f1": 0.9702651500701904,
    "valid_prob": 0.9022239446640015,
    "valid_cov": 1.0
}