{
    "train_f1": 0.9669380784034729,
    "train_prob": 0.9283366799354553,
    "train_cov": 0.9921875,
    "valid_f1": 0.9421172142028809,
    "valid_prob": 0.882510244846344,
    "valid_cov": 0.9921875
}