{
    "train_f1": 0.9567367434501648,
    "train_prob": 0.8197363018989563,
    "train_cov": 1.0,
    "valid_f1": 0.953993558883667,
    "valid_prob": 0.8289855718612671,
    "valid_cov": 0.99609375
}