{
    "train_f1": 0.8136337399482727,
    "train_prob": 0.5557127594947815,
    "train_cov": 0.9921875,
    "valid_f1": 0.8296452760696411,
    "valid_prob": 0.5386907458305359,
    "valid_cov": 0.9921875
}