{
    "train_f1": 0.951802670955658,
    "train_prob": 0.7983677983283997,
    "train_cov": 0.9921875,
    "valid_f1": 0.9636987447738647,
    "valid_prob": 0.8342112302780151,
    "valid_cov": 1.0
}