{
    "train_f1": 0.9248015880584717,
    "train_prob": 0.7867220640182495,
    "train_cov": 1.0,
    "valid_f1": 0.9159003496170044,
    "valid_prob": 0.8267449140548706,
    "valid_cov": 0.9921875
}