{
    "train_f1": 0.9388073086738586,
    "train_prob": 0.8163880109786987,
    "train_cov": 0.984375,
    "valid_f1": 0.9488583207130432,
    "valid_prob": 0.8253177404403687,
    "valid_cov": 0.99609375
}