{
    "train_f1": 0.9459894895553589,
    "train_prob": 0.855464518070221,
    "train_cov": 0.984375,
    "valid_f1": 0.9555893540382385,
    "valid_prob": 0.8309940695762634,
    "valid_cov": 0.9921875
}