{
    "train_f1": 0.9538797736167908,
    "train_prob": 0.8440437912940979,
    "train_cov": 0.9921875,
    "valid_f1": 0.9617297649383545,
    "valid_prob": 0.8537384867668152,
    "valid_cov": 0.99609375
}