{
    "train_f1": 0.9496110081672668,
    "train_prob": 0.8086684346199036,
    "train_cov": 0.99609375,
    "valid_f1": 0.9413283467292786,
    "valid_prob": 0.8110250234603882,
    "valid_cov": 0.9921875
}