{
    "train_f1": 0.9411529898643494,
    "train_prob": 0.8189817070960999,
    "train_cov": 0.9921875,
    "valid_f1": 0.9600484371185303,
    "valid_prob": 0.8263814449310303,
    "valid_cov": 1.0
}