{
    "train_f1": 0.9506219029426575,
    "train_prob": 0.8082025051116943,
    "train_cov": 0.98828125,
    "valid_f1": 0.9516288042068481,
    "valid_prob": 0.8102412819862366,
    "valid_cov": 0.99609375
}