{
    "train_f1": 0.9374948143959045,
    "train_prob": 0.8226805925369263,
    "train_cov": 0.9921875,
    "valid_f1": 0.9454199075698853,
    "valid_prob": 0.8261103630065918,
    "valid_cov": 0.9921875
}