{
    "train_f1": 0.9405284523963928,
    "train_prob": 0.860676646232605,
    "train_cov": 0.984375,
    "valid_f1": 0.9495794177055359,
    "valid_prob": 0.8518182039260864,
    "valid_cov": 0.98828125
}