{
    "train_f1": 0.8576763868331909,
    "train_prob": 0.4776791036128998,
    "train_cov": 1.0,
    "valid_f1": 0.8319531083106995,
    "valid_prob": 0.4473429322242737,
    "valid_cov": 0.9921875
}