{
    "train_f1": 0.9528089761734009,
    "train_prob": 0.8489313125610352,
    "train_cov": 0.99609375,
    "valid_f1": 0.9519212245941162,
    "valid_prob": 0.8617802858352661,
    "valid_cov": 0.9921875
}