{
    "train_f1": 0.9646503329277039,
    "train_prob": 0.8658162951469421,
    "train_cov": 1.0,
    "valid_f1": 0.9404628276824951,
    "valid_prob": 0.8345194458961487,
    "valid_cov": 0.9921875
}