{
    "train_f1": 0.9547654986381531,
    "train_prob": 0.8650270104408264,
    "train_cov": 0.99609375,
    "valid_f1": 0.9388751983642578,
    "valid_prob": 0.8319607973098755,
    "valid_cov": 0.9921875
}