{
    "train_f1": 0.9564101099967957,
    "train_prob": 0.8568992018699646,
    "train_cov": 0.9921875,
    "valid_f1": 0.9600527882575989,
    "valid_prob": 0.846225917339325,
    "valid_cov": 1.0
}