{
    "train_f1": 0.9460957646369934,
    "train_prob": 0.8213681578636169,
    "train_cov": 0.99609375,
    "valid_f1": 0.9538739919662476,
    "valid_prob": 0.8455427885055542,
    "valid_cov": 0.9921875
}