{
    "train_f1": 0.9527649283409119,
    "train_prob": 0.8620348572731018,
    "train_cov": 0.99609375,
    "valid_f1": 0.961039125919342,
    "valid_prob": 0.8492000102996826,
    "valid_cov": 0.9921875
}