{
    "train_f1": 0.9304924607276917,
    "train_prob": 0.8296735286712646,
    "train_cov": 0.98828125,
    "valid_f1": 0.9554328918457031,
    "valid_prob": 0.8238818049430847,
    "valid_cov": 0.99609375
}