{
    "train_f1": 0.9499735236167908,
    "train_prob": 0.8306550979614258,
    "train_cov": 0.98828125,
    "valid_f1": 0.9489042162895203,
    "valid_prob": 0.858289897441864,
    "valid_cov": 0.9921875
}