{
    "train_f1": 0.9423655271530151,
    "train_prob": 0.8367421627044678,
    "train_cov": 0.9921875,
    "valid_f1": 0.9525368213653564,
    "valid_prob": 0.8617392778396606,
    "valid_cov": 0.9921875
}