{
    "train_f1": 0.9443823099136353,
    "train_prob": 0.8502174615859985,
    "train_cov": 0.98828125,
    "valid_f1": 0.9617050290107727,
    "valid_prob": 0.8575009107589722,
    "valid_cov": 1.0
}