{
    "train_f1": 0.8237687349319458,
    "train_prob": 0.4404474198818207,
    "train_cov": 0.9921875,
    "valid_f1": 0.8186525106430054,
    "valid_prob": 0.4690575897693634,
    "valid_cov": 1.0
}