{
    "train_f1": 0.9559906125068665,
    "train_prob": 0.8533772826194763,
    "train_cov": 1.0,
    "valid_f1": 0.9589550495147705,
    "valid_prob": 0.8643001317977905,
    "valid_cov": 0.99609375
}