{
    "train_f1": 0.9479658603668213,
    "train_prob": 0.8284651637077332,
    "train_cov": 0.99609375,
    "valid_f1": 0.9481462836265564,
    "valid_prob": 0.8294493556022644,
    "valid_cov": 0.984375
}