{
    "train_f1": 0.946470320224762,
    "train_prob": 0.8421748876571655,
    "train_cov": 0.98828125,
    "valid_f1": 0.9522171020507812,
    "valid_prob": 0.8283920288085938,
    "valid_cov": 1.0
}