{
    "train_f1": 0.9373047351837158,
    "train_prob": 0.8217378258705139,
    "train_cov": 0.98828125,
    "valid_f1": 0.9471122026443481,
    "valid_prob": 0.828770101070404,
    "valid_cov": 1.0
}