{
    "train_f1": 0.9523990750312805,
    "train_prob": 0.8178864121437073,
    "train_cov": 0.99609375,
    "valid_f1": 0.9643977880477905,
    "valid_prob": 0.8158805966377258,
    "valid_cov": 1.0
}