{
    "train_f1": 0.9547725319862366,
    "train_prob": 0.8529286980628967,
    "train_cov": 0.9921875,
    "valid_f1": 0.9570555686950684,
    "valid_prob": 0.859661340713501,
    "valid_cov": 0.99609375
}