{
    "train_f1": 0.9667699337005615,
    "train_prob": 0.8594599962234497,
    "train_cov": 0.99609375,
    "valid_f1": 0.9578402638435364,
    "valid_prob": 0.8562113046646118,
    "valid_cov": 0.99609375
}