{
    "train_f1": 0.9580969214439392,
    "train_prob": 0.8398762345314026,
    "train_cov": 0.99609375,
    "valid_f1": 0.9459805488586426,
    "valid_prob": 0.8279152512550354,
    "valid_cov": 0.9921875
}