{
    "train_f1": 0.9360194802284241,
    "train_prob": 0.8324159979820251,
    "train_cov": 0.9921875,
    "valid_f1": 0.9595485925674438,
    "valid_prob": 0.844923198223114,
    "valid_cov": 0.99609375
}