{
    "train_f1": 0.9512283205986023,
    "train_prob": 0.8652411699295044,
    "train_cov": 0.9921875,
    "valid_f1": 0.9506736993789673,
    "valid_prob": 0.831994891166687,
    "valid_cov": 0.99609375
}