{
    "train_f1": 0.8533403873443604,
    "train_prob": 0.4773032069206238,
    "train_cov": 1.0,
    "valid_f1": 0.8271549344062805,
    "valid_prob": 0.43892374634742737,
    "valid_cov": 0.9921875
}