{
    "train_f1": 0.9390031099319458,
    "train_prob": 0.834629237651825,
    "train_cov": 0.9921875,
    "valid_f1": 0.944381594657898,
    "valid_prob": 0.8554213047027588,
    "valid_cov": 0.984375
}