{
    "train_f1": 0.9523048400878906,
    "train_prob": 0.830521285533905,
    "train_cov": 0.99609375,
    "valid_f1": 0.9545305967330933,
    "valid_prob": 0.8640232682228088,
    "valid_cov": 0.98828125
}