{
    "train_f1": 0.9524848461151123,
    "train_prob": 0.8468471169471741,
    "train_cov": 0.984375,
    "valid_f1": 0.9704466462135315,
    "valid_prob": 0.8520983457565308,
    "valid_cov": 0.99609375
}