{
    "train_f1": 0.9477187395095825,
    "train_prob": 0.8396875262260437,
    "train_cov": 0.9921875,
    "valid_f1": 0.9491381645202637,
    "valid_prob": 0.8203306198120117,
    "valid_cov": 0.99609375
}