{
    "train_f1": 0.9660253524780273,
    "train_prob": 0.8531128764152527,
    "train_cov": 0.99609375,
    "valid_f1": 0.952572226524353,
    "valid_prob": 0.8302319049835205,
    "valid_cov": 0.99609375
}