{
    "train_f1": 0.9380308389663696,
    "train_prob": 0.834371030330658,
    "train_cov": 0.984375,
    "valid_f1": 0.9615339040756226,
    "valid_prob": 0.8513672351837158,
    "valid_cov": 1.0
}