{
    "train_f1": 0.9418109059333801,
    "train_prob": 0.8446546196937561,
    "train_cov": 0.9921875,
    "valid_f1": 0.9653463363647461,
    "valid_prob": 0.8366289138793945,
    "valid_cov": 0.9921875
}