{
    "train_f1": 0.9618964791297913,
    "train_prob": 0.8565087914466858,
    "train_cov": 1.0,
    "valid_f1": 0.9591602087020874,
    "valid_prob": 0.8448152542114258,
    "valid_cov": 0.99609375
}