{
    "train_f1": 0.9483331441879272,
    "train_prob": 0.8515297174453735,
    "train_cov": 0.99609375,
    "valid_f1": 0.9635945558547974,
    "valid_prob": 0.8555322289466858,
    "valid_cov": 0.9921875
}