{
    "train_f1": 0.9256942868232727,
    "train_prob": 0.8091304302215576,
    "train_cov": 0.984375,
    "valid_f1": 0.9427083730697632,
    "valid_prob": 0.7928564548492432,
    "valid_cov": 1.0
}