{
    "train_f1": 0.8128657937049866,
    "train_prob": 0.5036974549293518,
    "train_cov": 1.0,
    "valid_f1": 0.8537445068359375,
    "valid_prob": 0.5473469495773315,
    "valid_cov": 1.0
}