{
    "train_f1": 0.9637444615364075,
    "train_prob": 0.8435978293418884,
    "train_cov": 0.9921875,
    "valid_f1": 0.9429358243942261,
    "valid_prob": 0.8209261894226074,
    "valid_cov": 0.9921875
}