{
    "train_f1": 0.952555239200592,
    "train_prob": 0.856299877166748,
    "train_cov": 0.9921875,
    "valid_f1": 0.9561374187469482,
    "valid_prob": 0.8685951828956604,
    "valid_cov": 0.9921875
}