{
    "train_f1": 0.9752899408340454,
    "train_prob": 0.8511922359466553,
    "train_cov": 1.0,
    "valid_f1": 0.958446741104126,
    "valid_prob": 0.8324216604232788,
    "valid_cov": 1.0
}