{
    "train_f1": 0.9494590759277344,
    "train_prob": 0.8274207711219788,
    "train_cov": 0.9921875,
    "valid_f1": 0.9556583762168884,
    "valid_prob": 0.8394138813018799,
    "valid_cov": 0.984375
}