{
    "train_f1": 0.9543044567108154,
    "train_prob": 0.8362194299697876,
    "train_cov": 0.9921875,
    "valid_f1": 0.9620097875595093,
    "valid_prob": 0.8409821391105652,
    "valid_cov": 1.0
}