{
    "train_f1": 0.9468286037445068,
    "train_prob": 0.8182112574577332,
    "train_cov": 1.0,
    "valid_f1": 0.9608514904975891,
    "valid_prob": 0.8418056964874268,
    "valid_cov": 1.0
}