{
    "train_f1": 0.9600508809089661,
    "train_prob": 0.8664960265159607,
    "train_cov": 0.99609375,
    "valid_f1": 0.9587398767471313,
    "valid_prob": 0.8323742747306824,
    "valid_cov": 1.0
}