{
    "train_f1": 0.9492651224136353,
    "train_prob": 0.8423810005187988,
    "train_cov": 0.9921875,
    "valid_f1": 0.9468936920166016,
    "valid_prob": 0.866851806640625,
    "valid_cov": 0.98828125
}