{
    "train_f1": 0.9547603130340576,
    "train_prob": 0.8465235829353333,
    "train_cov": 0.99609375,
    "valid_f1": 0.9539382457733154,
    "valid_prob": 0.840154767036438,
    "valid_cov": 0.99609375
}