{
    "train_f1": 0.9411088228225708,
    "train_prob": 0.8764788508415222,
    "train_cov": 0.9921875,
    "valid_f1": 0.9414234757423401,
    "valid_prob": 0.8470004200935364,
    "valid_cov": 1.0
}