{
    "train_f1": 0.8130537867546082,
    "train_prob": 0.44655659794807434,
    "train_cov": 0.9921875,
    "valid_f1": 0.7975888252258301,
    "valid_prob": 0.4998992085456848,
    "valid_cov": 1.0
}