{
    "train_f1": 0.9418013095855713,
    "train_prob": 0.8647089004516602,
    "train_cov": 0.99609375,
    "valid_f1": 0.9348458647727966,
    "valid_prob": 0.8428413271903992,
    "valid_cov": 0.98828125
}