{
    "train_f1": 0.9464187026023865,
    "train_prob": 0.830121636390686,
    "train_cov": 0.98828125,
    "valid_f1": 0.9534252285957336,
    "valid_prob": 0.8574252724647522,
    "valid_cov": 0.99609375
}