{
    "train_f1": 0.9500948786735535,
    "train_prob": 0.8137229084968567,
    "train_cov": 1.0,
    "valid_f1": 0.9485009908676147,
    "valid_prob": 0.8364395499229431,
    "valid_cov": 0.9921875
}