{
    "train_f1": 0.9428737163543701,
    "train_prob": 0.8407904505729675,
    "train_cov": 0.98828125,
    "valid_f1": 0.9556270241737366,
    "valid_prob": 0.8540760278701782,
    "valid_cov": 0.99609375
}