{
    "train_f1": 0.9573152661323547,
    "train_prob": 0.8808372020721436,
    "train_cov": 0.99609375,
    "valid_f1": 0.9502084851264954,
    "valid_prob": 0.8461828827857971,
    "valid_cov": 0.99609375
}