{
    "train_f1": 0.9480103254318237,
    "train_prob": 0.8359420299530029,
    "train_cov": 1.0,
    "valid_f1": 0.9542607665061951,
    "valid_prob": 0.8437924981117249,
    "valid_cov": 0.9921875
}