{
    "train_f1": 0.9477216005325317,
    "train_prob": 0.83750319480896,
    "train_cov": 0.99609375,
    "valid_f1": 0.962620735168457,
    "valid_prob": 0.8437938094139099,
    "valid_cov": 1.0
}