{
    "train_f1": 0.9336141347885132,
    "train_prob": 0.8105150461196899,
    "train_cov": 0.99609375,
    "valid_f1": 0.9445433020591736,
    "valid_prob": 0.838385820388794,
    "valid_cov": 0.98828125
}