{
    "train_f1": 0.9342607259750366,
    "train_prob": 0.794917643070221,
    "train_cov": 0.984375,
    "valid_f1": 0.9528759717941284,
    "valid_prob": 0.810920774936676,
    "valid_cov": 0.99609375
}