{
    "train_f1": 0.9404683709144592,
    "train_prob": 0.8277353048324585,
    "train_cov": 0.99609375,
    "valid_f1": 0.946355402469635,
    "valid_prob": 0.8038626313209534,
    "valid_cov": 0.99609375
}