{
    "train_f1": 0.7759377956390381,
    "train_prob": 0.5815363526344299,
    "train_cov": 0.9921875,
    "valid_f1": 0.7780622243881226,
    "valid_prob": 0.6225051879882812,
    "valid_cov": 0.9921875
}