{
    "train_f1": 0.9472008943557739,
    "train_prob": 0.8497831225395203,
    "train_cov": 0.9921875,
    "valid_f1": 0.9507062435150146,
    "valid_prob": 0.829282283782959,
    "valid_cov": 0.99609375
}