{
    "train_f1": 0.9609403610229492,
    "train_prob": 0.8312194347381592,
    "train_cov": 1.0,
    "valid_f1": 0.9629333019256592,
    "valid_prob": 0.849154531955719,
    "valid_cov": 0.99609375
}