{
    "train_f1": 0.9468287229537964,
    "train_prob": 0.8256253004074097,
    "train_cov": 0.98828125,
    "valid_f1": 0.95539391040802,
    "valid_prob": 0.8048406839370728,
    "valid_cov": 0.99609375
}