{
    "train_f1": 0.9536651968955994,
    "train_prob": 0.8324688673019409,
    "train_cov": 0.9921875,
    "valid_f1": 0.954329252243042,
    "valid_prob": 0.860326886177063,
    "valid_cov": 0.98828125
}