{
    "train_f1": 0.9499058723449707,
    "train_prob": 0.8376457095146179,
    "train_cov": 0.984375,
    "valid_f1": 0.9569091200828552,
    "valid_prob": 0.8198590874671936,
    "valid_cov": 0.9921875
}