{
    "train_f1": 0.9562760591506958,
    "train_prob": 0.8702729940414429,
    "train_cov": 0.99609375,
    "valid_f1": 0.944194495677948,
    "valid_prob": 0.8281601667404175,
    "valid_cov": 0.9921875
}