{
    "train_f1": 0.9576548337936401,
    "train_prob": 0.8437200784683228,
    "train_cov": 0.9921875,
    "valid_f1": 0.9520838260650635,
    "valid_prob": 0.8326688408851624,
    "valid_cov": 0.98828125
}