{
    "train_f1": 0.9493057727813721,
    "train_prob": 0.8457749485969543,
    "train_cov": 0.9921875,
    "valid_f1": 0.9738213419914246,
    "valid_prob": 0.8742234706878662,
    "valid_cov": 1.0
}