{
    "train_f1": 0.9645816087722778,
    "train_prob": 0.8779970407485962,
    "train_cov": 0.99609375,
    "valid_f1": 0.9557979106903076,
    "valid_prob": 0.862849771976471,
    "valid_cov": 0.9921875
}