{
    "train_f1": 0.9528974890708923,
    "train_prob": 0.8616722226142883,
    "train_cov": 0.9921875,
    "valid_f1": 0.9621155858039856,
    "valid_prob": 0.8308098316192627,
    "valid_cov": 0.99609375
}