{
    "train_f1": 0.844028651714325,
    "train_prob": 0.5413066148757935,
    "train_cov": 0.9921875,
    "valid_f1": 0.8305385112762451,
    "valid_prob": 0.586135745048523,
    "valid_cov": 1.0
}