{
    "train_f1": 0.9531146287918091,
    "train_prob": 0.8626871109008789,
    "train_cov": 0.98828125,
    "valid_f1": 0.9654189348220825,
    "valid_prob": 0.8593942523002625,
    "valid_cov": 0.99609375
}