{
    "train_f1": 0.9556216597557068,
    "train_prob": 0.8397361040115356,
    "train_cov": 0.99609375,
    "valid_f1": 0.9569465517997742,
    "valid_prob": 0.8534886240959167,
    "valid_cov": 0.99609375
}