{
    "train_f1": 0.9430498480796814,
    "train_prob": 0.8602991104125977,
    "train_cov": 0.984375,
    "valid_f1": 0.9492143392562866,
    "valid_prob": 0.8325415849685669,
    "valid_cov": 0.9921875
}