{
    "train_f1": 0.95579993724823,
    "train_prob": 0.871021568775177,
    "train_cov": 0.9921875,
    "valid_f1": 0.9601076245307922,
    "valid_prob": 0.8729904890060425,
    "valid_cov": 0.9921875
}