{
    "train_f1": 0.9542676210403442,
    "train_prob": 0.8251966834068298,
    "train_cov": 0.9921875,
    "valid_f1": 0.9313291907310486,
    "valid_prob": 0.82612144947052,
    "valid_cov": 0.99609375
}