{
    "train_f1": 0.9381732940673828,
    "train_prob": 0.8082613945007324,
    "train_cov": 1.0,
    "valid_f1": 0.9402903914451599,
    "valid_prob": 0.8177968263626099,
    "valid_cov": 0.99609375
}