{
    "train_f1": 0.9425797462463379,
    "train_prob": 0.8784865140914917,
    "train_cov": 0.984375,
    "valid_f1": 0.9541430473327637,
    "valid_prob": 0.8468263149261475,
    "valid_cov": 0.99609375
}