{
    "train_f1": 0.9600635170936584,
    "train_prob": 0.8763519525527954,
    "train_cov": 1.0,
    "valid_f1": 0.9291389584541321,
    "valid_prob": 0.81035977602005,
    "valid_cov": 0.9921875
}