{
    "train_f1": 0.9317950010299683,
    "train_prob": 0.8401017189025879,
    "train_cov": 0.99609375,
    "valid_f1": 0.9419474005699158,
    "valid_prob": 0.8371480703353882,
    "valid_cov": 0.9921875
}