{
    "train_f1": 0.9368845820426941,
    "train_prob": 0.8054566979408264,
    "train_cov": 0.99609375,
    "valid_f1": 0.9580848217010498,
    "valid_prob": 0.8537547588348389,
    "valid_cov": 0.98828125
}