{
    "train_f1": 0.8683314323425293,
    "train_prob": 0.5662871599197388,
    "train_cov": 1.0,
    "valid_f1": 0.83682781457901,
    "valid_prob": 0.5296269655227661,
    "valid_cov": 0.9921875
}