{
    "train_f1": 0.6367098093032837,
    "train_prob": 0.009482759051024914,
    "train_cov": 1.0,
    "valid_f1": 0.6445991396903992,
    "valid_prob": 0.006832336075603962,
    "valid_cov": 1.0
}