{
    "train_f1": 0.944769561290741,
    "train_prob": 0.8400793075561523,
    "train_cov": 0.9921875,
    "valid_f1": 0.9451512098312378,
    "valid_prob": 0.8595856428146362,
    "valid_cov": 0.98828125
}