{
    "train_f1": 0.9692991971969604,
    "train_prob": 0.854985237121582,
    "train_cov": 1.0,
    "valid_f1": 0.9498617649078369,
    "valid_prob": 0.8041518926620483,
    "valid_cov": 0.9921875
}