{
    "train_f1": 0.9483414888381958,
    "train_prob": 0.8516440391540527,
    "train_cov": 0.98828125,
    "valid_f1": 0.9558736085891724,
    "valid_prob": 0.8333022594451904,
    "valid_cov": 1.0
}