{
    "train_f1": 0.9612791538238525,
    "train_prob": 0.8610503077507019,
    "train_cov": 0.99609375,
    "valid_f1": 0.9613145589828491,
    "valid_prob": 0.8319711685180664,
    "valid_cov": 1.0
}