{
    "train_f1": 0.962559163570404,
    "train_prob": 0.8612720370292664,
    "train_cov": 0.99609375,
    "valid_f1": 0.951558530330658,
    "valid_prob": 0.8511047959327698,
    "valid_cov": 0.984375
}