{
    "train_f1": 0.9695438146591187,
    "train_prob": 0.8892331123352051,
    "train_cov": 1.0,
    "valid_f1": 0.9649406671524048,
    "valid_prob": 0.8740621209144592,
    "valid_cov": 0.99609375
}