{
    "train_f1": 0.9613648056983948,
    "train_prob": 0.870659589767456,
    "train_cov": 0.9921875,
    "valid_f1": 0.9573898315429688,
    "valid_prob": 0.8668826818466187,
    "valid_cov": 0.9921875
}