{
    "train_f1": 0.9718683958053589,
    "train_prob": 0.8546441793441772,
    "train_cov": 1.0,
    "valid_f1": 0.9673129320144653,
    "valid_prob": 0.8699809908866882,
    "valid_cov": 0.99609375
}