{
    "train_f1": 0.9690727591514587,
    "train_prob": 0.8905722498893738,
    "train_cov": 0.99609375,
    "valid_f1": 0.9656065702438354,
    "valid_prob": 0.8736228346824646,
    "valid_cov": 1.0
}