{
    "train_f1": 0.9558340311050415,
    "train_prob": 0.8746429681777954,
    "train_cov": 0.98828125,
    "valid_f1": 0.9459522366523743,
    "valid_prob": 0.8497554063796997,
    "valid_cov": 0.98828125
}