{
    "train_f1": 0.8560925722122192,
    "train_prob": 0.6004667282104492,
    "train_cov": 1.0,
    "valid_f1": 0.8283376693725586,
    "valid_prob": 0.5298960208892822,
    "valid_cov": 0.9921875
}