{
    "train_f1": 0.9514685869216919,
    "train_prob": 0.8734647631645203,
    "train_cov": 0.984375,
    "valid_f1": 0.9602358937263489,
    "valid_prob": 0.8664467930793762,
    "valid_cov": 0.99609375
}