{
    "train_f1": 0.9601542949676514,
    "train_prob": 0.861569344997406,
    "train_cov": 0.9921875,
    "valid_f1": 0.972031831741333,
    "valid_prob": 0.8768468499183655,
    "valid_cov": 0.99609375
}