{
    "train_f1": 0.9381571412086487,
    "train_prob": 0.8411393165588379,
    "train_cov": 0.9921875,
    "valid_f1": 0.9623603820800781,
    "valid_prob": 0.8714183568954468,
    "valid_cov": 0.99609375
}