{
    "train_f1": 0.9442321062088013,
    "train_prob": 0.8556452393531799,
    "train_cov": 0.984375,
    "valid_f1": 0.9517567157745361,
    "valid_prob": 0.8568629622459412,
    "valid_cov": 0.984375
}