{
    "train_f1": 0.9572598934173584,
    "train_prob": 0.8863354921340942,
    "train_cov": 0.9921875,
    "valid_f1": 0.9498745203018188,
    "valid_prob": 0.8732704520225525,
    "valid_cov": 0.984375
}