{
    "train_f1": 0.9568794965744019,
    "train_prob": 0.8783878087997437,
    "train_cov": 0.9921875,
    "valid_f1": 0.960390567779541,
    "valid_prob": 0.8734694123268127,
    "valid_cov": 0.9921875
}