{
    "train_f1": 0.9470767974853516,
    "train_prob": 0.8608403205871582,
    "train_cov": 0.99609375,
    "valid_f1": 0.9494098424911499,
    "valid_prob": 0.8693347573280334,
    "valid_cov": 0.984375
}