{
    "train_f1": 0.9484265446662903,
    "train_prob": 0.8668854236602783,
    "train_cov": 0.9921875,
    "valid_f1": 0.9662987589836121,
    "valid_prob": 0.8290234208106995,
    "valid_cov": 1.0
}