{
    "train_f1": 0.950593113899231,
    "train_prob": 0.8312873840332031,
    "train_cov": 0.98828125,
    "valid_f1": 0.9653464555740356,
    "valid_prob": 0.8444485068321228,
    "valid_cov": 1.0
}