{
    "train_f1": 0.9637562036514282,
    "train_prob": 0.8715149164199829,
    "train_cov": 0.99609375,
    "valid_f1": 0.9602867960929871,
    "valid_prob": 0.8708114624023438,
    "valid_cov": 0.9921875
}