{
    "train_f1": 0.8666423559188843,
    "train_prob": 0.5458048582077026,
    "train_cov": 0.9921875,
    "valid_f1": 0.8453282713890076,
    "valid_prob": 0.5004033446311951,
    "valid_cov": 1.0
}