{
    "train_f1": 0.9617204666137695,
    "train_prob": 0.8770488500595093,
    "train_cov": 0.99609375,
    "valid_f1": 0.9687945246696472,
    "valid_prob": 0.8646947741508484,
    "valid_cov": 1.0
}