{
    "train_f1": 0.9666200876235962,
    "train_prob": 0.8906375169754028,
    "train_cov": 0.99609375,
    "valid_f1": 0.967121958732605,
    "valid_prob": 0.8715912699699402,
    "valid_cov": 0.99609375
}