{
    "train_f1": 0.9697044491767883,
    "train_prob": 0.8713850975036621,
    "train_cov": 1.0,
    "valid_f1": 0.95969158411026,
    "valid_prob": 0.8515017032623291,
    "valid_cov": 1.0
}