{
    "train_f1": 0.9568525552749634,
    "train_prob": 0.8623141646385193,
    "train_cov": 0.99609375,
    "valid_f1": 0.9524722099304199,
    "valid_prob": 0.8508856892585754,
    "valid_cov": 0.99609375
}