{
    "train_f1": 0.9455901980400085,
    "train_prob": 0.8404882550239563,
    "train_cov": 0.99609375,
    "valid_f1": 0.9568812251091003,
    "valid_prob": 0.8831498622894287,
    "valid_cov": 0.98046875
}