{
    "train_f1": 0.9625808000564575,
    "train_prob": 0.8811283707618713,
    "train_cov": 0.99609375,
    "valid_f1": 0.9566713571548462,
    "valid_prob": 0.8405365943908691,
    "valid_cov": 0.99609375
}