{
    "train_f1": 0.9457489252090454,
    "train_prob": 0.8785812854766846,
    "train_cov": 0.9921875,
    "valid_f1": 0.9563454389572144,
    "valid_prob": 0.876289427280426,
    "valid_cov": 0.9921875
}