{
    "train_f1": 0.94102543592453,
    "train_prob": 0.8597903251647949,
    "train_cov": 0.98828125,
    "valid_f1": 0.9543097019195557,
    "valid_prob": 0.8413633108139038,
    "valid_cov": 0.99609375
}