{
    "train_f1": 0.9529126882553101,
    "train_prob": 0.8751177787780762,
    "train_cov": 0.984375,
    "valid_f1": 0.9663546681404114,
    "valid_prob": 0.8518964648246765,
    "valid_cov": 0.9921875
}