{
    "train_f1": 0.9583180546760559,
    "train_prob": 0.8788529634475708,
    "train_cov": 0.9921875,
    "valid_f1": 0.9554685354232788,
    "valid_prob": 0.8527417182922363,
    "valid_cov": 0.98828125
}