{
    "train_f1": 0.8480691313743591,
    "train_prob": 0.4289877712726593,
    "train_cov": 1.0,
    "valid_f1": 0.8391903042793274,
    "valid_prob": 0.4288155436515808,
    "valid_cov": 1.0
}