{
    "train_f1": 0.9637354016304016,
    "train_prob": 0.8655694723129272,
    "train_cov": 0.98828125,
    "valid_f1": 0.9605486392974854,
    "valid_prob": 0.8763939738273621,
    "valid_cov": 0.9921875
}