{
    "train_f1": 0.9374380111694336,
    "train_prob": 0.8384413123130798,
    "train_cov": 0.9921875,
    "valid_f1": 0.9655635952949524,
    "valid_prob": 0.8711484670639038,
    "valid_cov": 1.0
}