{
    "train_f1": 0.9494056105613708,
    "train_prob": 0.8243104219436646,
    "train_cov": 1.0,
    "valid_f1": 0.9485025405883789,
    "valid_prob": 0.8330674767494202,
    "valid_cov": 0.9921875
}