{
    "train_f1": 0.960330605506897,
    "train_prob": 0.8423905968666077,
    "train_cov": 0.99609375,
    "valid_f1": 0.9557273983955383,
    "valid_prob": 0.826242983341217,
    "valid_cov": 0.99609375
}