{
    "train_f1": 0.9535888433456421,
    "train_prob": 0.8428292274475098,
    "train_cov": 1.0,
    "valid_f1": 0.9532153606414795,
    "valid_prob": 0.8466023802757263,
    "valid_cov": 0.99609375
}