{
    "train_f1": 0.9631413221359253,
    "train_prob": 0.8266684412956238,
    "train_cov": 1.0,
    "valid_f1": 0.9542651772499084,
    "valid_prob": 0.827552855014801,
    "valid_cov": 0.9921875
}