{
    "train_f1": 0.9550163149833679,
    "train_prob": 0.865014910697937,
    "train_cov": 0.98828125,
    "valid_f1": 0.967190682888031,
    "valid_prob": 0.8514775633811951,
    "valid_cov": 0.9921875
}