{
    "train_f1": 0.9497480988502502,
    "train_prob": 0.8706642389297485,
    "train_cov": 0.984375,
    "valid_f1": 0.9534845948219299,
    "valid_prob": 0.8423776030540466,
    "valid_cov": 0.98828125
}