{
    "train_f1": 0.9729092121124268,
    "train_prob": 0.8884475231170654,
    "train_cov": 0.99609375,
    "valid_f1": 0.9614530205726624,
    "valid_prob": 0.8657355904579163,
    "valid_cov": 0.9921875
}