{
    "train_f1": 0.9566632509231567,
    "train_prob": 0.8702000379562378,
    "train_cov": 0.99609375,
    "valid_f1": 0.9695870876312256,
    "valid_prob": 0.8720283508300781,
    "valid_cov": 0.99609375
}