{
    "train_f1": 0.8734213709831238,
    "train_prob": 0.43442144989967346,
    "train_cov": 1.0,
    "valid_f1": 0.8185933828353882,
    "valid_prob": 0.44803696870803833,
    "valid_cov": 1.0
}