{
    "train_f1": 0.9659308791160583,
    "train_prob": 0.8498533964157104,
    "train_cov": 0.99609375,
    "valid_f1": 0.971127986907959,
    "valid_prob": 0.8647467494010925,
    "valid_cov": 1.0
}