{
    "train_f1": 0.9508094191551208,
    "train_prob": 0.8646619319915771,
    "train_cov": 0.98828125,
    "valid_f1": 0.9640310406684875,
    "valid_prob": 0.8423967361450195,
    "valid_cov": 0.99609375
}