{
    "train_f1": 0.9584410190582275,
    "train_prob": 0.8689174056053162,
    "train_cov": 0.98828125,
    "valid_f1": 0.9548245072364807,
    "valid_prob": 0.8438510894775391,
    "valid_cov": 0.9921875
}