{
    "train_f1": 0.9565449357032776,
    "train_prob": 0.8470556139945984,
    "train_cov": 0.9921875,
    "valid_f1": 0.960768461227417,
    "valid_prob": 0.8327233791351318,
    "valid_cov": 0.99609375
}