{
    "train_f1": 0.9632153511047363,
    "train_prob": 0.8566736578941345,
    "train_cov": 0.99609375,
    "valid_f1": 0.9565684795379639,
    "valid_prob": 0.872435450553894,
    "valid_cov": 0.9921875
}