{
    "train_f1": 0.946291446685791,
    "train_prob": 0.8392569422721863,
    "train_cov": 0.98828125,
    "valid_f1": 0.9635922312736511,
    "valid_prob": 0.8600611090660095,
    "valid_cov": 0.99609375
}