{
    "train_f1": 0.9609397053718567,
    "train_prob": 0.8478323817253113,
    "train_cov": 0.98828125,
    "valid_f1": 0.9677295088768005,
    "valid_prob": 0.8515418171882629,
    "valid_cov": 0.99609375
}