{
    "train_f1": 0.9650989174842834,
    "train_prob": 0.8550630211830139,
    "train_cov": 0.99609375,
    "valid_f1": 0.9593279361724854,
    "valid_prob": 0.8536984920501709,
    "valid_cov": 0.99609375
}