{
    "train_f1": 0.9601548314094543,
    "train_prob": 0.8616647720336914,
    "train_cov": 0.98828125,
    "valid_f1": 0.965320348739624,
    "valid_prob": 0.8484951257705688,
    "valid_cov": 0.98828125
}