{
    "train_f1": 0.9622148275375366,
    "train_prob": 0.8324560523033142,
    "train_cov": 1.0,
    "valid_f1": 0.9582988619804382,
    "valid_prob": 0.8584532737731934,
    "valid_cov": 0.98828125
}