{
    "train_f1": 0.847188413143158,
    "train_prob": 0.4590848684310913,
    "train_cov": 1.0,
    "valid_f1": 0.7952931523323059,
    "valid_prob": 0.45723670721054077,
    "valid_cov": 0.9921875
}