{
    "train_f1": 0.9453982710838318,
    "train_prob": 0.8566436767578125,
    "train_cov": 0.9921875,
    "valid_f1": 0.9723824262619019,
    "valid_prob": 0.879302978515625,
    "valid_cov": 1.0
}