{
    "train_f1": 0.961833119392395,
    "train_prob": 0.8587198853492737,
    "train_cov": 0.99609375,
    "valid_f1": 0.9549452662467957,
    "valid_prob": 0.8305768370628357,
    "valid_cov": 0.9921875
}