{
    "train_f1": 0.9707451462745667,
    "train_prob": 0.8793492317199707,
    "train_cov": 1.0,
    "valid_f1": 0.9683292508125305,
    "valid_prob": 0.8771852254867554,
    "valid_cov": 0.99609375
}