{
    "train_f1": 0.9643971920013428,
    "train_prob": 0.8706903457641602,
    "train_cov": 1.0,
    "valid_f1": 0.9624599814414978,
    "valid_prob": 0.8559113144874573,
    "valid_cov": 0.98828125
}