{
    "train_f1": 0.9475643038749695,
    "train_prob": 0.8651208281517029,
    "train_cov": 0.9921875,
    "valid_f1": 0.9625433683395386,
    "valid_prob": 0.8547133207321167,
    "valid_cov": 0.9921875
}