{
    "train_f1": 0.9504572749137878,
    "train_prob": 0.8636206388473511,
    "train_cov": 0.99609375,
    "valid_f1": 0.9571672081947327,
    "valid_prob": 0.8547933101654053,
    "valid_cov": 0.99609375
}