{
    "train_f1": 0.9436913132667542,
    "train_prob": 0.8599748611450195,
    "train_cov": 0.99609375,
    "valid_f1": 0.948732852935791,
    "valid_prob": 0.8802652955055237,
    "valid_cov": 0.9921875
}