{
    "train_f1": 0.9652815461158752,
    "train_prob": 0.8776764273643494,
    "train_cov": 0.99609375,
    "valid_f1": 0.9567900896072388,
    "valid_prob": 0.8640080094337463,
    "valid_cov": 0.9921875
}