{
    "train_f1": 0.9504217505455017,
    "train_prob": 0.8572432994842529,
    "train_cov": 0.98828125,
    "valid_f1": 0.9526672959327698,
    "valid_prob": 0.8562488555908203,
    "valid_cov": 0.9921875
}