{
    "train_f1": 0.9511322975158691,
    "train_prob": 0.8496302366256714,
    "train_cov": 0.984375,
    "valid_f1": 0.96513831615448,
    "valid_prob": 0.8606796860694885,
    "valid_cov": 1.0
}