{
    "train_f1": 0.8305513262748718,
    "train_prob": 0.4101172089576721,
    "train_cov": 1.0,
    "valid_f1": 0.8370913863182068,
    "valid_prob": 0.4619729220867157,
    "valid_cov": 0.9921875
}