{
    "train_f1": 0.9559847712516785,
    "train_prob": 0.8632827997207642,
    "train_cov": 1.0,
    "valid_f1": 0.9461277723312378,
    "valid_prob": 0.8864839673042297,
    "valid_cov": 0.98828125
}