{
    "train_f1": 0.9580458402633667,
    "train_prob": 0.8644768595695496,
    "train_cov": 0.99609375,
    "valid_f1": 0.9589228630065918,
    "valid_prob": 0.8343896865844727,
    "valid_cov": 0.9921875
}