{
    "train_f1": 0.9642580151557922,
    "train_prob": 0.8549504280090332,
    "train_cov": 0.99609375,
    "valid_f1": 0.9688857793807983,
    "valid_prob": 0.838692307472229,
    "valid_cov": 1.0
}