{
    "train_f1": 0.951314389705658,
    "train_prob": 0.8506291508674622,
    "train_cov": 0.9921875,
    "valid_f1": 0.9707527756690979,
    "valid_prob": 0.8717866539955139,
    "valid_cov": 1.0
}