{
    "train_f1": 0.9506027102470398,
    "train_prob": 0.8843142986297607,
    "train_cov": 0.98046875,
    "valid_f1": 0.9617119431495667,
    "valid_prob": 0.8646734952926636,
    "valid_cov": 0.9921875
}