{
    "train_f1": 0.9688982963562012,
    "train_prob": 0.8698520064353943,
    "train_cov": 1.0,
    "valid_f1": 0.9620624780654907,
    "valid_prob": 0.8889493346214294,
    "valid_cov": 0.9921875
}