{
    "train_f1": 0.9648076295852661,
    "train_prob": 0.8456684350967407,
    "train_cov": 1.0,
    "valid_f1": 0.961005687713623,
    "valid_prob": 0.8601230978965759,
    "valid_cov": 0.9921875
}