{
    "train_f1": 0.9519754648208618,
    "train_prob": 0.8714706897735596,
    "train_cov": 0.98828125,
    "valid_f1": 0.9612213373184204,
    "valid_prob": 0.8567366003990173,
    "valid_cov": 0.99609375
}