{
    "train_f1": 0.9699357748031616,
    "train_prob": 0.9127346873283386,
    "train_cov": 0.9921875,
    "valid_f1": 0.9519208073616028,
    "valid_prob": 0.861308753490448,
    "valid_cov": 0.9921875
}