{
    "train_f1": 0.9567934274673462,
    "train_prob": 0.8850606083869934,
    "train_cov": 0.98828125,
    "valid_f1": 0.9590264558792114,
    "valid_prob": 0.8913636207580566,
    "valid_cov": 0.99609375
}