{
    "train_f1": 0.8292531967163086,
    "train_prob": 0.586469292640686,
    "train_cov": 0.9921875,
    "valid_f1": 0.8005480170249939,
    "valid_prob": 0.5683873891830444,
    "valid_cov": 0.9921875
}