{
    "train_f1": 0.965960681438446,
    "train_prob": 0.8787242770195007,
    "train_cov": 0.99609375,
    "valid_f1": 0.9722603559494019,
    "valid_prob": 0.90045166015625,
    "valid_cov": 0.99609375
}