{
    "train_f1": 0.9423117637634277,
    "train_prob": 0.8638736605644226,
    "train_cov": 0.9921875,
    "valid_f1": 0.9432996511459351,
    "valid_prob": 0.854637622833252,
    "valid_cov": 0.984375
}