{
    "train_f1": 0.9489380121231079,
    "train_prob": 0.8812894225120544,
    "train_cov": 0.98828125,
    "valid_f1": 0.96156907081604,
    "valid_prob": 0.8917770385742188,
    "valid_cov": 1.0
}