{
    "train_f1": 0.9559720754623413,
    "train_prob": 0.8712934255599976,
    "train_cov": 0.99609375,
    "valid_f1": 0.9623720645904541,
    "valid_prob": 0.85711270570755,
    "valid_cov": 1.0
}