{
    "train_f1": 0.9508297443389893,
    "train_prob": 0.8783615827560425,
    "train_cov": 0.99609375,
    "valid_f1": 0.9564425945281982,
    "valid_prob": 0.8811789751052856,
    "valid_cov": 0.99609375
}