{
    "train_f1": 0.9389602541923523,
    "train_prob": 0.8663218021392822,
    "train_cov": 0.984375,
    "valid_f1": 0.9581064581871033,
    "valid_prob": 0.8661373257637024,
    "valid_cov": 1.0
}