{
    "train_f1": 0.9466394186019897,
    "train_prob": 0.841708779335022,
    "train_cov": 1.0,
    "valid_f1": 0.9374884366989136,
    "valid_prob": 0.8666670322418213,
    "valid_cov": 0.98046875
}