{
    "train_f1": 0.9637961387634277,
    "train_prob": 0.8629101514816284,
    "train_cov": 1.0,
    "valid_f1": 0.9508628845214844,
    "valid_prob": 0.8719290494918823,
    "valid_cov": 0.98828125
}