{
    "train_f1": 0.9475699663162231,
    "train_prob": 0.8793866038322449,
    "train_cov": 0.9921875,
    "valid_f1": 0.9591570496559143,
    "valid_prob": 0.8768134713172913,
    "valid_cov": 1.0
}