{
    "train_f1": 0.9671839475631714,
    "train_prob": 0.8825947046279907,
    "train_cov": 0.99609375,
    "valid_f1": 0.9618954062461853,
    "valid_prob": 0.8552195429801941,
    "valid_cov": 1.0
}