{
    "train_f1": 0.8282806277275085,
    "train_prob": 0.4955216646194458,
    "train_cov": 1.0,
    "valid_f1": 0.7673566937446594,
    "valid_prob": 0.4847186803817749,
    "valid_cov": 1.0
}