{
    "train_f1": 0.9550409317016602,
    "train_prob": 0.8755068778991699,
    "train_cov": 0.98828125,
    "valid_f1": 0.965898871421814,
    "valid_prob": 0.8969857096672058,
    "valid_cov": 0.9921875
}