{
    "train_f1": 0.9447891712188721,
    "train_prob": 0.8543146252632141,
    "train_cov": 0.9921875,
    "valid_f1": 0.9478113651275635,
    "valid_prob": 0.848266065120697,
    "valid_cov": 0.9921875
}