{
    "train_f1": 0.9638500809669495,
    "train_prob": 0.8569360971450806,
    "train_cov": 0.99609375,
    "valid_f1": 0.9728456139564514,
    "valid_prob": 0.8838604092597961,
    "valid_cov": 0.99609375
}