{
    "train_f1": 0.9631405472755432,
    "train_prob": 0.8766818046569824,
    "train_cov": 1.0,
    "valid_f1": 0.9594539403915405,
    "valid_prob": 0.8735846877098083,
    "valid_cov": 0.98828125
}