{
    "train_f1": 0.9576315879821777,
    "train_prob": 0.8644353151321411,
    "train_cov": 0.99609375,
    "valid_f1": 0.9560496807098389,
    "valid_prob": 0.8664242029190063,
    "valid_cov": 0.984375
}