{
    "train_f1": 0.970160961151123,
    "train_prob": 0.9052022099494934,
    "train_cov": 1.0,
    "valid_f1": 0.9691802859306335,
    "valid_prob": 0.8697918653488159,
    "valid_cov": 0.99609375
}