{
    "train_f1": 0.9683157205581665,
    "train_prob": 0.8779757618904114,
    "train_cov": 1.0,
    "valid_f1": 0.9690380096435547,
    "valid_prob": 0.9036925435066223,
    "valid_cov": 0.99609375
}