{
    "train_f1": 0.9603945016860962,
    "train_prob": 0.88653963804245,
    "train_cov": 0.98828125,
    "valid_f1": 0.972465455532074,
    "valid_prob": 0.8764228820800781,
    "valid_cov": 0.99609375
}