{
    "train_f1": 0.9552615880966187,
    "train_prob": 0.8844960331916809,
    "train_cov": 0.98828125,
    "valid_f1": 0.9532010555267334,
    "valid_prob": 0.8432557582855225,
    "valid_cov": 0.99609375
}