{
    "train_f1": 0.9648642539978027,
    "train_prob": 0.8767528533935547,
    "train_cov": 0.99609375,
    "valid_f1": 0.9586889147758484,
    "valid_prob": 0.8615304827690125,
    "valid_cov": 0.9921875
}