{
    "train_f1": 0.7845616340637207,
    "train_prob": 0.46895915269851685,
    "train_cov": 1.0,
    "valid_f1": 0.8020962476730347,
    "valid_prob": 0.5268898606300354,
    "valid_cov": 1.0
}