{
    "train_f1": 0.9666261076927185,
    "train_prob": 0.8824360370635986,
    "train_cov": 0.98828125,
    "valid_f1": 0.9643923044204712,
    "valid_prob": 0.864257276058197,
    "valid_cov": 0.99609375
}