{
    "train_f1": 0.9629009366035461,
    "train_prob": 0.8573465347290039,
    "train_cov": 0.98828125,
    "valid_f1": 0.9561600685119629,
    "valid_prob": 0.8451919555664062,
    "valid_cov": 0.9921875
}