{
    "train_f1": 0.9702063202857971,
    "train_prob": 0.9034876823425293,
    "train_cov": 0.9921875,
    "valid_f1": 0.972568929195404,
    "valid_prob": 0.8801631927490234,
    "valid_cov": 1.0
}