{
    "train_f1": 0.9605526328086853,
    "train_prob": 0.8738154172897339,
    "train_cov": 1.0,
    "valid_f1": 0.9699156284332275,
    "valid_prob": 0.8696800470352173,
    "valid_cov": 0.99609375
}