{
    "train_f1": 0.9590180516242981,
    "train_prob": 0.8564127683639526,
    "train_cov": 0.9921875,
    "valid_f1": 0.9650462865829468,
    "valid_prob": 0.887872576713562,
    "valid_cov": 0.984375
}