{
    "train_f1": 0.9552109241485596,
    "train_prob": 0.8548698425292969,
    "train_cov": 0.9921875,
    "valid_f1": 0.9598491787910461,
    "valid_prob": 0.8630521893501282,
    "valid_cov": 0.9921875
}