{
    "train_f1": 0.9515727758407593,
    "train_prob": 0.8363208770751953,
    "train_cov": 0.984375,
    "valid_f1": 0.9515326023101807,
    "valid_prob": 0.8471623063087463,
    "valid_cov": 0.98828125
}