{
    "train_f1": 0.9585905075073242,
    "train_prob": 0.8471319675445557,
    "train_cov": 0.9921875,
    "valid_f1": 0.9649953842163086,
    "valid_prob": 0.848999559879303,
    "valid_cov": 1.0
}