{
    "train_f1": 0.9611449241638184,
    "train_prob": 0.8618183135986328,
    "train_cov": 1.0,
    "valid_f1": 0.9669395089149475,
    "valid_prob": 0.8986033201217651,
    "valid_cov": 0.9921875
}