{
    "train_f1": 0.9654310941696167,
    "train_prob": 0.9050143361091614,
    "train_cov": 0.9921875,
    "valid_f1": 0.9666264653205872,
    "valid_prob": 0.8755676746368408,
    "valid_cov": 0.9921875
}