{
    "train_f1": 0.8089350461959839,
    "train_prob": 0.5628342628479004,
    "train_cov": 0.9921875,
    "valid_f1": 0.8462943434715271,
    "valid_prob": 0.6378941535949707,
    "valid_cov": 0.9921875
}