{
    "train_f1": 0.7008911371231079,
    "train_prob": 0.016601301729679108,
    "train_cov": 1.0,
    "valid_f1": 0.6197065711021423,
    "valid_prob": 0.012013974599540234,
    "valid_cov": 1.0
}