{
    "train_f1": 0.970366358757019,
    "train_prob": 0.8794990181922913,
    "train_cov": 0.99609375,
    "valid_f1": 0.9501134157180786,
    "valid_prob": 0.8643288612365723,
    "valid_cov": 0.9921875
}