{
    "train_f1": 0.9713588953018188,
    "train_prob": 0.898181676864624,
    "train_cov": 0.9921875,
    "valid_f1": 0.9695212244987488,
    "valid_prob": 0.8668040037155151,
    "valid_cov": 0.99609375
}