{
    "train_f1": 0.9615762233734131,
    "train_prob": 0.8808869123458862,
    "train_cov": 0.98828125,
    "valid_f1": 0.9580073356628418,
    "valid_prob": 0.862239420413971,
    "valid_cov": 0.99609375
}