{
    "train_f1": 0.9482390880584717,
    "train_prob": 0.8824831247329712,
    "train_cov": 0.9765625,
    "valid_f1": 0.980276882648468,
    "valid_prob": 0.9090997576713562,
    "valid_cov": 1.0
}