{
    "train_f1": 0.9469131827354431,
    "train_prob": 0.87936931848526,
    "train_cov": 0.98046875,
    "valid_f1": 0.9540359377861023,
    "valid_prob": 0.8414493203163147,
    "valid_cov": 0.98828125
}