{
    "train_f1": 0.9592271447181702,
    "train_prob": 0.8784086108207703,
    "train_cov": 0.9921875,
    "valid_f1": 0.9643628001213074,
    "valid_prob": 0.8583638668060303,
    "valid_cov": 0.9921875
}