{
    "train_f1": 0.9564285278320312,
    "train_prob": 0.8666270971298218,
    "train_cov": 0.99609375,
    "valid_f1": 0.9574652910232544,
    "valid_prob": 0.8876510858535767,
    "valid_cov": 0.98828125
}