{
    "train_f1": 0.9615683555603027,
    "train_prob": 0.8928545713424683,
    "train_cov": 1.0,
    "valid_f1": 0.9585907459259033,
    "valid_prob": 0.8923647403717041,
    "valid_cov": 0.99609375
}