{
    "train_f1": 0.9644989967346191,
    "train_prob": 0.8889298439025879,
    "train_cov": 0.9921875,
    "valid_f1": 0.9629684090614319,
    "valid_prob": 0.8780296444892883,
    "valid_cov": 0.99609375
}