{
    "train_f1": 0.9745664596557617,
    "train_prob": 0.8927748799324036,
    "train_cov": 1.0,
    "valid_f1": 0.9703735709190369,
    "valid_prob": 0.8618841767311096,
    "valid_cov": 1.0
}