{
    "train_f1": 0.8591670393943787,
    "train_prob": 0.5383453965187073,
    "train_cov": 0.9921875,
    "valid_f1": 0.8434376120567322,
    "valid_prob": 0.5415729284286499,
    "valid_cov": 1.0
}