{
    "train_f1": 0.9596693515777588,
    "train_prob": 0.8969382643699646,
    "train_cov": 0.9921875,
    "valid_f1": 0.958945095539093,
    "valid_prob": 0.8638477325439453,
    "valid_cov": 0.9921875
}