{
    "train_f1": 0.952674925327301,
    "train_prob": 0.8804779648780823,
    "train_cov": 0.99609375,
    "valid_f1": 0.9628636240959167,
    "valid_prob": 0.9011358022689819,
    "valid_cov": 0.9921875
}