{
    "train_f1": 0.9541028141975403,
    "train_prob": 0.8805460333824158,
    "train_cov": 0.9921875,
    "valid_f1": 0.9594417810440063,
    "valid_prob": 0.8824542760848999,
    "valid_cov": 1.0
}