{
    "train_f1": 0.9653531908988953,
    "train_prob": 0.8995743989944458,
    "train_cov": 0.99609375,
    "valid_f1": 0.9674459099769592,
    "valid_prob": 0.9024669528007507,
    "valid_cov": 0.99609375
}