{
    "train_f1": 0.9695804119110107,
    "train_prob": 0.9020261168479919,
    "train_cov": 1.0,
    "valid_f1": 0.964205265045166,
    "valid_prob": 0.918632984161377,
    "valid_cov": 0.9921875
}