{
    "train_f1": 0.9775082468986511,
    "train_prob": 0.9174749255180359,
    "train_cov": 0.99609375,
    "valid_f1": 0.9645694494247437,
    "valid_prob": 0.8939117789268494,
    "valid_cov": 1.0
}