{
    "train_f1": 0.954444944858551,
    "train_prob": 0.876187264919281,
    "train_cov": 0.9921875,
    "valid_f1": 0.9612893462181091,
    "valid_prob": 0.8971633911132812,
    "valid_cov": 0.9921875
}