{
    "train_f1": 0.9593502283096313,
    "train_prob": 0.8963790535926819,
    "train_cov": 0.9921875,
    "valid_f1": 0.9546398520469666,
    "valid_prob": 0.8960316181182861,
    "valid_cov": 0.984375
}