{
    "train_f1": 0.9722598195075989,
    "train_prob": 0.8835224509239197,
    "train_cov": 0.9921875,
    "valid_f1": 0.9686026573181152,
    "valid_prob": 0.8661325573921204,
    "valid_cov": 0.9921875
}