{
    "train_f1": 0.955695390701294,
    "train_prob": 0.8593071699142456,
    "train_cov": 1.0,
    "valid_f1": 0.9664400815963745,
    "valid_prob": 0.8550664186477661,
    "valid_cov": 1.0
}