{
    "train_f1": 0.8589471578598022,
    "train_prob": 0.6127333641052246,
    "train_cov": 1.0,
    "valid_f1": 0.8206467628479004,
    "valid_prob": 0.6327144503593445,
    "valid_cov": 0.9921875
}