{
    "train_f1": 0.9565785527229309,
    "train_prob": 0.8606205582618713,
    "train_cov": 0.9921875,
    "valid_f1": 0.9569752216339111,
    "valid_prob": 0.8912664651870728,
    "valid_cov": 0.9921875
}