{
    "train_f1": 0.9610036015510559,
    "train_prob": 0.891006350517273,
    "train_cov": 0.98828125,
    "valid_f1": 0.9631524085998535,
    "valid_prob": 0.902814507484436,
    "valid_cov": 0.9921875
}