{
    "train_f1": 0.9595562219619751,
    "train_prob": 0.9040953516960144,
    "train_cov": 0.9921875,
    "valid_f1": 0.9602100253105164,
    "valid_prob": 0.8856176137924194,
    "valid_cov": 0.9921875
}