{
    "train_f1": 0.9607058167457581,
    "train_prob": 0.8678606748580933,
    "train_cov": 1.0,
    "valid_f1": 0.9737509489059448,
    "valid_prob": 0.8694263696670532,
    "valid_cov": 0.99609375
}