{
    "train_f1": 0.9732893705368042,
    "train_prob": 0.9146435260772705,
    "train_cov": 0.99609375,
    "valid_f1": 0.9592519998550415,
    "valid_prob": 0.8834611773490906,
    "valid_cov": 0.984375
}