{
    "train_f1": 0.9615998864173889,
    "train_prob": 0.8603206276893616,
    "train_cov": 0.9921875,
    "valid_f1": 0.9658228754997253,
    "valid_prob": 0.8456459641456604,
    "valid_cov": 0.99609375
}