{
    "train_f1": 0.9592605233192444,
    "train_prob": 0.864429235458374,
    "train_cov": 0.9921875,
    "valid_f1": 0.9667124152183533,
    "valid_prob": 0.8665861487388611,
    "valid_cov": 0.9921875
}