{
    "train_f1": 0.9390822052955627,
    "train_prob": 0.7779367566108704,
    "train_cov": 0.9921875,
    "valid_f1": 0.9436852931976318,
    "valid_prob": 0.8156235218048096,
    "valid_cov": 1.0
}