{
    "train_f1": 0.9286903738975525,
    "train_prob": 0.7815104126930237,
    "train_cov": 0.9921875,
    "valid_f1": 0.9387174248695374,
    "valid_prob": 0.7734493017196655,
    "valid_cov": 1.0
}