{
    "train_f1": 0.9543662071228027,
    "train_prob": 0.8601125478744507,
    "train_cov": 1.0,
    "valid_f1": 0.9531485438346863,
    "valid_prob": 0.7839428782463074,
    "valid_cov": 0.99609375
}