{
    "train_f1": 0.8320583701133728,
    "train_prob": 0.6631650924682617,
    "train_cov": 0.9921875,
    "valid_f1": 0.8163049221038818,
    "valid_prob": 0.6311985850334167,
    "valid_cov": 0.9921875
}