{
    "train_f1": 0.9545249342918396,
    "train_prob": 0.8185015320777893,
    "train_cov": 1.0,
    "valid_f1": 0.9453318119049072,
    "valid_prob": 0.8447173237800598,
    "valid_cov": 0.984375
}