{
    "train_f1": 0.954982578754425,
    "train_prob": 0.8535177707672119,
    "train_cov": 0.9921875,
    "valid_f1": 0.9394842386245728,
    "valid_prob": 0.817470133304596,
    "valid_cov": 0.99609375
}