{
    "train_f1": 0.9636058211326599,
    "train_prob": 0.8268175721168518,
    "train_cov": 0.99609375,
    "valid_f1": 0.9654679894447327,
    "valid_prob": 0.8368788957595825,
    "valid_cov": 0.99609375
}