{
    "train_f1": 0.9582521915435791,
    "train_prob": 0.8406860828399658,
    "train_cov": 0.98828125,
    "valid_f1": 0.955848753452301,
    "valid_prob": 0.8207424879074097,
    "valid_cov": 0.9921875
}