{
    "train_f1": 0.9396018385887146,
    "train_prob": 0.8477723002433777,
    "train_cov": 0.97265625,
    "valid_f1": 0.9637283682823181,
    "valid_prob": 0.8518762588500977,
    "valid_cov": 1.0
}