{
    "train_f1": 0.9578343033790588,
    "train_prob": 0.8638599514961243,
    "train_cov": 0.98828125,
    "valid_f1": 0.9656401872634888,
    "valid_prob": 0.8674618601799011,
    "valid_cov": 1.0
}