{
    "train_f1": 0.9767075777053833,
    "train_prob": 0.8561663627624512,
    "train_cov": 1.0,
    "valid_f1": 0.9685376882553101,
    "valid_prob": 0.8497174382209778,
    "valid_cov": 0.99609375
}