{
    "train_f1": 0.960308849811554,
    "train_prob": 0.8931533098220825,
    "train_cov": 0.984375,
    "valid_f1": 0.9599809646606445,
    "valid_prob": 0.8511343002319336,
    "valid_cov": 0.9921875
}