{
    "train_f1": 0.9697760343551636,
    "train_prob": 0.8698365688323975,
    "train_cov": 0.99609375,
    "valid_f1": 0.9695534706115723,
    "valid_prob": 0.8914427161216736,
    "valid_cov": 0.9921875
}