{
    "train_f1": 0.9692733883857727,
    "train_prob": 0.8789147138595581,
    "train_cov": 1.0,
    "valid_f1": 0.9691083431243896,
    "valid_prob": 0.9026070833206177,
    "valid_cov": 0.98828125
}