{
    "train_f1": 0.8380461931228638,
    "train_prob": 0.6531938910484314,
    "train_cov": 1.0,
    "valid_f1": 0.8113880157470703,
    "valid_prob": 0.6706462502479553,
    "valid_cov": 1.0
}