{
    "train_f1": 0.9588502049446106,
    "train_prob": 0.8901407122612,
    "train_cov": 0.984375,
    "valid_f1": 0.9783740639686584,
    "valid_prob": 0.8931164145469666,
    "valid_cov": 1.0
}