{
    "train_f1": 0.9654912948608398,
    "train_prob": 0.8894753456115723,
    "train_cov": 0.9921875,
    "valid_f1": 0.9734539985656738,
    "valid_prob": 0.8871045708656311,
    "valid_cov": 0.99609375
}