{
    "train_f1": 0.96522057056427,
    "train_prob": 0.8818936347961426,
    "train_cov": 0.98828125,
    "valid_f1": 0.9681782126426697,
    "valid_prob": 0.8754135966300964,
    "valid_cov": 0.98828125
}