{
    "train_f1": 0.969649076461792,
    "train_prob": 0.8846181631088257,
    "train_cov": 1.0,
    "valid_f1": 0.9677633047103882,
    "valid_prob": 0.8604400157928467,
    "valid_cov": 0.99609375
}