{
    "train_f1": 0.9587665796279907,
    "train_prob": 0.891055703163147,
    "train_cov": 0.984375,
    "valid_f1": 0.9557305574417114,
    "valid_prob": 0.8802996873855591,
    "valid_cov": 0.9921875
}