{
    "train_f1": 0.9602736234664917,
    "train_prob": 0.8693882822990417,
    "train_cov": 1.0,
    "valid_f1": 0.9668655395507812,
    "valid_prob": 0.8609491586685181,
    "valid_cov": 0.99609375
}