{
    "train_f1": 0.9685667157173157,
    "train_prob": 0.8866961002349854,
    "train_cov": 0.99609375,
    "valid_f1": 0.9567726850509644,
    "valid_prob": 0.863957405090332,
    "valid_cov": 0.98828125
}