{
    "train_f1": 0.9641041159629822,
    "train_prob": 0.882038414478302,
    "train_cov": 0.9921875,
    "valid_f1": 0.9575937986373901,
    "valid_prob": 0.8720588684082031,
    "valid_cov": 0.984375
}