{
    "train_f1": 0.966718316078186,
    "train_prob": 0.8723724484443665,
    "train_cov": 0.9921875,
    "valid_f1": 0.9698392748832703,
    "valid_prob": 0.8553096652030945,
    "valid_cov": 1.0
}