{
    "train_f1": 0.9596880078315735,
    "train_prob": 0.8576924800872803,
    "train_cov": 0.9921875,
    "valid_f1": 0.9707925319671631,
    "valid_prob": 0.8698333501815796,
    "valid_cov": 0.99609375
}