{
    "train_f1": 0.8016934394836426,
    "train_prob": 0.581852912902832,
    "train_cov": 0.9921875,
    "valid_f1": 0.7683868408203125,
    "valid_prob": 0.5757461190223694,
    "valid_cov": 1.0
}