{
    "train_f1": 0.9673154950141907,
    "train_prob": 0.8640697002410889,
    "train_cov": 1.0,
    "valid_f1": 0.971481204032898,
    "valid_prob": 0.8757907152175903,
    "valid_cov": 0.9921875
}