{
    "train_f1": 0.9850319027900696,
    "train_prob": 0.8720508217811584,
    "train_cov": 1.0,
    "valid_f1": 0.9700978994369507,
    "valid_prob": 0.8628353476524353,
    "valid_cov": 1.0
}