{
    "train_f1": 0.965830385684967,
    "train_prob": 0.910710871219635,
    "train_cov": 0.98828125,
    "valid_f1": 0.9749059081077576,
    "valid_prob": 0.9080124497413635,
    "valid_cov": 0.99609375
}