{
    "train_f1": 0.9634934663772583,
    "train_prob": 0.8742401003837585,
    "train_cov": 1.0,
    "valid_f1": 0.9725757241249084,
    "valid_prob": 0.8947787880897522,
    "valid_cov": 0.99609375
}