{
    "train_f1": 0.8077411651611328,
    "train_prob": 0.6555310487747192,
    "train_cov": 0.9921875,
    "valid_f1": 0.8241229057312012,
    "valid_prob": 0.6251834630966187,
    "valid_cov": 0.9921875
}