{
    "train_f1": 0.8231527805328369,
    "train_prob": 0.6663435101509094,
    "train_cov": 0.9921875,
    "valid_f1": 0.8315696716308594,
    "valid_prob": 0.6388027667999268,
    "valid_cov": 1.0
}