{
    "train_f1": 0.8573919534683228,
    "train_prob": 0.7356182336807251,
    "train_cov": 1.0,
    "valid_f1": 0.8394253849983215,
    "valid_prob": 0.7033907175064087,
    "valid_cov": 1.0
}