{
    "train_f1": 0.8022720813751221,
    "train_prob": 0.7230620980262756,
    "train_cov": 0.9921875,
    "valid_f1": 0.7510188221931458,
    "valid_prob": 0.6326307058334351,
    "valid_cov": 0.984375
}