{
    "train_f1": 0.789540708065033,
    "train_prob": 0.7035413384437561,
    "train_cov": 0.9921875,
    "valid_f1": 0.8078652024269104,
    "valid_prob": 0.6641319990158081,
    "valid_cov": 0.9921875
}