{
    "train_f1": 0.683935821056366,
    "train_prob": 0.015244408510625362,
    "train_cov": 1.0,
    "valid_f1": 0.6790701150894165,
    "valid_prob": 0.018115054816007614,
    "valid_cov": 0.9921875
}