{
    "train_f1": 0.8734004497528076,
    "train_prob": 0.7046939134597778,
    "train_cov": 0.9921875,
    "valid_f1": 0.8454180955886841,
    "valid_prob": 0.6914714574813843,
    "valid_cov": 1.0
}