{
    "train_f1": 0.806667149066925,
    "train_prob": 0.6615210175514221,
    "train_cov": 1.0,
    "valid_f1": 0.8280975222587585,
    "valid_prob": 0.7082380056381226,
    "valid_cov": 1.0
}