{
    "train_f1": 0.8310417532920837,
    "train_prob": 0.7215219736099243,
    "train_cov": 0.9921875,
    "valid_f1": 0.8654588460922241,
    "valid_prob": 0.7594402432441711,
    "valid_cov": 1.0
}