{
    "train_f1": 0.8643783926963806,
    "train_prob": 0.7132891416549683,
    "train_cov": 0.9921875,
    "valid_f1": 0.8543614149093628,
    "valid_prob": 0.7477812767028809,
    "valid_cov": 0.9921875
}