{
    "train_f1": 0.8764128684997559,
    "train_prob": 0.7575973272323608,
    "train_cov": 1.0,
    "valid_f1": 0.8413127660751343,
    "valid_prob": 0.7604084014892578,
    "valid_cov": 0.9921875
}