{
    "train_f1": 0.8155167698860168,
    "train_prob": 0.7369382977485657,
    "train_cov": 1.0,
    "valid_f1": 0.8352240324020386,
    "valid_prob": 0.7465845942497253,
    "valid_cov": 1.0
}