{
    "train_f1": 0.8560413718223572,
    "train_prob": 0.7440433502197266,
    "train_cov": 1.0,
    "valid_f1": 0.8327521085739136,
    "valid_prob": 0.7526822090148926,
    "valid_cov": 1.0
}