{
    "train_f1": 0.8153689503669739,
    "train_prob": 0.6720905303955078,
    "train_cov": 1.0,
    "valid_f1": 0.8088592290878296,
    "valid_prob": 0.7386763691902161,
    "valid_cov": 1.0
}