{
    "train_f1": 0.8472459316253662,
    "train_prob": 0.6916699409484863,
    "train_cov": 0.9921875,
    "valid_f1": 0.8075793385505676,
    "valid_prob": 0.6609565615653992,
    "valid_cov": 0.9921875
}