{
    "train_f1": 0.8419183492660522,
    "train_prob": 0.6483440399169922,
    "train_cov": 0.9921875,
    "valid_f1": 0.8312193751335144,
    "valid_prob": 0.6871718168258667,
    "valid_cov": 0.984375
}