{
    "train_f1": 0.6919594407081604,
    "train_prob": 0.017753254622220993,
    "train_cov": 1.0,
    "valid_f1": 0.6948708891868591,
    "valid_prob": 0.03799087554216385,
    "valid_cov": 0.984375
}