{
    "train_f1": 0.7982428073883057,
    "train_prob": 0.7440718412399292,
    "train_cov": 0.984375,
    "valid_f1": 0.82285475730896,
    "valid_prob": 0.6669427752494812,
    "valid_cov": 1.0
}