{
    "train_f1": 0.8405967354774475,
    "train_prob": 0.7349992394447327,
    "train_cov": 1.0,
    "valid_f1": 0.8429374694824219,
    "valid_prob": 0.7586010098457336,
    "valid_cov": 1.0
}