{
    "train_f1": 0.8597611784934998,
    "train_prob": 0.7747321128845215,
    "train_cov": 1.0,
    "valid_f1": 0.8377819657325745,
    "valid_prob": 0.7152624726295471,
    "valid_cov": 1.0
}