{
    "train_f1": 0.8443530201911926,
    "train_prob": 0.7229025959968567,
    "train_cov": 1.0,
    "valid_f1": 0.8351944088935852,
    "valid_prob": 0.6822889447212219,
    "valid_cov": 1.0
}