{
    "train_f1": 0.8121004700660706,
    "train_prob": 0.7973459959030151,
    "train_cov": 0.9921875,
    "valid_f1": 0.8228139877319336,
    "valid_prob": 0.7100235223770142,
    "valid_cov": 0.9921875
}