{
    "train_f1": 0.873000979423523,
    "train_prob": 0.8209289312362671,
    "train_cov": 1.0,
    "valid_f1": 0.8395566940307617,
    "valid_prob": 0.8217707276344299,
    "valid_cov": 1.0
}