{
    "train_f1": 0.868043065071106,
    "train_prob": 0.7672598958015442,
    "train_cov": 1.0,
    "valid_f1": 0.8579176664352417,
    "valid_prob": 0.7499392628669739,
    "valid_cov": 1.0
}