{
    "train_f1": 0.805264949798584,
    "train_prob": 0.8081566691398621,
    "train_cov": 0.9921875,
    "valid_f1": 0.826398491859436,
    "valid_prob": 0.8006075024604797,
    "valid_cov": 0.984375
}