{
    "train_f1": 0.8234723806381226,
    "train_prob": 0.7478882074356079,
    "train_cov": 0.9921875,
    "valid_f1": 0.851239800453186,
    "valid_prob": 0.7733730673789978,
    "valid_cov": 1.0
}