{
    "train_f1": 0.8727614879608154,
    "train_prob": 0.7926607131958008,
    "train_cov": 0.9921875,
    "valid_f1": 0.8258886337280273,
    "valid_prob": 0.7320629358291626,
    "valid_cov": 1.0
}