{
    "train_f1": 0.7034986019134521,
    "train_prob": 0.01669694110751152,
    "train_cov": 1.0,
    "valid_f1": 0.6901425123214722,
    "valid_prob": 0.02315060794353485,
    "valid_cov": 0.9921875
}