{
    "train_f1": 0.855983555316925,
    "train_prob": 0.8027377128601074,
    "train_cov": 1.0,
    "valid_f1": 0.854651689529419,
    "valid_prob": 0.7849810123443604,
    "valid_cov": 0.9921875
}