{
    "train_f1": 0.8599376082420349,
    "train_prob": 0.7774795293807983,
    "train_cov": 0.9921875,
    "valid_f1": 0.8462717533111572,
    "valid_prob": 0.7797064185142517,
    "valid_cov": 0.9921875
}