{
    "train_f1": 0.8511843681335449,
    "train_prob": 0.7707470655441284,
    "train_cov": 1.0,
    "valid_f1": 0.8174225091934204,
    "valid_prob": 0.7145071029663086,
    "valid_cov": 1.0
}