{
    "train_f1": 0.8523948788642883,
    "train_prob": 0.664700448513031,
    "train_cov": 1.0,
    "valid_f1": 0.8211532831192017,
    "valid_prob": 0.7973312735557556,
    "valid_cov": 1.0
}