{
    "train_f1": 0.8466959595680237,
    "train_prob": 0.7643529772758484,
    "train_cov": 1.0,
    "valid_f1": 0.8381004929542542,
    "valid_prob": 0.7743473649024963,
    "valid_cov": 0.9921875
}