{
    "train_f1": 0.8257704973220825,
    "train_prob": 0.8181167840957642,
    "train_cov": 0.9921875,
    "valid_f1": 0.8322083950042725,
    "valid_prob": 0.7656487822532654,
    "valid_cov": 1.0
}