{
    "train_f1": 0.8635760545730591,
    "train_prob": 0.7073370218276978,
    "train_cov": 0.9921875,
    "valid_f1": 0.8318088054656982,
    "valid_prob": 0.7516629695892334,
    "valid_cov": 1.0
}