{
    "train_f1": 0.8554435968399048,
    "train_prob": 0.6960035562515259,
    "train_cov": 1.0,
    "valid_f1": 0.8278374075889587,
    "valid_prob": 0.7650232315063477,
    "valid_cov": 1.0
}