{
    "train_f1": 0.8536604642868042,
    "train_prob": 0.7514256834983826,
    "train_cov": 0.984375,
    "valid_f1": 0.8405285477638245,
    "valid_prob": 0.6604138016700745,
    "valid_cov": 0.984375
}