{
    "train_f1": 0.8464849591255188,
    "train_prob": 0.7524532079696655,
    "train_cov": 1.0,
    "valid_f1": 0.8403536081314087,
    "valid_prob": 0.7055482864379883,
    "valid_cov": 1.0
}