{
    "train_f1": 0.7469733357429504,
    "train_prob": 0.017727745696902275,
    "train_cov": 1.0,
    "valid_f1": 0.7494731545448303,
    "valid_prob": 0.033102843910455704,
    "valid_cov": 0.9921875
}