{
    "train_f1": 0.8680576086044312,
    "train_prob": 0.6957172155380249,
    "train_cov": 1.0,
    "valid_f1": 0.8084394931793213,
    "valid_prob": 0.659126877784729,
    "valid_cov": 1.0
}