{
    "train_f1": 0.8470125198364258,
    "train_prob": 0.7905649542808533,
    "train_cov": 0.9921875,
    "valid_f1": 0.8171632885932922,
    "valid_prob": 0.7239857912063599,
    "valid_cov": 0.984375
}