{
    "train_f1": 0.8782129287719727,
    "train_prob": 0.816635012626648,
    "train_cov": 1.0,
    "valid_f1": 0.8460322618484497,
    "valid_prob": 0.7431292533874512,
    "valid_cov": 0.9921875
}