{
    "train_f1": 0.8312000036239624,
    "train_prob": 0.7124648094177246,
    "train_cov": 0.9921875,
    "valid_f1": 0.8466185927391052,
    "valid_prob": 0.6936825513839722,
    "valid_cov": 0.9921875
}