{
    "train_f1": 0.8479070663452148,
    "train_prob": 0.6954615712165833,
    "train_cov": 1.0,
    "valid_f1": 0.8572313189506531,
    "valid_prob": 0.7051413655281067,
    "valid_cov": 1.0
}