{
    "train_f1": 0.8550713062286377,
    "train_prob": 0.7727391719818115,
    "train_cov": 1.0,
    "valid_f1": 0.8254075050354004,
    "valid_prob": 0.7214515805244446,
    "valid_cov": 0.9921875
}