{
    "train_f1": 0.872901439666748,
    "train_prob": 0.7334644198417664,
    "train_cov": 1.0,
    "valid_f1": 0.8503008484840393,
    "valid_prob": 0.7988187670707703,
    "valid_cov": 0.9921875
}