{
    "train_f1": 0.8618711829185486,
    "train_prob": 0.7810051441192627,
    "train_cov": 0.9921875,
    "valid_f1": 0.8434504866600037,
    "valid_prob": 0.7536858320236206,
    "valid_cov": 1.0
}