{
    "train_f1": 0.8863056302070618,
    "train_prob": 0.8118786215782166,
    "train_cov": 0.9921875,
    "valid_f1": 0.8535333871841431,
    "valid_prob": 0.7589094042778015,
    "valid_cov": 1.0
}