{
    "train_f1": 0.8705084919929504,
    "train_prob": 0.7976236343383789,
    "train_cov": 1.0,
    "valid_f1": 0.8742609620094299,
    "valid_prob": 0.8026374578475952,
    "valid_cov": 0.9921875
}