{
    "train_f1": 0.777800977230072,
    "train_prob": 0.0244375541806221,
    "train_cov": 1.0,
    "valid_f1": 0.7571904063224792,
    "valid_prob": 0.020227789878845215,
    "valid_cov": 1.0
}