{
    "train_f1": 1.5077139139175415,
    "train_prob": 16.61615753173828,
    "train_cov": 50.0,
    "valid_f1": 0.0,
    "valid_prob": 0.0,
    "valid_cov": 0.0,
    "len": 181,
    "binary_grammar": {
        "num_nt": 4,
        "num_pt": 14,
        "num_rhs": 324,
        "rule_probs": [
            [0, 0, 11, 0.018518518656492233],
            [0, 1, 4, 0.018518518656492233],
            [0, 1, 13, 0.018518518656492233],
            [0, 2, 6, 0.018518518656492233],
            [0, 2, 9, 0.018518518656492233],
            [0, 2, 15, 0.018518518656492233],
            [0, 2, 17, 0.018518518656492233],
            [0, 3, 11, 0.018518518656492233],
            [0, 3, 14, 0.018518518656492233],
            [0, 4, 2, 0.03703703731298447],
            [0, 4, 7, 0.03703703731298447],
            [0, 4, 10, 0.018518518656492233],
            [0, 5, 7, 0.018518518656492233],
            [0, 5, 11, 0.018518518656492233],
            [0, 5, 13, 0.018518518656492233],
            [0, 6, 0, 0.018518518656492233],
            [0, 6, 15, 0.018518518656492233],
            [0, 6, 16, 0.018518518656492233],
            [0, 6, 17, 0.018518518656492233],
            [0, 7, 4, 0.018518518656492233],
            [0, 8, 6, 0.018518518656492233],
            [0, 8, 8, 0.018518518656492233],
            [0, 9, 4, 0.03703703731298447],
            [0, 9, 8, 0.018518518656492233],
            [0, 10, 1, 0.018518518656492233],
            [0, 10, 2, 0.018518518656492233],
            [0, 11, 4, 0.018518518656492233],
            [0, 11, 5, 0.018518518656492233],
            [0, 11, 6, 0.018518518656492233],
            [0, 11, 14, 0.018518518656492233],
            [0, 11, 15, 0.018518518656492233],
            [0, 12, 0, 0.018518518656492233],
            [0, 12, 1, 0.018518518656492233],
            [0, 12, 10, 0.018518518656492233],
            [0, 12, 15, 0.018518518656492233],
            [0, 13, 9, 0.018518518656492233],
            [0, 13, 14, 0.018518518656492233],
            [0, 13, 17, 0.018518518656492233],
            [0, 14, 11, 0.018518518656492233],
            [0, 14, 17, 0.018518518656492233],
            [0, 15, 5, 0.03703703731298447],
            [0, 16, 0, 0.018518518656492233],
            [0, 16, 1, 0.018518518656492233],
            [0, 16, 2, 0.03703703731298447],
            [0, 16, 3, 0.018518518656492233],
            [0, 16, 6, 0.018518518656492233],
            [0, 16, 15, 0.03703703731298447],
            [0, 17, 11, 0.018518518656492233],
            [1, 1, 11, 0.04444444552063942],
            [1, 1, 17, 0.02222222276031971],
            [1, 2, 2, 0.02222222276031971],
            [1, 3, 3, 0.02222222276031971],
            [1, 3, 9, 0.04444444552063942],
            [1, 3, 13, 0.02222222276031971],
            [1, 3, 17, 0.02222222276031971],
            [1, 4, 3, 0.02222222276031971],
            [1, 4, 4, 0.02222222276031971],
            [1, 4, 7, 0.02222222276031971],
            [1, 5, 4, 0.02222222276031971],
            [1, 5, 13, 0.02222222276031971],
            [1, 5, 16, 0.02222222276031971],
            [1, 6, 4, 0.04444444552063942],
            [1, 6, 12, 0.02222222276031971],
            [1, 7, 2, 0.02222222276031971],
            [1, 7, 10, 0.02222222276031971],
            [1, 7, 17, 0.02222222276031971],
            [1, 8, 7, 0.02222222276031971],
            [1, 8, 17, 0.02222222276031971],
            [1, 9, 0, 0.02222222276031971],
            [1, 9, 1, 0.02222222276031971],
            [1, 9, 9, 0.02222222276031971],
            [1, 10, 6, 0.02222222276031971],
            [1, 11, 7, 0.02222222276031971],
            [1, 11, 15, 0.02222222276031971],
            [1, 12, 9, 0.02222222276031971],
            [1, 12, 16, 0.02222222276031971],
            [1, 13, 3, 0.02222222276031971],
            [1, 13, 12, 0.04444444552063942],
            [1, 13, 17, 0.02222222276031971],
            [1, 14, 2, 0.02222222276031971],
            [1, 14, 5, 0.04444444552063942],
            [1, 15, 0, 0.02222222276031971],
            [1, 15, 3, 0.02222222276031971],
            [1, 15, 17, 0.02222222276031971],
            [1, 16, 9, 0.02222222276031971],
            [1, 16, 11, 0.02222222276031971],
            [1, 17, 12, 0.02222222276031971],
            [1, 17, 13, 0.02222222276031971],
            [2, 0, 5, 0.019607843831181526],
            [2, 0, 8, 0.019607843831181526],
            [2, 0, 11, 0.019607843831181526],
            [2, 1, 2, 0.019607843831181526],
            [2, 1, 7, 0.019607843831181526],
            [2, 1, 8, 0.03921568766236305],
            [2, 2, 4, 0.019607843831181526],
            [2, 2, 5, 0.03921568766236305],
            [2, 2, 9, 0.019607843831181526],
            [2, 3, 12, 0.019607843831181526],
            [2, 4, 5, 0.019607843831181526],
            [2, 5, 13, 0.019607843831181526],
            [2, 6, 17, 0.019607843831181526],
            [2, 7, 5, 0.03921568766236305],
            [2, 8, 8, 0.019607843831181526],
            [2, 9, 1, 0.019607843831181526],
            [2, 9, 3, 0.019607843831181526],
            [2, 9, 11, 0.019607843831181526],
            [2, 9, 12, 0.019607843831181526],
            [2, 10, 3, 0.019607843831181526],
            [2, 10, 7, 0.019607843831181526],
            [2, 11, 2, 0.019607843831181526],
            [2, 11, 9, 0.019607843831181526],
            [2, 11, 15, 0.019607843831181526],
            [2, 12, 0, 0.03921568766236305],
            [2, 12, 4, 0.019607843831181526],
            [2, 12, 7, 0.019607843831181526],
            [2, 12, 9, 0.019607843831181526],
            [2, 12, 16, 0.019607843831181526],
            [2, 13, 9, 0.019607843831181526],
            [2, 13, 10, 0.019607843831181526],
            [2, 13, 16, 0.03921568766236305],
            [2, 14, 0, 0.03921568766236305],
            [2, 14, 4, 0.019607843831181526],
            [2, 14, 8, 0.019607843831181526],
            [2, 14, 15, 0.019607843831181526],
            [2, 14, 16, 0.019607843831181526],
            [2, 15, 2, 0.019607843831181526],
            [2, 15, 3, 0.019607843831181526],
            [2, 15, 10, 0.019607843831181526],
            [2, 15, 12, 0.019607843831181526],
            [2, 15, 14, 0.019607843831181526],
            [2, 16, 2, 0.019607843831181526],
            [2, 16, 10, 0.019607843831181526],
            [2, 17, 17, 0.019607843831181526],
            [3, 0, 7, 0.03999999910593033],
            [3, 1, 9, 0.019999999552965164],
            [3, 1, 11, 0.019999999552965164],
            [3, 1, 12, 0.019999999552965164],
            [3, 2, 13, 0.019999999552965164],
            [3, 2, 14, 0.019999999552965164],
            [3, 3, 3, 0.019999999552965164],
            [3, 3, 4, 0.019999999552965164],
            [3, 3, 15, 0.019999999552965164],
            [3, 3, 17, 0.019999999552965164],
            [3, 4, 0, 0.019999999552965164],
            [3, 4, 1, 0.019999999552965164],
            [3, 4, 14, 0.019999999552965164],
            [3, 4, 17, 0.019999999552965164],
            [3, 5, 1, 0.019999999552965164],
            [3, 5, 15, 0.019999999552965164],
            [3, 5, 16, 0.019999999552965164],
            [3, 6, 15, 0.019999999552965164],
            [3, 8, 7, 0.019999999552965164],
            [3, 9, 4, 0.019999999552965164],
            [3, 9, 5, 0.019999999552965164],
            [3, 9, 9, 0.03999999910593033],
            [3, 9, 10, 0.019999999552965164],
            [3, 9, 11, 0.019999999552965164],
            [3, 9, 14, 0.019999999552965164],
            [3, 10, 3, 0.019999999552965164],
            [3, 10, 12, 0.019999999552965164],
            [3, 11, 0, 0.019999999552965164],
            [3, 11, 11, 0.019999999552965164],
            [3, 11, 14, 0.019999999552965164],
            [3, 11, 17, 0.019999999552965164],
            [3, 12, 5, 0.019999999552965164],
            [3, 12, 11, 0.019999999552965164],
            [3, 12, 16, 0.019999999552965164],
            [3, 13, 4, 0.019999999552965164],
