{
    "train_f1": 7.797489643096924,
    "train_prob": 32.39201354980469,
    "train_cov": 56.25,
    "valid_f1": 10.0,
    "valid_prob": 17.65273094177246,
    "valid_cov": 10.0,
    "len": 178,
    "binary_grammar": {
        "num_nt": 4,
        "num_pt": 14,
        "num_rhs": 324,
        "rule_probs": [
            [0, 0, 2, 0.01923076994717121],
            [0, 0, 10, 0.03846153989434242],
            [0, 1, 1, 0.01923076994717121],
            [0, 1, 4, 0.01923076994717121],
            [0, 1, 8, 0.057692307978868484],
            [0, 1, 11, 0.01923076994717121],
            [0, 2, 13, 0.01923076994717121],
            [0, 3, 5, 0.01923076994717121],
            [0, 4, 3, 0.03846153989434242],
            [0, 4, 15, 0.01923076994717121],
            [0, 5, 2, 0.01923076994717121],
            [0, 5, 15, 0.01923076994717121],
            [0, 6, 1, 0.01923076994717121],
            [0, 6, 9, 0.01923076994717121],
            [0, 8, 4, 0.01923076994717121],
            [0, 8, 7, 0.01923076994717121],
            [0, 9, 2, 0.01923076994717121],
            [0, 9, 9, 0.01923076994717121],
            [0, 9, 12, 0.01923076994717121],
            [0, 10, 2, 0.01923076994717121],
            [0, 10, 3, 0.01923076994717121],
            [0, 10, 12, 0.01923076994717121],
            [0, 10, 14, 0.01923076994717121],
            [0, 10, 17, 0.01923076994717121],
            [0, 11, 1, 0.01923076994717121],
            [0, 11, 3, 0.01923076994717121],
            [0, 11, 5, 0.01923076994717121],
            [0, 12, 4, 0.01923076994717121],
            [0, 12, 6, 0.01923076994717121],
            [0, 12, 13, 0.01923076994717121],
            [0, 12, 14, 0.01923076994717121],
            [0, 12, 15, 0.01923076994717121],
            [0, 13, 10, 0.01923076994717121],
            [0, 14, 1, 0.01923076994717121],
            [0, 14, 2, 0.01923076994717121],
            [0, 15, 6, 0.03846153989434242],
            [0, 15, 8, 0.01923076994717121],
            [0, 15, 9, 0.01923076994717121],
            [0, 16, 3, 0.03846153989434242],
            [0, 17, 0, 0.01923076994717121],
            [0, 17, 2, 0.01923076994717121],
            [0, 17, 3, 0.01923076994717121],
            [0, 17, 4, 0.01923076994717121],
            [0, 17, 7, 0.01923076994717121],
            [0, 17, 9, 0.03846153989434242],
            [1, 0, 10, 0.019999999552965164],
            [1, 0, 16, 0.019999999552965164],
            [1, 1, 1, 0.019999999552965164],
            [1, 1, 5, 0.019999999552965164],
            [1, 1, 11, 0.019999999552965164],
            [1, 2, 9, 0.019999999552965164],
            [1, 2, 10, 0.019999999552965164],
            [1, 2, 11, 0.019999999552965164],
            [1, 2, 12, 0.019999999552965164],
            [1, 2, 17, 0.019999999552965164],
            [1, 3, 4, 0.03999999910593033],
            [1, 3, 8, 0.019999999552965164],
            [1, 3, 9, 0.03999999910593033],
            [1, 3, 14, 0.019999999552965164],
            [1, 4, 8, 0.019999999552965164],
            [1, 4, 17, 0.019999999552965164],
            [1, 5, 8, 0.019999999552965164],
            [1, 7, 12, 0.019999999552965164],
            [1, 8, 10, 0.019999999552965164],
            [1, 8, 14, 0.019999999552965164],
            [1, 9, 1, 0.019999999552965164],
            [1, 9, 7, 0.03999999910593033],
            [1, 10, 1, 0.019999999552965164],
            [1, 10, 13, 0.019999999552965164],
            [1, 12, 0, 0.019999999552965164],
            [1, 13, 0, 0.019999999552965164],
            [1, 13, 11, 0.019999999552965164],
            [1, 13, 14, 0.019999999552965164],
            [1, 13, 15, 0.019999999552965164],
            [1, 14, 6, 0.019999999552965164],
            [1, 14, 13, 0.019999999552965164],
            [1, 14, 17, 0.019999999552965164],
            [1, 15, 3, 0.019999999552965164],
            [1, 15, 7, 0.019999999552965164],
            [1, 15, 12, 0.019999999552965164],
            [1, 15, 16, 0.019999999552965164],
            [1, 16, 0, 0.019999999552965164],
            [1, 16, 3, 0.019999999552965164],
            [1, 16, 6, 0.019999999552965164],
            [1, 16, 8, 0.019999999552965164],
            [1, 16, 16, 0.03999999910593033],
            [1, 17, 8, 0.019999999552965164],
            [1, 17, 10, 0.019999999552965164],
            [1, 17, 12, 0.05999999865889549],
            [2, 1, 3, 0.021739130839705467],
            [2, 1, 13, 0.043478261679410934],
            [2, 3, 4, 0.021739130839705467],
            [2, 3, 14, 0.021739130839705467],
            [2, 4, 10, 0.021739130839705467],
            [2, 5, 1, 0.021739130839705467],
            [2, 5, 13, 0.021739130839705467],
            [2, 6, 1, 0.043478261679410934],
            [2, 6, 5, 0.021739130839705467],
            [2, 6, 10, 0.021739130839705467],
            [2, 6, 13, 0.021739130839705467],
            [2, 6, 17, 0.021739130839705467],
            [2, 7, 4, 0.021739130839705467],
            [2, 7, 9, 0.021739130839705467],
            [2, 7, 12, 0.021739130839705467],
            [2, 7, 13, 0.021739130839705467],
            [2, 8, 0, 0.021739130839705467],
            [2, 8, 4, 0.021739130839705467],
            [2, 8, 8, 0.021739130839705467],
            [2, 8, 13, 0.021739130839705467],
            [2, 9, 1, 0.021739130839705467],
            [2, 9, 3, 0.021739130839705467],
            [2, 9, 14, 0.021739130839705467],
            [2, 10, 1, 0.043478261679410934],
            [2, 10, 10, 0.043478261679410934],
            [2, 10, 15, 0.021739130839705467],
            [2, 11, 10, 0.021739130839705467],
            [2, 12, 2, 0.043478261679410934],
            [2, 12, 3, 0.021739130839705467],
            [2, 12, 11, 0.043478261679410934],
            [2, 13, 12, 0.021739130839705467],
            [2, 14, 13, 0.021739130839705467],
            [2, 14, 15, 0.021739130839705467],
            [2, 14, 17, 0.021739130839705467],
            [2, 15, 14, 0.021739130839705467],
            [2, 15, 16, 0.021739130839705467],
            [2, 15, 17, 0.021739130839705467],
            [2, 16, 15, 0.021739130839705467],
            [2, 16, 16, 0.021739130839705467],
            [2, 17, 5, 0.021739130839705467],
            [3, 0, 11, 0.01923076994717121],
            [3, 0, 12, 0.01923076994717121],
            [3, 0, 16, 0.01923076994717121],
            [3, 1, 13, 0.01923076994717121],
            [3, 1, 15, 0.01923076994717121],
            [3, 1, 17, 0.01923076994717121],
            [3, 2, 3, 0.01923076994717121],
            [3, 2, 4, 0.01923076994717121],
            [3, 3, 12, 0.01923076994717121],
            [3, 4, 8, 0.01923076994717121],
            [3, 4, 13, 0.01923076994717121],
            [3, 5, 0, 0.03846153989434242],
            [3, 5, 1, 0.01923076994717121],
            [3, 5, 3, 0.01923076994717121],
            [3, 5, 5, 0.01923076994717121],
            [3, 5, 16, 0.01923076994717121],
            [3, 5, 17, 0.01923076994717121],
            [3, 6, 1, 0.01923076994717121],
            [3, 6, 6, 0.01923076994717121],
            [3, 6, 12, 0.01923076994717121],
            [3, 7, 0, 0.01923076994717121],
            [3, 7, 7, 0.01923076994717121],
            [3, 7, 11, 0.01923076994717121],
            [3, 7, 12, 0.01923076994717121],
            [3, 7, 14, 0.01923076994717121],
            [3, 7, 17, 0.01923076994717121],
            [3, 8, 17, 0.01923076994717121],
            [3, 9, 10, 0.01923076994717121],
            [3, 9, 15, 0.01923076994717121],
            [3, 9, 16, 0.01923076994717121],
            [3, 10, 8, 0.01923076994717121],
            [3, 10, 10, 0.01923076994717121],
            [3, 11, 17, 0.01923076994717121],
            [3, 12, 7, 0.01923076994717121],
            [3, 12, 8, 0.01923076994717121],
            [3, 12, 11, 0.01923076994717121],
            [3, 12, 13, 0.03846153989434242],
            [3, 12, 15, 0.01923076994717121],
            [3, 13, 2, 0.01923076994717121],
            [3, 13, 10, 0.01923076994717121],
