{
    "train_f1": 4.662508964538574,
    "train_prob": 37.111572265625,
    "train_cov": 87.5,
    "valid_f1": 0.0,
    "valid_prob": 0.0,
    "valid_cov": 0.0,
    "len": 188,
    "binary_grammar": {
        "num_nt": 4,
        "num_pt": 14,
        "num_rhs": 324,
        "rule_probs": [
            [0, 0, 9, 0.019607843831181526],
            [0, 0, 10, 0.019607843831181526],
            [0, 0, 14, 0.019607843831181526],
            [0, 0, 16, 0.019607843831181526],
            [0, 1, 0, 0.019607843831181526],
            [0, 1, 6, 0.019607843831181526],
            [0, 1, 7, 0.019607843831181526],
            [0, 1, 11, 0.019607843831181526],
            [0, 1, 12, 0.019607843831181526],
            [0, 1, 13, 0.03921568766236305],
            [0, 1, 15, 0.019607843831181526],
            [0, 2, 3, 0.019607843831181526],
            [0, 2, 6, 0.019607843831181526],
            [0, 2, 8, 0.019607843831181526],
            [0, 2, 15, 0.019607843831181526],
            [0, 3, 16, 0.019607843831181526],
            [0, 4, 3, 0.019607843831181526],
            [0, 4, 5, 0.019607843831181526],
            [0, 4, 9, 0.019607843831181526],
            [0, 5, 7, 0.019607843831181526],
            [0, 6, 7, 0.019607843831181526],
            [0, 7, 0, 0.019607843831181526],
            [0, 7, 13, 0.03921568766236305],
            [0, 7, 14, 0.019607843831181526],
            [0, 7, 16, 0.019607843831181526],
            [0, 8, 4, 0.019607843831181526],
            [0, 8, 6, 0.019607843831181526],
            [0, 8, 13, 0.019607843831181526],
            [0, 8, 17, 0.019607843831181526],
            [0, 9, 7, 0.019607843831181526],
            [0, 9, 10, 0.019607843831181526],
            [0, 10, 11, 0.019607843831181526],
            [0, 11, 5, 0.019607843831181526],
            [0, 11, 15, 0.019607843831181526],
            [0, 12, 1, 0.019607843831181526],
            [0, 12, 4, 0.03921568766236305],
            [0, 12, 17, 0.019607843831181526],
            [0, 13, 3, 0.019607843831181526],
            [0, 13, 8, 0.019607843831181526],
            [0, 14, 2, 0.019607843831181526],
            [0, 14, 17, 0.019607843831181526],
            [0, 15, 4, 0.019607843831181526],
            [0, 15, 5, 0.019607843831181526],
            [0, 15, 6, 0.019607843831181526],
            [0, 15, 7, 0.019607843831181526],
            [0, 16, 7, 0.019607843831181526],
            [0, 17, 3, 0.019607843831181526],
            [0, 17, 7, 0.019607843831181526],
            [1, 0, 5, 0.023255813866853714],
            [1, 0, 14, 0.023255813866853714],
            [1, 1, 1, 0.023255813866853714],
            [1, 1, 7, 0.023255813866853714],
            [1, 2, 4, 0.023255813866853714],
            [1, 2, 17, 0.023255813866853714],
            [1, 3, 6, 0.023255813866853714],
            [1, 3, 8, 0.023255813866853714],
            [1, 5, 16, 0.023255813866853714],
            [1, 6, 11, 0.023255813866853714],
            [1, 6, 15, 0.023255813866853714],
            [1, 7, 3, 0.023255813866853714],
            [1, 7, 8, 0.023255813866853714],
            [1, 7, 11, 0.023255813866853714],
            [1, 7, 14, 0.023255813866853714],
            [1, 8, 11, 0.023255813866853714],
            [1, 8, 15, 0.023255813866853714],
            [1, 9, 3, 0.023255813866853714],
            [1, 9, 8, 0.023255813866853714],
            [1, 9, 10, 0.023255813866853714],
            [1, 9, 13, 0.023255813866853714],
            [1, 10, 14, 0.023255813866853714],
            [1, 11, 4, 0.023255813866853714],
            [1, 11, 5, 0.023255813866853714],
            [1, 11, 9, 0.023255813866853714],
            [1, 11, 12, 0.023255813866853714],
            [1, 12, 8, 0.023255813866853714],
            [1, 12, 16, 0.023255813866853714],
            [1, 13, 1, 0.023255813866853714],
            [1, 13, 4, 0.023255813866853714],
            [1, 13, 8, 0.023255813866853714],
            [1, 13, 12, 0.023255813866853714],
            [1, 13, 14, 0.023255813866853714],
            [1, 14, 10, 0.023255813866853714],
            [1, 14, 17, 0.06976744532585144],
            [1, 16, 2, 0.023255813866853714],
            [1, 16, 5, 0.023255813866853714],
            [1, 16, 6, 0.023255813866853714],
            [1, 17, 8, 0.023255813866853714],
            [1, 17, 12, 0.023255813866853714],
            [1, 17, 16, 0.023255813866853714],
            [2, 0, 1, 0.017543859779834747],
            [2, 0, 2, 0.017543859779834747],
            [2, 0, 3, 0.017543859779834747],
            [2, 0, 4, 0.017543859779834747],
            [2, 0, 5, 0.017543859779834747],
            [2, 0, 11, 0.017543859779834747],
            [2, 0, 15, 0.017543859779834747],
            [2, 0, 16, 0.035087719559669495],
            [2, 1, 6, 0.017543859779834747],
            [2, 1, 17, 0.017543859779834747],
            [2, 2, 15, 0.017543859779834747],
            [2, 3, 3, 0.017543859779834747],
            [2, 3, 15, 0.017543859779834747],
            [2, 4, 1, 0.017543859779834747],
            [2, 4, 2, 0.017543859779834747],
            [2, 4, 4, 0.017543859779834747],
            [2, 4, 6, 0.017543859779834747],
            [2, 4, 14, 0.017543859779834747],
            [2, 4, 15, 0.017543859779834747],
            [2, 5, 0, 0.035087719559669495],
            [2, 5, 5, 0.017543859779834747],
            [2, 5, 8, 0.05263157933950424],
            [2, 5, 9, 0.017543859779834747],
            [2, 5, 16, 0.017543859779834747],
            [2, 6, 1, 0.017543859779834747],
            [2, 6, 4, 0.017543859779834747],
            [2, 6, 10, 0.017543859779834747],
            [2, 6, 15, 0.017543859779834747],
            [2, 7, 7, 0.017543859779834747],
            [2, 7, 8, 0.017543859779834747],
            [2, 7, 12, 0.017543859779834747],
            [2, 8, 15, 0.017543859779834747],
            [2, 9, 2, 0.017543859779834747],
            [2, 10, 2, 0.017543859779834747],
            [2, 10, 6, 0.017543859779834747],
            [2, 10, 14, 0.017543859779834747],
            [2, 10, 17, 0.017543859779834747],
            [2, 11, 7, 0.017543859779834747],
            [2, 11, 12, 0.017543859779834747],
            [2, 11, 16, 0.035087719559669495],
            [2, 12, 1, 0.017543859779834747],
            [2, 12, 2, 0.017543859779834747],
            [2, 12, 7, 0.017543859779834747],
            [2, 15, 11, 0.017543859779834747],
            [2, 15, 12, 0.017543859779834747],
            [2, 15, 14, 0.017543859779834747],
            [2, 16, 0, 0.017543859779834747],
            [2, 16, 4, 0.017543859779834747],
            [2, 16, 13, 0.017543859779834747],
            [2, 17, 1, 0.017543859779834747],
            [2, 17, 8, 0.017543859779834747],
            [2, 17, 12, 0.017543859779834747],
            [3, 0, 9, 0.020408162847161293],
            [3, 0, 11, 0.020408162847161293],
            [3, 0, 12, 0.020408162847161293],
            [3, 0, 17, 0.040816325694322586],
            [3, 1, 0, 0.020408162847161293],
            [3, 1, 11, 0.020408162847161293],
            [3, 1, 12, 0.020408162847161293],
            [3, 1, 17, 0.020408162847161293],
            [3, 2, 2, 0.020408162847161293],
            [3, 3, 1, 0.020408162847161293],
            [3, 3, 16, 0.020408162847161293],
            [3, 4, 5, 0.020408162847161293],
            [3, 4, 7, 0.020408162847161293],
            [3, 4, 11, 0.020408162847161293],
            [3, 5, 0, 0.020408162847161293],
            [3, 5, 6, 0.020408162847161293],
            [3, 5, 7, 0.020408162847161293],
            [3, 6, 11, 0.020408162847161293],
            [3, 6, 15, 0.020408162847161293],
            [3, 7, 0, 0.020408162847161293],
            [3, 7, 5, 0.020408162847161293],
            [3, 7, 7, 0.020408162847161293],
            [3, 8, 15, 0.020408162847161293],
            [3, 8, 16, 0.020408162847161293],
            [3, 9, 0, 0.020408162847161293],
            [3, 9, 13, 0.020408162847161293],
            [3, 10, 1, 0.020408162847161293],
