{
    "train_f1": 2.798215866088867,
    "train_prob": 27.709251403808594,
    "train_cov": 56.25,
    "valid_f1": 0.0,
    "valid_prob": 0.0,
    "valid_cov": 0.0,
    "len": 180,
    "binary_grammar": {
        "num_nt": 4,
        "num_pt": 14,
        "num_rhs": 324,
        "rule_probs": [
            [0, 0, 8, 0.01785714365541935],
            [0, 0, 9, 0.01785714365541935],
            [0, 0, 11, 0.01785714365541935],
            [0, 1, 2, 0.0357142873108387],
            [0, 1, 8, 0.0357142873108387],
            [0, 1, 11, 0.01785714365541935],
            [0, 1, 12, 0.01785714365541935],
            [0, 2, 14, 0.01785714365541935],
            [0, 3, 0, 0.01785714365541935],
            [0, 3, 5, 0.01785714365541935],
            [0, 3, 9, 0.01785714365541935],
            [0, 4, 9, 0.01785714365541935],
            [0, 5, 6, 0.01785714365541935],
            [0, 5, 10, 0.01785714365541935],
            [0, 5, 13, 0.0357142873108387],
            [0, 6, 5, 0.01785714365541935],
            [0, 6, 10, 0.01785714365541935],
            [0, 6, 16, 0.0357142873108387],
            [0, 7, 0, 0.01785714365541935],
            [0, 7, 3, 0.01785714365541935],
            [0, 7, 5, 0.01785714365541935],
            [0, 7, 8, 0.01785714365541935],
            [0, 8, 5, 0.01785714365541935],
            [0, 8, 16, 0.01785714365541935],
            [0, 9, 4, 0.01785714365541935],
            [0, 10, 2, 0.01785714365541935],
            [0, 10, 3, 0.01785714365541935],
            [0, 10, 6, 0.0357142873108387],
            [0, 11, 6, 0.0357142873108387],
            [0, 11, 17, 0.01785714365541935],
            [0, 12, 7, 0.01785714365541935],
            [0, 13, 2, 0.01785714365541935],
            [0, 13, 4, 0.01785714365541935],
            [0, 13, 13, 0.01785714365541935],
            [0, 14, 0, 0.01785714365541935],
            [0, 14, 4, 0.01785714365541935],
            [0, 14, 7, 0.01785714365541935],
            [0, 15, 3, 0.0714285746216774],
            [0, 15, 4, 0.01785714365541935],
            [0, 15, 17, 0.01785714365541935],
            [0, 16, 2, 0.01785714365541935],
            [0, 16, 9, 0.01785714365541935],
            [0, 16, 10, 0.01785714365541935],
            [0, 16, 13, 0.0357142873108387],
            [0, 17, 7, 0.01785714365541935],
            [0, 17, 13, 0.01785714365541935],
            [1, 0, 15, 0.021276595070958138],
            [1, 0, 16, 0.021276595070958138],
            [1, 1, 1, 0.021276595070958138],
            [1, 1, 8, 0.021276595070958138],
            [1, 1, 14, 0.021276595070958138],
            [1, 1, 17, 0.021276595070958138],
            [1, 3, 3, 0.021276595070958138],
            [1, 4, 9, 0.021276595070958138],
            [1, 6, 15, 0.021276595070958138],
            [1, 7, 5, 0.021276595070958138],
            [1, 7, 10, 0.021276595070958138],
            [1, 7, 12, 0.021276595070958138],
            [1, 7, 16, 0.021276595070958138],
            [1, 8, 1, 0.021276595070958138],
            [1, 8, 2, 0.021276595070958138],
            [1, 8, 6, 0.021276595070958138],
            [1, 8, 14, 0.021276595070958138],
            [1, 8, 16, 0.021276595070958138],
            [1, 9, 8, 0.021276595070958138],
            [1, 10, 6, 0.021276595070958138],
            [1, 10, 13, 0.021276595070958138],
            [1, 11, 0, 0.021276595070958138],
            [1, 11, 13, 0.021276595070958138],
            [1, 11, 16, 0.021276595070958138],
            [1, 12, 4, 0.042553190141916275],
            [1, 12, 5, 0.021276595070958138],
            [1, 12, 7, 0.021276595070958138],
            [1, 12, 9, 0.021276595070958138],
            [1, 12, 11, 0.021276595070958138],
            [1, 13, 2, 0.021276595070958138],
            [1, 13, 3, 0.021276595070958138],
            [1, 13, 14, 0.021276595070958138],
            [1, 13, 17, 0.021276595070958138],
            [1, 14, 11, 0.021276595070958138],
            [1, 14, 12, 0.021276595070958138],
            [1, 15, 10, 0.021276595070958138],
            [1, 15, 12, 0.021276595070958138],
            [1, 15, 17, 0.021276595070958138],
            [1, 16, 0, 0.021276595070958138],
            [1, 16, 16, 0.021276595070958138],
            [1, 17, 2, 0.021276595070958138],
            [1, 17, 3, 0.021276595070958138],
            [1, 17, 8, 0.021276595070958138],
            [1, 17, 9, 0.042553190141916275],
            [1, 17, 15, 0.021276595070958138],
            [2, 0, 2, 0.021739130839705467],
            [2, 0, 17, 0.021739130839705467],
            [2, 1, 6, 0.021739130839705467],
            [2, 2, 3, 0.021739130839705467],
            [2, 2, 14, 0.021739130839705467],
            [2, 2, 16, 0.021739130839705467],
            [2, 3, 1, 0.021739130839705467],
            [2, 3, 13, 0.021739130839705467],
            [2, 5, 15, 0.021739130839705467],
            [2, 6, 2, 0.021739130839705467],
            [2, 7, 3, 0.021739130839705467],
            [2, 7, 8, 0.021739130839705467],
            [2, 7, 13, 0.021739130839705467],
            [2, 8, 4, 0.021739130839705467],
            [2, 8, 11, 0.021739130839705467],
            [2, 8, 16, 0.021739130839705467],
            [2, 9, 7, 0.021739130839705467],
            [2, 9, 8, 0.021739130839705467],
            [2, 10, 10, 0.021739130839705467],
            [2, 11, 0, 0.021739130839705467],
            [2, 11, 6, 0.043478261679410934],
            [2, 11, 8, 0.021739130839705467],
            [2, 11, 13, 0.021739130839705467],
            [2, 11, 16, 0.021739130839705467],
            [2, 12, 0, 0.021739130839705467],
            [2, 12, 2, 0.021739130839705467],
            [2, 12, 4, 0.021739130839705467],
            [2, 12, 16, 0.021739130839705467],
            [2, 12, 17, 0.021739130839705467],
            [2, 13, 14, 0.021739130839705467],
            [2, 13, 15, 0.021739130839705467],
            [2, 14, 11, 0.043478261679410934],
            [2, 15, 5, 0.021739130839705467],
            [2, 15, 9, 0.021739130839705467],
            [2, 16, 0, 0.021739130839705467],
            [2, 16, 6, 0.021739130839705467],
            [2, 16, 8, 0.043478261679410934],
            [2, 17, 2, 0.021739130839705467],
            [2, 17, 8, 0.043478261679410934],
            [2, 17, 14, 0.021739130839705467],
            [2, 17, 16, 0.021739130839705467],
            [2, 17, 17, 0.021739130839705467],
            [3, 0, 8, 0.019607843831181526],
            [3, 0, 9, 0.019607843831181526],
            [3, 1, 12, 0.019607843831181526],
            [3, 2, 0, 0.019607843831181526],
            [3, 2, 1, 0.019607843831181526],
            [3, 2, 3, 0.019607843831181526],
            [3, 2, 13, 0.019607843831181526],
            [3, 3, 0, 0.019607843831181526],
            [3, 3, 3, 0.019607843831181526],
            [3, 3, 5, 0.019607843831181526],
            [3, 3, 14, 0.019607843831181526],
            [3, 3, 17, 0.03921568766236305],
            [3, 4, 8, 0.019607843831181526],
            [3, 6, 6, 0.019607843831181526],
            [3, 6, 12, 0.019607843831181526],
            [3, 6, 14, 0.019607843831181526],
            [3, 6, 15, 0.019607843831181526],
            [3, 7, 0, 0.019607843831181526],
            [3, 7, 1, 0.019607843831181526],
            [3, 7, 13, 0.019607843831181526],
            [3, 8, 2, 0.019607843831181526],
            [3, 9, 1, 0.019607843831181526],
            [3, 9, 2, 0.019607843831181526],
            [3, 9, 8, 0.019607843831181526],
            [3, 9, 10, 0.019607843831181526],
            [3, 9, 14, 0.03921568766236305],
            [3, 9, 17, 0.019607843831181526],
            [3, 10, 13, 0.03921568766236305],
            [3, 10, 14, 0.019607843831181526],
            [3, 10, 15, 0.019607843831181526],
            [3, 11, 14, 0.019607843831181526],
            [3, 12, 3, 0.019607843831181526],
            [3, 12, 5, 0.019607843831181526],
            [3, 12, 8, 0.019607843831181526],
            [3, 12, 12, 0.019607843831181526],
            [3, 12, 14, 0.019607843831181526],
