{
    "train_f1": 8.272945404052734,
    "train_prob": 50.550575256347656,
    "train_cov": 93.75,
    "valid_f1": 0.0,
    "valid_prob": 0.0,
    "valid_cov": 0.0,
    "len": 180,
    "binary_grammar": {
        "num_nt": 4,
        "num_pt": 14,
        "num_rhs": 324,
        "rule_probs": [
            [0, 0, 16, 0.02222222276031971],
            [0, 1, 0, 0.02222222276031971],
            [0, 1, 3, 0.02222222276031971],
            [0, 1, 8, 0.02222222276031971],
            [0, 1, 14, 0.02222222276031971],
            [0, 3, 14, 0.02222222276031971],
            [0, 3, 15, 0.02222222276031971],
            [0, 3, 16, 0.04444444552063942],
            [0, 3, 17, 0.02222222276031971],
            [0, 4, 16, 0.02222222276031971],
            [0, 5, 3, 0.02222222276031971],
            [0, 6, 1, 0.02222222276031971],
            [0, 6, 6, 0.02222222276031971],
            [0, 6, 7, 0.02222222276031971],
            [0, 6, 11, 0.02222222276031971],
            [0, 7, 3, 0.02222222276031971],
            [0, 7, 7, 0.02222222276031971],
            [0, 8, 7, 0.02222222276031971],
            [0, 8, 12, 0.02222222276031971],
            [0, 8, 15, 0.02222222276031971],
            [0, 9, 2, 0.02222222276031971],
            [0, 10, 2, 0.02222222276031971],
            [0, 11, 8, 0.04444444552063942],
            [0, 11, 9, 0.02222222276031971],
            [0, 12, 5, 0.02222222276031971],
            [0, 12, 6, 0.02222222276031971],
            [0, 12, 9, 0.02222222276031971],
            [0, 13, 4, 0.02222222276031971],
            [0, 13, 10, 0.04444444552063942],
            [0, 13, 11, 0.02222222276031971],
            [0, 14, 4, 0.02222222276031971],
            [0, 14, 13, 0.02222222276031971],
            [0, 14, 17, 0.02222222276031971],
            [0, 15, 0, 0.02222222276031971],
            [0, 15, 2, 0.04444444552063942],
            [0, 15, 5, 0.02222222276031971],
            [0, 15, 10, 0.02222222276031971],
            [0, 15, 11, 0.02222222276031971],
            [0, 16, 1, 0.02222222276031971],
            [0, 16, 13, 0.02222222276031971],
            [0, 17, 14, 0.02222222276031971],
            [1, 0, 14, 0.018518518656492233],
            [1, 1, 5, 0.018518518656492233],
            [1, 1, 11, 0.018518518656492233],
            [1, 1, 13, 0.03703703731298447],
            [1, 2, 1, 0.018518518656492233],
            [1, 2, 5, 0.018518518656492233],
            [1, 2, 12, 0.018518518656492233],
            [1, 2, 13, 0.018518518656492233],
            [1, 2, 16, 0.018518518656492233],
            [1, 3, 17, 0.018518518656492233],
            [1, 4, 1, 0.018518518656492233],
            [1, 4, 9, 0.03703703731298447],
            [1, 4, 16, 0.018518518656492233],
            [1, 5, 3, 0.018518518656492233],
            [1, 6, 5, 0.018518518656492233],
            [1, 7, 5, 0.03703703731298447],
            [1, 7, 7, 0.03703703731298447],
            [1, 7, 11, 0.018518518656492233],
            [1, 8, 3, 0.018518518656492233],
            [1, 8, 6, 0.018518518656492233],
            [1, 8, 16, 0.018518518656492233],
            [1, 9, 6, 0.018518518656492233],
            [1, 9, 9, 0.018518518656492233],
            [1, 10, 1, 0.03703703731298447],
            [1, 10, 2, 0.018518518656492233],
            [1, 10, 3, 0.018518518656492233],
            [1, 10, 6, 0.018518518656492233],
            [1, 10, 8, 0.03703703731298447],
            [1, 10, 10, 0.018518518656492233],
            [1, 11, 2, 0.018518518656492233],
            [1, 11, 11, 0.018518518656492233],
            [1, 12, 13, 0.018518518656492233],
            [1, 12, 17, 0.018518518656492233],
            [1, 13, 3, 0.018518518656492233],
            [1, 13, 8, 0.018518518656492233],
            [1, 14, 8, 0.018518518656492233],
            [1, 14, 17, 0.018518518656492233],
            [1, 15, 10, 0.018518518656492233],
            [1, 15, 15, 0.018518518656492233],
            [1, 15, 16, 0.018518518656492233],
            [1, 16, 1, 0.018518518656492233],
            [1, 16, 5, 0.018518518656492233],
            [1, 16, 8, 0.018518518656492233],
            [1, 16, 9, 0.018518518656492233],
            [1, 16, 16, 0.018518518656492233],
            [1, 16, 17, 0.018518518656492233],
            [1, 17, 5, 0.018518518656492233],
            [1, 17, 17, 0.018518518656492233],
            [2, 0, 3, 0.02083333395421505],
            [2, 0, 5, 0.02083333395421505],
            [2, 0, 16, 0.0416666679084301],
            [2, 1, 4, 0.02083333395421505],
            [2, 1, 12, 0.02083333395421505],
            [2, 1, 13, 0.02083333395421505],
            [2, 2, 0, 0.02083333395421505],
            [2, 2, 6, 0.02083333395421505],
            [2, 4, 4, 0.02083333395421505],
            [2, 4, 8, 0.02083333395421505],
            [2, 4, 14, 0.02083333395421505],
            [2, 5, 1, 0.02083333395421505],
            [2, 5, 10, 0.0416666679084301],
            [2, 5, 12, 0.02083333395421505],
            [2, 5, 15, 0.02083333395421505],
            [2, 7, 12, 0.02083333395421505],
            [2, 7, 13, 0.02083333395421505],
            [2, 8, 1, 0.02083333395421505],
            [2, 8, 7, 0.02083333395421505],
            [2, 8, 13, 0.02083333395421505],
            [2, 8, 15, 0.02083333395421505],
            [2, 9, 2, 0.02083333395421505],
            [2, 9, 8, 0.02083333395421505],
            [2, 9, 11, 0.02083333395421505],
            [2, 9, 14, 0.02083333395421505],
            [2, 9, 16, 0.02083333395421505],
            [2, 11, 9, 0.02083333395421505],
            [2, 11, 14, 0.02083333395421505],
            [2, 11, 16, 0.02083333395421505],
            [2, 12, 1, 0.02083333395421505],
            [2, 12, 12, 0.02083333395421505],
            [2, 13, 2, 0.02083333395421505],
            [2, 13, 9, 0.02083333395421505],
            [2, 13, 11, 0.02083333395421505],
            [2, 14, 2, 0.02083333395421505],
            [2, 14, 7, 0.02083333395421505],
            [2, 14, 9, 0.0416666679084301],
            [2, 15, 6, 0.02083333395421505],
            [2, 15, 12, 0.02083333395421505],
            [2, 15, 15, 0.02083333395421505],
            [2, 15, 17, 0.02083333395421505],
            [2, 16, 16, 0.02083333395421505],
            [2, 17, 3, 0.02083333395421505],
            [2, 17, 8, 0.02083333395421505],
            [2, 17, 17, 0.02083333395421505],
            [3, 0, 5, 0.01886792480945587],
            [3, 0, 9, 0.01886792480945587],
            [3, 0, 17, 0.01886792480945587],
            [3, 1, 2, 0.01886792480945587],
            [3, 2, 4, 0.01886792480945587],
            [3, 2, 9, 0.01886792480945587],
            [3, 2, 10, 0.01886792480945587],
            [3, 3, 1, 0.01886792480945587],
            [3, 3, 3, 0.01886792480945587],
            [3, 3, 5, 0.03773584961891174],
            [3, 3, 7, 0.01886792480945587],
            [3, 3, 8, 0.01886792480945587],
            [3, 4, 2, 0.01886792480945587],
            [3, 4, 6, 0.01886792480945587],
            [3, 5, 4, 0.01886792480945587],
            [3, 5, 6, 0.01886792480945587],
            [3, 5, 8, 0.01886792480945587],
            [3, 5, 12, 0.01886792480945587],
            [3, 6, 1, 0.01886792480945587],
            [3, 6, 16, 0.01886792480945587],
            [3, 7, 1, 0.01886792480945587],
            [3, 7, 15, 0.01886792480945587],
            [3, 8, 8, 0.01886792480945587],
            [3, 8, 10, 0.01886792480945587],
            [3, 8, 12, 0.01886792480945587],
            [3, 9, 1, 0.056603774428367615],
            [3, 9, 2, 0.03773584961891174],
            [3, 9, 12, 0.01886792480945587],
            [3, 9, 13, 0.03773584961891174],
            [3, 10, 1, 0.01886792480945587],
            [3, 10, 16, 0.01886792480945587],
            [3, 11, 1, 0.01886792480945587],
            [3, 12, 1, 0.01886792480945587],
            [3, 13, 1, 0.01886792480945587],
            [3, 13, 8, 0.03773584961891174],
            [3, 13, 10, 0.01886792480945587],
