{
    "train_f1": 7.486507415771484,
    "train_prob": 42.41826629638672,
    "train_cov": 87.5,
    "valid_f1": 0.0,
    "valid_prob": 0.0,
    "valid_cov": 0.0,
    "len": 183,
    "binary_grammar": {
        "num_nt": 4,
        "num_pt": 14,
        "num_rhs": 324,
        "rule_probs": [
            [0, 0, 0, 0.01923076994717121],
            [0, 0, 8, 0.01923076994717121],
            [0, 0, 10, 0.01923076994717121],
            [0, 1, 11, 0.01923076994717121],
            [0, 2, 1, 0.01923076994717121],
            [0, 2, 10, 0.01923076994717121],
            [0, 2, 15, 0.01923076994717121],
            [0, 2, 16, 0.01923076994717121],
            [0, 3, 3, 0.01923076994717121],
            [0, 3, 6, 0.01923076994717121],
            [0, 3, 8, 0.01923076994717121],
            [0, 3, 12, 0.01923076994717121],
            [0, 3, 17, 0.01923076994717121],
            [0, 4, 2, 0.01923076994717121],
            [0, 4, 3, 0.01923076994717121],
            [0, 5, 10, 0.03846153989434242],
            [0, 6, 1, 0.01923076994717121],
            [0, 6, 2, 0.01923076994717121],
            [0, 6, 3, 0.01923076994717121],
            [0, 6, 9, 0.01923076994717121],
            [0, 6, 17, 0.01923076994717121],
            [0, 7, 12, 0.01923076994717121],
            [0, 7, 13, 0.01923076994717121],
            [0, 7, 14, 0.03846153989434242],
            [0, 7, 15, 0.01923076994717121],
            [0, 7, 16, 0.01923076994717121],
            [0, 7, 17, 0.01923076994717121],
            [0, 8, 15, 0.01923076994717121],
            [0, 9, 9, 0.01923076994717121],
            [0, 9, 17, 0.01923076994717121],
            [0, 10, 6, 0.01923076994717121],
            [0, 10, 12, 0.01923076994717121],
            [0, 10, 13, 0.01923076994717121],
            [0, 11, 8, 0.01923076994717121],
            [0, 11, 17, 0.01923076994717121],
            [0, 12, 0, 0.01923076994717121],
            [0, 12, 7, 0.01923076994717121],
            [0, 12, 16, 0.01923076994717121],
            [0, 13, 0, 0.01923076994717121],
            [0, 13, 2, 0.01923076994717121],
            [0, 13, 4, 0.01923076994717121],
            [0, 13, 5, 0.01923076994717121],
            [0, 13, 14, 0.03846153989434242],
            [0, 14, 4, 0.01923076994717121],
            [0, 14, 5, 0.01923076994717121],
            [0, 14, 17, 0.01923076994717121],
            [0, 16, 5, 0.01923076994717121],
            [0, 16, 11, 0.01923076994717121],
            [0, 17, 5, 0.01923076994717121],
            [1, 0, 3, 0.02083333395421505],
            [1, 1, 0, 0.02083333395421505],
            [1, 1, 5, 0.02083333395421505],
            [1, 1, 8, 0.0416666679084301],
            [1, 2, 2, 0.02083333395421505],
            [1, 2, 10, 0.02083333395421505],
            [1, 3, 4, 0.02083333395421505],
            [1, 3, 13, 0.02083333395421505],
            [1, 4, 2, 0.02083333395421505],
            [1, 4, 6, 0.02083333395421505],
            [1, 4, 7, 0.0416666679084301],
            [1, 4, 9, 0.02083333395421505],
            [1, 5, 5, 0.02083333395421505],
            [1, 5, 9, 0.02083333395421505],
            [1, 5, 17, 0.0416666679084301],
            [1, 6, 1, 0.0416666679084301],
            [1, 6, 8, 0.02083333395421505],
            [1, 6, 12, 0.02083333395421505],
            [1, 7, 8, 0.02083333395421505],
            [1, 7, 12, 0.02083333395421505],
            [1, 7, 16, 0.02083333395421505],
            [1, 8, 3, 0.02083333395421505],
            [1, 8, 7, 0.02083333395421505],
            [1, 8, 17, 0.02083333395421505],
            [1, 9, 4, 0.02083333395421505],
            [1, 9, 14, 0.02083333395421505],
            [1, 9, 16, 0.02083333395421505],
            [1, 10, 3, 0.02083333395421505],
            [1, 10, 5, 0.0416666679084301],
            [1, 10, 14, 0.02083333395421505],
            [1, 10, 17, 0.02083333395421505],
            [1, 11, 0, 0.02083333395421505],
            [1, 11, 6, 0.02083333395421505],
            [1, 11, 14, 0.02083333395421505],
            [1, 12, 14, 0.0416666679084301],
            [1, 12, 15, 0.02083333395421505],
            [1, 13, 16, 0.02083333395421505],
            [1, 14, 12, 0.02083333395421505],
            [1, 16, 7, 0.02083333395421505],
            [1, 16, 12, 0.02083333395421505],
            [1, 16, 15, 0.02083333395421505],
            [1, 17, 15, 0.02083333395421505],
            [2, 0, 2, 0.024390242993831635],
            [2, 0, 6, 0.024390242993831635],
            [2, 0, 15, 0.024390242993831635],
            [2, 1, 5, 0.024390242993831635],
            [2, 1, 8, 0.024390242993831635],
            [2, 1, 15, 0.024390242993831635],
            [2, 2, 0, 0.024390242993831635],
            [2, 2, 1, 0.024390242993831635],
            [2, 2, 7, 0.024390242993831635],
            [2, 3, 0, 0.024390242993831635],
            [2, 3, 14, 0.024390242993831635],
            [2, 3, 16, 0.024390242993831635],
            [2, 3, 17, 0.04878048598766327],
            [2, 5, 5, 0.024390242993831635],
            [2, 5, 7, 0.04878048598766327],
            [2, 5, 8, 0.024390242993831635],
            [2, 5, 10, 0.024390242993831635],
            [2, 5, 13, 0.024390242993831635],
            [2, 6, 6, 0.024390242993831635],
            [2, 6, 16, 0.024390242993831635],
            [2, 7, 2, 0.024390242993831635],
            [2, 7, 9, 0.024390242993831635],
            [2, 7, 11, 0.024390242993831635],
            [2, 8, 7, 0.024390242993831635],
            [2, 8, 9, 0.024390242993831635],
            [2, 9, 1, 0.024390242993831635],
            [2, 9, 2, 0.024390242993831635],
            [2, 9, 10, 0.024390242993831635],
            [2, 9, 11, 0.024390242993831635],
            [2, 10, 6, 0.024390242993831635],
            [2, 10, 9, 0.024390242993831635],
            [2, 11, 8, 0.024390242993831635],
            [2, 12, 4, 0.024390242993831635],
            [2, 13, 5, 0.024390242993831635],
            [2, 13, 14, 0.024390242993831635],
            [2, 14, 11, 0.024390242993831635],
            [2, 15, 1, 0.024390242993831635],
            [2, 16, 3, 0.024390242993831635],
            [2, 17, 4, 0.024390242993831635],
            [3, 0, 2, 0.033898305147886276],
            [3, 0, 7, 0.016949152573943138],
            [3, 0, 13, 0.016949152573943138],
            [3, 1, 1, 0.016949152573943138],
            [3, 1, 9, 0.016949152573943138],
            [3, 1, 15, 0.016949152573943138],
            [3, 2, 12, 0.016949152573943138],
            [3, 3, 9, 0.016949152573943138],
            [3, 3, 17, 0.016949152573943138],
            [3, 4, 7, 0.016949152573943138],
            [3, 5, 0, 0.033898305147886276],
            [3, 5, 3, 0.033898305147886276],
            [3, 5, 6, 0.016949152573943138],
            [3, 6, 2, 0.016949152573943138],
            [3, 6, 5, 0.033898305147886276],
            [3, 6, 14, 0.016949152573943138],
            [3, 6, 15, 0.016949152573943138],
            [3, 7, 0, 0.016949152573943138],
            [3, 7, 1, 0.016949152573943138],
            [3, 7, 3, 0.016949152573943138],
            [3, 7, 5, 0.016949152573943138],
            [3, 7, 16, 0.016949152573943138],
            [3, 7, 17, 0.033898305147886276],
            [3, 8, 1, 0.016949152573943138],
            [3, 8, 3, 0.016949152573943138],
            [3, 10, 1, 0.016949152573943138],
            [3, 11, 2, 0.016949152573943138],
            [3, 11, 6, 0.016949152573943138],
            [3, 11, 17, 0.016949152573943138],
            [3, 13, 1, 0.016949152573943138],
            [3, 13, 2, 0.016949152573943138],
            [3, 13, 3, 0.016949152573943138],
            [3, 13, 10, 0.016949152573943138],
            [3, 13, 12, 0.016949152573943138],
            [3, 14, 4, 0.016949152573943138],
            [3, 14, 6, 0.016949152573943138],
            [3, 14, 8, 0.016949152573943138],
            [3, 15, 8, 0.016949152573943138],
            [3, 15, 9, 0.016949152573943138],
            [3, 15, 10, 0.016949152573943138],
