{
    "train_f1": 9.196370124816895,
    "train_prob": 27.36376190185547,
    "train_cov": 68.75,
    "valid_f1": 0.0,
    "valid_prob": 0.0,
    "valid_cov": 0.0,
    "len": 183,
    "binary_grammar": {
        "num_nt": 4,
        "num_pt": 14,
        "num_rhs": 324,
        "rule_probs": [
            [0, 0, 3, 0.01886792480945587],
            [0, 0, 13, 0.01886792480945587],
            [0, 1, 8, 0.03773584961891174],
            [0, 1, 11, 0.01886792480945587],
            [0, 2, 13, 0.01886792480945587],
            [0, 2, 17, 0.01886792480945587],
            [0, 3, 5, 0.01886792480945587],
            [0, 3, 9, 0.01886792480945587],
            [0, 3, 14, 0.01886792480945587],
            [0, 5, 2, 0.01886792480945587],
            [0, 5, 7, 0.01886792480945587],
            [0, 5, 14, 0.01886792480945587],
            [0, 6, 8, 0.01886792480945587],
            [0, 7, 9, 0.01886792480945587],
            [0, 7, 12, 0.03773584961891174],
            [0, 7, 16, 0.01886792480945587],
            [0, 8, 17, 0.01886792480945587],
            [0, 9, 3, 0.01886792480945587],
            [0, 9, 10, 0.056603774428367615],
            [0, 9, 11, 0.01886792480945587],
            [0, 10, 0, 0.01886792480945587],
            [0, 10, 6, 0.01886792480945587],
            [0, 10, 10, 0.01886792480945587],
            [0, 10, 15, 0.01886792480945587],
            [0, 11, 1, 0.01886792480945587],
            [0, 11, 4, 0.01886792480945587],
            [0, 11, 10, 0.01886792480945587],
            [0, 11, 17, 0.01886792480945587],
            [0, 12, 1, 0.03773584961891174],
            [0, 12, 7, 0.01886792480945587],
            [0, 12, 8, 0.01886792480945587],
            [0, 12, 10, 0.01886792480945587],
            [0, 12, 16, 0.01886792480945587],
            [0, 13, 7, 0.01886792480945587],
            [0, 13, 10, 0.03773584961891174],
            [0, 13, 11, 0.01886792480945587],
            [0, 13, 15, 0.01886792480945587],
            [0, 14, 7, 0.01886792480945587],
            [0, 14, 8, 0.01886792480945587],
            [0, 14, 16, 0.01886792480945587],
            [0, 15, 14, 0.056603774428367615],
            [0, 17, 5, 0.01886792480945587],
            [0, 17, 12, 0.01886792480945587],
            [0, 17, 16, 0.01886792480945587],
            [0, 17, 17, 0.01886792480945587],
            [1, 0, 0, 0.01886792480945587],
            [1, 1, 0, 0.01886792480945587],
            [1, 1, 11, 0.01886792480945587],
            [1, 2, 0, 0.01886792480945587],
            [1, 2, 7, 0.01886792480945587],
            [1, 2, 8, 0.01886792480945587],
            [1, 2, 14, 0.01886792480945587],
            [1, 3, 2, 0.01886792480945587],
            [1, 3, 8, 0.03773584961891174],
            [1, 3, 17, 0.01886792480945587],
            [1, 4, 1, 0.01886792480945587],
            [1, 4, 6, 0.01886792480945587],
            [1, 4, 13, 0.01886792480945587],
            [1, 4, 14, 0.01886792480945587],
            [1, 4, 16, 0.01886792480945587],
            [1, 5, 6, 0.03773584961891174],
            [1, 6, 8, 0.01886792480945587],
            [1, 7, 7, 0.01886792480945587],
            [1, 7, 10, 0.01886792480945587],
            [1, 7, 17, 0.01886792480945587],
            [1, 8, 0, 0.01886792480945587],
            [1, 8, 1, 0.01886792480945587],
            [1, 8, 2, 0.01886792480945587],
            [1, 8, 5, 0.01886792480945587],
            [1, 8, 7, 0.01886792480945587],
            [1, 8, 8, 0.01886792480945587],
            [1, 8, 13, 0.01886792480945587],
            [1, 8, 16, 0.01886792480945587],
            [1, 9, 0, 0.01886792480945587],
            [1, 9, 15, 0.01886792480945587],
            [1, 10, 2, 0.01886792480945587],
            [1, 10, 3, 0.01886792480945587],
            [1, 10, 13, 0.01886792480945587],
            [1, 11, 0, 0.01886792480945587],
            [1, 11, 6, 0.01886792480945587],
            [1, 11, 7, 0.01886792480945587],
            [1, 12, 7, 0.01886792480945587],
            [1, 13, 8, 0.01886792480945587],
            [1, 14, 2, 0.01886792480945587],
            [1, 14, 4, 0.01886792480945587],
            [1, 14, 7, 0.01886792480945587],
            [1, 14, 10, 0.01886792480945587],
            [1, 14, 15, 0.01886792480945587],
            [1, 15, 3, 0.03773584961891174],
            [1, 16, 0, 0.01886792480945587],
            [1, 16, 3, 0.01886792480945587],
            [1, 16, 6, 0.01886792480945587],
            [1, 17, 3, 0.01886792480945587],
            [1, 17, 10, 0.01886792480945587],
            [1, 17, 12, 0.01886792480945587],
            [2, 0, 9, 0.021739130839705467],
            [2, 0, 12, 0.021739130839705467],
            [2, 1, 1, 0.021739130839705467],
            [2, 1, 3, 0.021739130839705467],
            [2, 1, 10, 0.021739130839705467],
            [2, 1, 16, 0.021739130839705467],
            [2, 2, 3, 0.021739130839705467],
            [2, 2, 7, 0.021739130839705467],
            [2, 2, 16, 0.021739130839705467],
            [2, 3, 5, 0.021739130839705467],
            [2, 3, 7, 0.021739130839705467],
            [2, 3, 16, 0.021739130839705467],
            [2, 4, 7, 0.021739130839705467],
            [2, 4, 8, 0.021739130839705467],
            [2, 4, 14, 0.021739130839705467],
            [2, 4, 16, 0.021739130839705467],
            [2, 5, 11, 0.021739130839705467],
            [2, 5, 14, 0.043478261679410934],
            [2, 6, 4, 0.021739130839705467],
            [2, 6, 6, 0.021739130839705467],
            [2, 7, 10, 0.021739130839705467],
            [2, 7, 15, 0.021739130839705467],
            [2, 8, 1, 0.021739130839705467],
            [2, 8, 4, 0.021739130839705467],
            [2, 8, 16, 0.021739130839705467],
            [2, 9, 11, 0.021739130839705467],
            [2, 10, 0, 0.021739130839705467],
            [2, 10, 1, 0.021739130839705467],
            [2, 12, 5, 0.021739130839705467],
            [2, 12, 9, 0.043478261679410934],
            [2, 13, 14, 0.043478261679410934],
            [2, 13, 16, 0.021739130839705467],
            [2, 14, 5, 0.021739130839705467],
            [2, 14, 9, 0.021739130839705467],
            [2, 14, 10, 0.021739130839705467],
            [2, 15, 8, 0.021739130839705467],
            [2, 15, 9, 0.021739130839705467],
            [2, 15, 15, 0.021739130839705467],
            [2, 16, 3, 0.021739130839705467],
            [2, 16, 4, 0.021739130839705467],
            [2, 16, 6, 0.021739130839705467],
            [2, 16, 8, 0.021739130839705467],
            [2, 17, 2, 0.021739130839705467],
            [3, 0, 4, 0.02083333395421505],
            [3, 0, 15, 0.02083333395421505],
            [3, 1, 2, 0.02083333395421505],
            [3, 1, 7, 0.02083333395421505],
            [3, 1, 9, 0.02083333395421505],
            [3, 2, 3, 0.0416666679084301],
            [3, 2, 6, 0.02083333395421505],
            [3, 2, 15, 0.02083333395421505],
            [3, 3, 5, 0.02083333395421505],
            [3, 4, 5, 0.0416666679084301],
            [3, 4, 7, 0.02083333395421505],
            [3, 4, 16, 0.0416666679084301],
            [3, 5, 6, 0.02083333395421505],
            [3, 5, 16, 0.02083333395421505],
            [3, 6, 9, 0.02083333395421505],
            [3, 6, 15, 0.02083333395421505],
            [3, 8, 1, 0.02083333395421505],
            [3, 8, 4, 0.02083333395421505],
            [3, 8, 8, 0.02083333395421505],
            [3, 9, 0, 0.02083333395421505],
            [3, 9, 1, 0.02083333395421505],
            [3, 9, 2, 0.02083333395421505],
            [3, 9, 4, 0.02083333395421505],
            [3, 9, 6, 0.02083333395421505],
            [3, 9, 7, 0.02083333395421505],
            [3, 9, 10, 0.02083333395421505],
            [3, 9, 14, 0.02083333395421505],
            [3, 10, 5, 0.02083333395421505],
            [3, 10, 6, 0.02083333395421505],
            [3, 10, 9, 0.02083333395421505],
            [3, 11, 8, 0.02083333395421505],
            [3, 11, 17, 0.02083333395421505],
            [3, 12, 12, 0.02083333395421505],
