{
    "train_f1": 0.0,
    "train_prob": 0.0,
    "train_cov": 0.0,
    "valid_f1": 0.0,
    "valid_prob": 0.0,
    "valid_cov": 0.0,
    "len": 178,
    "binary_grammar": {
        "num_nt": 4,
        "num_pt": 14,
        "num_rhs": 324,
        "rule_probs": [
            [0, 0, 3, 0.01785714365541935],
            [0, 0, 8, 0.01785714365541935],
            [0, 0, 10, 0.0357142873108387],
            [0, 1, 8, 0.0357142873108387],
            [0, 2, 0, 0.01785714365541935],
            [0, 2, 2, 0.01785714365541935],
            [0, 2, 10, 0.01785714365541935],
            [0, 2, 11, 0.01785714365541935],
            [0, 3, 5, 0.01785714365541935],
            [0, 4, 2, 0.01785714365541935],
            [0, 4, 7, 0.01785714365541935],
            [0, 4, 8, 0.01785714365541935],
            [0, 4, 9, 0.01785714365541935],
            [0, 4, 17, 0.01785714365541935],
            [0, 5, 8, 0.01785714365541935],
            [0, 6, 5, 0.01785714365541935],
            [0, 6, 16, 0.01785714365541935],
            [0, 7, 0, 0.01785714365541935],
            [0, 7, 8, 0.01785714365541935],
            [0, 7, 14, 0.01785714365541935],
            [0, 7, 15, 0.01785714365541935],
            [0, 8, 2, 0.01785714365541935],
            [0, 8, 6, 0.01785714365541935],
            [0, 8, 7, 0.01785714365541935],
            [0, 8, 17, 0.0357142873108387],
            [0, 9, 2, 0.01785714365541935],
            [0, 10, 0, 0.01785714365541935],
            [0, 10, 5, 0.01785714365541935],
            [0, 10, 7, 0.01785714365541935],
            [0, 10, 13, 0.01785714365541935],
            [0, 10, 14, 0.01785714365541935],
            [0, 10, 15, 0.01785714365541935],
            [0, 11, 13, 0.01785714365541935],
            [0, 12, 1, 0.01785714365541935],
            [0, 12, 16, 0.01785714365541935],
            [0, 13, 7, 0.01785714365541935],
            [0, 13, 10, 0.0714285746216774],
            [0, 13, 11, 0.01785714365541935],
            [0, 14, 2, 0.01785714365541935],
            [0, 14, 4, 0.0357142873108387],
            [0, 14, 6, 0.01785714365541935],
            [0, 15, 15, 0.01785714365541935],
            [0, 15, 17, 0.01785714365541935],
            [0, 16, 15, 0.01785714365541935],
            [0, 17, 3, 0.01785714365541935],
            [0, 17, 15, 0.0357142873108387],
            [0, 17, 16, 0.0357142873108387],
            [1, 0, 0, 0.02083333395421505],
            [1, 0, 7, 0.02083333395421505],
            [1, 2, 1, 0.02083333395421505],
            [1, 2, 4, 0.02083333395421505],
            [1, 2, 9, 0.02083333395421505],
            [1, 2, 10, 0.02083333395421505],
            [1, 2, 12, 0.02083333395421505],
            [1, 2, 16, 0.02083333395421505],
            [1, 3, 9, 0.02083333395421505],
            [1, 3, 10, 0.02083333395421505],
            [1, 4, 6, 0.02083333395421505],
            [1, 4, 17, 0.02083333395421505],
            [1, 5, 3, 0.02083333395421505],
            [1, 5, 7, 0.02083333395421505],
            [1, 5, 12, 0.02083333395421505],
            [1, 5, 17, 0.02083333395421505],
            [1, 6, 1, 0.02083333395421505],
            [1, 6, 5, 0.02083333395421505],
            [1, 6, 15, 0.02083333395421505],
            [1, 7, 2, 0.02083333395421505],
            [1, 7, 4, 0.02083333395421505],
            [1, 7, 5, 0.02083333395421505],
            [1, 7, 15, 0.02083333395421505],
            [1, 8, 10, 0.02083333395421505],
            [1, 8, 12, 0.02083333395421505],
            [1, 8, 14, 0.02083333395421505],
            [1, 9, 2, 0.02083333395421505],
            [1, 9, 15, 0.02083333395421505],
            [1, 9, 16, 0.02083333395421505],
            [1, 10, 6, 0.0416666679084301],
            [1, 10, 8, 0.02083333395421505],
            [1, 10, 13, 0.02083333395421505],
            [1, 10, 17, 0.02083333395421505],
            [1, 11, 0, 0.02083333395421505],
            [1, 11, 7, 0.0416666679084301],
            [1, 11, 12, 0.02083333395421505],
            [1, 11, 16, 0.02083333395421505],
            [1, 12, 7, 0.02083333395421505],
            [1, 12, 14, 0.02083333395421505],
            [1, 13, 1, 0.02083333395421505],
            [1, 13, 7, 0.02083333395421505],
            [1, 13, 13, 0.02083333395421505],
            [1, 14, 10, 0.02083333395421505],
            [1, 17, 3, 0.02083333395421505],
            [1, 17, 8, 0.02083333395421505],
            [1, 17, 10, 0.02083333395421505],
            [2, 0, 0, 0.03703703731298447],
            [2, 0, 3, 0.03703703731298447],
            [2, 0, 4, 0.018518518656492233],
            [2, 0, 9, 0.018518518656492233],
            [2, 0, 14, 0.018518518656492233],
            [2, 0, 15, 0.018518518656492233],
            [2, 1, 4, 0.018518518656492233],
            [2, 1, 12, 0.018518518656492233],
            [2, 2, 1, 0.018518518656492233],
            [2, 2, 3, 0.018518518656492233],
            [2, 3, 5, 0.018518518656492233],
            [2, 3, 13, 0.018518518656492233],
            [2, 3, 14, 0.018518518656492233],
            [2, 4, 6, 0.018518518656492233],
            [2, 4, 16, 0.018518518656492233],
            [2, 4, 17, 0.03703703731298447],
            [2, 5, 8, 0.018518518656492233],
            [2, 5, 11, 0.018518518656492233],
            [2, 5, 12, 0.03703703731298447],
            [2, 6, 7, 0.018518518656492233],
            [2, 6, 12, 0.018518518656492233],
            [2, 6, 13, 0.018518518656492233],
            [2, 6, 14, 0.018518518656492233],
            [2, 6, 17, 0.018518518656492233],
            [2, 8, 7, 0.018518518656492233],
            [2, 8, 11, 0.03703703731298447],
            [2, 8, 17, 0.03703703731298447],
            [2, 9, 3, 0.03703703731298447],
            [2, 9, 7, 0.018518518656492233],
            [2, 10, 1, 0.018518518656492233],
            [2, 10, 5, 0.018518518656492233],
            [2, 10, 9, 0.018518518656492233],
            [2, 11, 5, 0.018518518656492233],
            [2, 12, 3, 0.018518518656492233],
            [2, 12, 5, 0.018518518656492233],
            [2, 12, 7, 0.018518518656492233],
            [2, 13, 7, 0.018518518656492233],
            [2, 13, 12, 0.018518518656492233],
            [2, 13, 14, 0.018518518656492233],
            [2, 13, 16, 0.018518518656492233],
            [2, 14, 11, 0.018518518656492233],
            [2, 15, 12, 0.018518518656492233],
            [2, 16, 12, 0.018518518656492233],
            [2, 16, 17, 0.018518518656492233],
            [2, 17, 10, 0.018518518656492233],
            [2, 17, 13, 0.018518518656492233],
            [2, 17, 14, 0.018518518656492233],
            [3, 0, 2, 0.02380952425301075],
            [3, 0, 5, 0.02380952425301075],
            [3, 1, 2, 0.02380952425301075],
            [3, 1, 7, 0.0476190485060215],
            [3, 2, 8, 0.02380952425301075],
            [3, 2, 15, 0.02380952425301075],
            [3, 5, 13, 0.02380952425301075],
            [3, 6, 1, 0.02380952425301075],
            [3, 6, 7, 0.02380952425301075],
            [3, 7, 0, 0.02380952425301075],
            [3, 7, 1, 0.02380952425301075],
            [3, 7, 2, 0.02380952425301075],
            [3, 7, 11, 0.02380952425301075],
            [3, 7, 14, 0.02380952425301075],
            [3, 8, 5, 0.02380952425301075],
            [3, 8, 7, 0.02380952425301075],
            [3, 8, 10, 0.02380952425301075],
            [3, 9, 0, 0.02380952425301075],
            [3, 9, 4, 0.02380952425301075],
            [3, 10, 5, 0.02380952425301075],
            [3, 10, 15, 0.02380952425301075],
            [3, 11, 10, 0.02380952425301075],
            [3, 12, 3, 0.02380952425301075],
            [3, 12, 5, 0.02380952425301075],
            [3, 12, 6, 0.02380952425301075],
            [3, 13, 0, 0.02380952425301075],
            [3, 13, 7, 0.02380952425301075],
            [3, 13, 17, 0.02380952425301075],
            [3, 14, 4, 0.0714285746216774],
            [3, 14, 6, 0.02380952425301075],
            [3, 14, 12, 0.02380952425301075],
