{
    "train_f1": 9.173578262329102,
    "train_prob": 28.704925537109375,
    "train_cov": 81.25,
    "valid_f1": 0.0,
    "valid_prob": 0.0,
    "valid_cov": 0.0,
    "len": 177,
    "binary_grammar": {
        "num_nt": 4,
        "num_pt": 14,
        "num_rhs": 324,
        "rule_probs": [
            [0, 0, 7, 0.0181818176060915],
            [0, 0, 15, 0.0181818176060915],
            [0, 1, 0, 0.036363635212183],
            [0, 1, 9, 0.0181818176060915],
            [0, 1, 16, 0.0181818176060915],
            [0, 3, 5, 0.0181818176060915],
            [0, 3, 6, 0.036363635212183],
            [0, 3, 13, 0.0181818176060915],
            [0, 3, 15, 0.0181818176060915],
            [0, 3, 16, 0.0181818176060915],
            [0, 4, 4, 0.0181818176060915],
            [0, 5, 1, 0.036363635212183],
            [0, 6, 7, 0.0181818176060915],
            [0, 6, 9, 0.0181818176060915],
            [0, 7, 0, 0.036363635212183],
            [0, 7, 5, 0.036363635212183],
            [0, 7, 6, 0.0181818176060915],
            [0, 7, 11, 0.036363635212183],
            [0, 8, 2, 0.0181818176060915],
            [0, 8, 4, 0.0181818176060915],
            [0, 8, 5, 0.036363635212183],
            [0, 8, 6, 0.036363635212183],
            [0, 9, 10, 0.036363635212183],
            [0, 10, 10, 0.0181818176060915],
            [0, 10, 15, 0.0181818176060915],
            [0, 10, 17, 0.0181818176060915],
            [0, 11, 2, 0.0181818176060915],
            [0, 11, 4, 0.0181818176060915],
            [0, 11, 8, 0.0181818176060915],
            [0, 12, 1, 0.0181818176060915],
            [0, 13, 2, 0.036363635212183],
            [0, 13, 9, 0.0181818176060915],
            [0, 14, 11, 0.0181818176060915],
            [0, 14, 13, 0.0181818176060915],
            [0, 15, 3, 0.0181818176060915],
            [0, 15, 4, 0.0181818176060915],
            [0, 15, 8, 0.0181818176060915],
            [0, 15, 17, 0.0181818176060915],
            [0, 16, 13, 0.0181818176060915],
            [0, 17, 2, 0.0181818176060915],
            [0, 17, 5, 0.0181818176060915],
            [0, 17, 14, 0.0181818176060915],
            [0, 17, 15, 0.0181818176060915],
            [0, 17, 16, 0.0181818176060915],
            [0, 17, 17, 0.0181818176060915],
            [1, 0, 5, 0.02083333395421505],
            [1, 0, 10, 0.02083333395421505],
            [1, 0, 14, 0.02083333395421505],
            [1, 1, 1, 0.02083333395421505],
            [1, 1, 9, 0.02083333395421505],
            [1, 1, 14, 0.02083333395421505],
            [1, 2, 2, 0.02083333395421505],
            [1, 2, 9, 0.02083333395421505],
            [1, 3, 17, 0.02083333395421505],
            [1, 4, 4, 0.02083333395421505],
            [1, 4, 6, 0.0416666679084301],
            [1, 4, 13, 0.0416666679084301],
            [1, 4, 14, 0.02083333395421505],
            [1, 4, 16, 0.02083333395421505],
            [1, 5, 4, 0.02083333395421505],
            [1, 5, 6, 0.02083333395421505],
            [1, 5, 8, 0.02083333395421505],
            [1, 6, 4, 0.02083333395421505],
            [1, 6, 9, 0.02083333395421505],
            [1, 6, 11, 0.02083333395421505],
            [1, 6, 14, 0.02083333395421505],
            [1, 6, 17, 0.0416666679084301],
            [1, 7, 14, 0.02083333395421505],
            [1, 8, 2, 0.02083333395421505],
            [1, 8, 6, 0.02083333395421505],
            [1, 8, 7, 0.02083333395421505],
            [1, 8, 14, 0.02083333395421505],
            [1, 8, 16, 0.02083333395421505],
            [1, 8, 17, 0.02083333395421505],
            [1, 9, 12, 0.02083333395421505],
            [1, 10, 0, 0.02083333395421505],
            [1, 10, 7, 0.02083333395421505],
            [1, 11, 1, 0.02083333395421505],
            [1, 12, 2, 0.02083333395421505],
            [1, 12, 5, 0.02083333395421505],
            [1, 12, 9, 0.02083333395421505],
            [1, 12, 10, 0.02083333395421505],
            [1, 13, 4, 0.0416666679084301],
            [1, 13, 10, 0.02083333395421505],
            [1, 13, 14, 0.02083333395421505],
            [1, 14, 10, 0.02083333395421505],
            [1, 15, 17, 0.02083333395421505],
            [1, 17, 3, 0.02083333395421505],
            [1, 17, 8, 0.02083333395421505],
            [2, 0, 2, 0.022727273404598236],
            [2, 1, 0, 0.022727273404598236],
            [2, 1, 1, 0.022727273404598236],
            [2, 1, 3, 0.022727273404598236],
            [2, 2, 6, 0.04545454680919647],
            [2, 2, 10, 0.04545454680919647],
            [2, 2, 13, 0.022727273404598236],
            [2, 2, 17, 0.022727273404598236],
            [2, 3, 1, 0.022727273404598236],
            [2, 3, 5, 0.022727273404598236],
            [2, 3, 7, 0.022727273404598236],
            [2, 3, 15, 0.04545454680919647],
            [2, 3, 17, 0.04545454680919647],
            [2, 4, 4, 0.022727273404598236],
            [2, 4, 12, 0.022727273404598236],
            [2, 4, 15, 0.022727273404598236],
            [2, 5, 14, 0.022727273404598236],
            [2, 5, 17, 0.022727273404598236],
            [2, 6, 11, 0.022727273404598236],
            [2, 6, 17, 0.022727273404598236],
            [2, 7, 12, 0.022727273404598236],
            [2, 8, 5, 0.022727273404598236],
            [2, 9, 3, 0.022727273404598236],
            [2, 10, 6, 0.022727273404598236],
            [2, 10, 10, 0.04545454680919647],
            [2, 10, 15, 0.022727273404598236],
            [2, 11, 7, 0.022727273404598236],
            [2, 11, 10, 0.022727273404598236],
            [2, 11, 12, 0.022727273404598236],
            [2, 11, 15, 0.022727273404598236],
            [2, 12, 1, 0.022727273404598236],
            [2, 13, 6, 0.022727273404598236],
            [2, 14, 3, 0.022727273404598236],
            [2, 14, 11, 0.04545454680919647],
            [2, 15, 12, 0.022727273404598236],
            [2, 16, 2, 0.022727273404598236],
            [2, 17, 14, 0.022727273404598236],
            [2, 17, 16, 0.022727273404598236],
            [3, 0, 2, 0.01886792480945587],
            [3, 0, 11, 0.01886792480945587],
            [3, 0, 17, 0.01886792480945587],
            [3, 1, 2, 0.01886792480945587],
            [3, 1, 11, 0.01886792480945587],
            [3, 1, 14, 0.01886792480945587],
            [3, 2, 5, 0.01886792480945587],
            [3, 2, 14, 0.01886792480945587],
            [3, 2, 16, 0.01886792480945587],
            [3, 2, 17, 0.01886792480945587],
            [3, 3, 16, 0.01886792480945587],
            [3, 4, 2, 0.01886792480945587],
            [3, 4, 3, 0.01886792480945587],
            [3, 4, 5, 0.01886792480945587],
            [3, 4, 8, 0.01886792480945587],
            [3, 4, 15, 0.01886792480945587],
            [3, 5, 13, 0.01886792480945587],
            [3, 6, 1, 0.01886792480945587],
            [3, 6, 2, 0.01886792480945587],
            [3, 6, 3, 0.01886792480945587],
            [3, 6, 9, 0.01886792480945587],
            [3, 7, 0, 0.01886792480945587],
            [3, 7, 2, 0.01886792480945587],
            [3, 7, 10, 0.01886792480945587],
            [3, 7, 14, 0.01886792480945587],
            [3, 7, 17, 0.01886792480945587],
            [3, 8, 16, 0.01886792480945587],
            [3, 9, 13, 0.01886792480945587],
            [3, 10, 1, 0.01886792480945587],
            [3, 10, 12, 0.01886792480945587],
            [3, 10, 15, 0.01886792480945587],
            [3, 11, 16, 0.01886792480945587],
            [3, 12, 0, 0.01886792480945587],
            [3, 12, 14, 0.01886792480945587],
            [3, 13, 0, 0.03773584961891174],
            [3, 13, 3, 0.01886792480945587],
            [3, 13, 5, 0.01886792480945587],
            [3, 13, 7, 0.01886792480945587],
            [3, 13, 11, 0.01886792480945587],
            [3, 13, 12, 0.01886792480945587],
            [3, 13, 15, 0.01886792480945587],
            [3, 14, 13, 0.01886792480945587],
            [3, 15, 6, 0.01886792480945587],
            [3, 15, 8, 0.01886792480945587],
            [3, 15, 11, 0.03773584961891174],
