{
    "train_f1": 3.4214231967926025,
    "train_prob": 13.599713325500488,
    "train_cov": 43.75,
    "valid_f1": 0.0,
    "valid_prob": 0.0,
    "valid_cov": 0.0,
    "len": 178,
    "binary_grammar": {
        "num_nt": 4,
        "num_pt": 14,
        "num_rhs": 324,
        "rule_probs": [
            [0, 0, 11, 0.01923076994717121],
            [0, 0, 17, 0.01923076994717121],
            [0, 1, 0, 0.01923076994717121],
            [0, 1, 14, 0.01923076994717121],
            [0, 2, 0, 0.01923076994717121],
            [0, 2, 1, 0.01923076994717121],
            [0, 2, 4, 0.01923076994717121],
            [0, 2, 6, 0.01923076994717121],
            [0, 3, 4, 0.01923076994717121],
            [0, 3, 6, 0.01923076994717121],
            [0, 4, 3, 0.01923076994717121],
            [0, 4, 8, 0.01923076994717121],
            [0, 4, 12, 0.01923076994717121],
            [0, 4, 16, 0.01923076994717121],
            [0, 5, 8, 0.01923076994717121],
            [0, 5, 12, 0.01923076994717121],
            [0, 6, 8, 0.01923076994717121],
            [0, 6, 15, 0.01923076994717121],
            [0, 7, 6, 0.01923076994717121],
            [0, 7, 10, 0.01923076994717121],
            [0, 8, 2, 0.01923076994717121],
            [0, 8, 4, 0.01923076994717121],
            [0, 8, 5, 0.01923076994717121],
            [0, 8, 7, 0.01923076994717121],
            [0, 8, 8, 0.01923076994717121],
            [0, 8, 11, 0.01923076994717121],
            [0, 9, 15, 0.01923076994717121],
            [0, 10, 11, 0.01923076994717121],
            [0, 11, 4, 0.01923076994717121],
            [0, 11, 8, 0.03846153989434242],
            [0, 11, 12, 0.01923076994717121],
            [0, 11, 13, 0.01923076994717121],
            [0, 12, 2, 0.03846153989434242],
            [0, 12, 4, 0.01923076994717121],
            [0, 12, 7, 0.01923076994717121],
            [0, 12, 9, 0.01923076994717121],
            [0, 12, 16, 0.03846153989434242],
            [0, 14, 12, 0.01923076994717121],
            [0, 14, 13, 0.03846153989434242],
            [0, 15, 3, 0.01923076994717121],
            [0, 15, 4, 0.01923076994717121],
            [0, 15, 6, 0.01923076994717121],
            [0, 15, 12, 0.01923076994717121],
            [0, 16, 2, 0.01923076994717121],
            [0, 17, 3, 0.01923076994717121],
            [0, 17, 5, 0.01923076994717121],
            [0, 17, 12, 0.01923076994717121],
            [0, 17, 13, 0.01923076994717121],
            [1, 0, 15, 0.024390242993831635],
            [1, 1, 10, 0.024390242993831635],
            [1, 1, 16, 0.024390242993831635],
            [1, 2, 10, 0.024390242993831635],
            [1, 3, 9, 0.024390242993831635],
            [1, 3, 10, 0.024390242993831635],
            [1, 3, 13, 0.024390242993831635],
            [1, 4, 2, 0.024390242993831635],
            [1, 4, 3, 0.024390242993831635],
            [1, 4, 7, 0.024390242993831635],
            [1, 4, 17, 0.024390242993831635],
            [1, 5, 1, 0.024390242993831635],
            [1, 5, 9, 0.04878048598766327],
            [1, 5, 12, 0.024390242993831635],
            [1, 5, 13, 0.024390242993831635],
            [1, 5, 14, 0.024390242993831635],
            [1, 5, 15, 0.024390242993831635],
            [1, 5, 16, 0.024390242993831635],
            [1, 6, 1, 0.04878048598766327],
            [1, 6, 12, 0.024390242993831635],
            [1, 6, 13, 0.04878048598766327],
            [1, 6, 17, 0.024390242993831635],
            [1, 7, 1, 0.024390242993831635],
            [1, 7, 16, 0.024390242993831635],
            [1, 8, 12, 0.024390242993831635],
            [1, 9, 15, 0.024390242993831635],
            [1, 10, 5, 0.024390242993831635],
            [1, 10, 9, 0.024390242993831635],
            [1, 11, 7, 0.024390242993831635],
            [1, 11, 13, 0.024390242993831635],
            [1, 12, 9, 0.024390242993831635],
            [1, 12, 12, 0.024390242993831635],
            [1, 13, 1, 0.024390242993831635],
            [1, 13, 9, 0.024390242993831635],
            [1, 14, 1, 0.024390242993831635],
            [1, 14, 10, 0.024390242993831635],
            [1, 15, 0, 0.024390242993831635],
            [1, 16, 5, 0.024390242993831635],
            [2, 1, 1, 0.017241379246115685],
            [2, 1, 3, 0.017241379246115685],
            [2, 1, 16, 0.017241379246115685],
            [2, 2, 1, 0.03448275849223137],
            [2, 2, 5, 0.0517241396009922],
            [2, 2, 7, 0.017241379246115685],
            [2, 2, 12, 0.017241379246115685],
            [2, 2, 16, 0.017241379246115685],
            [2, 3, 8, 0.017241379246115685],
            [2, 3, 13, 0.017241379246115685],
            [2, 3, 14, 0.017241379246115685],
            [2, 4, 0, 0.017241379246115685],
            [2, 4, 15, 0.017241379246115685],
            [2, 4, 16, 0.017241379246115685],
            [2, 5, 4, 0.017241379246115685],
            [2, 5, 7, 0.03448275849223137],
            [2, 5, 13, 0.017241379246115685],
            [2, 6, 1, 0.017241379246115685],
            [2, 7, 1, 0.017241379246115685],
            [2, 7, 4, 0.017241379246115685],
            [2, 7, 9, 0.017241379246115685],
            [2, 7, 15, 0.017241379246115685],
            [2, 7, 16, 0.017241379246115685],
            [2, 8, 8, 0.017241379246115685],
            [2, 8, 14, 0.017241379246115685],
            [2, 8, 15, 0.017241379246115685],
            [2, 8, 16, 0.017241379246115685],
            [2, 9, 2, 0.0517241396009922],
            [2, 9, 3, 0.017241379246115685],
            [2, 9, 4, 0.017241379246115685],
            [2, 9, 11, 0.017241379246115685],
            [2, 9, 14, 0.017241379246115685],
            [2, 9, 15, 0.03448275849223137],
            [2, 10, 4, 0.017241379246115685],
            [2, 10, 7, 0.017241379246115685],
            [2, 10, 9, 0.03448275849223137],
            [2, 10, 15, 0.017241379246115685],
            [2, 11, 3, 0.03448275849223137],
            [2, 12, 8, 0.017241379246115685],
            [2, 13, 4, 0.017241379246115685],
            [2, 13, 6, 0.017241379246115685],
            [2, 13, 10, 0.03448275849223137],
            [2, 13, 15, 0.017241379246115685],
            [2, 13, 17, 0.017241379246115685],
            [2, 14, 0, 0.017241379246115685],
            [2, 16, 3, 0.017241379246115685],
            [2, 16, 8, 0.017241379246115685],
            [2, 17, 14, 0.017241379246115685],
            [3, 0, 0, 0.020408162847161293],
            [3, 0, 8, 0.020408162847161293],
            [3, 0, 9, 0.020408162847161293],
            [3, 0, 10, 0.020408162847161293],
            [3, 0, 16, 0.020408162847161293],
            [3, 0, 17, 0.020408162847161293],
            [3, 1, 3, 0.020408162847161293],
            [3, 1, 11, 0.020408162847161293],
            [3, 2, 6, 0.020408162847161293],
            [3, 2, 14, 0.020408162847161293],
            [3, 2, 15, 0.020408162847161293],
            [3, 2, 17, 0.020408162847161293],
            [3, 3, 16, 0.020408162847161293],
            [3, 4, 8, 0.020408162847161293],
            [3, 5, 8, 0.020408162847161293],
            [3, 5, 17, 0.020408162847161293],
            [3, 6, 9, 0.020408162847161293],
            [3, 6, 16, 0.020408162847161293],
            [3, 7, 0, 0.020408162847161293],
            [3, 7, 12, 0.020408162847161293],
            [3, 7, 17, 0.020408162847161293],
            [3, 8, 12, 0.040816325694322586],
            [3, 9, 5, 0.020408162847161293],
            [3, 10, 10, 0.020408162847161293],
            [3, 10, 11, 0.020408162847161293],
            [3, 11, 9, 0.020408162847161293],
            [3, 11, 13, 0.020408162847161293],
            [3, 11, 16, 0.020408162847161293],
            [3, 11, 17, 0.020408162847161293],
            [3, 12, 3, 0.020408162847161293],
            [3, 12, 9, 0.06122449040412903],
            [3, 12, 12, 0.020408162847161293],
            [3, 13, 1, 0.020408162847161293],
            [3, 13, 7, 0.020408162847161293],
            [3, 13, 9, 0.020408162847161293],
