{
    "train_f1": 10.9879150390625,
    "train_prob": 46.92737579345703,
    "train_cov": 81.25,
    "valid_f1": 0.0,
    "valid_prob": 0.0,
    "valid_cov": 0.0,
    "len": 179,
    "binary_grammar": {
        "num_nt": 4,
        "num_pt": 14,
        "num_rhs": 324,
        "rule_probs": [
            [0, 0, 1, 0.02222222276031971],
            [0, 0, 3, 0.02222222276031971],
            [0, 1, 1, 0.02222222276031971],
            [0, 1, 4, 0.02222222276031971],
            [0, 2, 9, 0.02222222276031971],
            [0, 3, 4, 0.02222222276031971],
            [0, 3, 9, 0.06666667014360428],
            [0, 5, 0, 0.02222222276031971],
            [0, 5, 7, 0.02222222276031971],
            [0, 5, 15, 0.02222222276031971],
            [0, 6, 1, 0.04444444552063942],
            [0, 6, 10, 0.02222222276031971],
            [0, 6, 17, 0.02222222276031971],
            [0, 7, 0, 0.02222222276031971],
            [0, 7, 3, 0.02222222276031971],
            [0, 7, 6, 0.02222222276031971],
            [0, 7, 7, 0.02222222276031971],
            [0, 8, 0, 0.02222222276031971],
            [0, 8, 12, 0.04444444552063942],
            [0, 8, 14, 0.02222222276031971],
            [0, 9, 1, 0.02222222276031971],
            [0, 9, 2, 0.02222222276031971],
            [0, 9, 11, 0.02222222276031971],
            [0, 10, 10, 0.02222222276031971],
            [0, 10, 12, 0.02222222276031971],
            [0, 11, 3, 0.02222222276031971],
            [0, 11, 11, 0.02222222276031971],
            [0, 12, 0, 0.02222222276031971],
            [0, 12, 3, 0.02222222276031971],
            [0, 12, 11, 0.02222222276031971],
            [0, 12, 12, 0.02222222276031971],
            [0, 12, 13, 0.02222222276031971],
            [0, 12, 17, 0.02222222276031971],
            [0, 13, 14, 0.02222222276031971],
            [0, 15, 3, 0.02222222276031971],
            [0, 15, 4, 0.02222222276031971],
            [0, 15, 6, 0.02222222276031971],
            [0, 15, 15, 0.02222222276031971],
            [0, 16, 6, 0.02222222276031971],
            [0, 17, 6, 0.02222222276031971],
            [0, 17, 10, 0.02222222276031971],
            [1, 1, 1, 0.01923076994717121],
            [1, 1, 8, 0.01923076994717121],
            [1, 1, 12, 0.01923076994717121],
            [1, 1, 15, 0.01923076994717121],
            [1, 1, 16, 0.01923076994717121],
            [1, 2, 0, 0.01923076994717121],
            [1, 2, 1, 0.01923076994717121],
            [1, 2, 6, 0.01923076994717121],
            [1, 2, 7, 0.03846153989434242],
            [1, 2, 12, 0.03846153989434242],
            [1, 2, 16, 0.01923076994717121],
            [1, 3, 11, 0.01923076994717121],
            [1, 4, 8, 0.01923076994717121],
            [1, 5, 3, 0.01923076994717121],
            [1, 5, 12, 0.01923076994717121],
            [1, 5, 15, 0.01923076994717121],
            [1, 6, 0, 0.01923076994717121],
            [1, 6, 2, 0.01923076994717121],
            [1, 6, 5, 0.01923076994717121],
            [1, 6, 9, 0.01923076994717121],
            [1, 6, 13, 0.01923076994717121],
            [1, 6, 17, 0.01923076994717121],
            [1, 7, 14, 0.01923076994717121],
            [1, 7, 15, 0.01923076994717121],
            [1, 8, 2, 0.01923076994717121],
            [1, 8, 6, 0.01923076994717121],
            [1, 8, 8, 0.01923076994717121],
            [1, 8, 10, 0.01923076994717121],
            [1, 9, 3, 0.01923076994717121],
            [1, 9, 4, 0.01923076994717121],
            [1, 9, 13, 0.01923076994717121],
            [1, 10, 13, 0.01923076994717121],
            [1, 10, 14, 0.01923076994717121],
            [1, 11, 2, 0.01923076994717121],
            [1, 11, 7, 0.057692307978868484],
            [1, 11, 12, 0.01923076994717121],
            [1, 12, 17, 0.03846153989434242],
            [1, 13, 1, 0.01923076994717121],
            [1, 13, 12, 0.01923076994717121],
            [1, 13, 15, 0.01923076994717121],
            [1, 13, 16, 0.01923076994717121],
            [1, 14, 14, 0.01923076994717121],
            [1, 15, 2, 0.01923076994717121],
            [1, 15, 6, 0.01923076994717121],
            [1, 15, 8, 0.01923076994717121],
            [1, 15, 9, 0.01923076994717121],
            [1, 17, 15, 0.01923076994717121],
            [2, 0, 2, 0.020408162847161293],
            [2, 0, 15, 0.020408162847161293],
            [2, 0, 17, 0.020408162847161293],
            [2, 1, 1, 0.020408162847161293],
            [2, 1, 16, 0.020408162847161293],
            [2, 1, 17, 0.020408162847161293],
            [2, 2, 4, 0.020408162847161293],
            [2, 2, 10, 0.020408162847161293],
            [2, 2, 12, 0.020408162847161293],
            [2, 2, 16, 0.040816325694322586],
            [2, 3, 1, 0.020408162847161293],
            [2, 3, 2, 0.020408162847161293],
            [2, 3, 9, 0.020408162847161293],
            [2, 4, 9, 0.020408162847161293],
            [2, 4, 11, 0.020408162847161293],
            [2, 5, 8, 0.020408162847161293],
            [2, 5, 16, 0.020408162847161293],
            [2, 6, 11, 0.020408162847161293],
            [2, 6, 13, 0.020408162847161293],
            [2, 6, 15, 0.020408162847161293],
            [2, 7, 1, 0.020408162847161293],
            [2, 7, 6, 0.040816325694322586],
            [2, 7, 8, 0.020408162847161293],
            [2, 7, 14, 0.020408162847161293],
            [2, 8, 5, 0.020408162847161293],
            [2, 8, 6, 0.020408162847161293],
            [2, 8, 12, 0.020408162847161293],
            [2, 8, 17, 0.020408162847161293],
            [2, 9, 7, 0.020408162847161293],
            [2, 9, 12, 0.020408162847161293],
            [2, 9, 13, 0.040816325694322586],
            [2, 10, 0, 0.040816325694322586],
            [2, 10, 1, 0.040816325694322586],
            [2, 11, 2, 0.020408162847161293],
            [2, 11, 17, 0.020408162847161293],
            [2, 12, 1, 0.020408162847161293],
            [2, 13, 10, 0.020408162847161293],
            [2, 14, 6, 0.040816325694322586],
            [2, 14, 7, 0.040816325694322586],
            [2, 14, 9, 0.020408162847161293],
            [2, 15, 5, 0.020408162847161293],
            [2, 16, 3, 0.020408162847161293],
            [3, 0, 3, 0.03773584961891174],
            [3, 0, 7, 0.01886792480945587],
            [3, 1, 6, 0.01886792480945587],
            [3, 1, 8, 0.01886792480945587],
            [3, 1, 17, 0.01886792480945587],
            [3, 2, 2, 0.01886792480945587],
            [3, 2, 3, 0.01886792480945587],
            [3, 2, 5, 0.01886792480945587],
            [3, 2, 7, 0.01886792480945587],
            [3, 2, 13, 0.01886792480945587],
            [3, 2, 17, 0.01886792480945587],
            [3, 3, 6, 0.01886792480945587],
            [3, 3, 9, 0.01886792480945587],
            [3, 5, 0, 0.01886792480945587],
            [3, 5, 5, 0.01886792480945587],
            [3, 5, 7, 0.01886792480945587],
            [3, 5, 12, 0.03773584961891174],
            [3, 5, 13, 0.01886792480945587],
            [3, 5, 17, 0.01886792480945587],
            [3, 6, 2, 0.01886792480945587],
            [3, 7, 0, 0.01886792480945587],
            [3, 7, 13, 0.01886792480945587],
            [3, 7, 16, 0.01886792480945587],
            [3, 8, 4, 0.01886792480945587],
            [3, 9, 3, 0.01886792480945587],
            [3, 9, 10, 0.01886792480945587],
            [3, 9, 13, 0.01886792480945587],
            [3, 9, 16, 0.01886792480945587],
            [3, 10, 7, 0.01886792480945587],
            [3, 11, 6, 0.03773584961891174],
            [3, 11, 17, 0.03773584961891174],
            [3, 12, 2, 0.01886792480945587],
            [3, 12, 8, 0.01886792480945587],
            [3, 13, 6, 0.01886792480945587],
            [3, 13, 15, 0.01886792480945587],
            [3, 14, 0, 0.01886792480945587],
            [3, 14, 2, 0.01886792480945587],
            [3, 14, 4, 0.01886792480945587],
            [3, 14, 16, 0.01886792480945587],
            [3, 15, 2, 0.01886792480945587],
            [3, 15, 8, 0.01886792480945587],
