{
    "train_f1": 3.806203842163086,
    "train_prob": 53.85930633544922,
    "train_cov": 68.75,
    "valid_f1": 0.0,
    "valid_prob": 0.0,
    "valid_cov": 0.0,
    "len": 185,
    "binary_grammar": {
        "num_nt": 4,
        "num_pt": 14,
        "num_rhs": 324,
        "rule_probs": [
            [0, 0, 9, 0.019607843831181526],
            [0, 0, 12, 0.019607843831181526],
            [0, 1, 0, 0.019607843831181526],
            [0, 1, 3, 0.019607843831181526],
            [0, 1, 9, 0.019607843831181526],
            [0, 1, 15, 0.019607843831181526],
            [0, 2, 5, 0.019607843831181526],
            [0, 2, 8, 0.019607843831181526],
            [0, 3, 4, 0.019607843831181526],
            [0, 3, 16, 0.019607843831181526],
            [0, 4, 14, 0.019607843831181526],
            [0, 5, 0, 0.03921568766236305],
            [0, 5, 1, 0.03921568766236305],
            [0, 5, 5, 0.019607843831181526],
            [0, 5, 8, 0.019607843831181526],
            [0, 5, 16, 0.019607843831181526],
            [0, 6, 13, 0.019607843831181526],
            [0, 6, 16, 0.019607843831181526],
            [0, 7, 4, 0.019607843831181526],
            [0, 7, 7, 0.019607843831181526],
            [0, 8, 5, 0.019607843831181526],
            [0, 8, 10, 0.019607843831181526],
            [0, 8, 16, 0.019607843831181526],
            [0, 9, 5, 0.019607843831181526],
            [0, 9, 13, 0.019607843831181526],
            [0, 9, 17, 0.019607843831181526],
            [0, 10, 0, 0.019607843831181526],
            [0, 11, 3, 0.019607843831181526],
            [0, 11, 13, 0.019607843831181526],
            [0, 12, 0, 0.019607843831181526],
            [0, 12, 17, 0.019607843831181526],
            [0, 13, 2, 0.019607843831181526],
            [0, 13, 5, 0.019607843831181526],
            [0, 13, 14, 0.019607843831181526],
            [0, 13, 16, 0.019607843831181526],
            [0, 14, 11, 0.019607843831181526],
            [0, 14, 13, 0.019607843831181526],
            [0, 15, 2, 0.019607843831181526],
            [0, 15, 7, 0.019607843831181526],
            [0, 15, 8, 0.019607843831181526],
            [0, 15, 11, 0.019607843831181526],
            [0, 15, 13, 0.019607843831181526],
            [0, 16, 1, 0.03921568766236305],
            [0, 16, 10, 0.019607843831181526],
            [0, 16, 17, 0.019607843831181526],
            [0, 17, 3, 0.019607843831181526],
            [0, 17, 10, 0.019607843831181526],
            [0, 17, 16, 0.019607843831181526],
            [1, 0, 16, 0.03921568766236305],
            [1, 1, 10, 0.019607843831181526],
            [1, 1, 11, 0.019607843831181526],
            [1, 1, 14, 0.03921568766236305],
            [1, 2, 1, 0.019607843831181526],
            [1, 2, 6, 0.03921568766236305],
            [1, 3, 2, 0.03921568766236305],
            [1, 3, 10, 0.019607843831181526],
            [1, 4, 4, 0.019607843831181526],
            [1, 4, 10, 0.019607843831181526],
            [1, 4, 11, 0.019607843831181526],
            [1, 5, 0, 0.019607843831181526],
            [1, 5, 4, 0.019607843831181526],
            [1, 5, 8, 0.019607843831181526],
            [1, 5, 10, 0.019607843831181526],
            [1, 5, 15, 0.019607843831181526],
            [1, 6, 4, 0.019607843831181526],
            [1, 6, 5, 0.019607843831181526],
            [1, 6, 8, 0.019607843831181526],
            [1, 7, 5, 0.019607843831181526],
            [1, 7, 6, 0.019607843831181526],
            [1, 7, 9, 0.019607843831181526],
            [1, 7, 17, 0.019607843831181526],
            [1, 8, 0, 0.019607843831181526],
            [1, 9, 0, 0.019607843831181526],
            [1, 9, 3, 0.019607843831181526],
            [1, 9, 10, 0.019607843831181526],
            [1, 9, 15, 0.019607843831181526],
            [1, 10, 8, 0.019607843831181526],
            [1, 10, 11, 0.019607843831181526],
            [1, 10, 17, 0.019607843831181526],
            [1, 11, 14, 0.019607843831181526],
            [1, 11, 17, 0.019607843831181526],
            [1, 12, 1, 0.019607843831181526],
            [1, 12, 11, 0.019607843831181526],
            [1, 13, 4, 0.019607843831181526],
            [1, 13, 12, 0.03921568766236305],
            [1, 14, 1, 0.019607843831181526],
            [1, 14, 15, 0.019607843831181526],
            [1, 15, 0, 0.019607843831181526],
            [1, 15, 3, 0.05882352963089943],
            [1, 16, 4, 0.019607843831181526],
            [1, 16, 16, 0.019607843831181526],
            [1, 17, 3, 0.019607843831181526],
            [2, 0, 3, 0.019607843831181526],
            [2, 0, 5, 0.019607843831181526],
            [2, 0, 14, 0.019607843831181526],
            [2, 0, 16, 0.019607843831181526],
            [2, 2, 5, 0.03921568766236305],
            [2, 2, 9, 0.019607843831181526],
            [2, 2, 15, 0.019607843831181526],
            [2, 3, 4, 0.019607843831181526],
            [2, 4, 11, 0.019607843831181526],
            [2, 4, 14, 0.03921568766236305],
            [2, 5, 0, 0.019607843831181526],
            [2, 5, 6, 0.019607843831181526],
            [2, 5, 8, 0.019607843831181526],
            [2, 5, 16, 0.03921568766236305],
            [2, 6, 5, 0.03921568766236305],
            [2, 6, 8, 0.019607843831181526],
            [2, 6, 17, 0.019607843831181526],
            [2, 7, 1, 0.019607843831181526],
            [2, 7, 2, 0.019607843831181526],
            [2, 8, 0, 0.019607843831181526],
            [2, 8, 10, 0.019607843831181526],
            [2, 8, 17, 0.019607843831181526],
            [2, 9, 8, 0.019607843831181526],
            [2, 10, 4, 0.019607843831181526],
            [2, 10, 17, 0.019607843831181526],
            [2, 11, 3, 0.019607843831181526],
            [2, 11, 10, 0.019607843831181526],
            [2, 11, 11, 0.019607843831181526],
            [2, 11, 12, 0.019607843831181526],
            [2, 12, 0, 0.019607843831181526],
            [2, 12, 9, 0.019607843831181526],
            [2, 12, 12, 0.019607843831181526],
            [2, 14, 6, 0.019607843831181526],
            [2, 14, 12, 0.019607843831181526],
            [2, 14, 16, 0.019607843831181526],
            [2, 15, 7, 0.019607843831181526],
            [2, 15, 8, 0.019607843831181526],
            [2, 16, 1, 0.019607843831181526],
            [2, 16, 9, 0.019607843831181526],
            [2, 16, 15, 0.019607843831181526],
            [2, 16, 17, 0.019607843831181526],
            [2, 17, 5, 0.019607843831181526],
            [2, 17, 7, 0.019607843831181526],
            [2, 17, 9, 0.019607843831181526],
            [2, 17, 11, 0.019607843831181526],
            [2, 17, 13, 0.019607843831181526],
            [2, 17, 16, 0.019607843831181526],
            [3, 0, 15, 0.021276595070958138],
            [3, 0, 16, 0.021276595070958138],
            [3, 1, 11, 0.021276595070958138],
            [3, 1, 14, 0.021276595070958138],
            [3, 1, 17, 0.021276595070958138],
            [3, 2, 6, 0.021276595070958138],
            [3, 2, 10, 0.021276595070958138],
            [3, 2, 17, 0.021276595070958138],
            [3, 3, 1, 0.021276595070958138],
            [3, 3, 13, 0.021276595070958138],
            [3, 3, 14, 0.021276595070958138],
            [3, 4, 3, 0.021276595070958138],
            [3, 5, 1, 0.021276595070958138],
            [3, 5, 12, 0.021276595070958138],
            [3, 6, 5, 0.021276595070958138],
            [3, 6, 12, 0.042553190141916275],
            [3, 6, 13, 0.021276595070958138],
            [3, 7, 6, 0.021276595070958138],
            [3, 7, 13, 0.021276595070958138],
            [3, 7, 16, 0.021276595070958138],
            [3, 8, 1, 0.021276595070958138],
            [3, 8, 6, 0.021276595070958138],
            [3, 9, 7, 0.021276595070958138],
            [3, 9, 12, 0.021276595070958138],
            [3, 9, 14, 0.021276595070958138],
            [3, 9, 16, 0.021276595070958138],
            [3, 9, 17, 0.021276595070958138],
            [3, 10, 3, 0.021276595070958138],
            [3, 10, 6, 0.021276595070958138],
