{
    "train_f1": 5.948310852050781,
    "train_prob": 13.731493949890137,
    "train_cov": 56.25,
    "valid_f1": 0.0,
    "valid_prob": 0.0,
    "valid_cov": 0.0,
    "len": 179,
    "binary_grammar": {
        "num_nt": 4,
        "num_pt": 14,
        "num_rhs": 324,
        "rule_probs": [
            [0, 0, 14, 0.023255813866853714],
            [0, 1, 0, 0.023255813866853714],
            [0, 1, 4, 0.023255813866853714],
            [0, 1, 9, 0.023255813866853714],
            [0, 2, 8, 0.023255813866853714],
            [0, 2, 9, 0.023255813866853714],
            [0, 3, 2, 0.023255813866853714],
            [0, 3, 6, 0.023255813866853714],
            [0, 3, 8, 0.023255813866853714],
            [0, 3, 16, 0.023255813866853714],
            [0, 4, 9, 0.023255813866853714],
            [0, 5, 15, 0.023255813866853714],
            [0, 5, 17, 0.023255813866853714],
            [0, 6, 9, 0.04651162773370743],
            [0, 7, 3, 0.023255813866853714],
            [0, 7, 5, 0.04651162773370743],
            [0, 7, 7, 0.023255813866853714],
            [0, 7, 13, 0.04651162773370743],
            [0, 8, 16, 0.023255813866853714],
            [0, 9, 7, 0.023255813866853714],
            [0, 9, 8, 0.023255813866853714],
            [0, 9, 10, 0.06976744532585144],
            [0, 9, 12, 0.023255813866853714],
            [0, 10, 0, 0.023255813866853714],
            [0, 10, 6, 0.023255813866853714],
            [0, 11, 5, 0.023255813866853714],
            [0, 12, 1, 0.023255813866853714],
            [0, 13, 4, 0.023255813866853714],
            [0, 13, 9, 0.023255813866853714],
            [0, 13, 10, 0.023255813866853714],
            [0, 13, 17, 0.023255813866853714],
            [0, 14, 13, 0.023255813866853714],
            [0, 15, 14, 0.023255813866853714],
            [0, 15, 16, 0.023255813866853714],
            [0, 16, 5, 0.023255813866853714],
            [0, 16, 13, 0.023255813866853714],
            [0, 16, 14, 0.023255813866853714],
            [0, 17, 5, 0.023255813866853714],
            [1, 0, 5, 0.01923076994717121],
            [1, 0, 13, 0.01923076994717121],
            [1, 1, 8, 0.01923076994717121],
            [1, 2, 0, 0.01923076994717121],
            [1, 2, 7, 0.01923076994717121],
            [1, 2, 11, 0.01923076994717121],
            [1, 2, 12, 0.03846153989434242],
            [1, 3, 1, 0.01923076994717121],
            [1, 3, 14, 0.01923076994717121],
            [1, 3, 15, 0.01923076994717121],
            [1, 4, 5, 0.01923076994717121],
            [1, 4, 6, 0.01923076994717121],
            [1, 4, 8, 0.01923076994717121],
            [1, 4, 16, 0.01923076994717121],
            [1, 5, 1, 0.01923076994717121],
            [1, 5, 17, 0.03846153989434242],
            [1, 6, 0, 0.01923076994717121],
            [1, 6, 7, 0.01923076994717121],
            [1, 7, 1, 0.01923076994717121],
            [1, 7, 3, 0.01923076994717121],
            [1, 7, 12, 0.01923076994717121],
            [1, 8, 7, 0.01923076994717121],
            [1, 8, 11, 0.01923076994717121],
            [1, 8, 12, 0.01923076994717121],
            [1, 8, 15, 0.01923076994717121],
            [1, 9, 0, 0.01923076994717121],
            [1, 10, 9, 0.01923076994717121],
            [1, 10, 10, 0.01923076994717121],
            [1, 10, 14, 0.01923076994717121],
            [1, 11, 6, 0.03846153989434242],
            [1, 11, 7, 0.057692307978868484],
            [1, 11, 10, 0.01923076994717121],
            [1, 11, 12, 0.01923076994717121],
            [1, 12, 5, 0.01923076994717121],
            [1, 13, 8, 0.01923076994717121],
            [1, 13, 14, 0.03846153989434242],
            [1, 13, 17, 0.01923076994717121],
            [1, 14, 4, 0.01923076994717121],
            [1, 15, 1, 0.01923076994717121],
            [1, 15, 9, 0.01923076994717121],
            [1, 15, 16, 0.01923076994717121],
            [1, 15, 17, 0.01923076994717121],
            [1, 16, 0, 0.01923076994717121],
            [1, 16, 6, 0.01923076994717121],
            [1, 17, 10, 0.01923076994717121],
            [1, 17, 14, 0.01923076994717121],
            [2, 0, 9, 0.016129031777381897],
            [2, 0, 12, 0.016129031777381897],
            [2, 1, 3, 0.016129031777381897],
            [2, 1, 16, 0.032258063554763794],
            [2, 1, 17, 0.016129031777381897],
            [2, 2, 1, 0.032258063554763794],
            [2, 2, 9, 0.016129031777381897],
            [2, 2, 10, 0.016129031777381897],
            [2, 2, 13, 0.016129031777381897],
            [2, 3, 3, 0.016129031777381897],
            [2, 3, 7, 0.016129031777381897],
            [2, 3, 8, 0.016129031777381897],
            [2, 3, 10, 0.016129031777381897],
            [2, 3, 14, 0.016129031777381897],
            [2, 4, 1, 0.016129031777381897],
            [2, 4, 6, 0.016129031777381897],
            [2, 5, 2, 0.032258063554763794],
            [2, 5, 8, 0.016129031777381897],
            [2, 5, 13, 0.016129031777381897],
            [2, 6, 1, 0.016129031777381897],
            [2, 6, 4, 0.016129031777381897],
            [2, 6, 11, 0.016129031777381897],
            [2, 6, 12, 0.032258063554763794],
            [2, 6, 15, 0.016129031777381897],
            [2, 6, 17, 0.016129031777381897],
            [2, 7, 0, 0.016129031777381897],
            [2, 7, 1, 0.016129031777381897],
            [2, 7, 4, 0.016129031777381897],
            [2, 7, 16, 0.016129031777381897],
            [2, 8, 7, 0.016129031777381897],
            [2, 8, 16, 0.016129031777381897],
            [2, 9, 0, 0.016129031777381897],
            [2, 9, 2, 0.016129031777381897],
            [2, 9, 3, 0.016129031777381897],
            [2, 10, 2, 0.016129031777381897],
            [2, 10, 3, 0.016129031777381897],
            [2, 10, 12, 0.016129031777381897],
            [2, 11, 6, 0.016129031777381897],
            [2, 11, 8, 0.016129031777381897],
            [2, 11, 16, 0.032258063554763794],
            [2, 13, 0, 0.016129031777381897],
            [2, 13, 1, 0.016129031777381897],
            [2, 13, 2, 0.016129031777381897],
            [2, 13, 14, 0.04838709533214569],
            [2, 14, 4, 0.016129031777381897],
            [2, 14, 7, 0.016129031777381897],
            [2, 14, 11, 0.016129031777381897],
            [2, 15, 8, 0.016129031777381897],
            [2, 16, 5, 0.032258063554763794],
            [2, 16, 6, 0.016129031777381897],
            [2, 16, 16, 0.016129031777381897],
            [2, 17, 3, 0.016129031777381897],
            [2, 17, 8, 0.016129031777381897],
            [2, 17, 16, 0.016129031777381897],
            [3, 0, 0, 0.023255813866853714],
            [3, 0, 2, 0.023255813866853714],
            [3, 0, 6, 0.023255813866853714],
            [3, 0, 11, 0.023255813866853714],
            [3, 0, 16, 0.023255813866853714],
            [3, 1, 7, 0.023255813866853714],
            [3, 1, 9, 0.04651162773370743],
            [3, 2, 3, 0.023255813866853714],
            [3, 2, 4, 0.023255813866853714],
            [3, 2, 7, 0.023255813866853714],
            [3, 4, 5, 0.023255813866853714],
            [3, 4, 10, 0.023255813866853714],
            [3, 6, 5, 0.023255813866853714],
            [3, 6, 10, 0.023255813866853714],
            [3, 8, 7, 0.023255813866853714],
            [3, 8, 11, 0.023255813866853714],
            [3, 9, 3, 0.023255813866853714],
            [3, 9, 13, 0.023255813866853714],
            [3, 10, 1, 0.023255813866853714],
            [3, 10, 14, 0.023255813866853714],
            [3, 10, 15, 0.023255813866853714],
            [3, 11, 2, 0.023255813866853714],
            [3, 11, 16, 0.023255813866853714],
            [3, 11, 17, 0.023255813866853714],
            [3, 12, 8, 0.023255813866853714],
            [3, 12, 10, 0.023255813866853714],
            [3, 12, 14, 0.023255813866853714],
            [3, 13, 3, 0.023255813866853714],
            [3, 13, 17, 0.023255813866853714],
            [3, 15, 5, 0.023255813866853714],
            [3, 15, 6, 0.023255813866853714],
