{
    "train_f1": 5.386266708374023,
    "train_prob": 15.567098617553711,
    "train_cov": 62.5,
    "valid_f1": 0.0,
    "valid_prob": 0.0,
    "valid_cov": 0.0,
    "len": 182,
    "binary_grammar": {
        "num_nt": 4,
        "num_pt": 14,
        "num_rhs": 324,
        "rule_probs": [
            [0, 0, 13, 0.01785714365541935],
            [0, 1, 17, 0.01785714365541935],
            [0, 2, 2, 0.01785714365541935],
            [0, 3, 8, 0.01785714365541935],
            [0, 3, 15, 0.01785714365541935],
            [0, 4, 4, 0.01785714365541935],
            [0, 4, 8, 0.0357142873108387],
            [0, 4, 9, 0.01785714365541935],
            [0, 4, 11, 0.01785714365541935],
            [0, 4, 13, 0.01785714365541935],
            [0, 4, 14, 0.01785714365541935],
            [0, 4, 15, 0.01785714365541935],
            [0, 5, 3, 0.01785714365541935],
            [0, 5, 6, 0.01785714365541935],
            [0, 5, 8, 0.01785714365541935],
            [0, 5, 14, 0.01785714365541935],
            [0, 5, 16, 0.01785714365541935],
            [0, 6, 4, 0.01785714365541935],
            [0, 6, 10, 0.01785714365541935],
            [0, 7, 2, 0.01785714365541935],
            [0, 7, 3, 0.01785714365541935],
            [0, 7, 10, 0.0357142873108387],
            [0, 8, 6, 0.01785714365541935],
            [0, 9, 6, 0.01785714365541935],
            [0, 9, 7, 0.01785714365541935],
            [0, 9, 11, 0.01785714365541935],
            [0, 10, 2, 0.0357142873108387],
            [0, 10, 3, 0.01785714365541935],
            [0, 10, 4, 0.0357142873108387],
            [0, 10, 6, 0.01785714365541935],
            [0, 10, 9, 0.01785714365541935],
            [0, 10, 10, 0.01785714365541935],
            [0, 10, 12, 0.01785714365541935],
            [0, 11, 16, 0.01785714365541935],
            [0, 12, 1, 0.01785714365541935],
            [0, 12, 4, 0.01785714365541935],
            [0, 12, 7, 0.01785714365541935],
            [0, 14, 1, 0.01785714365541935],
            [0, 14, 4, 0.01785714365541935],
            [0, 14, 13, 0.01785714365541935],
            [0, 14, 17, 0.01785714365541935],
            [0, 15, 3, 0.01785714365541935],
            [0, 15, 4, 0.01785714365541935],
            [0, 15, 7, 0.01785714365541935],
            [0, 15, 13, 0.01785714365541935],
            [0, 15, 15, 0.01785714365541935],
            [0, 15, 16, 0.01785714365541935],
            [0, 16, 5, 0.0357142873108387],
            [0, 16, 8, 0.01785714365541935],
            [0, 16, 16, 0.01785714365541935],
            [0, 17, 1, 0.01785714365541935],
            [1, 0, 7, 0.020408162847161293],
            [1, 1, 12, 0.020408162847161293],
            [1, 1, 16, 0.020408162847161293],
            [1, 2, 0, 0.020408162847161293],
            [1, 2, 1, 0.020408162847161293],
            [1, 2, 14, 0.020408162847161293],
            [1, 3, 2, 0.020408162847161293],
            [1, 3, 8, 0.020408162847161293],
            [1, 3, 9, 0.020408162847161293],
            [1, 3, 15, 0.020408162847161293],
            [1, 4, 3, 0.020408162847161293],
            [1, 4, 6, 0.020408162847161293],
            [1, 4, 13, 0.040816325694322586],
            [1, 5, 6, 0.020408162847161293],
            [1, 5, 7, 0.020408162847161293],
            [1, 6, 12, 0.020408162847161293],
            [1, 8, 11, 0.020408162847161293],
            [1, 8, 16, 0.020408162847161293],
            [1, 9, 2, 0.020408162847161293],
            [1, 9, 7, 0.020408162847161293],
            [1, 9, 12, 0.020408162847161293],
            [1, 10, 1, 0.020408162847161293],
            [1, 10, 4, 0.020408162847161293],
            [1, 10, 13, 0.020408162847161293],
            [1, 10, 15, 0.020408162847161293],
            [1, 11, 7, 0.020408162847161293],
            [1, 12, 5, 0.020408162847161293],
            [1, 12, 7, 0.020408162847161293],
            [1, 12, 15, 0.020408162847161293],
            [1, 13, 0, 0.020408162847161293],
            [1, 13, 7, 0.020408162847161293],
            [1, 14, 4, 0.020408162847161293],
            [1, 15, 1, 0.020408162847161293],
            [1, 15, 6, 0.020408162847161293],
            [1, 15, 8, 0.020408162847161293],
            [1, 15, 10, 0.08163265138864517],
            [1, 16, 0, 0.020408162847161293],
            [1, 16, 12, 0.020408162847161293],
            [1, 16, 13, 0.020408162847161293],
            [1, 17, 2, 0.020408162847161293],
            [1, 17, 4, 0.020408162847161293],
            [1, 17, 9, 0.020408162847161293],
            [1, 17, 11, 0.020408162847161293],
            [1, 17, 12, 0.020408162847161293],
            [1, 17, 16, 0.020408162847161293],
            [2, 0, 0, 0.021739130839705467],
            [2, 0, 12, 0.021739130839705467],
            [2, 0, 15, 0.021739130839705467],
            [2, 1, 0, 0.021739130839705467],
            [2, 2, 3, 0.021739130839705467],
            [2, 2, 12, 0.021739130839705467],
            [2, 2, 17, 0.021739130839705467],
            [2, 3, 1, 0.021739130839705467],
            [2, 3, 4, 0.021739130839705467],
            [2, 3, 6, 0.021739130839705467],
            [2, 3, 8, 0.021739130839705467],
            [2, 3, 15, 0.021739130839705467],
            [2, 3, 17, 0.043478261679410934],
            [2, 5, 8, 0.021739130839705467],
            [2, 5, 12, 0.06521739065647125],
            [2, 6, 14, 0.021739130839705467],
            [2, 6, 16, 0.021739130839705467],
            [2, 7, 11, 0.021739130839705467],
            [2, 7, 12, 0.021739130839705467],
            [2, 8, 3, 0.021739130839705467],
            [2, 8, 6, 0.021739130839705467],
            [2, 9, 1, 0.021739130839705467],
            [2, 10, 2, 0.021739130839705467],
            [2, 10, 10, 0.021739130839705467],
            [2, 10, 16, 0.021739130839705467],
            [2, 11, 12, 0.021739130839705467],
            [2, 11, 13, 0.021739130839705467],
            [2, 12, 16, 0.021739130839705467],
            [2, 13, 5, 0.021739130839705467],
            [2, 13, 9, 0.043478261679410934],
            [2, 14, 0, 0.043478261679410934],
            [2, 14, 2, 0.021739130839705467],
            [2, 14, 4, 0.021739130839705467],
            [2, 14, 16, 0.021739130839705467],
            [2, 14, 17, 0.021739130839705467],
            [2, 15, 15, 0.021739130839705467],
            [2, 16, 3, 0.021739130839705467],
            [2, 16, 5, 0.043478261679410934],
            [2, 16, 8, 0.021739130839705467],
            [2, 16, 15, 0.021739130839705467],
            [3, 0, 0, 0.020408162847161293],
            [3, 0, 9, 0.020408162847161293],
            [3, 0, 15, 0.020408162847161293],
            [3, 0, 17, 0.020408162847161293],
            [3, 1, 4, 0.020408162847161293],
            [3, 2, 8, 0.020408162847161293],
            [3, 2, 9, 0.020408162847161293],
            [3, 3, 5, 0.020408162847161293],
            [3, 3, 9, 0.020408162847161293],
            [3, 3, 11, 0.020408162847161293],
            [3, 3, 15, 0.020408162847161293],
            [3, 3, 16, 0.020408162847161293],
            [3, 4, 2, 0.020408162847161293],
            [3, 5, 6, 0.020408162847161293],
            [3, 5, 8, 0.020408162847161293],
            [3, 6, 2, 0.020408162847161293],
            [3, 6, 6, 0.020408162847161293],
            [3, 6, 13, 0.040816325694322586],
            [3, 7, 0, 0.040816325694322586],
            [3, 8, 5, 0.020408162847161293],
            [3, 9, 5, 0.020408162847161293],
            [3, 10, 2, 0.020408162847161293],
            [3, 10, 7, 0.040816325694322586],
            [3, 10, 8, 0.020408162847161293],
            [3, 10, 13, 0.020408162847161293],
            [3, 11, 0, 0.020408162847161293],
            [3, 11, 5, 0.020408162847161293],
            [3, 11, 9, 0.020408162847161293],
            [3, 11, 17, 0.020408162847161293],
            [3, 12, 7, 0.020408162847161293],
            [3, 13, 8, 0.020408162847161293],
            [3, 13, 16, 0.020408162847161293],
            [3, 13, 17, 0.020408162847161293],
