{
    "train_f1": 8.201434135437012,
    "train_prob": 41.7081413269043,
    "train_cov": 81.25,
    "valid_f1": 0.0,
    "valid_prob": 0.0,
    "valid_cov": 0.0,
    "len": 175,
    "binary_grammar": {
        "num_nt": 4,
        "num_pt": 14,
        "num_rhs": 324,
        "rule_probs": [
            [0, 0, 2, 0.03999999910593033],
            [0, 1, 5, 0.019999999552965164],
            [0, 1, 11, 0.019999999552965164],
            [0, 2, 0, 0.019999999552965164],
            [0, 2, 1, 0.019999999552965164],
            [0, 2, 8, 0.019999999552965164],
            [0, 2, 9, 0.019999999552965164],
            [0, 2, 11, 0.019999999552965164],
            [0, 2, 13, 0.019999999552965164],
            [0, 2, 17, 0.019999999552965164],
            [0, 3, 2, 0.019999999552965164],
            [0, 4, 8, 0.019999999552965164],
            [0, 4, 9, 0.019999999552965164],
            [0, 4, 12, 0.019999999552965164],
            [0, 4, 16, 0.019999999552965164],
            [0, 5, 4, 0.019999999552965164],
            [0, 5, 7, 0.019999999552965164],
            [0, 5, 10, 0.019999999552965164],
            [0, 5, 11, 0.019999999552965164],
            [0, 5, 17, 0.019999999552965164],
            [0, 7, 3, 0.019999999552965164],
            [0, 7, 4, 0.019999999552965164],
            [0, 7, 5, 0.019999999552965164],
            [0, 7, 12, 0.019999999552965164],
            [0, 8, 5, 0.019999999552965164],
            [0, 8, 12, 0.03999999910593033],
            [0, 9, 5, 0.019999999552965164],
            [0, 9, 13, 0.019999999552965164],
            [0, 10, 9, 0.019999999552965164],
            [0, 11, 14, 0.019999999552965164],
            [0, 12, 1, 0.019999999552965164],
            [0, 12, 3, 0.019999999552965164],
            [0, 12, 11, 0.019999999552965164],
            [0, 12, 13, 0.019999999552965164],
            [0, 13, 10, 0.03999999910593033],
            [0, 13, 11, 0.019999999552965164],
            [0, 14, 8, 0.019999999552965164],
            [0, 14, 10, 0.019999999552965164],
            [0, 15, 8, 0.019999999552965164],
            [0, 15, 12, 0.019999999552965164],
            [0, 16, 9, 0.019999999552965164],
            [0, 16, 13, 0.019999999552965164],
            [0, 16, 14, 0.019999999552965164],
            [0, 17, 16, 0.019999999552965164],
            [0, 17, 17, 0.05999999865889549],
            [1, 0, 4, 0.02777777798473835],
            [1, 0, 9, 0.02777777798473835],
            [1, 2, 1, 0.02777777798473835],
            [1, 2, 17, 0.02777777798473835],
            [1, 3, 8, 0.02777777798473835],
            [1, 4, 6, 0.02777777798473835],
            [1, 4, 13, 0.02777777798473835],
            [1, 4, 15, 0.02777777798473835],
            [1, 5, 6, 0.0555555559694767],
            [1, 5, 14, 0.02777777798473835],
            [1, 5, 15, 0.02777777798473835],
            [1, 6, 2, 0.0555555559694767],
            [1, 6, 12, 0.02777777798473835],
            [1, 6, 17, 0.02777777798473835],
            [1, 7, 7, 0.02777777798473835],
            [1, 7, 16, 0.0555555559694767],
            [1, 8, 16, 0.02777777798473835],
            [1, 9, 10, 0.02777777798473835],
            [1, 9, 16, 0.02777777798473835],
            [1, 10, 4, 0.02777777798473835],
            [1, 11, 0, 0.02777777798473835],
            [1, 11, 11, 0.02777777798473835],
            [1, 12, 9, 0.0555555559694767],
            [1, 12, 14, 0.02777777798473835],
            [1, 12, 16, 0.02777777798473835],
            [1, 13, 1, 0.02777777798473835],
            [1, 13, 9, 0.02777777798473835],
            [1, 15, 10, 0.02777777798473835],
            [1, 16, 1, 0.02777777798473835],
            [1, 17, 5, 0.0555555559694767],
            [1, 17, 8, 0.02777777798473835],
            [2, 0, 14, 0.01923076994717121],
            [2, 0, 16, 0.01923076994717121],
            [2, 1, 15, 0.01923076994717121],
            [2, 2, 13, 0.01923076994717121],
            [2, 2, 14, 0.01923076994717121],
            [2, 3, 11, 0.01923076994717121],
            [2, 3, 14, 0.01923076994717121],
            [2, 3, 15, 0.01923076994717121],
            [2, 3, 17, 0.01923076994717121],
            [2, 4, 11, 0.01923076994717121],
            [2, 4, 12, 0.01923076994717121],
            [2, 5, 3, 0.01923076994717121],
            [2, 5, 4, 0.01923076994717121],
            [2, 5, 14, 0.01923076994717121],
            [2, 6, 14, 0.01923076994717121],
            [2, 6, 16, 0.01923076994717121],
            [2, 7, 0, 0.01923076994717121],
            [2, 7, 2, 0.01923076994717121],
            [2, 7, 5, 0.01923076994717121],
            [2, 7, 9, 0.01923076994717121],
            [2, 7, 10, 0.01923076994717121],
            [2, 7, 13, 0.01923076994717121],
            [2, 8, 1, 0.03846153989434242],
            [2, 8, 4, 0.01923076994717121],
            [2, 8, 5, 0.01923076994717121],
            [2, 9, 2, 0.01923076994717121],
            [2, 9, 4, 0.01923076994717121],
            [2, 10, 8, 0.01923076994717121],
            [2, 10, 9, 0.03846153989434242],
            [2, 10, 16, 0.01923076994717121],
            [2, 12, 2, 0.01923076994717121],
            [2, 12, 7, 0.01923076994717121],
            [2, 12, 9, 0.01923076994717121],
            [2, 13, 6, 0.03846153989434242],
            [2, 13, 7, 0.01923076994717121],
            [2, 13, 10, 0.03846153989434242],
            [2, 14, 5, 0.01923076994717121],
            [2, 14, 7, 0.03846153989434242],
            [2, 14, 11, 0.01923076994717121],
            [2, 14, 16, 0.01923076994717121],
            [2, 15, 7, 0.03846153989434242],
            [2, 15, 16, 0.01923076994717121],
            [2, 16, 4, 0.01923076994717121],
            [2, 17, 3, 0.01923076994717121],
            [2, 17, 4, 0.01923076994717121],
            [2, 17, 8, 0.01923076994717121],
            [3, 0, 5, 0.016129031777381897],
            [3, 0, 6, 0.016129031777381897],
            [3, 0, 8, 0.016129031777381897],
            [3, 0, 10, 0.032258063554763794],
            [3, 0, 11, 0.016129031777381897],
            [3, 1, 2, 0.016129031777381897],
            [3, 1, 5, 0.016129031777381897],
            [3, 1, 15, 0.032258063554763794],
            [3, 3, 3, 0.016129031777381897],
            [3, 3, 9, 0.016129031777381897],
            [3, 4, 2, 0.016129031777381897],
            [3, 5, 4, 0.016129031777381897],
            [3, 5, 6, 0.032258063554763794],
            [3, 5, 7, 0.016129031777381897],
            [3, 5, 16, 0.016129031777381897],
            [3, 6, 2, 0.032258063554763794],
            [3, 6, 3, 0.016129031777381897],
            [3, 6, 10, 0.016129031777381897],
            [3, 6, 13, 0.016129031777381897],
            [3, 7, 0, 0.016129031777381897],
            [3, 7, 3, 0.016129031777381897],
            [3, 7, 10, 0.016129031777381897],
            [3, 8, 0, 0.016129031777381897],
            [3, 8, 4, 0.016129031777381897],
            [3, 8, 5, 0.016129031777381897],
            [3, 8, 6, 0.016129031777381897],
            [3, 8, 10, 0.016129031777381897],
            [3, 9, 10, 0.016129031777381897],
            [3, 9, 16, 0.016129031777381897],
            [3, 10, 1, 0.016129031777381897],
            [3, 11, 5, 0.016129031777381897],
            [3, 11, 9, 0.032258063554763794],
            [3, 11, 13, 0.016129031777381897],
            [3, 11, 16, 0.016129031777381897],
            [3, 12, 12, 0.016129031777381897],
            [3, 12, 15, 0.016129031777381897],
            [3, 12, 17, 0.016129031777381897],
            [3, 13, 3, 0.016129031777381897],
            [3, 13, 7, 0.016129031777381897],
            [3, 13, 10, 0.016129031777381897],
            [3, 13, 11, 0.016129031777381897],
            [3, 13, 14, 0.016129031777381897],
            [3, 14, 6, 0.016129031777381897],
            [3, 14, 15, 0.016129031777381897],
            [3, 15, 12, 0.016129031777381897],
            [3, 16, 3, 0.032258063554763794],
            [3, 16, 4, 0.016129031777381897],
