{
    "train_f1": 19.252286911010742,
    "train_prob": 35.43435287475586,
    "train_cov": 93.75,
    "valid_f1": 0.0,
    "valid_prob": 0.0,
    "valid_cov": 0.0,
    "len": 179,
    "binary_grammar": {
        "num_nt": 4,
        "num_pt": 14,
        "num_rhs": 324,
        "rule_probs": [
            [0, 0, 14, 0.025641025975346565],
            [0, 1, 8, 0.05128205195069313],
            [0, 2, 4, 0.025641025975346565],
            [0, 3, 3, 0.025641025975346565],
            [0, 4, 7, 0.025641025975346565],
            [0, 4, 8, 0.025641025975346565],
            [0, 4, 11, 0.025641025975346565],
            [0, 4, 12, 0.025641025975346565],
            [0, 4, 13, 0.025641025975346565],
            [0, 4, 17, 0.025641025975346565],
            [0, 6, 2, 0.025641025975346565],
            [0, 6, 8, 0.025641025975346565],
            [0, 6, 9, 0.05128205195069313],
            [0, 7, 4, 0.025641025975346565],
            [0, 8, 10, 0.025641025975346565],
            [0, 8, 12, 0.025641025975346565],
            [0, 9, 10, 0.05128205195069313],
            [0, 9, 11, 0.025641025975346565],
            [0, 9, 13, 0.025641025975346565],
            [0, 10, 8, 0.025641025975346565],
            [0, 10, 11, 0.025641025975346565],
            [0, 11, 4, 0.025641025975346565],
            [0, 11, 8, 0.025641025975346565],
            [0, 11, 17, 0.025641025975346565],
            [0, 12, 2, 0.025641025975346565],
            [0, 13, 0, 0.025641025975346565],
            [0, 13, 2, 0.07692307978868484],
            [0, 13, 13, 0.025641025975346565],
            [0, 13, 14, 0.025641025975346565],
            [0, 14, 12, 0.025641025975346565],
            [0, 15, 9, 0.025641025975346565],
            [0, 15, 12, 0.025641025975346565],
            [0, 17, 1, 0.025641025975346565],
            [0, 17, 17, 0.025641025975346565],
            [1, 0, 4, 0.017241379246115685],
            [1, 0, 5, 0.017241379246115685],
            [1, 1, 11, 0.017241379246115685],
            [1, 1, 17, 0.017241379246115685],
            [1, 3, 5, 0.017241379246115685],
            [1, 3, 7, 0.017241379246115685],
            [1, 3, 9, 0.017241379246115685],
            [1, 3, 11, 0.017241379246115685],
            [1, 3, 12, 0.017241379246115685],
            [1, 3, 14, 0.017241379246115685],
            [1, 3, 17, 0.017241379246115685],
            [1, 4, 5, 0.017241379246115685],
            [1, 4, 6, 0.03448275849223137],
            [1, 4, 7, 0.017241379246115685],
            [1, 4, 8, 0.017241379246115685],
            [1, 4, 11, 0.017241379246115685],
            [1, 4, 13, 0.03448275849223137],
            [1, 4, 15, 0.017241379246115685],
            [1, 4, 16, 0.017241379246115685],
            [1, 5, 5, 0.017241379246115685],
            [1, 5, 6, 0.017241379246115685],
            [1, 5, 10, 0.017241379246115685],
            [1, 6, 10, 0.017241379246115685],
            [1, 7, 0, 0.017241379246115685],
            [1, 7, 3, 0.017241379246115685],
            [1, 7, 10, 0.017241379246115685],
            [1, 7, 11, 0.017241379246115685],
            [1, 7, 16, 0.0517241396009922],
            [1, 8, 16, 0.017241379246115685],
            [1, 9, 6, 0.017241379246115685],
            [1, 9, 7, 0.017241379246115685],
            [1, 10, 13, 0.017241379246115685],
            [1, 11, 0, 0.017241379246115685],
            [1, 12, 4, 0.03448275849223137],
            [1, 12, 5, 0.017241379246115685],
            [1, 12, 6, 0.017241379246115685],
            [1, 12, 8, 0.017241379246115685],
            [1, 13, 0, 0.017241379246115685],
            [1, 13, 3, 0.017241379246115685],
            [1, 13, 15, 0.017241379246115685],
            [1, 15, 1, 0.017241379246115685],
            [1, 15, 10, 0.03448275849223137],
            [1, 15, 14, 0.017241379246115685],
            [1, 16, 0, 0.017241379246115685],
            [1, 16, 3, 0.017241379246115685],
            [1, 16, 9, 0.017241379246115685],
            [1, 16, 12, 0.017241379246115685],
            [1, 16, 14, 0.017241379246115685],
            [1, 16, 15, 0.017241379246115685],
            [1, 17, 3, 0.017241379246115685],
            [1, 17, 12, 0.017241379246115685],
            [1, 17, 14, 0.017241379246115685],
            [2, 0, 1, 0.016393441706895828],
            [2, 0, 3, 0.016393441706895828],
            [2, 0, 4, 0.016393441706895828],
            [2, 0, 12, 0.016393441706895828],
            [2, 1, 7, 0.016393441706895828],
            [2, 1, 8, 0.016393441706895828],
            [2, 1, 16, 0.016393441706895828],
            [2, 1, 17, 0.032786883413791656],
            [2, 2, 10, 0.016393441706895828],
            [2, 2, 12, 0.016393441706895828],
            [2, 2, 15, 0.016393441706895828],
            [2, 3, 6, 0.016393441706895828],
            [2, 4, 3, 0.016393441706895828],
            [2, 4, 11, 0.016393441706895828],
            [2, 5, 4, 0.016393441706895828],
            [2, 5, 12, 0.032786883413791656],
            [2, 6, 13, 0.016393441706895828],
            [2, 6, 15, 0.016393441706895828],
            [2, 7, 5, 0.032786883413791656],
            [2, 7, 8, 0.016393441706895828],
            [2, 8, 4, 0.016393441706895828],
            [2, 8, 5, 0.032786883413791656],
            [2, 9, 2, 0.016393441706895828],
            [2, 9, 3, 0.016393441706895828],
            [2, 9, 9, 0.032786883413791656],
            [2, 9, 10, 0.016393441706895828],
            [2, 9, 11, 0.032786883413791656],
            [2, 10, 1, 0.016393441706895828],
            [2, 10, 12, 0.016393441706895828],
            [2, 11, 8, 0.016393441706895828],
            [2, 11, 10, 0.016393441706895828],
            [2, 11, 11, 0.016393441706895828],
            [2, 11, 12, 0.016393441706895828],
            [2, 11, 17, 0.016393441706895828],
            [2, 12, 4, 0.016393441706895828],
            [2, 12, 5, 0.016393441706895828],
            [2, 12, 14, 0.016393441706895828],
            [2, 12, 16, 0.016393441706895828],
            [2, 13, 10, 0.016393441706895828],
            [2, 13, 11, 0.016393441706895828],
            [2, 13, 15, 0.016393441706895828],
            [2, 13, 16, 0.016393441706895828],
            [2, 14, 3, 0.016393441706895828],
            [2, 14, 12, 0.016393441706895828],
            [2, 15, 1, 0.016393441706895828],
            [2, 15, 7, 0.016393441706895828],
            [2, 15, 11, 0.016393441706895828],
            [2, 16, 3, 0.016393441706895828],
            [2, 16, 6, 0.016393441706895828],
            [2, 16, 14, 0.016393441706895828],
            [2, 17, 2, 0.016393441706895828],
            [2, 17, 3, 0.032786883413791656],
            [2, 17, 10, 0.016393441706895828],
            [2, 17, 11, 0.016393441706895828],
            [3, 0, 0, 0.0476190485060215],
            [3, 0, 5, 0.02380952425301075],
            [3, 0, 11, 0.02380952425301075],
            [3, 0, 16, 0.02380952425301075],
            [3, 1, 2, 0.02380952425301075],
            [3, 1, 7, 0.02380952425301075],
            [3, 2, 16, 0.02380952425301075],
            [3, 3, 3, 0.02380952425301075],
            [3, 3, 11, 0.02380952425301075],
            [3, 5, 6, 0.02380952425301075],
            [3, 5, 12, 0.02380952425301075],
            [3, 6, 11, 0.02380952425301075],
            [3, 7, 3, 0.0476190485060215],
            [3, 8, 2, 0.02380952425301075],
            [3, 8, 14, 0.02380952425301075],
            [3, 9, 3, 0.02380952425301075],
            [3, 9, 12, 0.02380952425301075],
            [3, 9, 15, 0.02380952425301075],
            [3, 10, 0, 0.02380952425301075],
            [3, 11, 12, 0.02380952425301075],
            [3, 12, 4, 0.02380952425301075],
            [3, 12, 8, 0.02380952425301075],
            [3, 12, 9, 0.02380952425301075],
            [3, 12, 13, 0.02380952425301075],
            [3, 13, 7, 0.02380952425301075],
            [3, 13, 8, 0.02380952425301075],
            [3, 13, 12, 0.02380952425301075],
            [3, 13, 16, 0.02380952425301075],
