{
    "train_f1": 7.375340461730957,
    "train_prob": 59.42475128173828,
    "train_cov": 87.5,
    "valid_f1": 0.0,
    "valid_prob": 0.0,
    "valid_cov": 0.0,
    "len": 174,
    "binary_grammar": {
        "num_nt": 4,
        "num_pt": 14,
        "num_rhs": 324,
        "rule_probs": [
            [0, 0, 16, 0.022727273404598236],
            [0, 1, 0, 0.022727273404598236],
            [0, 1, 6, 0.04545454680919647],
            [0, 1, 9, 0.022727273404598236],
            [0, 1, 11, 0.022727273404598236],
            [0, 2, 2, 0.022727273404598236],
            [0, 2, 8, 0.022727273404598236],
            [0, 2, 11, 0.022727273404598236],
            [0, 2, 14, 0.022727273404598236],
            [0, 2, 17, 0.04545454680919647],
            [0, 3, 1, 0.022727273404598236],
            [0, 3, 2, 0.04545454680919647],
            [0, 3, 6, 0.022727273404598236],
            [0, 3, 13, 0.022727273404598236],
            [0, 4, 1, 0.022727273404598236],
            [0, 4, 3, 0.022727273404598236],
            [0, 4, 11, 0.022727273404598236],
            [0, 5, 12, 0.022727273404598236],
            [0, 7, 9, 0.022727273404598236],
            [0, 7, 12, 0.022727273404598236],
            [0, 8, 7, 0.022727273404598236],
            [0, 8, 13, 0.022727273404598236],
            [0, 9, 0, 0.022727273404598236],
            [0, 9, 1, 0.022727273404598236],
            [0, 9, 8, 0.022727273404598236],
            [0, 9, 11, 0.022727273404598236],
            [0, 9, 13, 0.022727273404598236],
            [0, 10, 1, 0.022727273404598236],
            [0, 10, 7, 0.022727273404598236],
            [0, 10, 9, 0.022727273404598236],
            [0, 10, 15, 0.022727273404598236],
            [0, 11, 4, 0.04545454680919647],
            [0, 11, 13, 0.022727273404598236],
            [0, 12, 7, 0.022727273404598236],
            [0, 12, 12, 0.022727273404598236],
            [0, 13, 2, 0.022727273404598236],
            [0, 15, 9, 0.022727273404598236],
            [0, 15, 14, 0.022727273404598236],
            [0, 17, 16, 0.022727273404598236],
            [0, 17, 17, 0.022727273404598236],
            [1, 0, 3, 0.018518518656492233],
            [1, 0, 7, 0.018518518656492233],
            [1, 0, 15, 0.018518518656492233],
            [1, 1, 1, 0.018518518656492233],
            [1, 2, 0, 0.018518518656492233],
            [1, 2, 7, 0.018518518656492233],
            [1, 2, 11, 0.018518518656492233],
            [1, 3, 5, 0.018518518656492233],
            [1, 3, 6, 0.018518518656492233],
            [1, 3, 16, 0.018518518656492233],
            [1, 5, 17, 0.018518518656492233],
            [1, 6, 2, 0.018518518656492233],
            [1, 6, 6, 0.018518518656492233],
            [1, 6, 13, 0.018518518656492233],
            [1, 6, 16, 0.018518518656492233],
            [1, 7, 6, 0.018518518656492233],
            [1, 7, 8, 0.018518518656492233],
            [1, 7, 16, 0.018518518656492233],
            [1, 8, 1, 0.018518518656492233],
            [1, 8, 2, 0.018518518656492233],
            [1, 8, 11, 0.018518518656492233],
            [1, 8, 16, 0.018518518656492233],
            [1, 9, 16, 0.03703703731298447],
            [1, 9, 17, 0.018518518656492233],
            [1, 10, 6, 0.018518518656492233],
            [1, 10, 7, 0.018518518656492233],
            [1, 11, 0, 0.018518518656492233],
            [1, 11, 11, 0.018518518656492233],
            [1, 11, 16, 0.018518518656492233],
            [1, 12, 6, 0.018518518656492233],
            [1, 12, 7, 0.018518518656492233],
            [1, 12, 9, 0.018518518656492233],
            [1, 12, 11, 0.018518518656492233],
            [1, 12, 16, 0.018518518656492233],
            [1, 13, 1, 0.018518518656492233],
            [1, 13, 2, 0.018518518656492233],
            [1, 13, 13, 0.018518518656492233],
            [1, 14, 1, 0.018518518656492233],
            [1, 14, 3, 0.03703703731298447],
            [1, 14, 5, 0.018518518656492233],
            [1, 14, 10, 0.018518518656492233],
            [1, 15, 1, 0.03703703731298447],
            [1, 15, 10, 0.018518518656492233],
            [1, 15, 14, 0.03703703731298447],
            [1, 16, 5, 0.018518518656492233],
            [1, 16, 15, 0.018518518656492233],
            [1, 17, 2, 0.018518518656492233],
            [1, 17, 5, 0.018518518656492233],
            [1, 17, 12, 0.018518518656492233],
            [1, 17, 14, 0.018518518656492233],
            [2, 0, 6, 0.04545454680919647],
            [2, 0, 16, 0.022727273404598236],
            [2, 1, 0, 0.022727273404598236],
            [2, 1, 6, 0.022727273404598236],
            [2, 1, 15, 0.022727273404598236],
            [2, 2, 5, 0.022727273404598236],
            [2, 3, 1, 0.022727273404598236],
            [2, 3, 6, 0.04545454680919647],
            [2, 3, 14, 0.04545454680919647],
            [2, 5, 12, 0.022727273404598236],
            [2, 5, 13, 0.022727273404598236],
            [2, 6, 6, 0.022727273404598236],
            [2, 6, 16, 0.04545454680919647],
            [2, 7, 3, 0.022727273404598236],
            [2, 8, 7, 0.04545454680919647],
            [2, 9, 16, 0.022727273404598236],
            [2, 10, 0, 0.04545454680919647],
            [2, 11, 5, 0.022727273404598236],
            [2, 11, 15, 0.022727273404598236],
            [2, 11, 16, 0.022727273404598236],
            [2, 11, 17, 0.022727273404598236],
            [2, 12, 1, 0.022727273404598236],
            [2, 12, 11, 0.022727273404598236],
            [2, 12, 17, 0.022727273404598236],
            [2, 13, 15, 0.04545454680919647],
            [2, 13, 17, 0.022727273404598236],
            [2, 14, 7, 0.022727273404598236],
            [2, 14, 12, 0.022727273404598236],
            [2, 14, 17, 0.022727273404598236],
            [2, 15, 8, 0.022727273404598236],
            [2, 15, 9, 0.022727273404598236],
            [2, 15, 10, 0.022727273404598236],
            [2, 16, 1, 0.022727273404598236],
            [2, 16, 6, 0.022727273404598236],
            [2, 16, 16, 0.022727273404598236],
            [2, 17, 1, 0.022727273404598236],
            [2, 17, 2, 0.022727273404598236],
            [3, 0, 0, 0.017241379246115685],
            [3, 0, 9, 0.017241379246115685],
            [3, 0, 11, 0.017241379246115685],
            [3, 0, 17, 0.017241379246115685],
            [3, 1, 7, 0.017241379246115685],
            [3, 1, 15, 0.017241379246115685],
            [3, 2, 0, 0.017241379246115685],
            [3, 2, 8, 0.017241379246115685],
            [3, 4, 9, 0.017241379246115685],
            [3, 4, 16, 0.017241379246115685],
            [3, 5, 6, 0.03448275849223137],
            [3, 5, 7, 0.017241379246115685],
            [3, 5, 12, 0.03448275849223137],
            [3, 5, 13, 0.017241379246115685],
            [3, 5, 15, 0.017241379246115685],
            [3, 6, 2, 0.06896551698446274],
            [3, 6, 14, 0.017241379246115685],
            [3, 8, 2, 0.017241379246115685],
            [3, 8, 4, 0.017241379246115685],
            [3, 9, 8, 0.017241379246115685],
            [3, 9, 12, 0.017241379246115685],
            [3, 9, 15, 0.03448275849223137],
            [3, 10, 0, 0.017241379246115685],
            [3, 10, 1, 0.017241379246115685],
            [3, 10, 11, 0.017241379246115685],
            [3, 10, 12, 0.03448275849223137],
            [3, 11, 4, 0.017241379246115685],
            [3, 11, 6, 0.017241379246115685],
            [3, 11, 16, 0.017241379246115685],
            [3, 11, 17, 0.017241379246115685],
            [3, 12, 1, 0.017241379246115685],
            [3, 12, 14, 0.017241379246115685],
            [3, 12, 15, 0.017241379246115685],
            [3, 12, 16, 0.017241379246115685],
            [3, 13, 0, 0.017241379246115685],
            [3, 13, 4, 0.03448275849223137],
            [3, 13, 11, 0.017241379246115685],
            [3, 13, 16, 0.017241379246115685],
            [3, 15, 2, 0.017241379246115685],
            [3, 15, 10, 0.017241379246115685],
            [3, 15, 12, 0.017241379246115685],
