{
    "train_f1": 15.942235946655273,
    "train_prob": 35.338050842285156,
    "train_cov": 68.75,
    "valid_f1": 5.0,
    "valid_prob": 17.72957420349121,
    "valid_cov": 10.0,
    "len": 174,
    "binary_grammar": {
        "num_nt": 4,
        "num_pt": 14,
        "num_rhs": 324,
        "rule_probs": [
            [0, 0, 12, 0.021276595070958138],
            [0, 0, 15, 0.021276595070958138],
            [0, 1, 3, 0.021276595070958138],
            [0, 1, 8, 0.042553190141916275],
            [0, 1, 9, 0.021276595070958138],
            [0, 1, 12, 0.021276595070958138],
            [0, 2, 1, 0.021276595070958138],
            [0, 2, 3, 0.021276595070958138],
            [0, 2, 7, 0.021276595070958138],
            [0, 2, 8, 0.042553190141916275],
            [0, 2, 13, 0.021276595070958138],
            [0, 3, 2, 0.021276595070958138],
            [0, 3, 12, 0.021276595070958138],
            [0, 4, 2, 0.021276595070958138],
            [0, 4, 8, 0.021276595070958138],
            [0, 5, 9, 0.021276595070958138],
            [0, 7, 2, 0.021276595070958138],
            [0, 7, 9, 0.021276595070958138],
            [0, 8, 12, 0.042553190141916275],
            [0, 8, 13, 0.021276595070958138],
            [0, 9, 2, 0.021276595070958138],
            [0, 9, 5, 0.021276595070958138],
            [0, 9, 7, 0.021276595070958138],
            [0, 9, 8, 0.021276595070958138],
            [0, 9, 10, 0.021276595070958138],
            [0, 9, 15, 0.021276595070958138],
            [0, 10, 10, 0.021276595070958138],
            [0, 10, 13, 0.021276595070958138],
            [0, 10, 14, 0.021276595070958138],
            [0, 11, 1, 0.021276595070958138],
            [0, 11, 2, 0.021276595070958138],
            [0, 11, 13, 0.021276595070958138],
            [0, 12, 0, 0.021276595070958138],
            [0, 12, 11, 0.021276595070958138],
            [0, 13, 2, 0.021276595070958138],
            [0, 13, 14, 0.021276595070958138],
            [0, 14, 5, 0.021276595070958138],
            [0, 14, 12, 0.021276595070958138],
            [0, 15, 0, 0.021276595070958138],
            [0, 15, 13, 0.021276595070958138],
            [0, 16, 7, 0.021276595070958138],
            [0, 16, 14, 0.021276595070958138],
            [0, 17, 4, 0.021276595070958138],
            [0, 17, 16, 0.021276595070958138],
            [1, 0, 1, 0.021739130839705467],
            [1, 0, 3, 0.021739130839705467],
            [1, 0, 8, 0.021739130839705467],
            [1, 1, 5, 0.021739130839705467],
            [1, 2, 1, 0.021739130839705467],
            [1, 2, 10, 0.021739130839705467],
            [1, 3, 0, 0.021739130839705467],
            [1, 3, 6, 0.021739130839705467],
            [1, 3, 15, 0.021739130839705467],
            [1, 3, 17, 0.021739130839705467],
            [1, 4, 6, 0.08695652335882187],
            [1, 4, 9, 0.021739130839705467],
            [1, 4, 12, 0.021739130839705467],
            [1, 4, 17, 0.043478261679410934],
            [1, 5, 6, 0.021739130839705467],
            [1, 6, 10, 0.021739130839705467],
            [1, 7, 4, 0.021739130839705467],
            [1, 7, 14, 0.021739130839705467],
            [1, 7, 16, 0.021739130839705467],
            [1, 8, 6, 0.043478261679410934],
            [1, 8, 11, 0.021739130839705467],
            [1, 9, 16, 0.043478261679410934],
            [1, 10, 3, 0.021739130839705467],
            [1, 10, 9, 0.043478261679410934],
            [1, 11, 2, 0.021739130839705467],
            [1, 11, 4, 0.021739130839705467],
            [1, 11, 9, 0.021739130839705467],
            [1, 11, 15, 0.021739130839705467],
            [1, 11, 16, 0.021739130839705467],
            [1, 12, 3, 0.021739130839705467],
            [1, 13, 4, 0.021739130839705467],
            [1, 15, 5, 0.021739130839705467],
            [1, 15, 7, 0.021739130839705467],
            [1, 15, 14, 0.021739130839705467],
            [1, 16, 9, 0.021739130839705467],
            [1, 17, 5, 0.043478261679410934],
            [1, 17, 7, 0.021739130839705467],
            [1, 17, 8, 0.021739130839705467],
            [2, 0, 2, 0.020408162847161293],
            [2, 0, 9, 0.020408162847161293],
            [2, 0, 12, 0.020408162847161293],
            [2, 1, 3, 0.020408162847161293],
            [2, 1, 8, 0.020408162847161293],
            [2, 1, 15, 0.040816325694322586],
            [2, 1, 16, 0.020408162847161293],
            [2, 2, 3, 0.020408162847161293],
            [2, 2, 14, 0.020408162847161293],
            [2, 2, 15, 0.020408162847161293],
            [2, 2, 17, 0.040816325694322586],
            [2, 4, 5, 0.020408162847161293],
            [2, 4, 6, 0.020408162847161293],
            [2, 6, 11, 0.040816325694322586],
            [2, 6, 15, 0.020408162847161293],
            [2, 7, 4, 0.020408162847161293],
            [2, 7, 5, 0.040816325694322586],
            [2, 7, 10, 0.040816325694322586],
            [2, 7, 13, 0.020408162847161293],
            [2, 8, 4, 0.020408162847161293],
            [2, 8, 6, 0.020408162847161293],
            [2, 8, 16, 0.020408162847161293],
            [2, 9, 1, 0.040816325694322586],
            [2, 9, 3, 0.020408162847161293],
            [2, 9, 5, 0.020408162847161293],
            [2, 9, 16, 0.020408162847161293],
            [2, 10, 3, 0.020408162847161293],
            [2, 10, 4, 0.020408162847161293],
            [2, 10, 10, 0.020408162847161293],
            [2, 10, 17, 0.020408162847161293],
            [2, 11, 3, 0.020408162847161293],
            [2, 11, 12, 0.020408162847161293],
            [2, 12, 7, 0.040816325694322586],
            [2, 13, 8, 0.020408162847161293],
            [2, 13, 9, 0.020408162847161293],
            [2, 13, 10, 0.020408162847161293],
            [2, 14, 5, 0.020408162847161293],
            [2, 14, 7, 0.040816325694322586],
            [2, 14, 11, 0.020408162847161293],
            [2, 16, 6, 0.040816325694322586],
            [3, 0, 4, 0.017241379246115685],
            [3, 0, 6, 0.017241379246115685],
            [3, 0, 10, 0.017241379246115685],
            [3, 0, 15, 0.017241379246115685],
            [3, 1, 1, 0.017241379246115685],
            [3, 1, 6, 0.017241379246115685],
            [3, 2, 4, 0.017241379246115685],
            [3, 2, 7, 0.017241379246115685],
            [3, 2, 9, 0.017241379246115685],
            [3, 2, 14, 0.017241379246115685],
            [3, 3, 3, 0.03448275849223137],
            [3, 3, 8, 0.017241379246115685],
            [3, 3, 9, 0.017241379246115685],
            [3, 4, 9, 0.017241379246115685],
            [3, 5, 5, 0.03448275849223137],
            [3, 5, 6, 0.017241379246115685],
            [3, 5, 15, 0.017241379246115685],
            [3, 5, 16, 0.017241379246115685],
            [3, 6, 1, 0.017241379246115685],
            [3, 6, 2, 0.03448275849223137],
            [3, 6, 4, 0.017241379246115685],
            [3, 7, 3, 0.017241379246115685],
            [3, 7, 14, 0.017241379246115685],
            [3, 7, 16, 0.017241379246115685],
            [3, 8, 0, 0.017241379246115685],
            [3, 8, 2, 0.017241379246115685],
            [3, 8, 4, 0.017241379246115685],
            [3, 8, 5, 0.017241379246115685],
            [3, 8, 11, 0.017241379246115685],
            [3, 9, 7, 0.017241379246115685],
            [3, 9, 10, 0.017241379246115685],
            [3, 9, 15, 0.017241379246115685],
            [3, 10, 0, 0.0517241396009922],
            [3, 10, 11, 0.017241379246115685],
            [3, 11, 5, 0.017241379246115685],
            [3, 11, 11, 0.017241379246115685],
            [3, 11, 12, 0.017241379246115685],
            [3, 12, 8, 0.017241379246115685],
            [3, 13, 0, 0.017241379246115685],
            [3, 13, 11, 0.017241379246115685],
            [3, 14, 10, 0.017241379246115685],
            [3, 15, 1, 0.017241379246115685],
            [3, 15, 10, 0.017241379246115685],
            [3, 15, 17, 0.017241379246115685],
            [3, 16, 3, 0.017241379246115685],
            [3, 16, 14, 0.017241379246115685],
