{
    "train_f1": 7.909053325653076,
    "train_prob": 30.385265350341797,
    "train_cov": 75.0,
    "valid_f1": 0.0,
    "valid_prob": 17.67582130432129,
    "valid_cov": 10.0,
    "len": 175,
    "binary_grammar": {
        "num_nt": 4,
        "num_pt": 14,
        "num_rhs": 324,
        "rule_probs": [
            [0, 0, 15, 0.01886792480945587],
            [0, 0, 16, 0.01886792480945587],
            [0, 1, 5, 0.01886792480945587],
            [0, 1, 6, 0.03773584961891174],
            [0, 1, 11, 0.01886792480945587],
            [0, 2, 0, 0.01886792480945587],
            [0, 2, 11, 0.01886792480945587],
            [0, 2, 15, 0.01886792480945587],
            [0, 2, 17, 0.056603774428367615],
            [0, 3, 0, 0.03773584961891174],
            [0, 3, 17, 0.01886792480945587],
            [0, 4, 0, 0.01886792480945587],
            [0, 4, 7, 0.01886792480945587],
            [0, 4, 8, 0.01886792480945587],
            [0, 4, 12, 0.03773584961891174],
            [0, 4, 13, 0.01886792480945587],
            [0, 5, 4, 0.03773584961891174],
            [0, 5, 5, 0.03773584961891174],
            [0, 5, 7, 0.01886792480945587],
            [0, 6, 9, 0.01886792480945587],
            [0, 7, 0, 0.01886792480945587],
            [0, 7, 7, 0.01886792480945587],
            [0, 7, 12, 0.01886792480945587],
            [0, 7, 15, 0.03773584961891174],
            [0, 8, 7, 0.01886792480945587],
            [0, 8, 9, 0.01886792480945587],
            [0, 9, 8, 0.01886792480945587],
            [0, 9, 13, 0.01886792480945587],
            [0, 9, 16, 0.01886792480945587],
            [0, 10, 13, 0.01886792480945587],
            [0, 11, 2, 0.01886792480945587],
            [0, 13, 1, 0.01886792480945587],
            [0, 13, 4, 0.01886792480945587],
            [0, 13, 5, 0.01886792480945587],
            [0, 13, 8, 0.01886792480945587],
            [0, 13, 11, 0.01886792480945587],
            [0, 13, 13, 0.01886792480945587],
            [0, 14, 0, 0.01886792480945587],
            [0, 14, 11, 0.01886792480945587],
            [0, 15, 0, 0.03773584961891174],
            [0, 15, 3, 0.01886792480945587],
            [0, 15, 4, 0.01886792480945587],
            [0, 16, 12, 0.01886792480945587],
            [0, 16, 14, 0.01886792480945587],
            [1, 0, 3, 0.02222222276031971],
            [1, 0, 14, 0.02222222276031971],
            [1, 0, 16, 0.02222222276031971],
            [1, 1, 1, 0.04444444552063942],
            [1, 1, 5, 0.02222222276031971],
            [1, 1, 8, 0.02222222276031971],
            [1, 1, 17, 0.02222222276031971],
            [1, 2, 0, 0.02222222276031971],
            [1, 2, 10, 0.02222222276031971],
            [1, 3, 2, 0.02222222276031971],
            [1, 3, 12, 0.02222222276031971],
            [1, 4, 6, 0.02222222276031971],
            [1, 4, 16, 0.02222222276031971],
            [1, 5, 3, 0.02222222276031971],
            [1, 5, 6, 0.02222222276031971],
            [1, 6, 10, 0.02222222276031971],
            [1, 7, 5, 0.02222222276031971],
            [1, 7, 16, 0.02222222276031971],
            [1, 8, 1, 0.02222222276031971],
            [1, 8, 2, 0.02222222276031971],
            [1, 8, 11, 0.02222222276031971],
            [1, 9, 11, 0.02222222276031971],
            [1, 11, 4, 0.02222222276031971],
            [1, 11, 7, 0.02222222276031971],
            [1, 11, 16, 0.02222222276031971],
            [1, 12, 2, 0.04444444552063942],
            [1, 12, 9, 0.02222222276031971],
            [1, 12, 10, 0.02222222276031971],
            [1, 13, 3, 0.06666667014360428],
            [1, 13, 8, 0.02222222276031971],
            [1, 14, 0, 0.02222222276031971],
            [1, 14, 2, 0.02222222276031971],
            [1, 14, 4, 0.02222222276031971],
            [1, 14, 5, 0.02222222276031971],
            [1, 14, 10, 0.02222222276031971],
            [1, 14, 15, 0.02222222276031971],
            [1, 16, 0, 0.04444444552063942],
            [1, 17, 0, 0.02222222276031971],
            [1, 17, 8, 0.02222222276031971],
            [1, 17, 15, 0.02222222276031971],
            [2, 1, 2, 0.019999999552965164],
            [2, 1, 3, 0.019999999552965164],
            [2, 1, 6, 0.019999999552965164],
            [2, 1, 10, 0.019999999552965164],
            [2, 1, 16, 0.019999999552965164],
            [2, 2, 4, 0.019999999552965164],
            [2, 2, 5, 0.019999999552965164],
            [2, 3, 6, 0.019999999552965164],
            [2, 3, 8, 0.019999999552965164],
            [2, 3, 15, 0.019999999552965164],
            [2, 4, 1, 0.019999999552965164],
            [2, 4, 7, 0.019999999552965164],
            [2, 4, 11, 0.019999999552965164],
            [2, 4, 17, 0.019999999552965164],
            [2, 5, 12, 0.019999999552965164],
            [2, 6, 7, 0.019999999552965164],
            [2, 6, 8, 0.019999999552965164],
            [2, 6, 13, 0.019999999552965164],
            [2, 6, 15, 0.03999999910593033],
            [2, 6, 16, 0.019999999552965164],
            [2, 6, 17, 0.019999999552965164],
            [2, 7, 5, 0.03999999910593033],
            [2, 7, 6, 0.019999999552965164],
            [2, 7, 7, 0.019999999552965164],
            [2, 7, 13, 0.019999999552965164],
            [2, 7, 14, 0.019999999552965164],
            [2, 8, 1, 0.019999999552965164],
            [2, 8, 11, 0.019999999552965164],
            [2, 9, 16, 0.019999999552965164],
            [2, 9, 17, 0.019999999552965164],
            [2, 10, 10, 0.019999999552965164],
            [2, 12, 7, 0.03999999910593033],
            [2, 12, 17, 0.019999999552965164],
            [2, 13, 6, 0.03999999910593033],
            [2, 13, 7, 0.019999999552965164],
            [2, 13, 8, 0.019999999552965164],
            [2, 13, 12, 0.019999999552965164],
            [2, 14, 1, 0.019999999552965164],
            [2, 14, 4, 0.019999999552965164],
            [2, 14, 10, 0.019999999552965164],
            [2, 15, 1, 0.019999999552965164],
            [2, 15, 9, 0.03999999910593033],
            [2, 15, 16, 0.019999999552965164],
            [2, 16, 2, 0.019999999552965164],
            [2, 17, 10, 0.019999999552965164],
            [3, 0, 1, 0.01923076994717121],
            [3, 0, 2, 0.01923076994717121],
            [3, 0, 5, 0.01923076994717121],
            [3, 1, 7, 0.01923076994717121],
            [3, 2, 4, 0.01923076994717121],
            [3, 3, 3, 0.01923076994717121],
            [3, 3, 12, 0.01923076994717121],
            [3, 4, 4, 0.01923076994717121],
            [3, 4, 5, 0.01923076994717121],
            [3, 4, 11, 0.03846153989434242],
            [3, 4, 16, 0.03846153989434242],
            [3, 6, 0, 0.01923076994717121],
            [3, 6, 2, 0.01923076994717121],
            [3, 6, 4, 0.01923076994717121],
            [3, 7, 0, 0.01923076994717121],
            [3, 7, 3, 0.03846153989434242],
            [3, 8, 4, 0.01923076994717121],
            [3, 8, 7, 0.01923076994717121],
            [3, 8, 11, 0.01923076994717121],
            [3, 8, 15, 0.01923076994717121],
            [3, 9, 12, 0.01923076994717121],
            [3, 10, 0, 0.01923076994717121],
            [3, 10, 8, 0.01923076994717121],
            [3, 10, 11, 0.03846153989434242],
            [3, 11, 1, 0.01923076994717121],
            [3, 11, 14, 0.01923076994717121],
            [3, 11, 15, 0.01923076994717121],
            [3, 11, 17, 0.01923076994717121],
            [3, 12, 3, 0.01923076994717121],
            [3, 12, 7, 0.01923076994717121],
            [3, 12, 10, 0.01923076994717121],
            [3, 12, 14, 0.03846153989434242],
            [3, 13, 3, 0.01923076994717121],
            [3, 13, 11, 0.01923076994717121],
            [3, 14, 3, 0.03846153989434242],
            [3, 15, 3, 0.01923076994717121],
            [3, 15, 11, 0.01923076994717121],
            [3, 15, 16, 0.01923076994717121],
            [3, 16, 1, 0.01923076994717121],
            [3, 16, 2, 0.01923076994717121],
            [3, 16, 11, 0.01923076994717121],
