{
    "train_f1": 10.974817276000977,
    "train_prob": 44.39836883544922,
    "train_cov": 81.25,
    "valid_f1": 0.0,
    "valid_prob": 0.0,
    "valid_cov": 0.0,
    "len": 179,
    "binary_grammar": {
        "num_nt": 4,
        "num_pt": 14,
        "num_rhs": 324,
        "rule_probs": [
            [0, 0, 1, 0.022727273404598236],
            [0, 0, 2, 0.022727273404598236],
            [0, 0, 5, 0.022727273404598236],
            [0, 0, 10, 0.022727273404598236],
            [0, 0, 14, 0.022727273404598236],
            [0, 1, 2, 0.022727273404598236],
            [0, 1, 11, 0.022727273404598236],
            [0, 2, 8, 0.022727273404598236],
            [0, 3, 0, 0.022727273404598236],
            [0, 3, 9, 0.022727273404598236],
            [0, 3, 12, 0.022727273404598236],
            [0, 3, 13, 0.022727273404598236],
            [0, 3, 15, 0.022727273404598236],
            [0, 4, 6, 0.022727273404598236],
            [0, 4, 9, 0.022727273404598236],
            [0, 4, 12, 0.022727273404598236],
            [0, 4, 14, 0.022727273404598236],
            [0, 6, 2, 0.022727273404598236],
            [0, 7, 15, 0.022727273404598236],
            [0, 8, 5, 0.04545454680919647],
            [0, 9, 10, 0.022727273404598236],
            [0, 10, 10, 0.022727273404598236],
            [0, 10, 13, 0.022727273404598236],
            [0, 11, 4, 0.022727273404598236],
            [0, 11, 8, 0.022727273404598236],
            [0, 12, 6, 0.022727273404598236],
            [0, 12, 10, 0.022727273404598236],
            [0, 12, 13, 0.022727273404598236],
            [0, 13, 17, 0.022727273404598236],
            [0, 15, 3, 0.022727273404598236],
            [0, 15, 8, 0.022727273404598236],
            [0, 15, 12, 0.022727273404598236],
            [0, 15, 13, 0.022727273404598236],
            [0, 15, 15, 0.04545454680919647],
            [0, 15, 16, 0.022727273404598236],
            [0, 15, 17, 0.022727273404598236],
            [0, 16, 2, 0.022727273404598236],
            [0, 16, 3, 0.022727273404598236],
            [0, 16, 8, 0.022727273404598236],
            [0, 16, 16, 0.022727273404598236],
            [0, 17, 12, 0.022727273404598236],
            [0, 17, 13, 0.022727273404598236],
            [1, 0, 4, 0.02083333395421505],
            [1, 0, 5, 0.02083333395421505],
            [1, 0, 7, 0.0416666679084301],
            [1, 0, 9, 0.02083333395421505],
            [1, 2, 1, 0.0625],
            [1, 2, 7, 0.02083333395421505],
            [1, 2, 11, 0.02083333395421505],
            [1, 2, 15, 0.02083333395421505],
            [1, 4, 16, 0.02083333395421505],
            [1, 5, 6, 0.02083333395421505],
            [1, 5, 9, 0.02083333395421505],
            [1, 5, 13, 0.02083333395421505],
            [1, 6, 5, 0.02083333395421505],
            [1, 6, 10, 0.02083333395421505],
            [1, 6, 17, 0.02083333395421505],
            [1, 7, 6, 0.02083333395421505],
            [1, 7, 7, 0.0416666679084301],
            [1, 7, 9, 0.0416666679084301],
            [1, 7, 14, 0.02083333395421505],
            [1, 7, 17, 0.02083333395421505],
            [1, 8, 1, 0.02083333395421505],
            [1, 9, 17, 0.02083333395421505],
            [1, 10, 4, 0.02083333395421505],
            [1, 11, 4, 0.02083333395421505],
            [1, 11, 11, 0.02083333395421505],
            [1, 12, 6, 0.02083333395421505],
            [1, 13, 3, 0.02083333395421505],
            [1, 13, 11, 0.02083333395421505],
            [1, 14, 0, 0.02083333395421505],
            [1, 14, 14, 0.02083333395421505],
            [1, 15, 3, 0.02083333395421505],
            [1, 15, 4, 0.02083333395421505],
            [1, 15, 10, 0.02083333395421505],
            [1, 15, 13, 0.02083333395421505],
            [1, 16, 0, 0.0416666679084301],
            [1, 16, 5, 0.02083333395421505],
            [1, 16, 8, 0.02083333395421505],
            [1, 16, 15, 0.0416666679084301],
            [1, 17, 5, 0.02083333395421505],
            [1, 17, 15, 0.02083333395421505],
            [1, 17, 17, 0.02083333395421505],
            [2, 0, 0, 0.016129031777381897],
            [2, 0, 2, 0.016129031777381897],
            [2, 0, 5, 0.016129031777381897],
            [2, 0, 6, 0.032258063554763794],
            [2, 0, 8, 0.016129031777381897],
            [2, 0, 9, 0.016129031777381897],
            [2, 1, 13, 0.016129031777381897],
            [2, 1, 16, 0.016129031777381897],
            [2, 1, 17, 0.016129031777381897],
            [2, 2, 3, 0.016129031777381897],
            [2, 2, 10, 0.016129031777381897],
            [2, 3, 3, 0.016129031777381897],
            [2, 3, 15, 0.016129031777381897],
            [2, 4, 5, 0.016129031777381897],
            [2, 4, 6, 0.032258063554763794],
            [2, 4, 13, 0.016129031777381897],
            [2, 5, 8, 0.016129031777381897],
            [2, 5, 12, 0.016129031777381897],
            [2, 6, 11, 0.032258063554763794],
            [2, 7, 0, 0.016129031777381897],
            [2, 7, 4, 0.016129031777381897],
            [2, 7, 5, 0.032258063554763794],
            [2, 7, 15, 0.016129031777381897],
            [2, 9, 1, 0.016129031777381897],
            [2, 9, 4, 0.016129031777381897],
            [2, 9, 8, 0.016129031777381897],
            [2, 9, 10, 0.016129031777381897],
            [2, 11, 8, 0.016129031777381897],
            [2, 11, 11, 0.016129031777381897],
            [2, 11, 15, 0.016129031777381897],
            [2, 11, 16, 0.016129031777381897],
            [2, 12, 0, 0.016129031777381897],
            [2, 12, 9, 0.032258063554763794],
            [2, 12, 11, 0.016129031777381897],
            [2, 12, 15, 0.032258063554763794],
            [2, 12, 16, 0.016129031777381897],
            [2, 12, 17, 0.016129031777381897],
            [2, 13, 6, 0.016129031777381897],
            [2, 13, 10, 0.016129031777381897],
            [2, 13, 11, 0.032258063554763794],
            [2, 13, 12, 0.016129031777381897],
            [2, 13, 17, 0.016129031777381897],
            [2, 14, 3, 0.016129031777381897],
            [2, 14, 12, 0.016129031777381897],
            [2, 15, 1, 0.032258063554763794],
            [2, 15, 2, 0.016129031777381897],
            [2, 15, 8, 0.016129031777381897],
            [2, 15, 10, 0.016129031777381897],
            [2, 16, 5, 0.016129031777381897],
            [2, 16, 6, 0.016129031777381897],
            [2, 17, 2, 0.016129031777381897],
            [2, 17, 9, 0.016129031777381897],
            [2, 17, 12, 0.016129031777381897],
            [2, 17, 15, 0.016129031777381897],
            [3, 0, 2, 0.021739130839705467],
            [3, 0, 15, 0.021739130839705467],
            [3, 1, 3, 0.021739130839705467],
            [3, 1, 8, 0.043478261679410934],
            [3, 1, 11, 0.021739130839705467],
            [3, 1, 12, 0.021739130839705467],
            [3, 1, 16, 0.021739130839705467],
            [3, 3, 2, 0.021739130839705467],
            [3, 3, 9, 0.043478261679410934],
            [3, 4, 9, 0.021739130839705467],
            [3, 4, 12, 0.021739130839705467],
            [3, 4, 16, 0.021739130839705467],
            [3, 5, 5, 0.021739130839705467],
            [3, 5, 7, 0.021739130839705467],
            [3, 5, 14, 0.021739130839705467],
            [3, 5, 15, 0.021739130839705467],
            [3, 6, 10, 0.021739130839705467],
            [3, 6, 17, 0.021739130839705467],
            [3, 7, 3, 0.021739130839705467],
            [3, 7, 13, 0.021739130839705467],
            [3, 8, 8, 0.043478261679410934],
            [3, 8, 13, 0.021739130839705467],
            [3, 9, 2, 0.021739130839705467],
            [3, 9, 15, 0.021739130839705467],
            [3, 10, 1, 0.021739130839705467],
            [3, 10, 4, 0.021739130839705467],
            [3, 10, 8, 0.021739130839705467],
            [3, 10, 10, 0.021739130839705467],
            [3, 11, 5, 0.021739130839705467],
            [3, 12, 0, 0.021739130839705467],
            [3, 12, 12, 0.043478261679410934],
            [3, 12, 14, 0.021739130839705467],
