{
    "train_f1": 14.722209930419922,
    "train_prob": 50.751556396484375,
    "train_cov": 68.75,
    "valid_f1": 0.0,
    "valid_prob": 0.0,
    "valid_cov": 0.0,
    "len": 179,
    "binary_grammar": {
        "num_nt": 4,
        "num_pt": 14,
        "num_rhs": 324,
        "rule_probs": [
            [0, 0, 14, 0.02222222276031971],
            [0, 1, 11, 0.02222222276031971],
            [0, 2, 0, 0.02222222276031971],
            [0, 2, 1, 0.02222222276031971],
            [0, 2, 3, 0.04444444552063942],
            [0, 2, 8, 0.02222222276031971],
            [0, 2, 16, 0.02222222276031971],
            [0, 3, 2, 0.02222222276031971],
            [0, 4, 1, 0.04444444552063942],
            [0, 4, 6, 0.04444444552063942],
            [0, 4, 7, 0.02222222276031971],
            [0, 4, 11, 0.02222222276031971],
            [0, 5, 5, 0.02222222276031971],
            [0, 5, 7, 0.02222222276031971],
            [0, 6, 9, 0.02222222276031971],
            [0, 6, 11, 0.02222222276031971],
            [0, 6, 15, 0.02222222276031971],
            [0, 7, 4, 0.02222222276031971],
            [0, 7, 12, 0.02222222276031971],
            [0, 10, 9, 0.02222222276031971],
            [0, 11, 4, 0.02222222276031971],
            [0, 11, 17, 0.02222222276031971],
            [0, 12, 0, 0.02222222276031971],
            [0, 12, 2, 0.02222222276031971],
            [0, 12, 4, 0.02222222276031971],
            [0, 12, 14, 0.02222222276031971],
            [0, 13, 0, 0.02222222276031971],
            [0, 13, 2, 0.02222222276031971],
            [0, 13, 5, 0.02222222276031971],
            [0, 13, 15, 0.02222222276031971],
            [0, 13, 17, 0.02222222276031971],
            [0, 14, 15, 0.02222222276031971],
            [0, 15, 0, 0.02222222276031971],
            [0, 16, 0, 0.02222222276031971],
            [0, 16, 2, 0.02222222276031971],
            [0, 16, 14, 0.02222222276031971],
            [0, 16, 15, 0.02222222276031971],
            [0, 17, 4, 0.02222222276031971],
            [0, 17, 5, 0.04444444552063942],
            [0, 17, 11, 0.02222222276031971],
            [0, 17, 13, 0.02222222276031971],
            [1, 0, 7, 0.036363635212183],
            [1, 0, 14, 0.0181818176060915],
            [1, 0, 15, 0.0181818176060915],
            [1, 1, 12, 0.0181818176060915],
            [1, 1, 15, 0.0181818176060915],
            [1, 2, 7, 0.0181818176060915],
            [1, 2, 10, 0.0181818176060915],
            [1, 2, 11, 0.0181818176060915],
            [1, 3, 6, 0.0181818176060915],
            [1, 3, 11, 0.0181818176060915],
            [1, 3, 15, 0.0181818176060915],
            [1, 4, 1, 0.0181818176060915],
            [1, 4, 3, 0.0181818176060915],
            [1, 4, 6, 0.036363635212183],
            [1, 4, 7, 0.0181818176060915],
            [1, 5, 4, 0.0181818176060915],
            [1, 5, 12, 0.0181818176060915],
            [1, 6, 11, 0.0181818176060915],
            [1, 6, 14, 0.0181818176060915],
            [1, 7, 4, 0.0181818176060915],
            [1, 7, 7, 0.0181818176060915],
            [1, 8, 1, 0.0181818176060915],
            [1, 8, 9, 0.0181818176060915],
            [1, 9, 10, 0.0181818176060915],
            [1, 9, 17, 0.036363635212183],
            [1, 10, 1, 0.0181818176060915],
            [1, 10, 3, 0.0181818176060915],
            [1, 11, 4, 0.036363635212183],
            [1, 11, 7, 0.0181818176060915],
            [1, 11, 11, 0.0181818176060915],
            [1, 12, 5, 0.0181818176060915],
            [1, 13, 3, 0.0181818176060915],
            [1, 13, 10, 0.036363635212183],
            [1, 13, 14, 0.0181818176060915],
            [1, 13, 17, 0.0181818176060915],
            [1, 14, 0, 0.036363635212183],
            [1, 14, 2, 0.0181818176060915],
            [1, 14, 5, 0.0181818176060915],
            [1, 14, 13, 0.0181818176060915],
            [1, 15, 1, 0.0181818176060915],
            [1, 15, 6, 0.0181818176060915],
            [1, 15, 8, 0.036363635212183],
            [1, 15, 9, 0.0181818176060915],
            [1, 15, 15, 0.0181818176060915],
            [1, 15, 17, 0.0181818176060915],
            [1, 16, 8, 0.0181818176060915],
            [1, 16, 15, 0.0181818176060915],
            [1, 17, 0, 0.0181818176060915],
            [2, 0, 2, 0.01587301678955555],
            [2, 0, 3, 0.01587301678955555],
            [2, 0, 9, 0.01587301678955555],
            [2, 0, 12, 0.01587301678955555],
            [2, 1, 3, 0.01587301678955555],
            [2, 1, 7, 0.01587301678955555],
            [2, 1, 10, 0.01587301678955555],
            [2, 1, 16, 0.01587301678955555],
            [2, 1, 17, 0.0317460335791111],
            [2, 2, 0, 0.01587301678955555],
            [2, 3, 11, 0.01587301678955555],
            [2, 3, 13, 0.0317460335791111],
            [2, 3, 17, 0.01587301678955555],
            [2, 4, 3, 0.01587301678955555],
            [2, 4, 5, 0.0317460335791111],
            [2, 4, 8, 0.01587301678955555],
            [2, 5, 10, 0.01587301678955555],
            [2, 5, 14, 0.01587301678955555],
            [2, 5, 17, 0.01587301678955555],
            [2, 6, 4, 0.01587301678955555],
            [2, 6, 7, 0.01587301678955555],
            [2, 6, 11, 0.01587301678955555],
            [2, 6, 16, 0.01587301678955555],
            [2, 7, 1, 0.01587301678955555],
            [2, 7, 4, 0.0317460335791111],
            [2, 7, 5, 0.0317460335791111],
            [2, 7, 13, 0.01587301678955555],
            [2, 8, 4, 0.01587301678955555],
            [2, 8, 5, 0.01587301678955555],
            [2, 8, 10, 0.01587301678955555],
            [2, 8, 11, 0.01587301678955555],
            [2, 9, 3, 0.01587301678955555],
            [2, 9, 5, 0.01587301678955555],
            [2, 10, 0, 0.01587301678955555],
            [2, 11, 14, 0.01587301678955555],
            [2, 12, 4, 0.01587301678955555],
            [2, 12, 7, 0.01587301678955555],
            [2, 12, 9, 0.01587301678955555],
            [2, 12, 13, 0.01587301678955555],
            [2, 12, 16, 0.01587301678955555],
            [2, 13, 11, 0.01587301678955555],
            [2, 13, 12, 0.01587301678955555],
            [2, 14, 3, 0.01587301678955555],
            [2, 14, 5, 0.0317460335791111],
            [2, 14, 7, 0.0317460335791111],
            [2, 15, 1, 0.0317460335791111],
            [2, 15, 9, 0.01587301678955555],
            [2, 15, 16, 0.01587301678955555],
            [2, 16, 4, 0.01587301678955555],
            [2, 16, 5, 0.01587301678955555],
            [2, 16, 6, 0.01587301678955555],
            [2, 17, 1, 0.01587301678955555],
            [2, 17, 3, 0.01587301678955555],
            [2, 17, 6, 0.01587301678955555],
            [2, 17, 10, 0.01587301678955555],
            [3, 1, 11, 0.027027027681469917],
            [3, 2, 5, 0.027027027681469917],
            [3, 2, 7, 0.054054055362939835],
            [3, 2, 9, 0.027027027681469917],
            [3, 2, 15, 0.027027027681469917],
            [3, 3, 3, 0.054054055362939835],
            [3, 3, 13, 0.027027027681469917],
            [3, 4, 2, 0.027027027681469917],
            [3, 4, 7, 0.027027027681469917],
            [3, 4, 9, 0.027027027681469917],
            [3, 4, 15, 0.027027027681469917],
            [3, 5, 6, 0.027027027681469917],
            [3, 5, 13, 0.027027027681469917],
            [3, 6, 10, 0.027027027681469917],
            [3, 7, 8, 0.027027027681469917],
            [3, 7, 10, 0.027027027681469917],
            [3, 7, 13, 0.027027027681469917],
            [3, 9, 13, 0.027027027681469917],
            [3, 10, 1, 0.027027027681469917],
            [3, 10, 6, 0.027027027681469917],
            [3, 10, 9, 0.027027027681469917],
            [3, 11, 17, 0.027027027681469917],
            [3, 12, 4, 0.027027027681469917],
            [3, 13, 4, 0.027027027681469917],
            [3, 13, 12, 0.027027027681469917],
            [3, 14, 6, 0.027027027681469917],
            [3, 15, 10, 0.027027027681469917],
            [3, 15, 15, 0.027027027681469917],
