{
    "train_f1": 8.482771873474121,
    "train_prob": 44.4388313293457,
    "train_cov": 68.75,
    "valid_f1": 0.0,
    "valid_prob": 0.0,
    "valid_cov": 0.0,
    "len": 170,
    "binary_grammar": {
        "num_nt": 4,
        "num_pt": 14,
        "num_rhs": 324,
        "rule_probs": [
            [0, 0, 10, 0.05128205195069313],
            [0, 0, 13, 0.025641025975346565],
            [0, 1, 11, 0.025641025975346565],
            [0, 1, 13, 0.025641025975346565],
            [0, 2, 1, 0.025641025975346565],
            [0, 2, 6, 0.025641025975346565],
            [0, 2, 17, 0.05128205195069313],
            [0, 3, 3, 0.025641025975346565],
            [0, 3, 8, 0.05128205195069313],
            [0, 4, 0, 0.025641025975346565],
            [0, 4, 1, 0.025641025975346565],
            [0, 4, 12, 0.025641025975346565],
            [0, 5, 7, 0.025641025975346565],
            [0, 5, 13, 0.025641025975346565],
            [0, 6, 1, 0.025641025975346565],
            [0, 6, 15, 0.025641025975346565],
            [0, 8, 12, 0.025641025975346565],
            [0, 9, 7, 0.025641025975346565],
            [0, 9, 9, 0.025641025975346565],
            [0, 10, 0, 0.025641025975346565],
            [0, 10, 10, 0.025641025975346565],
            [0, 10, 14, 0.025641025975346565],
            [0, 11, 4, 0.025641025975346565],
            [0, 12, 0, 0.025641025975346565],
            [0, 12, 4, 0.025641025975346565],
            [0, 12, 11, 0.025641025975346565],
            [0, 13, 0, 0.025641025975346565],
            [0, 13, 2, 0.025641025975346565],
            [0, 13, 6, 0.025641025975346565],
            [0, 14, 10, 0.025641025975346565],
            [0, 14, 17, 0.025641025975346565],
            [0, 15, 15, 0.025641025975346565],
            [0, 16, 4, 0.025641025975346565],
            [0, 16, 11, 0.025641025975346565],
            [0, 17, 6, 0.05128205195069313],
            [1, 0, 4, 0.0357142873108387],
            [1, 0, 7, 0.0357142873108387],
            [1, 0, 8, 0.01785714365541935],
            [1, 0, 9, 0.01785714365541935],
            [1, 0, 11, 0.01785714365541935],
            [1, 1, 6, 0.01785714365541935],
            [1, 1, 12, 0.01785714365541935],
            [1, 2, 10, 0.01785714365541935],
            [1, 3, 9, 0.01785714365541935],
            [1, 4, 1, 0.01785714365541935],
            [1, 4, 3, 0.01785714365541935],
            [1, 4, 6, 0.01785714365541935],
            [1, 5, 4, 0.01785714365541935],
            [1, 5, 6, 0.01785714365541935],
            [1, 5, 12, 0.01785714365541935],
            [1, 6, 4, 0.01785714365541935],
            [1, 6, 10, 0.01785714365541935],
            [1, 6, 11, 0.01785714365541935],
            [1, 6, 13, 0.01785714365541935],
            [1, 7, 10, 0.01785714365541935],
            [1, 8, 2, 0.0357142873108387],
            [1, 9, 6, 0.01785714365541935],
            [1, 9, 7, 0.01785714365541935],
            [1, 10, 3, 0.01785714365541935],
            [1, 10, 4, 0.0357142873108387],
            [1, 10, 6, 0.0357142873108387],
            [1, 10, 12, 0.01785714365541935],
            [1, 10, 13, 0.01785714365541935],
            [1, 11, 7, 0.01785714365541935],
            [1, 11, 9, 0.0357142873108387],
            [1, 11, 13, 0.01785714365541935],
            [1, 12, 9, 0.0357142873108387],
            [1, 13, 12, 0.01785714365541935],
            [1, 14, 10, 0.01785714365541935],
            [1, 15, 0, 0.0357142873108387],
            [1, 15, 1, 0.0357142873108387],
            [1, 16, 0, 0.01785714365541935],
            [1, 16, 3, 0.01785714365541935],
            [1, 16, 12, 0.0357142873108387],
            [1, 16, 13, 0.01785714365541935],
            [1, 16, 17, 0.01785714365541935],
            [1, 17, 1, 0.01785714365541935],
            [1, 17, 6, 0.01785714365541935],
            [1, 17, 9, 0.01785714365541935],
            [1, 17, 12, 0.01785714365541935],
            [1, 17, 16, 0.01785714365541935],
            [2, 0, 15, 0.020408162847161293],
            [2, 1, 3, 0.040816325694322586],
            [2, 1, 6, 0.040816325694322586],
            [2, 1, 17, 0.020408162847161293],
            [2, 2, 9, 0.020408162847161293],
            [2, 2, 10, 0.020408162847161293],
            [2, 3, 15, 0.020408162847161293],
            [2, 4, 7, 0.020408162847161293],
            [2, 5, 11, 0.020408162847161293],
            [2, 6, 6, 0.020408162847161293],
            [2, 6, 11, 0.040816325694322586],
            [2, 6, 13, 0.020408162847161293],
            [2, 6, 16, 0.020408162847161293],
            [2, 7, 4, 0.020408162847161293],
            [2, 7, 5, 0.020408162847161293],
            [2, 7, 10, 0.020408162847161293],
            [2, 8, 4, 0.06122449040412903],
            [2, 8, 5, 0.020408162847161293],
            [2, 8, 7, 0.020408162847161293],
            [2, 8, 16, 0.020408162847161293],
            [2, 9, 11, 0.020408162847161293],
            [2, 11, 11, 0.020408162847161293],
            [2, 11, 13, 0.020408162847161293],
            [2, 11, 15, 0.020408162847161293],
            [2, 12, 1, 0.020408162847161293],
            [2, 12, 8, 0.020408162847161293],
            [2, 12, 16, 0.040816325694322586],
            [2, 13, 4, 0.020408162847161293],
            [2, 13, 7, 0.020408162847161293],
            [2, 13, 10, 0.020408162847161293],
            [2, 13, 14, 0.020408162847161293],
            [2, 14, 1, 0.040816325694322586],
            [2, 14, 3, 0.040816325694322586],
            [2, 14, 7, 0.020408162847161293],
            [2, 14, 13, 0.020408162847161293],
            [2, 14, 15, 0.020408162847161293],
            [2, 16, 3, 0.020408162847161293],
            [2, 16, 7, 0.020408162847161293],
            [2, 16, 8, 0.020408162847161293],
            [2, 17, 9, 0.020408162847161293],
            [2, 17, 12, 0.020408162847161293],
            [3, 0, 2, 0.01785714365541935],
            [3, 0, 10, 0.0357142873108387],
            [3, 0, 15, 0.01785714365541935],
            [3, 1, 7, 0.01785714365541935],
            [3, 2, 3, 0.01785714365541935],
            [3, 2, 9, 0.01785714365541935],
            [3, 2, 13, 0.01785714365541935],
            [3, 2, 14, 0.01785714365541935],
            [3, 3, 3, 0.01785714365541935],
            [3, 3, 5, 0.01785714365541935],
            [3, 3, 11, 0.01785714365541935],
            [3, 4, 1, 0.01785714365541935],
            [3, 5, 1, 0.01785714365541935],
            [3, 5, 6, 0.01785714365541935],
            [3, 5, 9, 0.01785714365541935],
            [3, 5, 14, 0.01785714365541935],
            [3, 6, 4, 0.01785714365541935],
            [3, 6, 5, 0.01785714365541935],
            [3, 6, 14, 0.01785714365541935],
            [3, 7, 3, 0.01785714365541935],
            [3, 9, 0, 0.01785714365541935],
            [3, 9, 3, 0.01785714365541935],
            [3, 9, 14, 0.01785714365541935],
            [3, 9, 15, 0.01785714365541935],
            [3, 10, 0, 0.01785714365541935],
            [3, 11, 8, 0.01785714365541935],
            [3, 11, 16, 0.0535714291036129],
            [3, 12, 5, 0.01785714365541935],
            [3, 12, 9, 0.01785714365541935],
            [3, 12, 10, 0.01785714365541935],
            [3, 12, 14, 0.01785714365541935],
            [3, 12, 16, 0.01785714365541935],
            [3, 13, 0, 0.01785714365541935],
            [3, 13, 2, 0.01785714365541935],
            [3, 13, 8, 0.01785714365541935],
            [3, 13, 11, 0.0357142873108387],
            [3, 14, 1, 0.01785714365541935],
            [3, 14, 6, 0.0535714291036129],
            [3, 14, 8, 0.01785714365541935],
            [3, 14, 15, 0.01785714365541935],
            [3, 15, 3, 0.01785714365541935],
            [3, 16, 7, 0.01785714365541935],
            [3, 16, 10, 0.01785714365541935],
            [3, 16, 11, 0.0535714291036129],
            [3, 16, 13, 0.01785714365541935],
            [3, 16, 16, 0.01785714365541935],
            [3, 17, 4, 0.01785714365541935],
            [3, 17, 14, 0.01785714365541935]
        ]
