{
    "train_f1": 8.874031066894531,
    "train_prob": 34.032012939453125,
    "train_cov": 62.5,
    "valid_f1": 0.0,
    "valid_prob": 0.0,
    "valid_cov": 0.0,
    "len": 187,
    "binary_grammar": {
        "num_nt": 4,
        "num_pt": 14,
        "num_rhs": 324,
        "rule_probs": [
            [0, 0, 4, 0.022727273404598236],
            [0, 2, 0, 0.022727273404598236],
            [0, 2, 1, 0.022727273404598236],
            [0, 2, 6, 0.022727273404598236],
            [0, 3, 0, 0.022727273404598236],
            [0, 3, 11, 0.022727273404598236],
            [0, 4, 8, 0.022727273404598236],
            [0, 5, 2, 0.022727273404598236],
            [0, 5, 4, 0.022727273404598236],
            [0, 5, 6, 0.022727273404598236],
            [0, 5, 12, 0.022727273404598236],
            [0, 5, 14, 0.04545454680919647],
            [0, 7, 5, 0.04545454680919647],
            [0, 7, 9, 0.022727273404598236],
            [0, 7, 15, 0.022727273404598236],
            [0, 7, 17, 0.022727273404598236],
            [0, 8, 2, 0.022727273404598236],
            [0, 8, 7, 0.022727273404598236],
            [0, 8, 10, 0.022727273404598236],
            [0, 9, 9, 0.022727273404598236],
            [0, 9, 17, 0.06818182021379471],
            [0, 10, 1, 0.022727273404598236],
            [0, 10, 9, 0.022727273404598236],
            [0, 11, 10, 0.022727273404598236],
            [0, 11, 17, 0.04545454680919647],
            [0, 12, 1, 0.022727273404598236],
            [0, 12, 9, 0.022727273404598236],
            [0, 13, 3, 0.022727273404598236],
            [0, 13, 4, 0.022727273404598236],
            [0, 14, 0, 0.022727273404598236],
            [0, 14, 2, 0.022727273404598236],
            [0, 14, 4, 0.022727273404598236],
            [0, 15, 9, 0.022727273404598236],
            [0, 16, 1, 0.022727273404598236],
            [0, 16, 5, 0.022727273404598236],
            [0, 16, 7, 0.022727273404598236],
            [0, 17, 0, 0.022727273404598236],
            [0, 17, 8, 0.022727273404598236],
            [0, 17, 10, 0.022727273404598236],
            [1, 0, 14, 0.021739130839705467],
            [1, 0, 17, 0.021739130839705467],
            [1, 1, 3, 0.021739130839705467],
            [1, 1, 5, 0.021739130839705467],
            [1, 1, 9, 0.021739130839705467],
            [1, 2, 3, 0.021739130839705467],
            [1, 2, 4, 0.021739130839705467],
            [1, 2, 6, 0.021739130839705467],
            [1, 2, 7, 0.021739130839705467],
            [1, 2, 14, 0.021739130839705467],
            [1, 3, 4, 0.021739130839705467],
            [1, 3, 15, 0.021739130839705467],
            [1, 5, 11, 0.021739130839705467],
            [1, 5, 13, 0.021739130839705467],
            [1, 5, 17, 0.021739130839705467],
            [1, 6, 5, 0.021739130839705467],
            [1, 6, 14, 0.021739130839705467],
            [1, 7, 7, 0.021739130839705467],
            [1, 7, 9, 0.021739130839705467],
            [1, 7, 15, 0.021739130839705467],
            [1, 8, 2, 0.021739130839705467],
            [1, 9, 0, 0.021739130839705467],
            [1, 9, 1, 0.021739130839705467],
            [1, 9, 2, 0.021739130839705467],
            [1, 9, 16, 0.021739130839705467],
            [1, 10, 9, 0.021739130839705467],
            [1, 10, 16, 0.021739130839705467],
            [1, 12, 0, 0.021739130839705467],
            [1, 12, 7, 0.021739130839705467],
            [1, 12, 8, 0.021739130839705467],
            [1, 12, 10, 0.021739130839705467],
            [1, 12, 13, 0.043478261679410934],
            [1, 13, 2, 0.021739130839705467],
            [1, 13, 17, 0.021739130839705467],
            [1, 14, 1, 0.021739130839705467],
            [1, 14, 2, 0.021739130839705467],
            [1, 14, 3, 0.021739130839705467],
            [1, 14, 7, 0.021739130839705467],
            [1, 14, 15, 0.043478261679410934],
            [1, 15, 8, 0.021739130839705467],
            [1, 15, 11, 0.021739130839705467],
            [1, 15, 15, 0.021739130839705467],
            [1, 16, 16, 0.021739130839705467],
            [1, 17, 3, 0.021739130839705467],
            [2, 1, 10, 0.017543859779834747],
            [2, 1, 12, 0.017543859779834747],
            [2, 2, 5, 0.017543859779834747],
            [2, 2, 6, 0.017543859779834747],
            [2, 2, 9, 0.017543859779834747],
            [2, 2, 12, 0.035087719559669495],
            [2, 3, 0, 0.017543859779834747],
            [2, 3, 9, 0.017543859779834747],
            [2, 3, 14, 0.017543859779834747],
            [2, 3, 16, 0.017543859779834747],
            [2, 4, 4, 0.017543859779834747],
            [2, 4, 8, 0.017543859779834747],
            [2, 4, 9, 0.017543859779834747],
            [2, 4, 12, 0.017543859779834747],
            [2, 5, 2, 0.017543859779834747],
            [2, 5, 14, 0.017543859779834747],
            [2, 5, 16, 0.035087719559669495],
            [2, 6, 3, 0.017543859779834747],
            [2, 6, 14, 0.017543859779834747],
            [2, 7, 3, 0.035087719559669495],
            [2, 7, 10, 0.017543859779834747],
            [2, 8, 3, 0.017543859779834747],
            [2, 8, 8, 0.017543859779834747],
            [2, 8, 11, 0.017543859779834747],
            [2, 9, 7, 0.017543859779834747],
            [2, 9, 12, 0.017543859779834747],
            [2, 9, 15, 0.017543859779834747],
            [2, 10, 8, 0.017543859779834747],
            [2, 10, 17, 0.017543859779834747],
            [2, 11, 3, 0.017543859779834747],
            [2, 11, 4, 0.017543859779834747],
            [2, 11, 5, 0.017543859779834747],
            [2, 11, 9, 0.017543859779834747],
            [2, 11, 12, 0.017543859779834747],
            [2, 11, 13, 0.017543859779834747],
            [2, 11, 15, 0.017543859779834747],
            [2, 11, 16, 0.017543859779834747],
            [2, 11, 17, 0.017543859779834747],
            [2, 12, 4, 0.017543859779834747],
            [2, 12, 17, 0.017543859779834747],
            [2, 13, 1, 0.017543859779834747],
            [2, 13, 2, 0.035087719559669495],
            [2, 13, 11, 0.017543859779834747],
            [2, 13, 12, 0.017543859779834747],
            [2, 13, 17, 0.017543859779834747],
            [2, 14, 10, 0.017543859779834747],
            [2, 15, 1, 0.017543859779834747],
            [2, 15, 4, 0.017543859779834747],
            [2, 15, 6, 0.017543859779834747],
            [2, 16, 1, 0.017543859779834747],
            [2, 16, 7, 0.017543859779834747],
            [2, 17, 7, 0.017543859779834747],
            [2, 17, 13, 0.017543859779834747],
            [3, 0, 10, 0.01886792480945587],
            [3, 0, 11, 0.01886792480945587],
            [3, 0, 13, 0.01886792480945587],
            [3, 1, 5, 0.01886792480945587],
            [3, 1, 9, 0.01886792480945587],
            [3, 1, 12, 0.01886792480945587],
            [3, 2, 5, 0.01886792480945587],
            [3, 2, 7, 0.01886792480945587],
            [3, 2, 11, 0.01886792480945587],
            [3, 2, 14, 0.03773584961891174],
            [3, 3, 4, 0.01886792480945587],
            [3, 3, 13, 0.01886792480945587],
            [3, 4, 0, 0.01886792480945587],
            [3, 4, 1, 0.01886792480945587],
            [3, 5, 0, 0.01886792480945587],
            [3, 5, 1, 0.01886792480945587],
            [3, 5, 7, 0.01886792480945587],
            [3, 5, 9, 0.03773584961891174],
            [3, 6, 7, 0.01886792480945587],
            [3, 6, 10, 0.01886792480945587],
            [3, 7, 0, 0.01886792480945587],
            [3, 7, 6, 0.01886792480945587],
            [3, 7, 8, 0.01886792480945587],
            [3, 7, 9, 0.01886792480945587],
            [3, 7, 14, 0.01886792480945587],
            [3, 7, 17, 0.01886792480945587],
            [3, 8, 4, 0.01886792480945587],
            [3, 8, 8, 0.01886792480945587],
            [3, 8, 10, 0.01886792480945587],
            [3, 8, 12, 0.01886792480945587],
            [3, 8, 15, 0.01886792480945587],
            [3, 9, 16, 0.01886792480945587],
            [3, 10, 16, 0.01886792480945587],
