{
    "train_f1": 16.07657814025879,
    "train_prob": 22.748905181884766,
    "train_cov": 100.0,
    "valid_f1": 0.0,
    "valid_prob": 0.0,
    "valid_cov": 0.0,
    "len": 177,
    "binary_grammar": {
        "num_nt": 4,
        "num_pt": 14,
        "num_rhs": 324,
        "rule_probs": [
            [0, 1, 2, 0.01886792480945587],
            [0, 1, 4, 0.01886792480945587],
            [0, 1, 11, 0.01886792480945587],
            [0, 1, 17, 0.01886792480945587],
            [0, 2, 5, 0.01886792480945587],
            [0, 2, 9, 0.01886792480945587],
            [0, 2, 11, 0.01886792480945587],
            [0, 2, 15, 0.01886792480945587],
            [0, 2, 17, 0.01886792480945587],
            [0, 3, 2, 0.01886792480945587],
            [0, 3, 3, 0.03773584961891174],
            [0, 3, 7, 0.01886792480945587],
            [0, 3, 12, 0.01886792480945587],
            [0, 3, 13, 0.01886792480945587],
            [0, 4, 0, 0.01886792480945587],
            [0, 4, 5, 0.01886792480945587],
            [0, 4, 8, 0.01886792480945587],
            [0, 5, 7, 0.01886792480945587],
            [0, 5, 11, 0.01886792480945587],
            [0, 5, 14, 0.01886792480945587],
            [0, 6, 5, 0.056603774428367615],
            [0, 6, 12, 0.01886792480945587],
            [0, 7, 0, 0.01886792480945587],
            [0, 7, 5, 0.01886792480945587],
            [0, 7, 9, 0.01886792480945587],
            [0, 8, 5, 0.01886792480945587],
            [0, 8, 12, 0.056603774428367615],
            [0, 8, 13, 0.01886792480945587],
            [0, 9, 13, 0.01886792480945587],
            [0, 10, 17, 0.01886792480945587],
            [0, 11, 0, 0.01886792480945587],
            [0, 11, 2, 0.01886792480945587],
            [0, 11, 4, 0.01886792480945587],
            [0, 12, 11, 0.01886792480945587],
            [0, 12, 15, 0.01886792480945587],
            [0, 13, 12, 0.01886792480945587],
            [0, 13, 14, 0.01886792480945587],
            [0, 14, 9, 0.01886792480945587],
            [0, 14, 11, 0.03773584961891174],
            [0, 15, 2, 0.01886792480945587],
            [0, 15, 3, 0.01886792480945587],
            [0, 15, 6, 0.01886792480945587],
            [0, 16, 5, 0.01886792480945587],
            [0, 16, 10, 0.01886792480945587],
            [0, 16, 11, 0.01886792480945587],
            [0, 16, 13, 0.01886792480945587],
            [0, 17, 16, 0.01886792480945587],
            [1, 0, 0, 0.021276595070958138],
            [1, 0, 3, 0.021276595070958138],
            [1, 0, 9, 0.021276595070958138],
            [1, 0, 11, 0.021276595070958138],
            [1, 1, 1, 0.042553190141916275],
            [1, 1, 2, 0.021276595070958138],
            [1, 1, 6, 0.021276595070958138],
            [1, 2, 6, 0.021276595070958138],
            [1, 2, 16, 0.021276595070958138],
            [1, 3, 5, 0.021276595070958138],
            [1, 3, 8, 0.021276595070958138],
            [1, 3, 14, 0.021276595070958138],
            [1, 4, 6, 0.021276595070958138],
            [1, 4, 8, 0.021276595070958138],
            [1, 5, 14, 0.021276595070958138],
            [1, 6, 1, 0.021276595070958138],
            [1, 7, 6, 0.021276595070958138],
            [1, 8, 1, 0.042553190141916275],
            [1, 8, 3, 0.021276595070958138],
            [1, 8, 11, 0.021276595070958138],
            [1, 8, 16, 0.021276595070958138],
            [1, 9, 5, 0.042553190141916275],
            [1, 9, 7, 0.021276595070958138],
            [1, 10, 1, 0.021276595070958138],
            [1, 10, 7, 0.021276595070958138],
            [1, 10, 14, 0.021276595070958138],
            [1, 11, 14, 0.021276595070958138],
            [1, 11, 15, 0.021276595070958138],
            [1, 11, 16, 0.021276595070958138],
            [1, 12, 2, 0.021276595070958138],
            [1, 13, 0, 0.021276595070958138],
            [1, 13, 3, 0.021276595070958138],
            [1, 14, 10, 0.021276595070958138],
            [1, 15, 1, 0.021276595070958138],
            [1, 15, 10, 0.021276595070958138],
            [1, 16, 12, 0.042553190141916275],
            [1, 16, 14, 0.021276595070958138],
            [1, 16, 15, 0.042553190141916275],
            [1, 16, 16, 0.021276595070958138],
            [1, 17, 5, 0.021276595070958138],
            [1, 17, 12, 0.021276595070958138],
            [1, 17, 16, 0.021276595070958138],
            [2, 0, 0, 0.021276595070958138],
            [2, 1, 12, 0.021276595070958138],
            [2, 1, 17, 0.042553190141916275],
            [2, 2, 7, 0.021276595070958138],
            [2, 2, 12, 0.021276595070958138],
            [2, 3, 8, 0.042553190141916275],
            [2, 3, 14, 0.021276595070958138],
            [2, 5, 8, 0.021276595070958138],
            [2, 5, 10, 0.021276595070958138],
            [2, 5, 13, 0.021276595070958138],
            [2, 6, 11, 0.042553190141916275],
            [2, 6, 14, 0.021276595070958138],
            [2, 8, 2, 0.021276595070958138],
            [2, 8, 4, 0.021276595070958138],
            [2, 8, 7, 0.021276595070958138],
            [2, 8, 14, 0.021276595070958138],
            [2, 9, 1, 0.021276595070958138],
            [2, 9, 2, 0.021276595070958138],
            [2, 9, 14, 0.021276595070958138],
            [2, 10, 2, 0.021276595070958138],
            [2, 10, 3, 0.042553190141916275],
            [2, 10, 6, 0.021276595070958138],
            [2, 11, 2, 0.021276595070958138],
            [2, 11, 7, 0.021276595070958138],
            [2, 12, 5, 0.021276595070958138],
            [2, 12, 7, 0.021276595070958138],
            [2, 12, 13, 0.021276595070958138],
            [2, 12, 17, 0.021276595070958138],
            [2, 13, 4, 0.021276595070958138],
            [2, 13, 7, 0.021276595070958138],
            [2, 13, 16, 0.021276595070958138],
            [2, 14, 7, 0.021276595070958138],
            [2, 14, 13, 0.021276595070958138],
            [2, 14, 16, 0.021276595070958138],
            [2, 15, 0, 0.021276595070958138],
            [2, 15, 5, 0.021276595070958138],
            [2, 16, 7, 0.042553190141916275],
            [2, 16, 14, 0.021276595070958138],
            [2, 16, 16, 0.021276595070958138],
            [2, 17, 5, 0.021276595070958138],
            [2, 17, 6, 0.021276595070958138],
            [2, 17, 12, 0.021276595070958138],
            [3, 0, 4, 0.01886792480945587],
            [3, 0, 13, 0.01886792480945587],
            [3, 0, 15, 0.01886792480945587],
            [3, 1, 1, 0.01886792480945587],
            [3, 1, 6, 0.01886792480945587],
            [3, 1, 11, 0.03773584961891174],
            [3, 2, 4, 0.03773584961891174],
            [3, 2, 5, 0.01886792480945587],
            [3, 2, 7, 0.03773584961891174],
            [3, 3, 2, 0.01886792480945587],
            [3, 3, 3, 0.056603774428367615],
            [3, 4, 10, 0.01886792480945587],
            [3, 4, 15, 0.01886792480945587],
            [3, 4, 16, 0.01886792480945587],
            [3, 5, 1, 0.01886792480945587],
            [3, 5, 6, 0.01886792480945587],
            [3, 5, 9, 0.01886792480945587],
            [3, 5, 11, 0.01886792480945587],
            [3, 5, 14, 0.01886792480945587],
            [3, 6, 1, 0.01886792480945587],
            [3, 6, 4, 0.03773584961891174],
            [3, 6, 10, 0.01886792480945587],
            [3, 6, 11, 0.01886792480945587],
            [3, 8, 2, 0.01886792480945587],
            [3, 8, 4, 0.01886792480945587],
            [3, 8, 17, 0.01886792480945587],
            [3, 10, 0, 0.03773584961891174],
            [3, 10, 6, 0.01886792480945587],
            [3, 11, 7, 0.01886792480945587],
            [3, 11, 12, 0.01886792480945587],
            [3, 12, 17, 0.01886792480945587],
            [3, 13, 0, 0.01886792480945587],
            [3, 13, 11, 0.01886792480945587],
            [3, 13, 14, 0.01886792480945587],
            [3, 14, 0, 0.01886792480945587],
            [3, 14, 1, 0.01886792480945587],
            [3, 14, 6, 0.01886792480945587],
            [3, 14, 15, 0.01886792480945587],
