{
    "train_f1": 10.572010040283203,
    "train_prob": 12.268237113952637,
    "train_cov": 87.5,
    "valid_f1": 0.0,
    "valid_prob": 0.0,
    "valid_cov": 0.0,
    "len": 173,
    "binary_grammar": {
        "num_nt": 4,
        "num_pt": 14,
        "num_rhs": 324,
        "rule_probs": [
            [0, 0, 15, 0.019999999552965164],
            [0, 1, 0, 0.019999999552965164],
            [0, 1, 3, 0.019999999552965164],
            [0, 1, 11, 0.019999999552965164],
            [0, 2, 1, 0.019999999552965164],
            [0, 2, 8, 0.019999999552965164],
            [0, 2, 13, 0.019999999552965164],
            [0, 2, 16, 0.019999999552965164],
            [0, 2, 17, 0.019999999552965164],
            [0, 3, 3, 0.019999999552965164],
            [0, 3, 12, 0.019999999552965164],
            [0, 4, 1, 0.019999999552965164],
            [0, 4, 15, 0.019999999552965164],
            [0, 5, 17, 0.019999999552965164],
            [0, 6, 8, 0.019999999552965164],
            [0, 6, 9, 0.03999999910593033],
            [0, 6, 14, 0.019999999552965164],
            [0, 7, 1, 0.019999999552965164],
            [0, 7, 6, 0.019999999552965164],
            [0, 7, 12, 0.019999999552965164],
            [0, 9, 1, 0.019999999552965164],
            [0, 9, 3, 0.05999999865889549],
            [0, 10, 0, 0.03999999910593033],
            [0, 10, 9, 0.03999999910593033],
            [0, 11, 4, 0.019999999552965164],
            [0, 11, 6, 0.019999999552965164],
            [0, 11, 13, 0.03999999910593033],
            [0, 11, 17, 0.019999999552965164],
            [0, 12, 5, 0.019999999552965164],
            [0, 12, 6, 0.019999999552965164],
            [0, 12, 9, 0.019999999552965164],
            [0, 12, 10, 0.019999999552965164],
            [0, 12, 11, 0.019999999552965164],
            [0, 13, 0, 0.019999999552965164],
            [0, 14, 1, 0.019999999552965164],
            [0, 14, 13, 0.019999999552965164],
            [0, 15, 2, 0.019999999552965164],
            [0, 15, 4, 0.019999999552965164],
            [0, 15, 11, 0.019999999552965164],
            [0, 15, 13, 0.019999999552965164],
            [0, 16, 2, 0.019999999552965164],
            [0, 17, 3, 0.03999999910593033],
            [0, 17, 5, 0.019999999552965164],
            [1, 0, 5, 0.01923076994717121],
            [1, 0, 7, 0.01923076994717121],
            [1, 0, 11, 0.01923076994717121],
            [1, 0, 12, 0.01923076994717121],
            [1, 0, 13, 0.01923076994717121],
            [1, 2, 7, 0.01923076994717121],
            [1, 3, 4, 0.01923076994717121],
            [1, 3, 12, 0.01923076994717121],
            [1, 3, 14, 0.01923076994717121],
            [1, 3, 15, 0.01923076994717121],
            [1, 4, 6, 0.03846153989434242],
            [1, 4, 7, 0.01923076994717121],
            [1, 4, 13, 0.03846153989434242],
            [1, 5, 16, 0.01923076994717121],
            [1, 6, 6, 0.01923076994717121],
            [1, 6, 10, 0.03846153989434242],
            [1, 6, 17, 0.01923076994717121],
            [1, 7, 1, 0.01923076994717121],
            [1, 7, 17, 0.01923076994717121],
            [1, 8, 1, 0.03846153989434242],
            [1, 9, 5, 0.01923076994717121],
            [1, 9, 6, 0.01923076994717121],
            [1, 9, 17, 0.01923076994717121],
            [1, 11, 0, 0.01923076994717121],
            [1, 11, 4, 0.01923076994717121],
            [1, 11, 9, 0.01923076994717121],
            [1, 11, 16, 0.01923076994717121],
            [1, 12, 6, 0.01923076994717121],
            [1, 12, 7, 0.01923076994717121],
            [1, 13, 3, 0.03846153989434242],
            [1, 13, 11, 0.01923076994717121],
            [1, 14, 0, 0.01923076994717121],
            [1, 14, 3, 0.03846153989434242],
            [1, 14, 5, 0.01923076994717121],
            [1, 15, 1, 0.01923076994717121],
            [1, 15, 3, 0.01923076994717121],
            [1, 15, 11, 0.01923076994717121],
            [1, 16, 1, 0.01923076994717121],
            [1, 16, 12, 0.03846153989434242],
            [1, 16, 16, 0.01923076994717121],
            [1, 17, 5, 0.03846153989434242],
            [1, 17, 10, 0.01923076994717121],
            [1, 17, 13, 0.01923076994717121],
            [1, 17, 14, 0.01923076994717121],
            [2, 0, 13, 0.020408162847161293],
            [2, 1, 2, 0.020408162847161293],
            [2, 1, 3, 0.020408162847161293],
            [2, 1, 10, 0.020408162847161293],
            [2, 2, 2, 0.020408162847161293],
            [2, 2, 10, 0.020408162847161293],
            [2, 3, 3, 0.020408162847161293],
            [2, 3, 10, 0.040816325694322586],
            [2, 3, 15, 0.020408162847161293],
            [2, 4, 8, 0.020408162847161293],
            [2, 5, 0, 0.020408162847161293],
            [2, 5, 11, 0.020408162847161293],
            [2, 5, 13, 0.040816325694322586],
            [2, 5, 17, 0.020408162847161293],
            [2, 6, 2, 0.020408162847161293],
            [2, 6, 4, 0.020408162847161293],
            [2, 6, 7, 0.020408162847161293],
            [2, 7, 1, 0.020408162847161293],
            [2, 7, 4, 0.040816325694322586],
            [2, 7, 10, 0.020408162847161293],
            [2, 8, 4, 0.040816325694322586],
            [2, 8, 5, 0.020408162847161293],
            [2, 8, 15, 0.020408162847161293],
            [2, 9, 4, 0.020408162847161293],
            [2, 9, 6, 0.020408162847161293],
            [2, 9, 9, 0.020408162847161293],
            [2, 10, 2, 0.020408162847161293],
            [2, 11, 1, 0.020408162847161293],
            [2, 11, 13, 0.020408162847161293],
            [2, 12, 7, 0.020408162847161293],
            [2, 12, 17, 0.020408162847161293],
            [2, 13, 10, 0.020408162847161293],
            [2, 13, 11, 0.020408162847161293],
            [2, 13, 14, 0.020408162847161293],
            [2, 14, 0, 0.020408162847161293],
            [2, 14, 3, 0.020408162847161293],
            [2, 14, 12, 0.020408162847161293],
            [2, 14, 14, 0.040816325694322586],
            [2, 15, 7, 0.020408162847161293],
            [2, 15, 10, 0.020408162847161293],
            [2, 16, 1, 0.020408162847161293],
            [2, 17, 1, 0.020408162847161293],
            [2, 17, 8, 0.040816325694322586],
            [3, 0, 1, 0.020408162847161293],
            [3, 0, 2, 0.020408162847161293],
            [3, 0, 4, 0.020408162847161293],
            [3, 0, 9, 0.020408162847161293],
            [3, 0, 15, 0.020408162847161293],
            [3, 0, 17, 0.020408162847161293],
            [3, 1, 11, 0.06122449040412903],
            [3, 2, 13, 0.020408162847161293],
            [3, 2, 14, 0.020408162847161293],
            [3, 2, 15, 0.020408162847161293],
            [3, 3, 11, 0.020408162847161293],
            [3, 3, 13, 0.020408162847161293],
            [3, 4, 0, 0.020408162847161293],
            [3, 4, 2, 0.040816325694322586],
            [3, 4, 7, 0.020408162847161293],
            [3, 5, 17, 0.020408162847161293],
            [3, 6, 3, 0.020408162847161293],
            [3, 6, 4, 0.040816325694322586],
            [3, 6, 11, 0.020408162847161293],
            [3, 6, 12, 0.020408162847161293],
            [3, 6, 15, 0.020408162847161293],
            [3, 7, 0, 0.020408162847161293],
            [3, 8, 15, 0.020408162847161293],
            [3, 9, 3, 0.020408162847161293],
            [3, 9, 8, 0.020408162847161293],
            [3, 9, 12, 0.020408162847161293],
            [3, 9, 13, 0.040816325694322586],
            [3, 11, 5, 0.020408162847161293],
            [3, 11, 11, 0.020408162847161293],
            [3, 11, 17, 0.020408162847161293],
            [3, 12, 1, 0.020408162847161293],
            [3, 12, 8, 0.020408162847161293],
            [3, 13, 14, 0.020408162847161293],
            [3, 14, 5, 0.020408162847161293],
            [3, 14, 13, 0.020408162847161293],
            [3, 15, 5, 0.020408162847161293],
            [3, 16, 7, 0.020408162847161293],
            [3, 16, 11, 0.020408162847161293],
            [3, 17, 3, 0.020408162847161293],
