{
    "train_f1": 11.275823593139648,
    "train_prob": 28.52847671508789,
    "train_cov": 81.25,
    "valid_f1": 5.0,
    "valid_prob": 17.720008850097656,
    "valid_cov": 10.0,
    "len": 178,
    "binary_grammar": {
        "num_nt": 4,
        "num_pt": 14,
        "num_rhs": 324,
        "rule_probs": [
            [0, 0, 1, 0.01785714365541935],
            [0, 0, 2, 0.01785714365541935],
            [0, 0, 13, 0.01785714365541935],
            [0, 0, 17, 0.01785714365541935],
            [0, 1, 6, 0.01785714365541935],
            [0, 1, 11, 0.01785714365541935],
            [0, 1, 13, 0.01785714365541935],
            [0, 2, 3, 0.01785714365541935],
            [0, 2, 17, 0.01785714365541935],
            [0, 3, 12, 0.01785714365541935],
            [0, 4, 8, 0.01785714365541935],
            [0, 4, 9, 0.01785714365541935],
            [0, 4, 11, 0.01785714365541935],
            [0, 4, 12, 0.01785714365541935],
            [0, 4, 16, 0.01785714365541935],
            [0, 5, 7, 0.01785714365541935],
            [0, 5, 8, 0.01785714365541935],
            [0, 5, 13, 0.01785714365541935],
            [0, 6, 0, 0.01785714365541935],
            [0, 6, 3, 0.01785714365541935],
            [0, 6, 5, 0.01785714365541935],
            [0, 6, 7, 0.0357142873108387],
            [0, 6, 9, 0.0357142873108387],
            [0, 6, 13, 0.01785714365541935],
            [0, 7, 2, 0.01785714365541935],
            [0, 8, 5, 0.01785714365541935],
            [0, 8, 8, 0.01785714365541935],
            [0, 8, 12, 0.0357142873108387],
            [0, 8, 16, 0.01785714365541935],
            [0, 9, 3, 0.01785714365541935],
            [0, 9, 5, 0.01785714365541935],
            [0, 9, 6, 0.01785714365541935],
            [0, 10, 9, 0.01785714365541935],
            [0, 11, 1, 0.01785714365541935],
            [0, 11, 4, 0.0357142873108387],
            [0, 11, 14, 0.0357142873108387],
            [0, 12, 0, 0.01785714365541935],
            [0, 12, 3, 0.01785714365541935],
            [0, 12, 8, 0.01785714365541935],
            [0, 12, 10, 0.01785714365541935],
            [0, 12, 17, 0.01785714365541935],
            [0, 13, 6, 0.0357142873108387],
            [0, 13, 17, 0.01785714365541935],
            [0, 15, 0, 0.01785714365541935],
            [0, 15, 13, 0.01785714365541935],
            [0, 16, 5, 0.0357142873108387],
            [0, 17, 4, 0.01785714365541935],
            [0, 17, 5, 0.0357142873108387],
            [1, 0, 5, 0.022727273404598236],
            [1, 0, 7, 0.022727273404598236],
            [1, 0, 10, 0.022727273404598236],
            [1, 0, 11, 0.022727273404598236],
            [1, 0, 15, 0.022727273404598236],
            [1, 1, 1, 0.022727273404598236],
            [1, 1, 6, 0.022727273404598236],
            [1, 1, 11, 0.022727273404598236],
            [1, 2, 0, 0.022727273404598236],
            [1, 2, 7, 0.022727273404598236],
            [1, 2, 10, 0.022727273404598236],
            [1, 3, 1, 0.022727273404598236],
            [1, 3, 10, 0.022727273404598236],
            [1, 4, 6, 0.022727273404598236],
            [1, 4, 16, 0.022727273404598236],
            [1, 6, 4, 0.022727273404598236],
            [1, 6, 5, 0.022727273404598236],
            [1, 7, 4, 0.04545454680919647],
            [1, 7, 7, 0.022727273404598236],
            [1, 9, 12, 0.022727273404598236],
            [1, 9, 16, 0.022727273404598236],
            [1, 10, 2, 0.022727273404598236],
            [1, 10, 9, 0.022727273404598236],
            [1, 10, 13, 0.022727273404598236],
            [1, 11, 0, 0.022727273404598236],
            [1, 11, 4, 0.022727273404598236],
            [1, 12, 0, 0.022727273404598236],
            [1, 12, 4, 0.022727273404598236],
            [1, 12, 6, 0.022727273404598236],
            [1, 12, 9, 0.04545454680919647],
            [1, 12, 15, 0.022727273404598236],
            [1, 13, 8, 0.022727273404598236],
            [1, 13, 11, 0.022727273404598236],
            [1, 14, 3, 0.022727273404598236],
            [1, 15, 1, 0.022727273404598236],
            [1, 15, 3, 0.022727273404598236],
            [1, 15, 10, 0.022727273404598236],
            [1, 16, 0, 0.022727273404598236],
            [1, 16, 8, 0.022727273404598236],
            [1, 16, 12, 0.022727273404598236],
            [1, 16, 15, 0.022727273404598236],
            [1, 17, 5, 0.022727273404598236],
            [2, 0, 0, 0.02083333395421505],
            [2, 0, 16, 0.02083333395421505],
            [2, 1, 6, 0.0625],
            [2, 1, 16, 0.02083333395421505],
            [2, 1, 17, 0.02083333395421505],
            [2, 2, 3, 0.02083333395421505],
            [2, 2, 7, 0.02083333395421505],
            [2, 2, 15, 0.02083333395421505],
            [2, 3, 1, 0.0416666679084301],
            [2, 4, 6, 0.02083333395421505],
            [2, 4, 11, 0.02083333395421505],
            [2, 4, 12, 0.02083333395421505],
            [2, 5, 8, 0.02083333395421505],
            [2, 5, 11, 0.02083333395421505],
            [2, 5, 13, 0.02083333395421505],
            [2, 6, 11, 0.0416666679084301],
            [2, 7, 4, 0.02083333395421505],
            [2, 7, 10, 0.02083333395421505],
            [2, 8, 4, 0.02083333395421505],
            [2, 8, 7, 0.02083333395421505],
            [2, 9, 2, 0.02083333395421505],
            [2, 9, 3, 0.02083333395421505],
            [2, 9, 7, 0.02083333395421505],
            [2, 10, 6, 0.02083333395421505],
            [2, 11, 1, 0.02083333395421505],
            [2, 11, 2, 0.02083333395421505],
            [2, 11, 8, 0.02083333395421505],
            [2, 12, 9, 0.02083333395421505],
            [2, 12, 17, 0.0625],
            [2, 13, 7, 0.02083333395421505],
            [2, 13, 10, 0.02083333395421505],
            [2, 13, 11, 0.02083333395421505],
            [2, 14, 1, 0.02083333395421505],
            [2, 14, 5, 0.02083333395421505],
            [2, 14, 7, 0.02083333395421505],
            [2, 14, 13, 0.02083333395421505],
            [2, 15, 1, 0.02083333395421505],
            [2, 15, 2, 0.02083333395421505],
            [2, 15, 7, 0.02083333395421505],
            [2, 16, 8, 0.02083333395421505],
            [2, 17, 3, 0.02083333395421505],
            [2, 17, 8, 0.02083333395421505],
            [3, 0, 2, 0.03846153989434242],
            [3, 0, 4, 0.01923076994717121],
            [3, 0, 10, 0.01923076994717121],
            [3, 0, 13, 0.01923076994717121],
            [3, 0, 15, 0.01923076994717121],
            [3, 1, 5, 0.01923076994717121],
            [3, 1, 11, 0.01923076994717121],
            [3, 1, 15, 0.01923076994717121],
            [3, 2, 2, 0.01923076994717121],
            [3, 2, 3, 0.01923076994717121],
            [3, 2, 8, 0.01923076994717121],
            [3, 2, 14, 0.057692307978868484],
            [3, 3, 4, 0.01923076994717121],
            [3, 3, 5, 0.01923076994717121],
            [3, 3, 7, 0.01923076994717121],
            [3, 3, 12, 0.01923076994717121],
            [3, 4, 6, 0.01923076994717121],
            [3, 4, 8, 0.01923076994717121],
            [3, 5, 12, 0.01923076994717121],
            [3, 5, 15, 0.03846153989434242],
            [3, 6, 4, 0.01923076994717121],
            [3, 7, 2, 0.01923076994717121],
            [3, 8, 1, 0.01923076994717121],
            [3, 8, 8, 0.01923076994717121],
            [3, 8, 11, 0.01923076994717121],
            [3, 8, 13, 0.01923076994717121],
            [3, 9, 12, 0.01923076994717121],
            [3, 9, 13, 0.01923076994717121],
            [3, 10, 13, 0.01923076994717121],
            [3, 11, 5, 0.01923076994717121],
            [3, 11, 16, 0.057692307978868484],
            [3, 12, 7, 0.01923076994717121],
            [3, 13, 12, 0.01923076994717121],
            [3, 13, 13, 0.01923076994717121],
            [3, 14, 0, 0.01923076994717121],
            [3, 14, 13, 0.01923076994717121],
            [3, 14, 15, 0.01923076994717121],
            [3, 15, 0, 0.01923076994717121],
            [3, 15, 1, 0.01923076994717121],
