{
    "train_f1": 1.5121581554412842,
    "train_prob": 20.620227813720703,
    "train_cov": 50.0,
    "valid_f1": 0.0,
    "valid_prob": 0.0,
    "valid_cov": 0.0,
    "len": 165,
    "binary_grammar": {
        "num_nt": 4,
        "num_pt": 14,
        "num_rhs": 324,
        "rule_probs": [
            [0, 0, 14, 0.03448275849223137],
            [0, 1, 1, 0.017241379246115685],
            [0, 1, 8, 0.017241379246115685],
            [0, 1, 11, 0.03448275849223137],
            [0, 1, 15, 0.017241379246115685],
            [0, 2, 1, 0.017241379246115685],
            [0, 2, 5, 0.017241379246115685],
            [0, 2, 13, 0.017241379246115685],
            [0, 2, 15, 0.017241379246115685],
            [0, 2, 16, 0.017241379246115685],
            [0, 3, 2, 0.017241379246115685],
            [0, 3, 3, 0.017241379246115685],
            [0, 3, 12, 0.017241379246115685],
            [0, 4, 1, 0.017241379246115685],
            [0, 4, 2, 0.017241379246115685],
            [0, 4, 3, 0.03448275849223137],
            [0, 4, 6, 0.017241379246115685],
            [0, 4, 8, 0.017241379246115685],
            [0, 4, 14, 0.017241379246115685],
            [0, 5, 7, 0.0517241396009922],
            [0, 5, 10, 0.017241379246115685],
            [0, 5, 13, 0.017241379246115685],
            [0, 5, 14, 0.017241379246115685],
            [0, 6, 6, 0.017241379246115685],
            [0, 6, 8, 0.017241379246115685],
            [0, 7, 12, 0.017241379246115685],
            [0, 8, 5, 0.0517241396009922],
            [0, 9, 0, 0.017241379246115685],
            [0, 9, 1, 0.03448275849223137],
            [0, 9, 3, 0.017241379246115685],
            [0, 9, 10, 0.017241379246115685],
            [0, 9, 15, 0.017241379246115685],
            [0, 10, 9, 0.0517241396009922],
            [0, 10, 13, 0.017241379246115685],
            [0, 10, 16, 0.017241379246115685],
            [0, 11, 17, 0.017241379246115685],
            [0, 12, 2, 0.017241379246115685],
            [0, 12, 7, 0.017241379246115685],
            [0, 12, 10, 0.017241379246115685],
            [0, 13, 0, 0.017241379246115685],
            [0, 13, 9, 0.017241379246115685],
            [0, 13, 13, 0.017241379246115685],
            [0, 13, 16, 0.017241379246115685],
            [0, 14, 6, 0.017241379246115685],
            [0, 15, 4, 0.017241379246115685],
            [0, 15, 11, 0.017241379246115685],
            [0, 15, 15, 0.017241379246115685],
            [0, 16, 14, 0.017241379246115685],
            [1, 0, 6, 0.02083333395421505],
            [1, 0, 7, 0.0416666679084301],
            [1, 0, 9, 0.02083333395421505],
            [1, 1, 11, 0.02083333395421505],
            [1, 2, 1, 0.02083333395421505],
            [1, 2, 10, 0.02083333395421505],
            [1, 3, 14, 0.02083333395421505],
            [1, 4, 2, 0.02083333395421505],
            [1, 4, 4, 0.02083333395421505],
            [1, 4, 6, 0.0833333358168602],
            [1, 4, 7, 0.0416666679084301],
            [1, 5, 6, 0.02083333395421505],
            [1, 5, 9, 0.02083333395421505],
            [1, 5, 14, 0.02083333395421505],
            [1, 5, 17, 0.02083333395421505],
            [1, 6, 15, 0.02083333395421505],
            [1, 6, 16, 0.02083333395421505],
            [1, 7, 6, 0.02083333395421505],
            [1, 8, 11, 0.02083333395421505],
            [1, 9, 17, 0.02083333395421505],
            [1, 11, 2, 0.02083333395421505],
            [1, 11, 4, 0.02083333395421505],
            [1, 11, 17, 0.02083333395421505],
            [1, 12, 5, 0.02083333395421505],
            [1, 13, 0, 0.02083333395421505],
            [1, 13, 2, 0.02083333395421505],
            [1, 13, 3, 0.02083333395421505],
            [1, 13, 10, 0.0416666679084301],
            [1, 14, 0, 0.02083333395421505],
            [1, 15, 0, 0.02083333395421505],
            [1, 15, 1, 0.02083333395421505],
            [1, 15, 3, 0.02083333395421505],
            [1, 15, 4, 0.02083333395421505],
            [1, 15, 17, 0.02083333395421505],
            [1, 16, 8, 0.02083333395421505],
            [1, 16, 12, 0.02083333395421505],
            [1, 16, 15, 0.0416666679084301],
            [1, 17, 3, 0.0416666679084301],
            [1, 17, 12, 0.02083333395421505],
            [1, 17, 16, 0.02083333395421505],
            [2, 0, 2, 0.06382978707551956],
            [2, 0, 9, 0.021276595070958138],
            [2, 0, 12, 0.021276595070958138],
            [2, 0, 16, 0.06382978707551956],
            [2, 1, 6, 0.042553190141916275],
            [2, 1, 15, 0.042553190141916275],
            [2, 1, 17, 0.021276595070958138],
            [2, 2, 10, 0.021276595070958138],
            [2, 3, 1, 0.021276595070958138],
            [2, 3, 16, 0.021276595070958138],
            [2, 3, 17, 0.021276595070958138],
            [2, 4, 5, 0.021276595070958138],
            [2, 4, 7, 0.021276595070958138],
            [2, 5, 14, 0.021276595070958138],
            [2, 6, 7, 0.021276595070958138],
            [2, 6, 15, 0.021276595070958138],
            [2, 6, 16, 0.021276595070958138],
            [2, 7, 10, 0.021276595070958138],
            [2, 9, 1, 0.021276595070958138],
            [2, 9, 7, 0.021276595070958138],
            [2, 9, 10, 0.042553190141916275],
            [2, 11, 3, 0.021276595070958138],
            [2, 11, 9, 0.021276595070958138],
            [2, 11, 12, 0.021276595070958138],
            [2, 11, 16, 0.021276595070958138],
            [2, 12, 16, 0.021276595070958138],
            [2, 12, 17, 0.042553190141916275],
            [2, 13, 2, 0.021276595070958138],
            [2, 13, 7, 0.021276595070958138],
            [2, 13, 11, 0.021276595070958138],
            [2, 13, 15, 0.021276595070958138],
            [2, 14, 5, 0.042553190141916275],
            [2, 15, 0, 0.021276595070958138],
            [2, 15, 7, 0.06382978707551956],
            [2, 15, 10, 0.021276595070958138],
            [2, 15, 13, 0.021276595070958138],
            [3, 0, 2, 0.021276595070958138],
            [3, 0, 17, 0.021276595070958138],
            [3, 1, 1, 0.021276595070958138],
            [3, 1, 5, 0.021276595070958138],
            [3, 1, 9, 0.021276595070958138],
            [3, 1, 11, 0.021276595070958138],
            [3, 2, 5, 0.021276595070958138],
            [3, 2, 8, 0.021276595070958138],
            [3, 2, 12, 0.021276595070958138],
            [3, 3, 3, 0.021276595070958138],
            [3, 3, 5, 0.021276595070958138],
            [3, 3, 7, 0.021276595070958138],
            [3, 3, 13, 0.021276595070958138],
            [3, 4, 6, 0.021276595070958138],
            [3, 4, 9, 0.021276595070958138],
            [3, 4, 16, 0.021276595070958138],
            [3, 5, 3, 0.021276595070958138],
            [3, 5, 15, 0.021276595070958138],
            [3, 5, 17, 0.021276595070958138],
            [3, 8, 0, 0.021276595070958138],
            [3, 8, 1, 0.021276595070958138],
            [3, 9, 0, 0.021276595070958138],
            [3, 9, 10, 0.021276595070958138],
            [3, 10, 5, 0.021276595070958138],
            [3, 10, 13, 0.021276595070958138],
            [3, 10, 14, 0.021276595070958138],
            [3, 11, 0, 0.021276595070958138],
            [3, 11, 6, 0.021276595070958138],
            [3, 12, 15, 0.021276595070958138],
            [3, 13, 12, 0.021276595070958138],
            [3, 14, 0, 0.021276595070958138],
            [3, 14, 6, 0.12765957415103912],
            [3, 15, 1, 0.042553190141916275],
            [3, 15, 2, 0.021276595070958138],
            [3, 15, 10, 0.021276595070958138],
            [3, 15, 13, 0.021276595070958138],
            [3, 16, 8, 0.021276595070958138],
            [3, 16, 12, 0.021276595070958138],
            [3, 16, 16, 0.021276595070958138],
            [3, 17, 4, 0.021276595070958138],
            [3, 17, 17, 0.021276595070958138]
        ]
    }
}