{
    "train_f1": 8.131895065307617,
    "train_prob": 20.77422523498535,
    "train_cov": 56.25,
    "valid_f1": 0.0,
    "valid_prob": 0.0,
    "valid_cov": 0.0,
    "len": 168,
    "binary_grammar": {
        "num_nt": 4,
        "num_pt": 14,
        "num_rhs": 324,
        "rule_probs": [
            [0, 0, 17, 0.02222222276031971],
            [0, 1, 4, 0.02222222276031971],
            [0, 1, 5, 0.02222222276031971],
            [0, 1, 11, 0.04444444552063942],
            [0, 3, 3, 0.02222222276031971],
            [0, 3, 12, 0.02222222276031971],
            [0, 3, 13, 0.02222222276031971],
            [0, 4, 3, 0.04444444552063942],
            [0, 4, 6, 0.02222222276031971],
            [0, 4, 8, 0.02222222276031971],
            [0, 5, 2, 0.02222222276031971],
            [0, 5, 6, 0.02222222276031971],
            [0, 5, 7, 0.02222222276031971],
            [0, 5, 14, 0.02222222276031971],
            [0, 6, 8, 0.02222222276031971],
            [0, 6, 9, 0.02222222276031971],
            [0, 7, 2, 0.02222222276031971],
            [0, 7, 12, 0.02222222276031971],
            [0, 8, 5, 0.02222222276031971],
            [0, 8, 7, 0.02222222276031971],
            [0, 9, 1, 0.02222222276031971],
            [0, 9, 5, 0.02222222276031971],
            [0, 10, 0, 0.02222222276031971],
            [0, 10, 9, 0.04444444552063942],
            [0, 11, 1, 0.02222222276031971],
            [0, 11, 17, 0.02222222276031971],
            [0, 12, 0, 0.02222222276031971],
            [0, 12, 9, 0.04444444552063942],
            [0, 12, 10, 0.02222222276031971],
            [0, 13, 1, 0.02222222276031971],
            [0, 13, 11, 0.02222222276031971],
            [0, 13, 12, 0.02222222276031971],
            [0, 14, 5, 0.02222222276031971],
            [0, 14, 13, 0.02222222276031971],
            [0, 14, 15, 0.02222222276031971],
            [0, 16, 0, 0.02222222276031971],
            [0, 16, 3, 0.02222222276031971],
            [0, 16, 10, 0.02222222276031971],
            [0, 17, 5, 0.04444444552063942],
            [0, 17, 16, 0.02222222276031971],
            [1, 0, 11, 0.025641025975346565],
            [1, 1, 2, 0.025641025975346565],
            [1, 1, 12, 0.025641025975346565],
            [1, 2, 11, 0.025641025975346565],
            [1, 4, 5, 0.025641025975346565],
            [1, 4, 6, 0.025641025975346565],
            [1, 5, 12, 0.025641025975346565],
            [1, 5, 16, 0.025641025975346565],
            [1, 5, 17, 0.025641025975346565],
            [1, 6, 15, 0.025641025975346565],
            [1, 7, 1, 0.025641025975346565],
            [1, 7, 7, 0.05128205195069313],
            [1, 7, 10, 0.025641025975346565],
            [1, 8, 2, 0.05128205195069313],
            [1, 8, 16, 0.05128205195069313],
            [1, 9, 2, 0.025641025975346565],
            [1, 9, 16, 0.07692307978868484],
            [1, 10, 1, 0.025641025975346565],
            [1, 10, 2, 0.025641025975346565],
            [1, 11, 4, 0.025641025975346565],
            [1, 11, 7, 0.025641025975346565],
            [1, 11, 15, 0.025641025975346565],
            [1, 12, 9, 0.025641025975346565],
            [1, 12, 10, 0.025641025975346565],
            [1, 13, 2, 0.025641025975346565],
            [1, 13, 12, 0.025641025975346565],
            [1, 15, 3, 0.025641025975346565],
            [1, 15, 9, 0.025641025975346565],
            [1, 16, 0, 0.05128205195069313],
            [1, 16, 1, 0.025641025975346565],
            [1, 16, 3, 0.025641025975346565],
            [1, 16, 15, 0.025641025975346565],
            [1, 17, 16, 0.025641025975346565],
            [2, 0, 1, 0.015625],
            [2, 0, 2, 0.015625],
            [2, 0, 13, 0.015625],
            [2, 0, 16, 0.015625],
            [2, 0, 17, 0.015625],
            [2, 1, 6, 0.015625],
            [2, 1, 10, 0.03125],
            [2, 1, 15, 0.015625],
            [2, 1, 17, 0.015625],
            [2, 2, 7, 0.015625],
            [2, 2, 14, 0.015625],
            [2, 3, 1, 0.015625],
            [2, 4, 11, 0.015625],
            [2, 5, 11, 0.015625],
            [2, 5, 12, 0.015625],
            [2, 5, 13, 0.03125],
            [2, 5, 17, 0.015625],
            [2, 6, 10, 0.015625],
            [2, 6, 11, 0.015625],
            [2, 6, 14, 0.015625],
            [2, 6, 16, 0.03125],
            [2, 7, 4, 0.046875],
            [2, 7, 6, 0.015625],
            [2, 8, 0, 0.015625],
            [2, 8, 5, 0.03125],
            [2, 8, 7, 0.015625],
            [2, 9, 1, 0.015625],
            [2, 9, 3, 0.015625],
            [2, 9, 9, 0.03125],
            [2, 9, 16, 0.015625],
            [2, 10, 9, 0.015625],
            [2, 11, 7, 0.015625],
            [2, 11, 12, 0.015625],
            [2, 12, 6, 0.015625],
            [2, 12, 9, 0.015625],
            [2, 12, 17, 0.078125],
            [2, 13, 7, 0.015625],
            [2, 13, 11, 0.015625],
            [2, 13, 15, 0.015625],
            [2, 14, 2, 0.015625],
            [2, 14, 3, 0.015625],
            [2, 14, 7, 0.015625],
            [2, 14, 11, 0.015625],
            [2, 14, 13, 0.015625],
            [2, 15, 1, 0.015625],
            [2, 15, 17, 0.015625],
            [2, 16, 3, 0.015625],
            [2, 16, 16, 0.015625],
            [2, 17, 2, 0.03125],
            [2, 17, 12, 0.03125],
            [2, 17, 17, 0.015625],
            [3, 0, 2, 0.01923076994717121],
            [3, 0, 13, 0.01923076994717121],
            [3, 1, 6, 0.01923076994717121],
            [3, 2, 4, 0.01923076994717121],
            [3, 2, 10, 0.01923076994717121],
            [3, 2, 14, 0.01923076994717121],
            [3, 3, 1, 0.01923076994717121],
            [3, 3, 3, 0.03846153989434242],
            [3, 3, 5, 0.01923076994717121],
            [3, 4, 1, 0.01923076994717121],
            [3, 4, 8, 0.03846153989434242],
            [3, 4, 12, 0.01923076994717121],
            [3, 5, 0, 0.01923076994717121],
            [3, 5, 7, 0.01923076994717121],
            [3, 5, 13, 0.01923076994717121],
            [3, 5, 17, 0.01923076994717121],
            [3, 6, 4, 0.01923076994717121],
            [3, 7, 2, 0.01923076994717121],
            [3, 7, 17, 0.01923076994717121],
            [3, 8, 11, 0.01923076994717121],
            [3, 9, 3, 0.057692307978868484],
            [3, 10, 0, 0.01923076994717121],
            [3, 10, 13, 0.01923076994717121],
            [3, 11, 12, 0.03846153989434242],
            [3, 12, 0, 0.01923076994717121],
            [3, 12, 4, 0.01923076994717121],
            [3, 12, 8, 0.01923076994717121],
            [3, 12, 11, 0.01923076994717121],
            [3, 13, 13, 0.01923076994717121],
            [3, 13, 14, 0.01923076994717121],
            [3, 14, 0, 0.03846153989434242],
            [3, 14, 2, 0.01923076994717121],
            [3, 14, 6, 0.01923076994717121],
            [3, 14, 15, 0.01923076994717121],
            [3, 15, 0, 0.01923076994717121],
            [3, 15, 1, 0.01923076994717121],
            [3, 15, 12, 0.01923076994717121],
            [3, 16, 0, 0.01923076994717121],
            [3, 16, 3, 0.01923076994717121],
            [3, 16, 13, 0.01923076994717121],
            [3, 17, 4, 0.057692307978868484],
            [3, 17, 11, 0.01923076994717121],
            [3, 17, 12, 0.01923076994717121],
            [3, 17, 13, 0.01923076994717121]
        ]
    }
}