{
    "train_f1": 10.793434143066406,
    "train_prob": 37.383819580078125,
    "train_cov": 81.25,
    "valid_f1": 0.0,
    "valid_prob": 0.0,
    "valid_cov": 0.0,
    "len": 168,
    "binary_grammar": {
        "num_nt": 4,
        "num_pt": 14,
        "num_rhs": 324,
        "rule_probs": [
            [0, 0, 1, 0.017241379246115685],
            [0, 0, 9, 0.017241379246115685],
            [0, 1, 4, 0.03448275849223137],
            [0, 1, 9, 0.017241379246115685],
            [0, 1, 11, 0.017241379246115685],
            [0, 1, 16, 0.017241379246115685],
            [0, 2, 1, 0.017241379246115685],
            [0, 2, 8, 0.03448275849223137],
            [0, 2, 9, 0.017241379246115685],
            [0, 2, 10, 0.017241379246115685],
            [0, 3, 0, 0.017241379246115685],
            [0, 3, 2, 0.03448275849223137],
            [0, 3, 3, 0.017241379246115685],
            [0, 3, 4, 0.017241379246115685],
            [0, 4, 3, 0.017241379246115685],
            [0, 4, 5, 0.017241379246115685],
            [0, 4, 6, 0.017241379246115685],
            [0, 4, 9, 0.03448275849223137],
            [0, 4, 14, 0.017241379246115685],
            [0, 4, 16, 0.017241379246115685],
            [0, 5, 0, 0.017241379246115685],
            [0, 5, 16, 0.017241379246115685],
            [0, 6, 4, 0.03448275849223137],
            [0, 6, 7, 0.0517241396009922],
            [0, 6, 9, 0.017241379246115685],
            [0, 6, 11, 0.017241379246115685],
            [0, 7, 1, 0.017241379246115685],
            [0, 7, 5, 0.017241379246115685],
            [0, 7, 13, 0.017241379246115685],
            [0, 7, 16, 0.017241379246115685],
            [0, 8, 5, 0.03448275849223137],
            [0, 9, 4, 0.017241379246115685],
            [0, 9, 10, 0.017241379246115685],
            [0, 9, 14, 0.017241379246115685],
            [0, 10, 0, 0.017241379246115685],
            [0, 10, 9, 0.017241379246115685],
            [0, 10, 17, 0.017241379246115685],
            [0, 11, 0, 0.017241379246115685],
            [0, 11, 4, 0.017241379246115685],
            [0, 11, 7, 0.017241379246115685],
            [0, 11, 14, 0.017241379246115685],
            [0, 12, 11, 0.017241379246115685],
            [0, 13, 13, 0.017241379246115685],
            [0, 14, 1, 0.017241379246115685],
            [0, 14, 7, 0.017241379246115685],
            [0, 14, 11, 0.03448275849223137],
            [0, 15, 3, 0.017241379246115685],
            [0, 15, 8, 0.017241379246115685],
            [0, 16, 9, 0.017241379246115685],
            [1, 0, 1, 0.02380952425301075],
            [1, 0, 15, 0.02380952425301075],
            [1, 1, 0, 0.02380952425301075],
            [1, 1, 15, 0.02380952425301075],
            [1, 1, 17, 0.02380952425301075],
            [1, 3, 1, 0.02380952425301075],
            [1, 3, 15, 0.02380952425301075],
            [1, 4, 13, 0.02380952425301075],
            [1, 4, 16, 0.02380952425301075],
            [1, 5, 10, 0.02380952425301075],
            [1, 5, 15, 0.02380952425301075],
            [1, 6, 4, 0.02380952425301075],
            [1, 6, 6, 0.0476190485060215],
            [1, 6, 8, 0.02380952425301075],
            [1, 6, 10, 0.02380952425301075],
            [1, 6, 16, 0.02380952425301075],
            [1, 7, 7, 0.0476190485060215],
            [1, 7, 16, 0.02380952425301075],
            [1, 8, 16, 0.02380952425301075],
            [1, 9, 6, 0.02380952425301075],
            [1, 9, 16, 0.02380952425301075],
            [1, 9, 17, 0.02380952425301075],
            [1, 10, 4, 0.02380952425301075],
            [1, 10, 17, 0.02380952425301075],
            [1, 11, 0, 0.02380952425301075],
            [1, 11, 5, 0.02380952425301075],
            [1, 11, 11, 0.02380952425301075],
            [1, 12, 7, 0.02380952425301075],
            [1, 12, 9, 0.0714285746216774],
            [1, 13, 2, 0.02380952425301075],
            [1, 13, 9, 0.02380952425301075],
            [1, 14, 3, 0.02380952425301075],
            [1, 14, 10, 0.0476190485060215],
            [1, 15, 2, 0.02380952425301075],
            [1, 15, 17, 0.02380952425301075],
            [1, 16, 12, 0.02380952425301075],
            [1, 17, 5, 0.02380952425301075],
            [2, 0, 9, 0.01785714365541935],
            [2, 0, 12, 0.01785714365541935],
            [2, 0, 16, 0.0535714291036129],
            [2, 3, 1, 0.01785714365541935],
            [2, 3, 3, 0.01785714365541935],
            [2, 3, 8, 0.01785714365541935],
            [2, 3, 10, 0.01785714365541935],
            [2, 3, 13, 0.01785714365541935],
            [2, 3, 14, 0.01785714365541935],
            [2, 4, 3, 0.01785714365541935],
            [2, 4, 9, 0.01785714365541935],
            [2, 4, 13, 0.01785714365541935],
            [2, 5, 2, 0.01785714365541935],
            [2, 5, 10, 0.01785714365541935],
            [2, 6, 5, 0.01785714365541935],
            [2, 6, 11, 0.01785714365541935],
            [2, 7, 4, 0.0357142873108387],
            [2, 7, 10, 0.01785714365541935],
            [2, 7, 12, 0.01785714365541935],
            [2, 7, 15, 0.01785714365541935],
            [2, 8, 2, 0.01785714365541935],
            [2, 8, 3, 0.01785714365541935],
            [2, 8, 4, 0.0535714291036129],
            [2, 8, 5, 0.0357142873108387],
            [2, 8, 7, 0.01785714365541935],
            [2, 8, 11, 0.0535714291036129],
            [2, 8, 16, 0.01785714365541935],
            [2, 9, 3, 0.01785714365541935],
            [2, 10, 0, 0.01785714365541935],
            [2, 10, 4, 0.01785714365541935],
            [2, 11, 0, 0.01785714365541935],
            [2, 12, 4, 0.01785714365541935],
            [2, 12, 17, 0.0714285746216774],
            [2, 13, 7, 0.01785714365541935],
            [2, 13, 10, 0.01785714365541935],
            [2, 13, 11, 0.01785714365541935],
            [2, 14, 7, 0.0357142873108387],
            [2, 14, 14, 0.01785714365541935],
            [2, 14, 16, 0.01785714365541935],
            [2, 15, 6, 0.01785714365541935],
            [2, 15, 8, 0.01785714365541935],
            [2, 15, 16, 0.01785714365541935],
            [2, 17, 2, 0.01785714365541935],
            [2, 17, 3, 0.01785714365541935],
            [3, 0, 2, 0.04545454680919647],
            [3, 0, 10, 0.04545454680919647],
            [3, 0, 12, 0.022727273404598236],
            [3, 1, 2, 0.022727273404598236],
            [3, 1, 11, 0.06818182021379471],
            [3, 2, 13, 0.022727273404598236],
            [3, 2, 14, 0.022727273404598236],
            [3, 3, 0, 0.022727273404598236],
            [3, 3, 3, 0.04545454680919647],
            [3, 3, 7, 0.022727273404598236],
            [3, 4, 2, 0.022727273404598236],
            [3, 4, 14, 0.022727273404598236],
            [3, 4, 16, 0.022727273404598236],
            [3, 5, 13, 0.022727273404598236],
            [3, 5, 14, 0.022727273404598236],
            [3, 6, 0, 0.022727273404598236],
            [3, 6, 2, 0.022727273404598236],
            [3, 6, 4, 0.022727273404598236],
            [3, 6, 9, 0.022727273404598236],
            [3, 7, 8, 0.022727273404598236],
            [3, 7, 9, 0.022727273404598236],
            [3, 8, 15, 0.022727273404598236],
            [3, 9, 2, 0.022727273404598236],
            [3, 9, 3, 0.04545454680919647],
            [3, 9, 6, 0.022727273404598236],
            [3, 11, 14, 0.022727273404598236],
            [3, 11, 16, 0.022727273404598236],
            [3, 11, 17, 0.022727273404598236],
            [3, 12, 4, 0.022727273404598236],
            [3, 13, 11, 0.022727273404598236],
            [3, 14, 17, 0.022727273404598236],
            [3, 15, 7, 0.022727273404598236],
            [3, 16, 8, 0.022727273404598236],
            [3, 16, 11, 0.022727273404598236],
            [3, 16, 13, 0.022727273404598236],
            [3, 16, 16, 0.022727273404598236],
            [3, 17, 4, 0.022727273404598236],
            [3, 17, 5, 0.022727273404598236]
        ]
    }
}