{
    "train_f1": 14.793073654174805,
    "train_prob": 37.11867141723633,
    "train_cov": 100.0,
    "valid_f1": 0.0,
    "valid_prob": 0.0,
    "valid_cov": 0.0,
    "len": 163,
    "binary_grammar": {
        "num_nt": 4,
        "num_pt": 14,
        "num_rhs": 324,
        "rule_probs": [
            [0, 0, 0, 0.02222222276031971],
            [0, 1, 3, 0.02222222276031971],
            [0, 2, 3, 0.04444444552063942],
            [0, 2, 5, 0.02222222276031971],
            [0, 2, 8, 0.04444444552063942],
            [0, 3, 1, 0.02222222276031971],
            [0, 3, 3, 0.02222222276031971],
            [0, 3, 6, 0.02222222276031971],
            [0, 4, 4, 0.02222222276031971],
            [0, 4, 8, 0.02222222276031971],
            [0, 4, 9, 0.02222222276031971],
            [0, 4, 12, 0.02222222276031971],
            [0, 4, 14, 0.02222222276031971],
            [0, 5, 9, 0.02222222276031971],
            [0, 5, 10, 0.02222222276031971],
            [0, 6, 2, 0.02222222276031971],
            [0, 6, 3, 0.02222222276031971],
            [0, 6, 9, 0.04444444552063942],
            [0, 6, 13, 0.02222222276031971],
            [0, 7, 11, 0.04444444552063942],
            [0, 7, 12, 0.02222222276031971],
            [0, 8, 5, 0.04444444552063942],
            [0, 8, 7, 0.02222222276031971],
            [0, 8, 12, 0.02222222276031971],
            [0, 9, 1, 0.02222222276031971],
            [0, 9, 2, 0.02222222276031971],
            [0, 9, 10, 0.02222222276031971],
            [0, 10, 11, 0.02222222276031971],
            [0, 11, 10, 0.02222222276031971],
            [0, 12, 9, 0.02222222276031971],
            [0, 12, 10, 0.02222222276031971],
            [0, 12, 15, 0.04444444552063942],
            [0, 13, 17, 0.02222222276031971],
            [0, 14, 11, 0.02222222276031971],
            [0, 14, 13, 0.02222222276031971],
            [0, 14, 15, 0.02222222276031971],
            [0, 15, 8, 0.02222222276031971],
            [0, 16, 6, 0.02222222276031971],
            [0, 16, 16, 0.02222222276031971],
            [1, 0, 5, 0.03846153989434242],
            [1, 0, 7, 0.01923076994717121],
            [1, 0, 11, 0.01923076994717121],
            [1, 1, 8, 0.01923076994717121],
            [1, 1, 9, 0.01923076994717121],
            [1, 2, 17, 0.01923076994717121],
            [1, 3, 3, 0.01923076994717121],
            [1, 3, 4, 0.01923076994717121],
            [1, 3, 6, 0.01923076994717121],
            [1, 3, 14, 0.01923076994717121],
            [1, 4, 5, 0.01923076994717121],
            [1, 4, 17, 0.01923076994717121],
            [1, 5, 2, 0.01923076994717121],
            [1, 5, 3, 0.03846153989434242],
            [1, 5, 16, 0.01923076994717121],
            [1, 6, 2, 0.01923076994717121],
            [1, 6, 10, 0.01923076994717121],
            [1, 6, 14, 0.01923076994717121],
            [1, 6, 16, 0.01923076994717121],
            [1, 6, 17, 0.01923076994717121],
            [1, 9, 3, 0.01923076994717121],
            [1, 9, 17, 0.057692307978868484],
            [1, 10, 15, 0.01923076994717121],
            [1, 10, 16, 0.01923076994717121],
            [1, 11, 2, 0.01923076994717121],
            [1, 11, 4, 0.01923076994717121],
            [1, 11, 7, 0.01923076994717121],
            [1, 11, 11, 0.03846153989434242],
            [1, 11, 13, 0.01923076994717121],
            [1, 12, 2, 0.01923076994717121],
            [1, 12, 7, 0.01923076994717121],
            [1, 13, 3, 0.01923076994717121],
            [1, 13, 4, 0.01923076994717121],
            [1, 14, 0, 0.057692307978868484],
            [1, 14, 3, 0.01923076994717121],
            [1, 14, 7, 0.01923076994717121],
            [1, 14, 14, 0.01923076994717121],
            [1, 16, 0, 0.01923076994717121],
            [1, 16, 1, 0.01923076994717121],
            [1, 16, 9, 0.01923076994717121],
            [1, 17, 5, 0.01923076994717121],
            [1, 17, 8, 0.03846153989434242],
            [1, 17, 14, 0.03846153989434242],
            [2, 0, 3, 0.020408162847161293],
            [2, 0, 12, 0.020408162847161293],
            [2, 0, 15, 0.020408162847161293],
            [2, 1, 17, 0.020408162847161293],
            [2, 2, 1, 0.020408162847161293],
            [2, 2, 7, 0.020408162847161293],
            [2, 2, 8, 0.020408162847161293],
            [2, 2, 10, 0.020408162847161293],
            [2, 2, 16, 0.020408162847161293],
            [2, 3, 4, 0.020408162847161293],
            [2, 4, 5, 0.020408162847161293],
            [2, 4, 6, 0.020408162847161293],
            [2, 4, 7, 0.040816325694322586],
            [2, 4, 11, 0.020408162847161293],
            [2, 4, 15, 0.020408162847161293],
            [2, 5, 8, 0.020408162847161293],
            [2, 6, 11, 0.040816325694322586],
            [2, 7, 3, 0.020408162847161293],
            [2, 7, 4, 0.06122449040412903],
            [2, 7, 5, 0.040816325694322586],
            [2, 7, 11, 0.020408162847161293],
            [2, 7, 13, 0.08163265138864517],
            [2, 8, 1, 0.020408162847161293],
            [2, 8, 13, 0.020408162847161293],
            [2, 9, 16, 0.020408162847161293],
            [2, 11, 4, 0.020408162847161293],
            [2, 12, 17, 0.06122449040412903],
            [2, 13, 4, 0.020408162847161293],
            [2, 13, 8, 0.020408162847161293],
            [2, 13, 16, 0.020408162847161293],
            [2, 14, 5, 0.040816325694322586],
            [2, 14, 6, 0.020408162847161293],
            [2, 15, 1, 0.020408162847161293],
            [2, 15, 7, 0.020408162847161293],
            [2, 15, 12, 0.020408162847161293],
            [2, 16, 6, 0.020408162847161293],
            [2, 16, 16, 0.020408162847161293],
            [2, 17, 12, 0.020408162847161293],
            [3, 0, 4, 0.018518518656492233],
            [3, 0, 13, 0.018518518656492233],
            [3, 0, 15, 0.07407407462596893],
            [3, 0, 17, 0.018518518656492233],
            [3, 1, 4, 0.018518518656492233],
            [3, 1, 7, 0.018518518656492233],
            [3, 1, 11, 0.018518518656492233],
            [3, 1, 17, 0.018518518656492233],
            [3, 2, 4, 0.018518518656492233],
            [3, 2, 7, 0.018518518656492233],
            [3, 2, 8, 0.018518518656492233],
            [3, 2, 14, 0.018518518656492233],
            [3, 3, 3, 0.018518518656492233],
            [3, 3, 11, 0.018518518656492233],
            [3, 4, 6, 0.018518518656492233],
            [3, 4, 13, 0.018518518656492233],
            [3, 5, 6, 0.018518518656492233],
            [3, 6, 0, 0.03703703731298447],
            [3, 6, 4, 0.018518518656492233],
            [3, 6, 11, 0.03703703731298447],
            [3, 7, 0, 0.03703703731298447],
            [3, 7, 16, 0.018518518656492233],
            [3, 8, 8, 0.018518518656492233],
            [3, 9, 2, 0.018518518656492233],
            [3, 9, 3, 0.018518518656492233],
            [3, 9, 13, 0.018518518656492233],
            [3, 10, 0, 0.03703703731298447],
            [3, 11, 11, 0.018518518656492233],
            [3, 11, 13, 0.018518518656492233],
            [3, 11, 16, 0.0555555559694767],
            [3, 12, 11, 0.018518518656492233],
            [3, 13, 0, 0.03703703731298447],
            [3, 13, 8, 0.018518518656492233],
            [3, 13, 12, 0.018518518656492233],
            [3, 14, 2, 0.018518518656492233],
            [3, 14, 15, 0.018518518656492233],
            [3, 16, 0, 0.018518518656492233],
            [3, 16, 1, 0.018518518656492233],
            [3, 16, 2, 0.018518518656492233],
            [3, 16, 3, 0.018518518656492233],
            [3, 16, 11, 0.018518518656492233],
            [3, 17, 4, 0.018518518656492233],
            [3, 17, 5, 0.03703703731298447]
        ]
    }
}