{
    "train_f1": 10.049493789672852,
    "train_prob": 10.678848266601562,
    "train_cov": 56.25,
    "valid_f1": 0.0,
    "valid_prob": 0.0,
    "valid_cov": 0.0,
    "len": 161,
    "binary_grammar": {
        "num_nt": 4,
        "num_pt": 14,
        "num_rhs": 324,
        "rule_probs": [
            [0, 0, 0, 0.023255813866853714],
            [0, 0, 13, 0.023255813866853714],
            [0, 2, 1, 0.023255813866853714],
            [0, 2, 3, 0.023255813866853714],
            [0, 3, 1, 0.04651162773370743],
            [0, 3, 6, 0.023255813866853714],
            [0, 4, 0, 0.023255813866853714],
            [0, 5, 5, 0.023255813866853714],
            [0, 6, 4, 0.023255813866853714],
            [0, 6, 9, 0.09302325546741486],
            [0, 6, 11, 0.023255813866853714],
            [0, 6, 14, 0.023255813866853714],
            [0, 6, 16, 0.023255813866853714],
            [0, 7, 1, 0.023255813866853714],
            [0, 9, 3, 0.023255813866853714],
            [0, 9, 6, 0.023255813866853714],
            [0, 9, 8, 0.023255813866853714],
            [0, 9, 15, 0.023255813866853714],
            [0, 10, 0, 0.023255813866853714],
            [0, 10, 4, 0.023255813866853714],
            [0, 12, 4, 0.023255813866853714],
            [0, 12, 15, 0.023255813866853714],
            [0, 13, 0, 0.04651162773370743],
            [0, 13, 17, 0.023255813866853714],
            [0, 14, 1, 0.023255813866853714],
            [0, 14, 5, 0.023255813866853714],
            [0, 14, 9, 0.023255813866853714],
            [0, 14, 12, 0.04651162773370743],
            [0, 15, 2, 0.023255813866853714],
            [0, 15, 5, 0.023255813866853714],
            [0, 15, 14, 0.023255813866853714],
            [0, 15, 17, 0.023255813866853714],
            [0, 16, 4, 0.023255813866853714],
            [0, 16, 7, 0.023255813866853714],
            [0, 16, 14, 0.023255813866853714],
            [0, 16, 16, 0.023255813866853714],
            [0, 17, 1, 0.023255813866853714],
            [1, 0, 2, 0.018518518656492233],
            [1, 0, 10, 0.018518518656492233],
            [1, 1, 17, 0.018518518656492233],
            [1, 3, 1, 0.018518518656492233],
            [1, 3, 6, 0.018518518656492233],
            [1, 3, 12, 0.018518518656492233],
            [1, 3, 13, 0.018518518656492233],
            [1, 4, 5, 0.018518518656492233],
            [1, 4, 17, 0.018518518656492233],
            [1, 5, 3, 0.018518518656492233],
            [1, 5, 16, 0.018518518656492233],
            [1, 6, 5, 0.018518518656492233],
            [1, 6, 12, 0.018518518656492233],
            [1, 7, 2, 0.018518518656492233],
            [1, 7, 5, 0.018518518656492233],
            [1, 7, 7, 0.018518518656492233],
            [1, 7, 17, 0.018518518656492233],
            [1, 8, 1, 0.0555555559694767],
            [1, 8, 11, 0.018518518656492233],
            [1, 8, 16, 0.018518518656492233],
            [1, 8, 17, 0.018518518656492233],
            [1, 9, 2, 0.018518518656492233],
            [1, 9, 5, 0.018518518656492233],
            [1, 9, 15, 0.018518518656492233],
            [1, 9, 17, 0.018518518656492233],
            [1, 10, 5, 0.018518518656492233],
            [1, 10, 9, 0.018518518656492233],
            [1, 10, 17, 0.018518518656492233],
            [1, 11, 4, 0.018518518656492233],
            [1, 11, 6, 0.018518518656492233],
            [1, 11, 7, 0.018518518656492233],
            [1, 12, 9, 0.03703703731298447],
            [1, 14, 0, 0.0555555559694767],
            [1, 14, 15, 0.018518518656492233],
            [1, 15, 4, 0.018518518656492233],
            [1, 15, 9, 0.018518518656492233],
            [1, 15, 13, 0.018518518656492233],
            [1, 16, 0, 0.03703703731298447],
            [1, 16, 5, 0.018518518656492233],
            [1, 16, 12, 0.03703703731298447],
            [1, 16, 15, 0.018518518656492233],
            [1, 17, 1, 0.018518518656492233],
            [1, 17, 8, 0.0555555559694767],
            [1, 17, 9, 0.018518518656492233],
            [1, 17, 10, 0.018518518656492233],
            [2, 0, 2, 0.019607843831181526],
            [2, 0, 16, 0.019607843831181526],
            [2, 1, 6, 0.03921568766236305],
            [2, 1, 15, 0.019607843831181526],
            [2, 1, 17, 0.03921568766236305],
            [2, 3, 1, 0.03921568766236305],
            [2, 3, 4, 0.019607843831181526],
            [2, 3, 5, 0.019607843831181526],
            [2, 3, 8, 0.019607843831181526],
            [2, 3, 10, 0.019607843831181526],
            [2, 3, 14, 0.03921568766236305],
            [2, 3, 17, 0.019607843831181526],
            [2, 4, 8, 0.019607843831181526],
            [2, 5, 3, 0.03921568766236305],
            [2, 5, 11, 0.03921568766236305],
            [2, 6, 1, 0.03921568766236305],
            [2, 6, 11, 0.019607843831181526],
            [2, 7, 1, 0.019607843831181526],
            [2, 7, 4, 0.0784313753247261],
            [2, 7, 5, 0.019607843831181526],
            [2, 7, 13, 0.019607843831181526],
            [2, 8, 0, 0.019607843831181526],
            [2, 8, 4, 0.03921568766236305],
            [2, 8, 5, 0.019607843831181526],
            [2, 9, 9, 0.019607843831181526],
            [2, 9, 12, 0.019607843831181526],
            [2, 10, 5, 0.03921568766236305],
            [2, 11, 0, 0.019607843831181526],
            [2, 11, 6, 0.019607843831181526],
            [2, 12, 10, 0.019607843831181526],
            [2, 12, 17, 0.03921568766236305],
            [2, 13, 7, 0.019607843831181526],
            [2, 14, 1, 0.019607843831181526],
            [2, 14, 7, 0.019607843831181526],
            [2, 15, 5, 0.03921568766236305],
            [2, 16, 6, 0.019607843831181526],
            [2, 17, 8, 0.019607843831181526],
            [3, 0, 2, 0.01923076994717121],
            [3, 0, 4, 0.01923076994717121],
            [3, 0, 9, 0.03846153989434242],
            [3, 0, 10, 0.01923076994717121],
            [3, 0, 15, 0.01923076994717121],
            [3, 1, 2, 0.01923076994717121],
            [3, 1, 5, 0.01923076994717121],
            [3, 2, 6, 0.01923076994717121],
            [3, 2, 13, 0.01923076994717121],
            [3, 2, 14, 0.03846153989434242],
            [3, 3, 5, 0.01923076994717121],
            [3, 4, 7, 0.01923076994717121],
            [3, 4, 12, 0.01923076994717121],
            [3, 4, 13, 0.01923076994717121],
            [3, 5, 3, 0.01923076994717121],
            [3, 5, 5, 0.01923076994717121],
            [3, 5, 16, 0.01923076994717121],
            [3, 6, 2, 0.01923076994717121],
            [3, 6, 4, 0.01923076994717121],
            [3, 6, 10, 0.01923076994717121],
            [3, 6, 13, 0.01923076994717121],
            [3, 6, 16, 0.01923076994717121],
            [3, 9, 1, 0.01923076994717121],
            [3, 9, 12, 0.01923076994717121],
            [3, 9, 15, 0.01923076994717121],
            [3, 10, 6, 0.01923076994717121],
            [3, 10, 9, 0.01923076994717121],
            [3, 10, 11, 0.03846153989434242],
            [3, 11, 11, 0.01923076994717121],
            [3, 11, 16, 0.01923076994717121],
            [3, 11, 17, 0.01923076994717121],
            [3, 13, 0, 0.01923076994717121],
            [3, 13, 11, 0.01923076994717121],
            [3, 14, 2, 0.01923076994717121],
            [3, 14, 6, 0.057692307978868484],
            [3, 14, 8, 0.01923076994717121],
            [3, 15, 14, 0.01923076994717121],
            [3, 16, 0, 0.01923076994717121],
            [3, 16, 2, 0.01923076994717121],
            [3, 16, 8, 0.01923076994717121],
            [3, 16, 11, 0.07692307978868484],
            [3, 17, 9, 0.057692307978868484]
        ]
    }
}