{
    "train_f1": 14.763127326965332,
    "train_prob": 60.15637969970703,
    "train_cov": 100.0,
    "valid_f1": 0.0,
    "valid_prob": 0.0,
    "valid_cov": 0.0,
    "len": 154,
    "binary_grammar": {
        "num_nt": 4,
        "num_pt": 14,
        "num_rhs": 324,
        "rule_probs": [
            [0, 1, 0, 0.023255813866853714],
            [0, 1, 3, 0.06976744532585144],
            [0, 1, 8, 0.023255813866853714],
            [0, 1, 11, 0.06976744532585144],
            [0, 1, 12, 0.023255813866853714],
            [0, 1, 13, 0.023255813866853714],
            [0, 2, 3, 0.023255813866853714],
            [0, 2, 5, 0.023255813866853714],
            [0, 2, 8, 0.04651162773370743],
            [0, 2, 16, 0.023255813866853714],
            [0, 3, 2, 0.023255813866853714],
            [0, 3, 3, 0.06976744532585144],
            [0, 3, 6, 0.023255813866853714],
            [0, 4, 12, 0.023255813866853714],
            [0, 4, 15, 0.023255813866853714],
            [0, 5, 5, 0.023255813866853714],
            [0, 5, 14, 0.023255813866853714],
            [0, 5, 17, 0.023255813866853714],
            [0, 6, 9, 0.11627907305955887],
            [0, 6, 11, 0.023255813866853714],
            [0, 8, 2, 0.023255813866853714],
            [0, 8, 4, 0.023255813866853714],
            [0, 9, 2, 0.023255813866853714],
            [0, 9, 6, 0.023255813866853714],
            [0, 11, 13, 0.023255813866853714],
            [0, 11, 17, 0.023255813866853714],
            [0, 12, 14, 0.023255813866853714],
            [0, 13, 15, 0.023255813866853714],
            [0, 15, 4, 0.023255813866853714],
            [0, 15, 5, 0.023255813866853714],
            [0, 16, 5, 0.023255813866853714],
            [0, 17, 8, 0.023255813866853714],
            [1, 0, 7, 0.03448275849223137],
            [1, 1, 5, 0.017241379246115685],
            [1, 1, 11, 0.017241379246115685],
            [1, 2, 0, 0.0517241396009922],
            [1, 3, 0, 0.017241379246115685],
            [1, 3, 1, 0.03448275849223137],
            [1, 3, 6, 0.017241379246115685],
            [1, 3, 7, 0.017241379246115685],
            [1, 3, 8, 0.03448275849223137],
            [1, 3, 16, 0.017241379246115685],
            [1, 4, 8, 0.017241379246115685],
            [1, 4, 14, 0.017241379246115685],
            [1, 4, 16, 0.017241379246115685],
            [1, 5, 7, 0.017241379246115685],
            [1, 5, 8, 0.017241379246115685],
            [1, 6, 2, 0.017241379246115685],
            [1, 6, 16, 0.017241379246115685],
            [1, 7, 7, 0.03448275849223137],
            [1, 8, 1, 0.06896551698446274],
            [1, 8, 2, 0.017241379246115685],
            [1, 8, 4, 0.017241379246115685],
            [1, 8, 7, 0.017241379246115685],
            [1, 8, 8, 0.017241379246115685],
            [1, 8, 16, 0.03448275849223137],
            [1, 9, 9, 0.017241379246115685],
            [1, 9, 17, 0.017241379246115685],
            [1, 10, 2, 0.017241379246115685],
            [1, 10, 5, 0.017241379246115685],
            [1, 11, 0, 0.017241379246115685],
            [1, 12, 3, 0.017241379246115685],
            [1, 12, 9, 0.03448275849223137],
            [1, 13, 6, 0.017241379246115685],
            [1, 13, 15, 0.03448275849223137],
            [1, 14, 0, 0.017241379246115685],
            [1, 15, 3, 0.017241379246115685],
            [1, 15, 8, 0.017241379246115685],
            [1, 15, 10, 0.017241379246115685],
            [1, 16, 0, 0.03448275849223137],
            [1, 16, 1, 0.017241379246115685],
            [1, 17, 1, 0.03448275849223137],
            [1, 17, 2, 0.017241379246115685],
            [1, 17, 9, 0.017241379246115685],
            [1, 17, 16, 0.03448275849223137],
            [2, 0, 2, 0.01886792480945587],
            [2, 0, 16, 0.01886792480945587],
            [2, 1, 6, 0.03773584961891174],
            [2, 1, 10, 0.01886792480945587],
            [2, 1, 17, 0.01886792480945587],
            [2, 2, 7, 0.01886792480945587],
            [2, 2, 14, 0.01886792480945587],
            [2, 4, 7, 0.01886792480945587],
            [2, 4, 8, 0.01886792480945587],
            [2, 4, 11, 0.01886792480945587],
            [2, 4, 12, 0.01886792480945587],
            [2, 5, 2, 0.01886792480945587],
            [2, 5, 3, 0.01886792480945587],
            [2, 5, 4, 0.01886792480945587],
            [2, 5, 12, 0.01886792480945587],
            [2, 5, 13, 0.01886792480945587],
            [2, 7, 3, 0.01886792480945587],
            [2, 7, 4, 0.03773584961891174],
            [2, 8, 4, 0.03773584961891174],
            [2, 8, 7, 0.01886792480945587],
            [2, 8, 16, 0.01886792480945587],
            [2, 9, 7, 0.01886792480945587],
            [2, 10, 5, 0.01886792480945587],
            [2, 10, 8, 0.01886792480945587],
            [2, 11, 11, 0.01886792480945587],
            [2, 11, 14, 0.01886792480945587],
            [2, 11, 15, 0.03773584961891174],
            [2, 12, 16, 0.01886792480945587],
            [2, 12, 17, 0.03773584961891174],
            [2, 13, 2, 0.01886792480945587],
            [2, 13, 7, 0.03773584961891174],
            [2, 13, 11, 0.01886792480945587],
            [2, 14, 3, 0.03773584961891174],
            [2, 14, 7, 0.056603774428367615],
            [2, 15, 1, 0.01886792480945587],
            [2, 15, 8, 0.01886792480945587],
            [2, 16, 5, 0.01886792480945587],
            [2, 16, 6, 0.03773584961891174],
            [2, 16, 14, 0.03773584961891174],
            [2, 17, 3, 0.03773584961891174],
            [2, 17, 17, 0.01886792480945587],
            [3, 0, 1, 0.021739130839705467],
            [3, 0, 2, 0.021739130839705467],
            [3, 0, 4, 0.021739130839705467],
            [3, 0, 9, 0.021739130839705467],
            [3, 0, 17, 0.021739130839705467],
            [3, 2, 4, 0.021739130839705467],
            [3, 2, 8, 0.021739130839705467],
            [3, 2, 17, 0.021739130839705467],
            [3, 3, 17, 0.021739130839705467],
            [3, 4, 2, 0.021739130839705467],
            [3, 5, 8, 0.021739130839705467],
            [3, 6, 1, 0.021739130839705467],
            [3, 6, 2, 0.021739130839705467],
            [3, 6, 11, 0.06521739065647125],
            [3, 7, 3, 0.021739130839705467],
            [3, 7, 9, 0.021739130839705467],
            [3, 9, 1, 0.021739130839705467],
            [3, 9, 8, 0.021739130839705467],
            [3, 9, 9, 0.021739130839705467],
            [3, 10, 0, 0.021739130839705467],
            [3, 10, 17, 0.021739130839705467],
            [3, 11, 0, 0.043478261679410934],
            [3, 11, 2, 0.021739130839705467],
            [3, 11, 14, 0.021739130839705467],
            [3, 11, 16, 0.06521739065647125],
            [3, 12, 8, 0.021739130839705467],
            [3, 13, 0, 0.021739130839705467],
            [3, 13, 3, 0.021739130839705467],
            [3, 13, 14, 0.021739130839705467],
            [3, 14, 3, 0.021739130839705467],
            [3, 14, 6, 0.043478261679410934],
            [3, 14, 8, 0.021739130839705467],
            [3, 14, 12, 0.021739130839705467],
            [3, 14, 15, 0.021739130839705467],
            [3, 15, 0, 0.021739130839705467],
            [3, 15, 13, 0.021739130839705467],
            [3, 15, 17, 0.021739130839705467],
            [3, 16, 11, 0.06521739065647125]
        ]
    }
}