{
    "train_f1": 2.458461284637451,
    "train_prob": 12.825468063354492,
    "train_cov": 25.0,
    "valid_f1": 0.0,
    "valid_prob": 0.0,
    "valid_cov": 0.0,
    "len": 184,
    "binary_grammar": {
        "num_nt": 4,
        "num_pt": 14,
        "num_rhs": 324,
        "rule_probs": [
            [0, 0, 6, 0.02222222276031971],
            [0, 2, 6, 0.02222222276031971],
            [0, 3, 14, 0.02222222276031971],
            [0, 3, 16, 0.02222222276031971],
            [0, 4, 9, 0.02222222276031971],
            [0, 4, 10, 0.02222222276031971],
            [0, 5, 2, 0.02222222276031971],
            [0, 5, 8, 0.04444444552063942],
            [0, 5, 9, 0.02222222276031971],
            [0, 6, 4, 0.02222222276031971],
            [0, 6, 10, 0.02222222276031971],
            [0, 7, 11, 0.02222222276031971],
            [0, 7, 13, 0.02222222276031971],
            [0, 8, 2, 0.04444444552063942],
            [0, 8, 6, 0.02222222276031971],
            [0, 9, 0, 0.02222222276031971],
            [0, 9, 15, 0.02222222276031971],
            [0, 10, 1, 0.02222222276031971],
            [0, 10, 2, 0.02222222276031971],
            [0, 10, 10, 0.02222222276031971],
            [0, 10, 14, 0.02222222276031971],
            [0, 11, 1, 0.02222222276031971],
            [0, 11, 5, 0.02222222276031971],
            [0, 11, 6, 0.02222222276031971],
            [0, 11, 9, 0.02222222276031971],
            [0, 11, 16, 0.02222222276031971],
            [0, 12, 0, 0.02222222276031971],
            [0, 12, 2, 0.02222222276031971],
            [0, 12, 4, 0.02222222276031971],
            [0, 13, 10, 0.02222222276031971],
            [0, 13, 15, 0.02222222276031971],
            [0, 14, 4, 0.02222222276031971],
            [0, 14, 8, 0.02222222276031971],
            [0, 14, 10, 0.02222222276031971],
            [0, 15, 1, 0.04444444552063942],
            [0, 15, 3, 0.02222222276031971],
            [0, 15, 14, 0.02222222276031971],
            [0, 16, 9, 0.02222222276031971],
            [0, 16, 11, 0.02222222276031971],
            [0, 17, 5, 0.02222222276031971],
            [0, 17, 6, 0.02222222276031971],
            [0, 17, 12, 0.02222222276031971],
            [1, 0, 3, 0.0181818176060915],
            [1, 0, 10, 0.0181818176060915],
            [1, 0, 12, 0.0181818176060915],
            [1, 1, 12, 0.0181818176060915],
            [1, 2, 4, 0.0181818176060915],
            [1, 2, 8, 0.0181818176060915],
            [1, 2, 10, 0.0181818176060915],
            [1, 4, 2, 0.0181818176060915],
            [1, 4, 11, 0.0181818176060915],
            [1, 4, 12, 0.036363635212183],
            [1, 5, 0, 0.0181818176060915],
            [1, 5, 3, 0.036363635212183],
            [1, 5, 4, 0.0181818176060915],
            [1, 5, 11, 0.0181818176060915],
            [1, 5, 14, 0.0181818176060915],
            [1, 6, 3, 0.0181818176060915],
            [1, 6, 4, 0.0181818176060915],
            [1, 6, 7, 0.0181818176060915],
            [1, 6, 17, 0.0181818176060915],
            [1, 7, 4, 0.0181818176060915],
            [1, 7, 8, 0.0181818176060915],
            [1, 7, 10, 0.0181818176060915],
            [1, 7, 17, 0.0181818176060915],
            [1, 8, 1, 0.0181818176060915],
            [1, 8, 13, 0.0181818176060915],
            [1, 8, 14, 0.0181818176060915],
            [1, 9, 0, 0.036363635212183],
            [1, 9, 1, 0.0181818176060915],
            [1, 9, 2, 0.0181818176060915],
            [1, 9, 5, 0.0181818176060915],
            [1, 9, 12, 0.0181818176060915],
            [1, 10, 2, 0.0181818176060915],
            [1, 10, 9, 0.036363635212183],
            [1, 11, 3, 0.0181818176060915],
            [1, 11, 6, 0.0181818176060915],
            [1, 11, 7, 0.0181818176060915],
            [1, 11, 17, 0.0181818176060915],
            [1, 12, 1, 0.0181818176060915],
            [1, 12, 8, 0.0181818176060915],
            [1, 12, 12, 0.0181818176060915],
            [1, 13, 2, 0.0181818176060915],
            [1, 13, 13, 0.0181818176060915],
            [1, 14, 8, 0.036363635212183],
            [1, 14, 13, 0.0181818176060915],
            [1, 14, 17, 0.0181818176060915],
            [1, 15, 5, 0.0181818176060915],
            [1, 16, 14, 0.0181818176060915],
            [1, 17, 9, 0.036363635212183],
            [1, 17, 13, 0.0181818176060915],
            [2, 0, 6, 0.020408162847161293],
            [2, 0, 16, 0.020408162847161293],
            [2, 0, 17, 0.020408162847161293],
            [2, 1, 10, 0.020408162847161293],
            [2, 1, 15, 0.020408162847161293],
            [2, 2, 4, 0.020408162847161293],
            [2, 3, 2, 0.040816325694322586],
            [2, 4, 2, 0.020408162847161293],
            [2, 4, 4, 0.020408162847161293],
            [2, 4, 5, 0.020408162847161293],
            [2, 4, 8, 0.020408162847161293],
            [2, 4, 9, 0.020408162847161293],
            [2, 4, 14, 0.020408162847161293],
            [2, 4, 15, 0.020408162847161293],
            [2, 5, 6, 0.020408162847161293],
            [2, 5, 10, 0.040816325694322586],
            [2, 5, 11, 0.020408162847161293],
            [2, 6, 4, 0.020408162847161293],
            [2, 6, 12, 0.020408162847161293],
            [2, 8, 0, 0.020408162847161293],
            [2, 8, 9, 0.020408162847161293],
            [2, 9, 6, 0.020408162847161293],
            [2, 10, 1, 0.020408162847161293],
            [2, 10, 2, 0.020408162847161293],
            [2, 10, 12, 0.020408162847161293],
            [2, 10, 13, 0.020408162847161293],
            [2, 10, 15, 0.020408162847161293],
            [2, 11, 17, 0.020408162847161293],
            [2, 12, 1, 0.020408162847161293],
            [2, 12, 4, 0.020408162847161293],
            [2, 12, 7, 0.020408162847161293],
            [2, 12, 16, 0.020408162847161293],
            [2, 13, 1, 0.020408162847161293],
            [2, 13, 2, 0.020408162847161293],
            [2, 13, 3, 0.020408162847161293],
            [2, 13, 17, 0.020408162847161293],
            [2, 14, 2, 0.020408162847161293],
            [2, 14, 10, 0.040816325694322586],
            [2, 14, 11, 0.020408162847161293],
            [2, 15, 9, 0.020408162847161293],
            [2, 16, 2, 0.040816325694322586],
            [2, 16, 5, 0.020408162847161293],
            [2, 16, 10, 0.020408162847161293],
            [2, 17, 2, 0.020408162847161293],
            [2, 17, 12, 0.020408162847161293],
            [3, 0, 14, 0.019607843831181526],
            [3, 0, 16, 0.019607843831181526],
            [3, 1, 6, 0.019607843831181526],
            [3, 1, 16, 0.019607843831181526],
            [3, 1, 17, 0.019607843831181526],
            [3, 2, 0, 0.019607843831181526],
            [3, 2, 5, 0.03921568766236305],
            [3, 2, 7, 0.019607843831181526],
            [3, 2, 9, 0.019607843831181526],
            [3, 3, 4, 0.019607843831181526],
            [3, 3, 8, 0.019607843831181526],
            [3, 4, 4, 0.019607843831181526],
            [3, 4, 10, 0.019607843831181526],
            [3, 5, 6, 0.019607843831181526],
            [3, 7, 6, 0.019607843831181526],
            [3, 7, 9, 0.019607843831181526],
            [3, 7, 15, 0.019607843831181526],
            [3, 8, 3, 0.019607843831181526],
            [3, 8, 15, 0.03921568766236305],
            [3, 9, 12, 0.019607843831181526],
            [3, 9, 13, 0.019607843831181526],
            [3, 10, 0, 0.019607843831181526],
            [3, 10, 7, 0.03921568766236305],
            [3, 10, 8, 0.019607843831181526],
            [3, 10, 10, 0.019607843831181526],
            [3, 10, 11, 0.019607843831181526],
            [3, 10, 15, 0.019607843831181526],
            [3, 10, 16, 0.019607843831181526],
            [3, 10, 17, 0.019607843831181526],
            [3, 11, 1, 0.019607843831181526],
            [3, 11, 8, 0.019607843831181526],
            [3, 11, 10, 0.019607843831181526],
            [3, 12, 17, 0.019607843831181526],
            [3, 13, 0, 0.019607843831181526],
            [3, 13, 5, 0.019607843831181526],
