{
    "train_f1": 2.117647171020508,
    "train_prob": 18.22257423400879,
    "train_cov": 31.25,
    "valid_f1": 0.0,
    "valid_prob": 0.0,
    "valid_cov": 0.0,
    "len": 159,
    "binary_grammar": {
        "num_nt": 4,
        "num_pt": 14,
        "num_rhs": 324,
        "rule_probs": [
            [0, 1, 3, 0.13513512909412384],
            [0, 1, 11, 0.0810810774564743],
            [0, 2, 3, 0.027027027681469917],
            [0, 3, 16, 0.027027027681469917],
            [0, 4, 6, 0.027027027681469917],
            [0, 6, 7, 0.027027027681469917],
            [0, 6, 9, 0.13513512909412384],
            [0, 7, 10, 0.027027027681469917],
            [0, 8, 7, 0.027027027681469917],
            [0, 9, 2, 0.054054055362939835],
            [0, 9, 14, 0.027027027681469917],
            [0, 11, 16, 0.027027027681469917],
            [0, 12, 5, 0.027027027681469917],
            [0, 12, 10, 0.027027027681469917],
            [0, 12, 16, 0.027027027681469917],
            [0, 13, 5, 0.027027027681469917],
            [0, 14, 9, 0.027027027681469917],
            [0, 14, 10, 0.027027027681469917],
            [0, 15, 9, 0.027027027681469917],
            [0, 15, 14, 0.027027027681469917],
            [0, 16, 5, 0.027027027681469917],
            [0, 16, 8, 0.027027027681469917],
            [0, 17, 4, 0.054054055362939835],
            [0, 17, 5, 0.027027027681469917],
            [0, 17, 10, 0.027027027681469917],
            [1, 0, 1, 0.01886792480945587],
            [1, 0, 2, 0.01886792480945587],
            [1, 0, 7, 0.01886792480945587],
            [1, 0, 9, 0.01886792480945587],
            [1, 0, 10, 0.01886792480945587],
            [1, 0, 11, 0.01886792480945587],
            [1, 0, 15, 0.01886792480945587],
            [1, 0, 17, 0.01886792480945587],
            [1, 1, 0, 0.01886792480945587],
            [1, 1, 1, 0.01886792480945587],
            [1, 1, 4, 0.01886792480945587],
            [1, 1, 11, 0.01886792480945587],
            [1, 1, 17, 0.01886792480945587],
            [1, 2, 0, 0.056603774428367615],
            [1, 3, 1, 0.01886792480945587],
            [1, 4, 17, 0.01886792480945587],
            [1, 5, 4, 0.01886792480945587],
            [1, 5, 8, 0.01886792480945587],
            [1, 5, 12, 0.01886792480945587],
            [1, 5, 16, 0.01886792480945587],
            [1, 6, 4, 0.01886792480945587],
            [1, 6, 6, 0.01886792480945587],
            [1, 6, 16, 0.01886792480945587],
            [1, 7, 17, 0.01886792480945587],
            [1, 9, 4, 0.01886792480945587],
            [1, 9, 5, 0.01886792480945587],
            [1, 9, 10, 0.01886792480945587],
            [1, 9, 13, 0.03773584961891174],
            [1, 9, 16, 0.01886792480945587],
            [1, 10, 5, 0.01886792480945587],
            [1, 11, 0, 0.01886792480945587],
            [1, 11, 3, 0.01886792480945587],
            [1, 11, 4, 0.01886792480945587],
            [1, 12, 4, 0.01886792480945587],
            [1, 12, 8, 0.01886792480945587],
            [1, 12, 9, 0.07547169923782349],
            [1, 12, 15, 0.01886792480945587],
            [1, 14, 0, 0.01886792480945587],
            [1, 14, 3, 0.03773584961891174],
            [1, 14, 9, 0.01886792480945587],
            [1, 14, 14, 0.01886792480945587],
            [1, 16, 0, 0.03773584961891174],
            [1, 16, 15, 0.01886792480945587],
            [1, 16, 17, 0.01886792480945587],
            [1, 17, 15, 0.01886792480945587],
            [2, 0, 2, 0.01785714365541935],
            [2, 0, 7, 0.01785714365541935],
            [2, 0, 12, 0.01785714365541935],
            [2, 0, 16, 0.01785714365541935],
            [2, 1, 6, 0.01785714365541935],
            [2, 1, 17, 0.01785714365541935],
            [2, 2, 9, 0.01785714365541935],
            [2, 2, 10, 0.01785714365541935],
            [2, 2, 15, 0.01785714365541935],
            [2, 3, 4, 0.01785714365541935],
            [2, 3, 6, 0.01785714365541935],
            [2, 4, 17, 0.01785714365541935],
            [2, 5, 3, 0.01785714365541935],
            [2, 6, 0, 0.01785714365541935],
            [2, 6, 10, 0.01785714365541935],
            [2, 6, 11, 0.0892857164144516],
            [2, 6, 16, 0.01785714365541935],
            [2, 7, 2, 0.01785714365541935],
            [2, 7, 4, 0.0714285746216774],
            [2, 7, 13, 0.01785714365541935],
            [2, 8, 11, 0.01785714365541935],
            [2, 9, 9, 0.0357142873108387],
            [2, 9, 12, 0.01785714365541935],
            [2, 9, 13, 0.0357142873108387],
            [2, 10, 0, 0.01785714365541935],
            [2, 10, 3, 0.01785714365541935],
            [2, 10, 13, 0.01785714365541935],
            [2, 10, 14, 0.01785714365541935],
            [2, 11, 5, 0.01785714365541935],
            [2, 11, 11, 0.01785714365541935],
            [2, 11, 12, 0.01785714365541935],
            [2, 12, 17, 0.0357142873108387],
            [2, 13, 7, 0.0535714291036129],
            [2, 13, 10, 0.01785714365541935],
            [2, 14, 5, 0.0357142873108387],
            [2, 14, 8, 0.01785714365541935],
            [2, 14, 13, 0.01785714365541935],
            [2, 15, 4, 0.01785714365541935],
            [2, 15, 8, 0.01785714365541935],
            [2, 15, 16, 0.01785714365541935],
            [2, 16, 4, 0.01785714365541935],
            [2, 17, 8, 0.01785714365541935],
            [2, 17, 12, 0.01785714365541935],
            [3, 0, 0, 0.018518518656492233],
            [3, 0, 3, 0.018518518656492233],
            [3, 0, 4, 0.018518518656492233],
            [3, 0, 10, 0.1111111119389534],
            [3, 0, 11, 0.018518518656492233],
            [3, 0, 17, 0.018518518656492233],
            [3, 1, 3, 0.018518518656492233],
            [3, 1, 7, 0.018518518656492233],
            [3, 2, 11, 0.018518518656492233],
            [3, 2, 14, 0.018518518656492233],
            [3, 3, 2, 0.03703703731298447],
            [3, 4, 2, 0.018518518656492233],
            [3, 4, 16, 0.018518518656492233],
            [3, 4, 17, 0.018518518656492233],
            [3, 5, 3, 0.018518518656492233],
            [3, 5, 12, 0.03703703731298447],
            [3, 5, 16, 0.018518518656492233],
            [3, 7, 3, 0.018518518656492233],
            [3, 7, 11, 0.018518518656492233],
            [3, 7, 16, 0.018518518656492233],
            [3, 8, 11, 0.018518518656492233],
            [3, 9, 4, 0.018518518656492233],
            [3, 9, 6, 0.018518518656492233],
            [3, 9, 12, 0.018518518656492233],
            [3, 9, 13, 0.018518518656492233],
            [3, 9, 14, 0.018518518656492233],
            [3, 10, 0, 0.018518518656492233],
            [3, 10, 1, 0.018518518656492233],
            [3, 10, 5, 0.03703703731298447],
            [3, 10, 15, 0.018518518656492233],
            [3, 11, 9, 0.018518518656492233],
            [3, 11, 16, 0.018518518656492233],
            [3, 12, 3, 0.018518518656492233],
            [3, 13, 0, 0.018518518656492233],
            [3, 13, 9, 0.018518518656492233],
            [3, 14, 1, 0.018518518656492233],
            [3, 14, 2, 0.018518518656492233],
            [3, 14, 5, 0.018518518656492233],
            [3, 14, 6, 0.018518518656492233],
            [3, 15, 12, 0.018518518656492233],
            [3, 16, 4, 0.018518518656492233],
            [3, 16, 11, 0.018518518656492233],
            [3, 16, 13, 0.018518518656492233],
            [3, 16, 16, 0.018518518656492233],
            [3, 17, 9, 0.018518518656492233],
            [3, 17, 14, 0.018518518656492233]
        ]
    }
}