{
    "train_f1": 4.405459403991699,
    "train_prob": 29.89419937133789,
    "train_cov": 56.25,
    "valid_f1": 0.0,
    "valid_prob": 0.0,
    "valid_cov": 0.0,
    "len": 156,
    "binary_grammar": {
        "num_nt": 4,
        "num_pt": 14,
        "num_rhs": 324,
        "rule_probs": [
            [0, 1, 3, 0.03773584961891174],
            [0, 1, 6, 0.01886792480945587],
            [0, 1, 9, 0.01886792480945587],
            [0, 1, 11, 0.01886792480945587],
            [0, 2, 3, 0.01886792480945587],
            [0, 2, 8, 0.01886792480945587],
            [0, 2, 15, 0.01886792480945587],
            [0, 2, 16, 0.01886792480945587],
            [0, 2, 17, 0.01886792480945587],
            [0, 3, 16, 0.01886792480945587],
            [0, 4, 11, 0.01886792480945587],
            [0, 5, 0, 0.01886792480945587],
            [0, 5, 2, 0.01886792480945587],
            [0, 5, 7, 0.01886792480945587],
            [0, 6, 9, 0.15094339847564697],
            [0, 6, 13, 0.01886792480945587],
            [0, 7, 3, 0.01886792480945587],
            [0, 7, 4, 0.01886792480945587],
            [0, 7, 12, 0.01886792480945587],
            [0, 8, 9, 0.01886792480945587],
            [0, 8, 12, 0.01886792480945587],
            [0, 9, 7, 0.01886792480945587],
            [0, 10, 0, 0.07547169923782349],
            [0, 10, 1, 0.01886792480945587],
            [0, 10, 2, 0.01886792480945587],
            [0, 10, 4, 0.01886792480945587],
            [0, 10, 10, 0.03773584961891174],
            [0, 11, 10, 0.01886792480945587],
            [0, 11, 17, 0.01886792480945587],
            [0, 12, 2, 0.01886792480945587],
            [0, 12, 5, 0.01886792480945587],
            [0, 12, 11, 0.01886792480945587],
            [0, 12, 14, 0.01886792480945587],
            [0, 14, 1, 0.01886792480945587],
            [0, 14, 13, 0.01886792480945587],
            [0, 16, 5, 0.01886792480945587],
            [0, 16, 8, 0.01886792480945587],
            [0, 17, 3, 0.01886792480945587],
            [0, 17, 5, 0.01886792480945587],
            [0, 17, 11, 0.03773584961891174],
            [1, 0, 2, 0.016949152573943138],
            [1, 0, 5, 0.016949152573943138],
            [1, 0, 15, 0.016949152573943138],
            [1, 1, 2, 0.016949152573943138],
            [1, 1, 5, 0.016949152573943138],
            [1, 2, 7, 0.016949152573943138],
            [1, 2, 12, 0.016949152573943138],
            [1, 2, 13, 0.016949152573943138],
            [1, 3, 1, 0.06779661029577255],
            [1, 3, 3, 0.016949152573943138],
            [1, 4, 1, 0.016949152573943138],
            [1, 4, 11, 0.016949152573943138],
            [1, 5, 6, 0.016949152573943138],
            [1, 5, 7, 0.033898305147886276],
            [1, 5, 8, 0.033898305147886276],
            [1, 5, 17, 0.016949152573943138],
            [1, 6, 0, 0.016949152573943138],
            [1, 6, 1, 0.016949152573943138],
            [1, 6, 6, 0.033898305147886276],
            [1, 6, 9, 0.016949152573943138],
            [1, 6, 16, 0.016949152573943138],
            [1, 7, 7, 0.016949152573943138],
            [1, 8, 1, 0.016949152573943138],
            [1, 8, 16, 0.016949152573943138],
            [1, 8, 17, 0.050847455859184265],
            [1, 9, 3, 0.016949152573943138],
            [1, 9, 9, 0.016949152573943138],
            [1, 9, 17, 0.016949152573943138],
            [1, 10, 2, 0.016949152573943138],
            [1, 10, 5, 0.016949152573943138],
            [1, 11, 9, 0.016949152573943138],
            [1, 12, 9, 0.08474576473236084],
            [1, 14, 0, 0.033898305147886276],
            [1, 14, 1, 0.016949152573943138],
            [1, 14, 3, 0.016949152573943138],
            [1, 14, 8, 0.016949152573943138],
            [1, 15, 3, 0.016949152573943138],
            [1, 15, 8, 0.016949152573943138],
            [1, 15, 11, 0.016949152573943138],
            [1, 16, 12, 0.016949152573943138],
            [1, 16, 14, 0.016949152573943138],
            [1, 16, 16, 0.016949152573943138],
            [1, 17, 5, 0.016949152573943138],
            [1, 17, 8, 0.016949152573943138],
            [1, 17, 15, 0.016949152573943138],
            [1, 17, 16, 0.016949152573943138],
            [2, 0, 2, 0.02083333395421505],
            [2, 0, 6, 0.0416666679084301],
            [2, 0, 16, 0.02083333395421505],
            [2, 1, 0, 0.02083333395421505],
            [2, 1, 5, 0.0416666679084301],
            [2, 1, 6, 0.02083333395421505],
            [2, 2, 1, 0.02083333395421505],
            [2, 2, 3, 0.02083333395421505],
            [2, 2, 7, 0.02083333395421505],
            [2, 3, 1, 0.02083333395421505],
            [2, 4, 12, 0.0416666679084301],
            [2, 5, 2, 0.02083333395421505],
            [2, 5, 10, 0.02083333395421505],
            [2, 5, 11, 0.0625],
            [2, 5, 12, 0.0416666679084301],
            [2, 5, 16, 0.02083333395421505],
            [2, 6, 11, 0.02083333395421505],
            [2, 7, 2, 0.02083333395421505],
            [2, 7, 4, 0.02083333395421505],
            [2, 8, 4, 0.02083333395421505],
            [2, 8, 5, 0.02083333395421505],
            [2, 8, 7, 0.02083333395421505],
            [2, 8, 17, 0.02083333395421505],
            [2, 9, 2, 0.02083333395421505],
            [2, 11, 17, 0.02083333395421505],
            [2, 12, 9, 0.02083333395421505],
            [2, 12, 11, 0.02083333395421505],
            [2, 13, 7, 0.125],
            [2, 14, 5, 0.02083333395421505],
            [2, 14, 16, 0.0416666679084301],
            [2, 14, 17, 0.02083333395421505],
            [2, 15, 1, 0.02083333395421505],
            [2, 15, 16, 0.02083333395421505],
            [2, 16, 1, 0.02083333395421505],
            [2, 16, 6, 0.02083333395421505],
            [2, 17, 8, 0.02083333395421505],
            [3, 0, 10, 0.05000000074505806],
            [3, 0, 15, 0.02500000037252903],
            [3, 1, 1, 0.02500000037252903],
            [3, 1, 7, 0.02500000037252903],
            [3, 1, 15, 0.02500000037252903],
            [3, 2, 0, 0.02500000037252903],
            [3, 2, 4, 0.05000000074505806],
            [3, 3, 14, 0.02500000037252903],
            [3, 4, 8, 0.02500000037252903],
            [3, 5, 12, 0.02500000037252903],
            [3, 5, 15, 0.02500000037252903],
            [3, 5, 16, 0.02500000037252903],
            [3, 6, 15, 0.02500000037252903],
            [3, 6, 16, 0.02500000037252903],
            [3, 7, 5, 0.02500000037252903],
            [3, 9, 6, 0.02500000037252903],
            [3, 10, 0, 0.02500000037252903],
            [3, 10, 5, 0.02500000037252903],
            [3, 11, 0, 0.02500000037252903],
            [3, 11, 4, 0.02500000037252903],
            [3, 11, 6, 0.02500000037252903],
            [3, 11, 16, 0.02500000037252903],
            [3, 12, 9, 0.02500000037252903],
            [3, 12, 10, 0.02500000037252903],
            [3, 12, 16, 0.02500000037252903],
            [3, 12, 17, 0.02500000037252903],
            [3, 13, 11, 0.02500000037252903],
            [3, 14, 1, 0.02500000037252903],
            [3, 14, 7, 0.02500000037252903],
            [3, 15, 3, 0.02500000037252903],
            [3, 16, 1, 0.02500000037252903],
            [3, 16, 11, 0.125],
            [3, 17, 4, 0.02500000037252903],
            [3, 17, 9, 0.02500000037252903]
        ]
    }
}