{
    "train_f1": 19.379138946533203,
    "train_prob": 64.20719909667969,
    "train_cov": 93.75,
    "valid_f1": 0.0,
    "valid_prob": 0.0,
    "valid_cov": 0.0,
    "len": 151,
    "binary_grammar": {
        "num_nt": 4,
        "num_pt": 14,
        "num_rhs": 324,
        "rule_probs": [
            [0, 0, 0, 0.02985074557363987],
            [0, 0, 1, 0.014925372786819935],
            [0, 0, 5, 0.014925372786819935],
            [0, 1, 3, 0.04477611929178238],
            [0, 1, 9, 0.014925372786819935],
            [0, 1, 11, 0.05970149114727974],
            [0, 1, 15, 0.014925372786819935],
            [0, 1, 17, 0.014925372786819935],
            [0, 2, 1, 0.014925372786819935],
            [0, 2, 3, 0.02985074557363987],
            [0, 2, 8, 0.02985074557363987],
            [0, 3, 5, 0.014925372786819935],
            [0, 3, 6, 0.02985074557363987],
            [0, 3, 14, 0.014925372786819935],
            [0, 4, 8, 0.05970149114727974],
            [0, 5, 5, 0.014925372786819935],
            [0, 5, 13, 0.014925372786819935],
            [0, 6, 4, 0.02985074557363987],
            [0, 6, 7, 0.04477611929178238],
            [0, 6, 9, 0.04477611929178238],
            [0, 6, 11, 0.014925372786819935],
            [0, 7, 1, 0.014925372786819935],
            [0, 7, 15, 0.014925372786819935],
            [0, 9, 0, 0.014925372786819935],
            [0, 9, 5, 0.014925372786819935],
            [0, 10, 0, 0.02985074557363987],
            [0, 10, 10, 0.014925372786819935],
            [0, 10, 14, 0.014925372786819935],
            [0, 11, 8, 0.014925372786819935],
            [0, 11, 15, 0.014925372786819935],
            [0, 12, 0, 0.014925372786819935],
            [0, 12, 1, 0.014925372786819935],
            [0, 12, 10, 0.014925372786819935],
            [0, 12, 11, 0.014925372786819935],
            [0, 12, 14, 0.014925372786819935],
            [0, 13, 2, 0.014925372786819935],
            [0, 13, 10, 0.014925372786819935],
            [0, 15, 0, 0.014925372786819935],
            [0, 15, 4, 0.014925372786819935],
            [0, 15, 5, 0.02985074557363987],
            [0, 15, 9, 0.014925372786819935],
            [0, 15, 17, 0.02985074557363987],
            [0, 16, 5, 0.02985074557363987],
            [0, 17, 6, 0.014925372786819935],
            [0, 17, 11, 0.014925372786819935],
            [0, 17, 15, 0.014925372786819935],
            [1, 0, 2, 0.01923076994717121],
            [1, 0, 15, 0.03846153989434242],
            [1, 1, 1, 0.01923076994717121],
            [1, 1, 2, 0.03846153989434242],
            [1, 1, 8, 0.01923076994717121],
            [1, 2, 7, 0.01923076994717121],
            [1, 3, 1, 0.01923076994717121],
            [1, 4, 1, 0.01923076994717121],
            [1, 4, 5, 0.01923076994717121],
            [1, 4, 9, 0.01923076994717121],
            [1, 4, 15, 0.01923076994717121],
            [1, 4, 16, 0.01923076994717121],
            [1, 5, 16, 0.01923076994717121],
            [1, 6, 4, 0.01923076994717121],
            [1, 6, 6, 0.03846153989434242],
            [1, 6, 7, 0.01923076994717121],
            [1, 6, 11, 0.03846153989434242],
            [1, 7, 0, 0.01923076994717121],
            [1, 7, 7, 0.07692307978868484],
            [1, 7, 8, 0.01923076994717121],
            [1, 7, 13, 0.01923076994717121],
            [1, 7, 16, 0.01923076994717121],
            [1, 8, 1, 0.01923076994717121],
            [1, 9, 0, 0.01923076994717121],
            [1, 10, 2, 0.03846153989434242],
            [1, 11, 11, 0.01923076994717121],
            [1, 11, 17, 0.03846153989434242],
            [1, 12, 9, 0.07692307978868484],
            [1, 12, 15, 0.01923076994717121],
            [1, 13, 15, 0.01923076994717121],
            [1, 14, 6, 0.01923076994717121],
            [1, 14, 13, 0.01923076994717121],
            [1, 15, 1, 0.03846153989434242],
            [1, 16, 0, 0.01923076994717121],
            [1, 16, 15, 0.03846153989434242],
            [1, 17, 5, 0.03846153989434242],
            [1, 17, 15, 0.01923076994717121],
            [2, 0, 2, 0.025641025975346565],
            [2, 0, 13, 0.025641025975346565],
            [2, 0, 16, 0.05128205195069313],
            [2, 2, 0, 0.025641025975346565],
            [2, 2, 11, 0.025641025975346565],
            [2, 2, 14, 0.025641025975346565],
            [2, 3, 14, 0.025641025975346565],
            [2, 4, 6, 0.025641025975346565],
            [2, 5, 6, 0.025641025975346565],
            [2, 5, 11, 0.025641025975346565],
            [2, 7, 1, 0.025641025975346565],
            [2, 7, 4, 0.05128205195069313],
            [2, 7, 10, 0.025641025975346565],
            [2, 7, 13, 0.05128205195069313],
            [2, 8, 7, 0.025641025975346565],
            [2, 9, 2, 0.025641025975346565],
            [2, 9, 9, 0.025641025975346565],
            [2, 9, 12, 0.025641025975346565],
            [2, 10, 13, 0.05128205195069313],
            [2, 11, 2, 0.025641025975346565],
            [2, 12, 9, 0.025641025975346565],
            [2, 13, 7, 0.10256410390138626],
            [2, 13, 9, 0.025641025975346565],
            [2, 13, 12, 0.025641025975346565],
            [2, 14, 0, 0.025641025975346565],
            [2, 14, 5, 0.025641025975346565],
            [2, 14, 16, 0.025641025975346565],
            [2, 15, 1, 0.025641025975346565],
            [2, 15, 5, 0.05128205195069313],
            [2, 16, 14, 0.025641025975346565],
            [2, 17, 14, 0.025641025975346565],
            [3, 0, 2, 0.02380952425301075],
            [3, 0, 10, 0.02380952425301075],
            [3, 0, 15, 0.02380952425301075],
            [3, 1, 2, 0.02380952425301075],
            [3, 1, 5, 0.02380952425301075],
            [3, 1, 7, 0.02380952425301075],
            [3, 1, 16, 0.02380952425301075],
            [3, 2, 4, 0.0476190485060215],
            [3, 2, 9, 0.02380952425301075],
            [3, 2, 13, 0.02380952425301075],
            [3, 3, 2, 0.02380952425301075],
            [3, 3, 13, 0.02380952425301075],
            [3, 4, 5, 0.02380952425301075],
            [3, 5, 8, 0.02380952425301075],
            [3, 5, 12, 0.0476190485060215],
            [3, 6, 2, 0.02380952425301075],
            [3, 6, 6, 0.02380952425301075],
            [3, 6, 8, 0.02380952425301075],
            [3, 6, 12, 0.02380952425301075],
            [3, 7, 8, 0.02380952425301075],
            [3, 8, 1, 0.0476190485060215],
            [3, 9, 12, 0.0476190485060215],
            [3, 9, 15, 0.02380952425301075],
            [3, 11, 4, 0.02380952425301075],
            [3, 11, 10, 0.02380952425301075],
            [3, 12, 8, 0.02380952425301075],
            [3, 12, 10, 0.02380952425301075],
            [3, 12, 16, 0.02380952425301075],
            [3, 12, 17, 0.02380952425301075],
            [3, 14, 2, 0.02380952425301075],
            [3, 14, 6, 0.02380952425301075],
            [3, 16, 8, 0.02380952425301075],
            [3, 16, 11, 0.0476190485060215],
            [3, 16, 14, 0.02380952425301075],
            [3, 16, 16, 0.02380952425301075],
            [3, 17, 5, 0.02380952425301075],
            [3, 17, 9, 0.02380952425301075]
        ]
    }
}