{
    "train_f1": 11.113643646240234,
    "train_prob": 40.34244918823242,
    "train_cov": 75.0,
    "valid_f1": 10.0,
    "valid_prob": 17.799848556518555,
    "valid_cov": 10.0,
    "len": 165,
    "binary_grammar": {
        "num_nt": 4,
        "num_pt": 14,
        "num_rhs": 324,
        "rule_probs": [
            [0, 0, 0, 0.04444444552063942],
            [0, 0, 12, 0.02222222276031971],
            [0, 1, 0, 0.02222222276031971],
            [0, 1, 3, 0.06666667014360428],
            [0, 1, 4, 0.02222222276031971],
            [0, 1, 11, 0.06666667014360428],
            [0, 1, 16, 0.02222222276031971],
            [0, 2, 3, 0.02222222276031971],
            [0, 2, 15, 0.02222222276031971],
            [0, 2, 17, 0.02222222276031971],
            [0, 3, 2, 0.02222222276031971],
            [0, 3, 3, 0.02222222276031971],
            [0, 3, 17, 0.02222222276031971],
            [0, 4, 0, 0.02222222276031971],
            [0, 4, 7, 0.02222222276031971],
            [0, 5, 5, 0.02222222276031971],
            [0, 5, 7, 0.02222222276031971],
            [0, 5, 16, 0.02222222276031971],
            [0, 6, 9, 0.04444444552063942],
            [0, 7, 7, 0.02222222276031971],
            [0, 8, 12, 0.02222222276031971],
            [0, 9, 4, 0.02222222276031971],
            [0, 9, 7, 0.02222222276031971],
            [0, 9, 11, 0.02222222276031971],
            [0, 10, 17, 0.02222222276031971],
            [0, 11, 1, 0.04444444552063942],
            [0, 11, 4, 0.02222222276031971],
            [0, 11, 10, 0.02222222276031971],
            [0, 11, 17, 0.04444444552063942],
            [0, 12, 11, 0.02222222276031971],
            [0, 14, 14, 0.02222222276031971],
            [0, 15, 10, 0.02222222276031971],
            [0, 15, 16, 0.02222222276031971],
            [0, 16, 7, 0.04444444552063942],
            [0, 17, 6, 0.02222222276031971],
            [0, 17, 11, 0.02222222276031971],
            [1, 0, 10, 0.021739130839705467],
            [1, 0, 15, 0.021739130839705467],
            [1, 1, 1, 0.021739130839705467],
            [1, 3, 1, 0.021739130839705467],
            [1, 3, 8, 0.021739130839705467],
            [1, 4, 13, 0.021739130839705467],
            [1, 4, 16, 0.021739130839705467],
            [1, 5, 4, 0.043478261679410934],
            [1, 5, 7, 0.021739130839705467],
            [1, 5, 16, 0.021739130839705467],
            [1, 6, 6, 0.021739130839705467],
            [1, 6, 8, 0.021739130839705467],
            [1, 6, 14, 0.021739130839705467],
            [1, 8, 6, 0.021739130839705467],
            [1, 8, 16, 0.021739130839705467],
            [1, 9, 6, 0.021739130839705467],
            [1, 9, 17, 0.06521739065647125],
            [1, 10, 2, 0.021739130839705467],
            [1, 10, 3, 0.021739130839705467],
            [1, 11, 4, 0.021739130839705467],
            [1, 11, 7, 0.021739130839705467],
            [1, 11, 11, 0.021739130839705467],
            [1, 11, 16, 0.021739130839705467],
            [1, 12, 1, 0.021739130839705467],
            [1, 12, 6, 0.021739130839705467],
            [1, 12, 9, 0.08695652335882187],
            [1, 12, 11, 0.043478261679410934],
            [1, 13, 12, 0.021739130839705467],
            [1, 14, 0, 0.043478261679410934],
            [1, 14, 3, 0.021739130839705467],
            [1, 14, 9, 0.021739130839705467],
            [1, 14, 15, 0.021739130839705467],
            [1, 15, 10, 0.021739130839705467],
            [1, 15, 11, 0.021739130839705467],
            [1, 16, 0, 0.021739130839705467],
            [1, 16, 8, 0.021739130839705467],
            [1, 16, 14, 0.021739130839705467],
            [1, 17, 17, 0.021739130839705467],
            [2, 0, 0, 0.016129031777381897],
            [2, 0, 2, 0.016129031777381897],
            [2, 0, 6, 0.016129031777381897],
            [2, 0, 16, 0.04838709533214569],
            [2, 1, 16, 0.016129031777381897],
            [2, 2, 7, 0.032258063554763794],
            [2, 3, 1, 0.016129031777381897],
            [2, 3, 5, 0.016129031777381897],
            [2, 3, 10, 0.016129031777381897],
            [2, 3, 14, 0.016129031777381897],
            [2, 3, 17, 0.016129031777381897],
            [2, 5, 2, 0.032258063554763794],
            [2, 5, 11, 0.016129031777381897],
            [2, 5, 12, 0.016129031777381897],
            [2, 6, 4, 0.016129031777381897],
            [2, 6, 11, 0.016129031777381897],
            [2, 7, 4, 0.032258063554763794],
            [2, 7, 10, 0.016129031777381897],
            [2, 7, 11, 0.016129031777381897],
            [2, 7, 13, 0.016129031777381897],
            [2, 7, 15, 0.016129031777381897],
            [2, 8, 2, 0.016129031777381897],
            [2, 8, 4, 0.016129031777381897],
            [2, 8, 11, 0.016129031777381897],
            [2, 8, 13, 0.032258063554763794],
            [2, 8, 15, 0.016129031777381897],
            [2, 9, 3, 0.016129031777381897],
            [2, 9, 9, 0.016129031777381897],
            [2, 9, 11, 0.016129031777381897],
            [2, 10, 8, 0.016129031777381897],
            [2, 10, 14, 0.016129031777381897],
            [2, 11, 6, 0.016129031777381897],
            [2, 12, 4, 0.032258063554763794],
            [2, 12, 7, 0.032258063554763794],
            [2, 12, 9, 0.032258063554763794],
            [2, 12, 12, 0.016129031777381897],
            [2, 12, 16, 0.016129031777381897],
            [2, 12, 17, 0.016129031777381897],
            [2, 13, 3, 0.016129031777381897],
            [2, 13, 4, 0.016129031777381897],
            [2, 13, 7, 0.032258063554763794],
            [2, 13, 8, 0.016129031777381897],
            [2, 13, 10, 0.032258063554763794],
            [2, 13, 15, 0.016129031777381897],
            [2, 14, 4, 0.016129031777381897],
            [2, 14, 5, 0.016129031777381897],
            [2, 14, 16, 0.016129031777381897],
            [2, 15, 7, 0.016129031777381897],
            [2, 15, 14, 0.016129031777381897],
            [2, 16, 6, 0.016129031777381897],
            [2, 16, 7, 0.016129031777381897],
            [3, 0, 17, 0.06382978707551956],
            [3, 1, 2, 0.021276595070958138],
            [3, 1, 7, 0.021276595070958138],
            [3, 1, 14, 0.021276595070958138],
            [3, 1, 16, 0.021276595070958138],
            [3, 2, 6, 0.021276595070958138],
            [3, 2, 14, 0.021276595070958138],
            [3, 3, 7, 0.021276595070958138],
            [3, 3, 11, 0.021276595070958138],
            [3, 4, 6, 0.021276595070958138],
            [3, 5, 4, 0.021276595070958138],
            [3, 5, 8, 0.021276595070958138],
            [3, 5, 16, 0.021276595070958138],
            [3, 6, 1, 0.021276595070958138],
            [3, 6, 10, 0.021276595070958138],
            [3, 6, 17, 0.021276595070958138],
            [3, 7, 7, 0.021276595070958138],
            [3, 7, 10, 0.021276595070958138],
            [3, 7, 13, 0.021276595070958138],
            [3, 7, 15, 0.021276595070958138],
            [3, 9, 4, 0.021276595070958138],
            [3, 9, 12, 0.021276595070958138],
            [3, 9, 16, 0.021276595070958138],
            [3, 10, 9, 0.021276595070958138],
            [3, 10, 11, 0.042553190141916275],
            [3, 11, 9, 0.021276595070958138],
            [3, 11, 17, 0.042553190141916275],
            [3, 12, 0, 0.021276595070958138],
            [3, 12, 10, 0.042553190141916275],
            [3, 12, 12, 0.021276595070958138],
            [3, 13, 0, 0.042553190141916275],
            [3, 14, 1, 0.021276595070958138],
            [3, 14, 3, 0.021276595070958138],
            [3, 14, 6, 0.021276595070958138],
            [3, 14, 11, 0.021276595070958138],
            [3, 14, 13, 0.021276595070958138],
            [3, 16, 8, 0.021276595070958138],
            [3, 16, 11, 0.042553190141916275],
            [3, 16, 13, 0.021276595070958138],
            [3, 17, 9, 0.021276595070958138]
        ]
    }
}