{
    "train_f1": 15.82973575592041,
    "train_prob": 48.72627258300781,
    "train_cov": 81.25,
    "valid_f1": 5.0,
    "valid_prob": 17.871549606323242,
    "valid_cov": 10.0,
    "len": 154,
    "binary_grammar": {
        "num_nt": 4,
        "num_pt": 14,
        "num_rhs": 324,
        "rule_probs": [
            [0, 0, 2, 0.021739130839705467],
            [0, 1, 3, 0.10869564861059189],
            [0, 1, 8, 0.021739130839705467],
            [0, 1, 14, 0.021739130839705467],
            [0, 2, 0, 0.043478261679410934],
            [0, 2, 1, 0.021739130839705467],
            [0, 2, 3, 0.021739130839705467],
            [0, 2, 8, 0.021739130839705467],
            [0, 3, 3, 0.021739130839705467],
            [0, 3, 12, 0.021739130839705467],
            [0, 3, 15, 0.043478261679410934],
            [0, 4, 0, 0.021739130839705467],
            [0, 4, 6, 0.021739130839705467],
            [0, 4, 12, 0.021739130839705467],
            [0, 5, 5, 0.043478261679410934],
            [0, 6, 9, 0.06521739065647125],
            [0, 6, 11, 0.021739130839705467],
            [0, 8, 5, 0.021739130839705467],
            [0, 8, 6, 0.021739130839705467],
            [0, 9, 2, 0.021739130839705467],
            [0, 9, 10, 0.021739130839705467],
            [0, 10, 1, 0.021739130839705467],
            [0, 10, 9, 0.021739130839705467],
            [0, 10, 13, 0.021739130839705467],
            [0, 11, 1, 0.021739130839705467],
            [0, 11, 10, 0.021739130839705467],
            [0, 11, 12, 0.021739130839705467],
            [0, 12, 4, 0.021739130839705467],
            [0, 12, 6, 0.021739130839705467],
            [0, 12, 11, 0.021739130839705467],
            [0, 13, 15, 0.021739130839705467],
            [0, 15, 2, 0.021739130839705467],
            [0, 15, 16, 0.021739130839705467],
            [0, 16, 5, 0.021739130839705467],
            [0, 16, 7, 0.021739130839705467],
            [0, 17, 12, 0.021739130839705467],
            [0, 17, 16, 0.021739130839705467],
            [1, 0, 3, 0.017543859779834747],
            [1, 0, 5, 0.017543859779834747],
            [1, 1, 2, 0.05263157933950424],
            [1, 2, 7, 0.017543859779834747],
            [1, 3, 1, 0.05263157933950424],
            [1, 3, 15, 0.017543859779834747],
            [1, 4, 0, 0.017543859779834747],
            [1, 4, 8, 0.017543859779834747],
            [1, 4, 11, 0.035087719559669495],
            [1, 5, 0, 0.017543859779834747],
            [1, 5, 4, 0.017543859779834747],
            [1, 5, 16, 0.017543859779834747],
            [1, 6, 6, 0.035087719559669495],
            [1, 6, 7, 0.017543859779834747],
            [1, 6, 9, 0.017543859779834747],
            [1, 6, 14, 0.035087719559669495],
            [1, 6, 16, 0.017543859779834747],
            [1, 7, 7, 0.017543859779834747],
            [1, 7, 8, 0.017543859779834747],
            [1, 8, 1, 0.035087719559669495],
            [1, 8, 3, 0.017543859779834747],
            [1, 8, 4, 0.017543859779834747],
            [1, 8, 6, 0.017543859779834747],
            [1, 8, 9, 0.017543859779834747],
            [1, 8, 11, 0.017543859779834747],
            [1, 9, 4, 0.017543859779834747],
            [1, 9, 5, 0.017543859779834747],
            [1, 9, 17, 0.05263157933950424],
            [1, 10, 14, 0.017543859779834747],
            [1, 10, 17, 0.017543859779834747],
            [1, 11, 4, 0.017543859779834747],
            [1, 12, 3, 0.017543859779834747],
            [1, 12, 9, 0.035087719559669495],
            [1, 12, 17, 0.017543859779834747],
            [1, 14, 5, 0.017543859779834747],
            [1, 15, 0, 0.017543859779834747],
            [1, 15, 2, 0.017543859779834747],
            [1, 16, 0, 0.017543859779834747],
            [1, 16, 5, 0.035087719559669495],
            [1, 16, 8, 0.017543859779834747],
            [1, 16, 15, 0.05263157933950424],
            [1, 17, 9, 0.017543859779834747],
            [1, 17, 13, 0.017543859779834747],
            [2, 0, 6, 0.021739130839705467],
            [2, 0, 16, 0.10869564861059189],
            [2, 1, 8, 0.021739130839705467],
            [2, 1, 17, 0.021739130839705467],
            [2, 2, 7, 0.021739130839705467],
            [2, 3, 6, 0.021739130839705467],
            [2, 3, 8, 0.021739130839705467],
            [2, 3, 17, 0.021739130839705467],
            [2, 4, 4, 0.021739130839705467],
            [2, 5, 0, 0.021739130839705467],
            [2, 5, 7, 0.021739130839705467],
            [2, 5, 11, 0.06521739065647125],
            [2, 6, 4, 0.021739130839705467],
            [2, 6, 11, 0.021739130839705467],
            [2, 7, 1, 0.021739130839705467],
            [2, 7, 3, 0.021739130839705467],
            [2, 7, 4, 0.043478261679410934],
            [2, 7, 10, 0.021739130839705467],
            [2, 7, 13, 0.021739130839705467],
            [2, 8, 8, 0.021739130839705467],
            [2, 9, 3, 0.043478261679410934],
            [2, 9, 9, 0.021739130839705467],
            [2, 9, 10, 0.021739130839705467],
            [2, 9, 12, 0.021739130839705467],
            [2, 10, 9, 0.021739130839705467],
            [2, 11, 15, 0.021739130839705467],
            [2, 11, 16, 0.021739130839705467],
            [2, 13, 3, 0.021739130839705467],
            [2, 13, 7, 0.10869564861059189],
            [2, 14, 4, 0.021739130839705467],
            [2, 14, 7, 0.021739130839705467],
            [2, 15, 2, 0.021739130839705467],
            [2, 15, 12, 0.021739130839705467],
            [2, 16, 3, 0.021739130839705467],
            [3, 0, 10, 0.0784313753247261],
            [3, 0, 15, 0.019607843831181526],
            [3, 1, 11, 0.019607843831181526],
            [3, 2, 14, 0.03921568766236305],
            [3, 3, 3, 0.03921568766236305],
            [3, 3, 5, 0.019607843831181526],
            [3, 3, 11, 0.019607843831181526],
            [3, 3, 12, 0.019607843831181526],
            [3, 4, 1, 0.019607843831181526],
            [3, 4, 6, 0.019607843831181526],
            [3, 4, 7, 0.019607843831181526],
            [3, 5, 12, 0.019607843831181526],
            [3, 5, 15, 0.019607843831181526],
            [3, 5, 16, 0.05882352963089943],
            [3, 6, 10, 0.019607843831181526],
            [3, 7, 1, 0.019607843831181526],
            [3, 7, 16, 0.019607843831181526],
            [3, 8, 4, 0.019607843831181526],
            [3, 8, 9, 0.019607843831181526],
            [3, 9, 12, 0.05882352963089943],
            [3, 10, 0, 0.019607843831181526],
            [3, 10, 5, 0.03921568766236305],
            [3, 11, 0, 0.019607843831181526],
            [3, 11, 16, 0.019607843831181526],
            [3, 11, 17, 0.019607843831181526],
            [3, 12, 10, 0.019607843831181526],
            [3, 13, 3, 0.019607843831181526],
            [3, 13, 7, 0.019607843831181526],
            [3, 13, 14, 0.019607843831181526],
            [3, 14, 2, 0.019607843831181526],
            [3, 14, 13, 0.019607843831181526],
            [3, 14, 15, 0.019607843831181526],
            [3, 14, 17, 0.019607843831181526],
            [3, 15, 0, 0.019607843831181526],
            [3, 15, 6, 0.019607843831181526],
            [3, 15, 11, 0.019607843831181526],
            [3, 16, 8, 0.019607843831181526],
            [3, 16, 11, 0.03921568766236305],
            [3, 16, 13, 0.019607843831181526],
            [3, 17, 9, 0.019607843831181526]
        ]
    }
}