{
    "train_f1": 2.0833334922790527,
    "train_prob": 4.813175678253174,
    "train_cov": 6.25,
    "valid_f1": 0.0,
    "valid_prob": 0.0,
    "valid_cov": 0.0,
    "len": 151,
    "binary_grammar": {
        "num_nt": 4,
        "num_pt": 14,
        "num_rhs": 324,
        "rule_probs": [
            [0, 0, 2, 0.02380952425301075],
            [0, 0, 4, 0.02380952425301075],
            [0, 0, 13, 0.02380952425301075],
            [0, 1, 0, 0.0714285746216774],
            [0, 1, 2, 0.02380952425301075],
            [0, 1, 3, 0.0714285746216774],
            [0, 2, 3, 0.0476190485060215],
            [0, 3, 2, 0.02380952425301075],
            [0, 3, 3, 0.02380952425301075],
            [0, 3, 5, 0.02380952425301075],
            [0, 3, 6, 0.02380952425301075],
            [0, 3, 11, 0.02380952425301075],
            [0, 3, 12, 0.02380952425301075],
            [0, 4, 8, 0.0476190485060215],
            [0, 4, 9, 0.02380952425301075],
            [0, 4, 14, 0.02380952425301075],
            [0, 4, 15, 0.02380952425301075],
            [0, 5, 7, 0.02380952425301075],
            [0, 6, 4, 0.0476190485060215],
            [0, 6, 11, 0.02380952425301075],
            [0, 6, 12, 0.02380952425301075],
            [0, 7, 12, 0.02380952425301075],
            [0, 10, 0, 0.02380952425301075],
            [0, 10, 4, 0.0476190485060215],
            [0, 10, 15, 0.02380952425301075],
            [0, 11, 4, 0.0476190485060215],
            [0, 11, 7, 0.02380952425301075],
            [0, 11, 12, 0.02380952425301075],
            [0, 12, 11, 0.095238097012043],
            [0, 13, 0, 0.02380952425301075],
            [1, 0, 7, 0.019999999552965164],
            [1, 0, 15, 0.019999999552965164],
            [1, 1, 0, 0.019999999552965164],
            [1, 1, 1, 0.03999999910593033],
            [1, 1, 2, 0.07999999821186066],
            [1, 2, 2, 0.019999999552965164],
            [1, 2, 7, 0.03999999910593033],
            [1, 2, 10, 0.019999999552965164],
            [1, 3, 1, 0.019999999552965164],
            [1, 3, 3, 0.019999999552965164],
            [1, 3, 6, 0.019999999552965164],
            [1, 5, 4, 0.05999999865889549],
            [1, 5, 8, 0.019999999552965164],
            [1, 5, 12, 0.019999999552965164],
            [1, 6, 9, 0.019999999552965164],
            [1, 6, 14, 0.03999999910593033],
            [1, 8, 1, 0.03999999910593033],
            [1, 8, 9, 0.019999999552965164],
            [1, 8, 15, 0.019999999552965164],
            [1, 8, 17, 0.019999999552965164],
            [1, 9, 5, 0.019999999552965164],
            [1, 9, 6, 0.019999999552965164],
            [1, 9, 17, 0.05999999865889549],
            [1, 10, 4, 0.019999999552965164],
            [1, 11, 2, 0.019999999552965164],
            [1, 12, 9, 0.03999999910593033],
            [1, 13, 3, 0.019999999552965164],
            [1, 13, 10, 0.019999999552965164],
            [1, 14, 0, 0.019999999552965164],
            [1, 14, 3, 0.019999999552965164],
            [1, 14, 7, 0.019999999552965164],
            [1, 15, 4, 0.019999999552965164],
            [1, 15, 16, 0.019999999552965164],
            [1, 16, 0, 0.03999999910593033],
            [1, 16, 5, 0.019999999552965164],
            [1, 17, 2, 0.019999999552965164],
            [1, 17, 5, 0.019999999552965164],
            [2, 0, 3, 0.01666666753590107],
            [2, 0, 4, 0.01666666753590107],
            [2, 0, 9, 0.01666666753590107],
            [2, 0, 16, 0.03333333507180214],
            [2, 1, 4, 0.03333333507180214],
            [2, 1, 5, 0.01666666753590107],
            [2, 2, 15, 0.01666666753590107],
            [2, 3, 9, 0.01666666753590107],
            [2, 3, 10, 0.01666666753590107],
            [2, 3, 14, 0.01666666753590107],
            [2, 3, 15, 0.01666666753590107],
            [2, 5, 3, 0.01666666753590107],
            [2, 5, 10, 0.03333333507180214],
            [2, 5, 11, 0.01666666753590107],
            [2, 5, 12, 0.01666666753590107],
            [2, 6, 0, 0.01666666753590107],
            [2, 6, 11, 0.01666666753590107],
            [2, 7, 0, 0.01666666753590107],
            [2, 7, 2, 0.01666666753590107],
            [2, 7, 10, 0.01666666753590107],
            [2, 7, 13, 0.03333333507180214],
            [2, 7, 16, 0.01666666753590107],
            [2, 9, 12, 0.01666666753590107],
            [2, 9, 16, 0.01666666753590107],
            [2, 10, 10, 0.01666666753590107],
            [2, 11, 2, 0.01666666753590107],
            [2, 11, 11, 0.01666666753590107],
            [2, 12, 8, 0.01666666753590107],
            [2, 12, 9, 0.01666666753590107],
            [2, 13, 3, 0.01666666753590107],
            [2, 13, 7, 0.13333334028720856],
            [2, 13, 8, 0.01666666753590107],
            [2, 13, 9, 0.03333333507180214],
            [2, 14, 3, 0.01666666753590107],
            [2, 14, 5, 0.05000000074505806],
            [2, 14, 7, 0.01666666753590107],
            [2, 15, 5, 0.01666666753590107],
            [2, 15, 8, 0.01666666753590107],
            [2, 15, 13, 0.01666666753590107],
            [2, 16, 14, 0.05000000074505806],
            [2, 17, 0, 0.01666666753590107],
            [2, 17, 4, 0.01666666753590107],
            [2, 17, 8, 0.01666666753590107],
            [2, 17, 9, 0.01666666753590107],
            [3, 0, 9, 0.02083333395421505],
            [3, 0, 14, 0.02083333395421505],
            [3, 0, 17, 0.02083333395421505],
            [3, 1, 14, 0.02083333395421505],
            [3, 2, 6, 0.02083333395421505],
            [3, 2, 9, 0.02083333395421505],
            [3, 2, 14, 0.02083333395421505],
            [3, 3, 3, 0.0416666679084301],
            [3, 3, 5, 0.0416666679084301],
            [3, 4, 2, 0.02083333395421505],
            [3, 4, 6, 0.02083333395421505],
            [3, 4, 9, 0.02083333395421505],
            [3, 4, 10, 0.02083333395421505],
            [3, 5, 10, 0.02083333395421505],
            [3, 5, 12, 0.02083333395421505],
            [3, 5, 15, 0.02083333395421505],
            [3, 5, 16, 0.0416666679084301],
            [3, 6, 6, 0.02083333395421505],
            [3, 6, 16, 0.02083333395421505],
            [3, 9, 4, 0.02083333395421505],
            [3, 9, 8, 0.02083333395421505],
            [3, 9, 9, 0.02083333395421505],
            [3, 9, 14, 0.02083333395421505],
            [3, 10, 1, 0.02083333395421505],
            [3, 11, 4, 0.02083333395421505],
            [3, 11, 17, 0.02083333395421505],
            [3, 12, 1, 0.02083333395421505],
            [3, 12, 8, 0.02083333395421505],
            [3, 12, 10, 0.0416666679084301],
            [3, 12, 12, 0.02083333395421505],
            [3, 12, 14, 0.02083333395421505],
            [3, 13, 0, 0.02083333395421505],
            [3, 13, 3, 0.0416666679084301],
            [3, 13, 14, 0.02083333395421505],
            [3, 14, 6, 0.02083333395421505],
            [3, 14, 15, 0.0416666679084301],
            [3, 14, 17, 0.02083333395421505],
            [3, 17, 5, 0.02083333395421505],
            [3, 17, 8, 0.02083333395421505],
            [3, 17, 9, 0.0625]
        ]
    }
}