{
    "train_f1": 9.01673698425293,
    "train_prob": 28.255264282226562,
    "train_cov": 68.75,
    "valid_f1": 0.0,
    "valid_prob": 0.0,
    "valid_cov": 0.0,
    "len": 153,
    "binary_grammar": {
        "num_nt": 4,
        "num_pt": 14,
        "num_rhs": 324,
        "rule_probs": [
            [0, 0, 2, 0.022727273404598236],
            [0, 1, 3, 0.22727273404598236],
            [0, 1, 11, 0.04545454680919647],
            [0, 1, 12, 0.022727273404598236],
            [0, 2, 8, 0.04545454680919647],
            [0, 2, 11, 0.022727273404598236],
            [0, 3, 2, 0.022727273404598236],
            [0, 4, 6, 0.022727273404598236],
            [0, 4, 12, 0.022727273404598236],
            [0, 5, 5, 0.04545454680919647],
            [0, 5, 16, 0.022727273404598236],
            [0, 6, 9, 0.04545454680919647],
            [0, 7, 2, 0.022727273404598236],
            [0, 8, 0, 0.022727273404598236],
            [0, 8, 6, 0.022727273404598236],
            [0, 10, 4, 0.022727273404598236],
            [0, 10, 6, 0.022727273404598236],
            [0, 11, 4, 0.022727273404598236],
            [0, 11, 12, 0.022727273404598236],
            [0, 12, 4, 0.022727273404598236],
            [0, 12, 10, 0.022727273404598236],
            [0, 12, 11, 0.11363636702299118],
            [0, 13, 14, 0.022727273404598236],
            [0, 15, 5, 0.022727273404598236],
            [0, 15, 17, 0.022727273404598236],
            [0, 17, 4, 0.022727273404598236],
            [0, 17, 5, 0.022727273404598236],
            [1, 0, 2, 0.014925372786819935],
            [1, 0, 5, 0.014925372786819935],
            [1, 0, 17, 0.014925372786819935],
            [1, 1, 1, 0.014925372786819935],
            [1, 1, 2, 0.02985074557363987],
            [1, 1, 10, 0.014925372786819935],
            [1, 2, 7, 0.014925372786819935],
            [1, 2, 17, 0.014925372786819935],
            [1, 3, 1, 0.05970149114727974],
            [1, 3, 10, 0.014925372786819935],
            [1, 3, 11, 0.014925372786819935],
            [1, 4, 11, 0.02985074557363987],
            [1, 4, 13, 0.014925372786819935],
            [1, 4, 15, 0.014925372786819935],
            [1, 5, 4, 0.014925372786819935],
            [1, 5, 16, 0.014925372786819935],
            [1, 6, 0, 0.014925372786819935],
            [1, 6, 2, 0.014925372786819935],
            [1, 6, 6, 0.02985074557363987],
            [1, 6, 14, 0.014925372786819935],
            [1, 7, 3, 0.014925372786819935],
            [1, 7, 8, 0.014925372786819935],
            [1, 7, 14, 0.014925372786819935],
            [1, 8, 1, 0.014925372786819935],
            [1, 8, 3, 0.014925372786819935],
            [1, 8, 4, 0.014925372786819935],
            [1, 8, 6, 0.014925372786819935],
            [1, 8, 17, 0.02985074557363987],
            [1, 9, 4, 0.014925372786819935],
            [1, 9, 6, 0.014925372786819935],
            [1, 9, 12, 0.014925372786819935],
            [1, 9, 17, 0.02985074557363987],
            [1, 10, 1, 0.014925372786819935],
            [1, 10, 5, 0.014925372786819935],
            [1, 10, 17, 0.014925372786819935],
            [1, 11, 7, 0.014925372786819935],
            [1, 11, 10, 0.014925372786819935],
            [1, 11, 16, 0.014925372786819935],
            [1, 14, 0, 0.04477611929178238],
            [1, 14, 2, 0.014925372786819935],
            [1, 14, 5, 0.014925372786819935],
            [1, 14, 6, 0.014925372786819935],
            [1, 14, 15, 0.014925372786819935],
            [1, 15, 4, 0.014925372786819935],
            [1, 15, 7, 0.014925372786819935],
            [1, 15, 10, 0.014925372786819935],
            [1, 16, 0, 0.014925372786819935],
            [1, 16, 14, 0.014925372786819935],
            [1, 16, 15, 0.05970149114727974],
            [1, 17, 8, 0.05970149114727974],
            [1, 17, 10, 0.014925372786819935],
            [2, 0, 2, 0.021739130839705467],
            [2, 0, 12, 0.021739130839705467],
            [2, 0, 14, 0.021739130839705467],
            [2, 0, 15, 0.043478261679410934],
            [2, 0, 16, 0.043478261679410934],
            [2, 1, 17, 0.021739130839705467],
            [2, 2, 9, 0.021739130839705467],
            [2, 5, 11, 0.021739130839705467],
            [2, 5, 17, 0.021739130839705467],
            [2, 6, 11, 0.043478261679410934],
            [2, 6, 17, 0.021739130839705467],
            [2, 7, 3, 0.021739130839705467],
            [2, 7, 4, 0.021739130839705467],
            [2, 7, 13, 0.021739130839705467],
            [2, 8, 1, 0.021739130839705467],
            [2, 8, 17, 0.021739130839705467],
            [2, 9, 7, 0.021739130839705467],
            [2, 10, 4, 0.021739130839705467],
            [2, 12, 7, 0.021739130839705467],
            [2, 12, 8, 0.021739130839705467],
            [2, 13, 2, 0.021739130839705467],
            [2, 13, 7, 0.06521739065647125],
            [2, 13, 8, 0.021739130839705467],
            [2, 13, 9, 0.021739130839705467],
            [2, 13, 10, 0.021739130839705467],
            [2, 14, 1, 0.021739130839705467],
            [2, 14, 5, 0.021739130839705467],
            [2, 15, 1, 0.043478261679410934],
            [2, 15, 7, 0.021739130839705467],
            [2, 15, 8, 0.021739130839705467],
            [2, 16, 0, 0.043478261679410934],
            [2, 16, 2, 0.021739130839705467],
            [2, 16, 3, 0.021739130839705467],
            [2, 16, 6, 0.043478261679410934],
            [2, 16, 8, 0.021739130839705467],
            [2, 16, 12, 0.021739130839705467],
            [2, 16, 14, 0.021739130839705467],
            [2, 17, 8, 0.021739130839705467],
            [3, 0, 9, 0.023255813866853714],
            [3, 0, 17, 0.023255813866853714],
            [3, 1, 2, 0.023255813866853714],
            [3, 1, 15, 0.023255813866853714],
            [3, 2, 7, 0.04651162773370743],
            [3, 2, 9, 0.023255813866853714],
            [3, 2, 14, 0.04651162773370743],
            [3, 3, 3, 0.023255813866853714],
            [3, 3, 12, 0.023255813866853714],
            [3, 4, 2, 0.04651162773370743],
            [3, 5, 4, 0.023255813866853714],
            [3, 6, 0, 0.023255813866853714],
            [3, 6, 4, 0.023255813866853714],
            [3, 6, 5, 0.023255813866853714],
            [3, 7, 3, 0.023255813866853714],
            [3, 8, 8, 0.023255813866853714],
            [3, 9, 12, 0.04651162773370743],
            [3, 9, 14, 0.023255813866853714],
            [3, 9, 15, 0.023255813866853714],
            [3, 10, 8, 0.023255813866853714],
            [3, 10, 15, 0.023255813866853714],
            [3, 11, 0, 0.023255813866853714],
            [3, 11, 4, 0.023255813866853714],
            [3, 11, 9, 0.023255813866853714],
            [3, 11, 11, 0.023255813866853714],
            [3, 11, 16, 0.023255813866853714],
            [3, 11, 17, 0.023255813866853714],
            [3, 13, 1, 0.04651162773370743],
            [3, 13, 14, 0.023255813866853714],
            [3, 14, 1, 0.023255813866853714],
            [3, 14, 11, 0.023255813866853714],
            [3, 15, 2, 0.023255813866853714],
            [3, 15, 17, 0.023255813866853714],
            [3, 16, 7, 0.04651162773370743],
            [3, 16, 11, 0.023255813866853714],
            [3, 17, 4, 0.023255813866853714],
            [3, 17, 14, 0.023255813866853714]
        ]
    }
}