{
    "train_f1": 9.27949333190918,
    "train_prob": 31.916284561157227,
    "train_cov": 62.5,
    "valid_f1": 5.0,
    "valid_prob": 17.8873348236084,
    "valid_cov": 10.0,
    "len": 152,
    "binary_grammar": {
        "num_nt": 4,
        "num_pt": 14,
        "num_rhs": 324,
        "rule_probs": [
            [0, 1, 0, 0.021276595070958138],
            [0, 1, 3, 0.042553190141916275],
            [0, 1, 9, 0.042553190141916275],
            [0, 2, 0, 0.021276595070958138],
            [0, 2, 1, 0.021276595070958138],
            [0, 2, 3, 0.021276595070958138],
            [0, 3, 2, 0.021276595070958138],
            [0, 3, 3, 0.06382978707551956],
            [0, 3, 4, 0.021276595070958138],
            [0, 3, 5, 0.021276595070958138],
            [0, 4, 8, 0.021276595070958138],
            [0, 5, 5, 0.08510638028383255],
            [0, 5, 7, 0.021276595070958138],
            [0, 5, 16, 0.021276595070958138],
            [0, 6, 9, 0.042553190141916275],
            [0, 7, 16, 0.021276595070958138],
            [0, 8, 12, 0.042553190141916275],
            [0, 9, 0, 0.021276595070958138],
            [0, 9, 8, 0.021276595070958138],
            [0, 10, 0, 0.021276595070958138],
            [0, 10, 7, 0.021276595070958138],
            [0, 11, 1, 0.042553190141916275],
            [0, 11, 17, 0.021276595070958138],
            [0, 12, 11, 0.06382978707551956],
            [0, 13, 16, 0.021276595070958138],
            [0, 13, 17, 0.021276595070958138],
            [0, 14, 11, 0.021276595070958138],
            [0, 16, 5, 0.021276595070958138],
            [0, 16, 6, 0.021276595070958138],
            [0, 16, 7, 0.021276595070958138],
            [0, 16, 10, 0.021276595070958138],
            [0, 17, 1, 0.021276595070958138],
            [0, 17, 5, 0.021276595070958138],
            [0, 17, 10, 0.021276595070958138],
            [0, 17, 16, 0.021276595070958138],
            [1, 0, 5, 0.01315789483487606],
            [1, 0, 15, 0.01315789483487606],
            [1, 0, 17, 0.01315789483487606],
            [1, 1, 16, 0.01315789483487606],
            [1, 2, 7, 0.02631578966975212],
            [1, 2, 11, 0.01315789483487606],
            [1, 2, 13, 0.01315789483487606],
            [1, 3, 1, 0.03947368264198303],
            [1, 3, 5, 0.01315789483487606],
            [1, 3, 14, 0.01315789483487606],
            [1, 4, 15, 0.02631578966975212],
            [1, 4, 16, 0.01315789483487606],
            [1, 5, 1, 0.01315789483487606],
            [1, 5, 5, 0.01315789483487606],
            [1, 5, 7, 0.01315789483487606],
            [1, 5, 10, 0.01315789483487606],
            [1, 5, 11, 0.01315789483487606],
            [1, 5, 13, 0.01315789483487606],
            [1, 5, 16, 0.03947368264198303],
            [1, 6, 6, 0.01315789483487606],
            [1, 6, 9, 0.05263157933950424],
            [1, 6, 17, 0.01315789483487606],
            [1, 7, 5, 0.01315789483487606],
            [1, 7, 7, 0.01315789483487606],
            [1, 7, 11, 0.01315789483487606],
            [1, 7, 12, 0.01315789483487606],
            [1, 8, 1, 0.01315789483487606],
            [1, 8, 15, 0.01315789483487606],
            [1, 8, 16, 0.01315789483487606],
            [1, 9, 6, 0.01315789483487606],
            [1, 9, 12, 0.01315789483487606],
            [1, 9, 16, 0.03947368264198303],
            [1, 10, 5, 0.02631578966975212],
            [1, 10, 13, 0.01315789483487606],
            [1, 10, 15, 0.01315789483487606],
            [1, 10, 17, 0.01315789483487606],
            [1, 11, 0, 0.01315789483487606],
            [1, 11, 4, 0.01315789483487606],
            [1, 11, 7, 0.01315789483487606],
            [1, 11, 11, 0.02631578966975212],
            [1, 11, 13, 0.01315789483487606],
            [1, 12, 2, 0.02631578966975212],
            [1, 12, 5, 0.01315789483487606],
            [1, 13, 1, 0.01315789483487606],
            [1, 13, 2, 0.01315789483487606],
            [1, 14, 0, 0.07894736528396606],
            [1, 14, 8, 0.01315789483487606],
            [1, 16, 8, 0.01315789483487606],
            [1, 16, 12, 0.01315789483487606],
            [1, 16, 14, 0.01315789483487606],
            [1, 16, 15, 0.02631578966975212],
            [1, 16, 17, 0.01315789483487606],
            [1, 17, 3, 0.01315789483487606],
            [1, 17, 5, 0.01315789483487606],
            [1, 17, 10, 0.01315789483487606],
            [1, 17, 16, 0.01315789483487606],
            [2, 0, 16, 0.0625],
            [2, 1, 17, 0.03125],
            [2, 2, 7, 0.03125],
            [2, 3, 9, 0.03125],
            [2, 5, 11, 0.03125],
            [2, 6, 11, 0.125],
            [2, 9, 6, 0.03125],
            [2, 10, 13, 0.03125],
            [2, 11, 4, 0.03125],
            [2, 11, 16, 0.03125],
            [2, 12, 3, 0.03125],
            [2, 12, 4, 0.03125],
            [2, 12, 7, 0.03125],
            [2, 12, 12, 0.03125],
            [2, 13, 3, 0.03125],
            [2, 13, 4, 0.03125],
            [2, 13, 10, 0.03125],
            [2, 14, 3, 0.03125],
            [2, 14, 4, 0.0625],
            [2, 14, 7, 0.03125],
            [2, 14, 12, 0.03125],
            [2, 15, 7, 0.0625],
            [2, 15, 9, 0.03125],
            [2, 17, 8, 0.03125],
            [2, 17, 13, 0.03125],
            [2, 17, 14, 0.03125],
            [3, 0, 1, 0.02222222276031971],
            [3, 0, 3, 0.02222222276031971],
            [3, 0, 13, 0.02222222276031971],
            [3, 1, 1, 0.02222222276031971],
            [3, 1, 2, 0.04444444552063942],
            [3, 1, 5, 0.04444444552063942],
            [3, 1, 9, 0.02222222276031971],
            [3, 3, 6, 0.02222222276031971],
            [3, 4, 2, 0.02222222276031971],
            [3, 4, 11, 0.02222222276031971],
            [3, 4, 12, 0.02222222276031971],
            [3, 5, 12, 0.04444444552063942],
            [3, 5, 14, 0.02222222276031971],
            [3, 6, 0, 0.02222222276031971],
            [3, 6, 9, 0.02222222276031971],
            [3, 6, 12, 0.06666667014360428],
            [3, 7, 0, 0.02222222276031971],
            [3, 10, 0, 0.02222222276031971],
            [3, 10, 1, 0.02222222276031971],
            [3, 10, 4, 0.02222222276031971],
            [3, 11, 11, 0.02222222276031971],
            [3, 11, 16, 0.02222222276031971],
            [3, 12, 8, 0.02222222276031971],
            [3, 12, 9, 0.02222222276031971],
            [3, 12, 10, 0.02222222276031971],
            [3, 12, 14, 0.02222222276031971],
            [3, 13, 0, 0.02222222276031971],
            [3, 13, 4, 0.04444444552063942],
            [3, 13, 14, 0.02222222276031971],
            [3, 14, 6, 0.02222222276031971],
            [3, 14, 15, 0.02222222276031971],
            [3, 16, 11, 0.06666667014360428],
            [3, 16, 13, 0.02222222276031971],
            [3, 16, 16, 0.02222222276031971],
            [3, 17, 9, 0.06666667014360428]
        ]
    }
}