{
    "train_f1": 9.883520126342773,
    "train_prob": 30.285430908203125,
    "train_cov": 62.5,
    "valid_f1": 10.0,
    "valid_prob": 17.8099308013916,
    "valid_cov": 10.0,
    "len": 150,
    "binary_grammar": {
        "num_nt": 4,
        "num_pt": 14,
        "num_rhs": 324,
        "rule_probs": [
            [0, 0, 5, 0.022727273404598236],
            [0, 1, 3, 0.09090909361839294],
            [0, 1, 11, 0.04545454680919647],
            [0, 2, 0, 0.022727273404598236],
            [0, 2, 8, 0.04545454680919647],
            [0, 3, 5, 0.022727273404598236],
            [0, 3, 13, 0.022727273404598236],
            [0, 4, 0, 0.022727273404598236],
            [0, 5, 5, 0.09090909361839294],
            [0, 5, 10, 0.022727273404598236],
            [0, 6, 9, 0.022727273404598236],
            [0, 7, 6, 0.022727273404598236],
            [0, 7, 8, 0.022727273404598236],
            [0, 8, 12, 0.022727273404598236],
            [0, 8, 15, 0.022727273404598236],
            [0, 8, 16, 0.022727273404598236],
            [0, 10, 0, 0.022727273404598236],
            [0, 10, 3, 0.022727273404598236],
            [0, 10, 14, 0.04545454680919647],
            [0, 11, 1, 0.022727273404598236],
            [0, 11, 7, 0.022727273404598236],
            [0, 11, 12, 0.022727273404598236],
            [0, 12, 7, 0.022727273404598236],
            [0, 12, 11, 0.06818182021379471],
            [0, 12, 14, 0.022727273404598236],
            [0, 12, 15, 0.022727273404598236],
            [0, 13, 13, 0.022727273404598236],
            [0, 13, 17, 0.022727273404598236],
            [0, 14, 9, 0.022727273404598236],
            [0, 16, 7, 0.04545454680919647],
            [0, 17, 6, 0.022727273404598236],
            [0, 17, 16, 0.022727273404598236],
            [1, 0, 5, 0.03448275849223137],
            [1, 0, 11, 0.017241379246115685],
            [1, 0, 13, 0.017241379246115685],
            [1, 0, 15, 0.017241379246115685],
            [1, 1, 0, 0.017241379246115685],
            [1, 1, 1, 0.03448275849223137],
            [1, 2, 7, 0.03448275849223137],
            [1, 3, 1, 0.03448275849223137],
            [1, 3, 4, 0.017241379246115685],
            [1, 3, 10, 0.017241379246115685],
            [1, 4, 5, 0.017241379246115685],
            [1, 4, 15, 0.017241379246115685],
            [1, 4, 16, 0.017241379246115685],
            [1, 5, 16, 0.017241379246115685],
            [1, 6, 10, 0.017241379246115685],
            [1, 6, 16, 0.017241379246115685],
            [1, 7, 1, 0.017241379246115685],
            [1, 7, 4, 0.017241379246115685],
            [1, 7, 7, 0.0517241396009922],
            [1, 8, 1, 0.03448275849223137],
            [1, 8, 4, 0.03448275849223137],
            [1, 9, 4, 0.03448275849223137],
            [1, 9, 17, 0.017241379246115685],
            [1, 10, 2, 0.017241379246115685],
            [1, 10, 3, 0.017241379246115685],
            [1, 11, 7, 0.017241379246115685],
            [1, 11, 11, 0.017241379246115685],
            [1, 11, 16, 0.017241379246115685],
            [1, 12, 9, 0.0517241396009922],
            [1, 14, 0, 0.1551724076271057],
            [1, 14, 2, 0.017241379246115685],
            [1, 14, 3, 0.017241379246115685],
            [1, 15, 1, 0.017241379246115685],
            [1, 15, 3, 0.03448275849223137],
            [1, 16, 0, 0.017241379246115685],
            [1, 16, 16, 0.017241379246115685],
            [1, 17, 9, 0.017241379246115685],
            [1, 17, 15, 0.017241379246115685],
            [2, 0, 0, 0.022727273404598236],
            [2, 0, 10, 0.022727273404598236],
            [2, 0, 13, 0.04545454680919647],
            [2, 1, 10, 0.022727273404598236],
            [2, 1, 17, 0.04545454680919647],
            [2, 2, 7, 0.022727273404598236],
            [2, 3, 7, 0.022727273404598236],
            [2, 3, 8, 0.022727273404598236],
            [2, 5, 3, 0.022727273404598236],
            [2, 6, 4, 0.022727273404598236],
            [2, 6, 9, 0.04545454680919647],
            [2, 6, 12, 0.022727273404598236],
            [2, 7, 3, 0.022727273404598236],
            [2, 7, 4, 0.022727273404598236],
            [2, 7, 6, 0.022727273404598236],
            [2, 7, 10, 0.022727273404598236],
            [2, 7, 11, 0.022727273404598236],
            [2, 7, 13, 0.022727273404598236],
            [2, 8, 7, 0.022727273404598236],
            [2, 9, 1, 0.022727273404598236],
            [2, 9, 4, 0.022727273404598236],
            [2, 9, 5, 0.04545454680919647],
            [2, 9, 9, 0.022727273404598236],
            [2, 9, 12, 0.022727273404598236],
            [2, 10, 14, 0.04545454680919647],
            [2, 11, 7, 0.022727273404598236],
            [2, 11, 13, 0.022727273404598236],
            [2, 12, 0, 0.04545454680919647],
            [2, 12, 7, 0.022727273404598236],
            [2, 12, 8, 0.022727273404598236],
            [2, 13, 7, 0.022727273404598236],
            [2, 13, 8, 0.04545454680919647],
            [2, 14, 0, 0.022727273404598236],
            [2, 14, 4, 0.022727273404598236],
            [2, 14, 16, 0.022727273404598236],
            [2, 16, 15, 0.022727273404598236],
            [2, 17, 12, 0.022727273404598236],
            [3, 0, 10, 0.03703703731298447],
            [3, 0, 15, 0.018518518656492233],
            [3, 1, 15, 0.018518518656492233],
            [3, 1, 17, 0.018518518656492233],
            [3, 2, 4, 0.018518518656492233],
            [3, 2, 14, 0.018518518656492233],
            [3, 3, 2, 0.018518518656492233],
            [3, 3, 9, 0.018518518656492233],
            [3, 5, 4, 0.018518518656492233],
            [3, 6, 4, 0.018518518656492233],
            [3, 6, 11, 0.018518518656492233],
            [3, 6, 12, 0.018518518656492233],
            [3, 6, 15, 0.018518518656492233],
            [3, 7, 3, 0.018518518656492233],
            [3, 7, 10, 0.018518518656492233],
            [3, 7, 14, 0.018518518656492233],
            [3, 8, 12, 0.018518518656492233],
            [3, 9, 12, 0.03703703731298447],
            [3, 10, 11, 0.018518518656492233],
            [3, 10, 13, 0.018518518656492233],
            [3, 10, 16, 0.018518518656492233],
            [3, 11, 4, 0.03703703731298447],
            [3, 11, 5, 0.018518518656492233],
            [3, 11, 6, 0.018518518656492233],
            [3, 11, 11, 0.0555555559694767],
            [3, 11, 17, 0.03703703731298447],
            [3, 12, 8, 0.03703703731298447],
            [3, 12, 10, 0.018518518656492233],
            [3, 13, 0, 0.018518518656492233],
            [3, 13, 11, 0.018518518656492233],
            [3, 13, 14, 0.018518518656492233],
            [3, 14, 1, 0.018518518656492233],
            [3, 14, 3, 0.018518518656492233],
            [3, 14, 6, 0.03703703731298447],
            [3, 14, 15, 0.018518518656492233],
            [3, 15, 2, 0.018518518656492233],
            [3, 15, 8, 0.018518518656492233],
            [3, 15, 17, 0.018518518656492233],
            [3, 16, 4, 0.03703703731298447],
            [3, 16, 8, 0.018518518656492233],
            [3, 16, 11, 0.0555555559694767],
            [3, 17, 5, 0.018518518656492233],
            [3, 17, 10, 0.018518518656492233]
        ]
    }
}