{
    "train_f1": 11.994810104370117,
    "train_prob": 46.918418884277344,
    "train_cov": 100.0,
    "valid_f1": 10.0,
    "valid_prob": 17.89093589782715,
    "valid_cov": 10.0,
    "len": 152,
    "binary_grammar": {
        "num_nt": 4,
        "num_pt": 14,
        "num_rhs": 324,
        "rule_probs": [
            [0, 0, 8, 0.024390242993831635],
            [0, 1, 0, 0.024390242993831635],
            [0, 1, 3, 0.12195122241973877],
            [0, 2, 8, 0.0731707289814949],
            [0, 3, 3, 0.024390242993831635],
            [0, 3, 4, 0.024390242993831635],
            [0, 3, 6, 0.024390242993831635],
            [0, 4, 8, 0.024390242993831635],
            [0, 5, 5, 0.0731707289814949],
            [0, 6, 0, 0.024390242993831635],
            [0, 6, 11, 0.04878048598766327],
            [0, 7, 1, 0.024390242993831635],
            [0, 7, 12, 0.024390242993831635],
            [0, 8, 4, 0.024390242993831635],
            [0, 9, 3, 0.024390242993831635],
            [0, 10, 4, 0.024390242993831635],
            [0, 10, 10, 0.04878048598766327],
            [0, 10, 11, 0.024390242993831635],
            [0, 10, 12, 0.024390242993831635],
            [0, 10, 14, 0.024390242993831635],
            [0, 11, 1, 0.024390242993831635],
            [0, 13, 16, 0.024390242993831635],
            [0, 14, 12, 0.024390242993831635],
            [0, 16, 5, 0.024390242993831635],
            [0, 16, 6, 0.024390242993831635],
            [0, 16, 7, 0.09756097197532654],
            [0, 17, 6, 0.024390242993831635],
            [0, 17, 16, 0.024390242993831635],
            [1, 0, 5, 0.01923076994717121],
            [1, 0, 7, 0.03846153989434242],
            [1, 0, 11, 0.01923076994717121],
            [1, 3, 1, 0.057692307978868484],
            [1, 3, 6, 0.01923076994717121],
            [1, 3, 16, 0.01923076994717121],
            [1, 4, 4, 0.01923076994717121],
            [1, 4, 6, 0.01923076994717121],
            [1, 4, 13, 0.01923076994717121],
            [1, 5, 7, 0.01923076994717121],
            [1, 6, 2, 0.01923076994717121],
            [1, 6, 7, 0.01923076994717121],
            [1, 6, 8, 0.01923076994717121],
            [1, 7, 7, 0.03846153989434242],
            [1, 7, 14, 0.01923076994717121],
            [1, 8, 1, 0.01923076994717121],
            [1, 8, 6, 0.01923076994717121],
            [1, 9, 17, 0.01923076994717121],
            [1, 10, 1, 0.01923076994717121],
            [1, 10, 5, 0.01923076994717121],
            [1, 10, 17, 0.01923076994717121],
            [1, 11, 0, 0.01923076994717121],
            [1, 11, 4, 0.01923076994717121],
            [1, 11, 5, 0.01923076994717121],
            [1, 11, 11, 0.03846153989434242],
            [1, 12, 2, 0.01923076994717121],
            [1, 12, 5, 0.01923076994717121],
            [1, 12, 9, 0.01923076994717121],
            [1, 14, 0, 0.057692307978868484],
            [1, 14, 2, 0.01923076994717121],
            [1, 14, 13, 0.01923076994717121],
            [1, 15, 1, 0.01923076994717121],
            [1, 15, 7, 0.01923076994717121],
            [1, 15, 9, 0.01923076994717121],
            [1, 15, 13, 0.01923076994717121],
            [1, 15, 14, 0.01923076994717121],
            [1, 16, 0, 0.03846153989434242],
            [1, 16, 9, 0.01923076994717121],
            [1, 16, 12, 0.01923076994717121],
            [1, 16, 13, 0.01923076994717121],
            [1, 16, 15, 0.03846153989434242],
            [1, 17, 9, 0.01923076994717121],
            [1, 17, 16, 0.01923076994717121],
            [2, 0, 16, 0.05999999865889549],
            [2, 1, 6, 0.019999999552965164],
            [2, 2, 14, 0.019999999552965164],
            [2, 3, 14, 0.019999999552965164],
            [2, 3, 17, 0.019999999552965164],
            [2, 4, 9, 0.019999999552965164],
            [2, 5, 0, 0.019999999552965164],
            [2, 5, 4, 0.019999999552965164],
            [2, 5, 11, 0.05999999865889549],
            [2, 6, 10, 0.019999999552965164],
            [2, 6, 11, 0.03999999910593033],
            [2, 7, 4, 0.05999999865889549],
            [2, 7, 13, 0.019999999552965164],
            [2, 7, 14, 0.019999999552965164],
            [2, 8, 7, 0.019999999552965164],
            [2, 8, 11, 0.019999999552965164],
            [2, 8, 13, 0.03999999910593033],
            [2, 9, 0, 0.019999999552965164],
            [2, 9, 5, 0.019999999552965164],
            [2, 9, 9, 0.03999999910593033],
            [2, 9, 11, 0.019999999552965164],
            [2, 12, 6, 0.019999999552965164],
            [2, 12, 9, 0.019999999552965164],
            [2, 12, 16, 0.019999999552965164],
            [2, 13, 7, 0.03999999910593033],
            [2, 13, 15, 0.019999999552965164],
            [2, 13, 17, 0.019999999552965164],
            [2, 14, 11, 0.019999999552965164],
            [2, 14, 13, 0.019999999552965164],
            [2, 15, 7, 0.019999999552965164],
            [2, 15, 10, 0.019999999552965164],
            [2, 15, 11, 0.019999999552965164],
            [2, 15, 14, 0.019999999552965164],
            [2, 16, 6, 0.019999999552965164],
            [2, 16, 8, 0.03999999910593033],
            [2, 16, 12, 0.019999999552965164],
            [2, 16, 14, 0.019999999552965164],
            [2, 16, 15, 0.019999999552965164],
            [2, 17, 8, 0.019999999552965164],
            [3, 0, 10, 0.017543859779834747],
            [3, 1, 1, 0.017543859779834747],
            [3, 1, 6, 0.017543859779834747],
            [3, 1, 7, 0.017543859779834747],
            [3, 1, 17, 0.017543859779834747],
            [3, 2, 6, 0.017543859779834747],
            [3, 2, 9, 0.017543859779834747],
            [3, 2, 14, 0.017543859779834747],
            [3, 2, 15, 0.017543859779834747],
            [3, 3, 3, 0.017543859779834747],
            [3, 3, 9, 0.017543859779834747],
            [3, 4, 9, 0.017543859779834747],
            [3, 5, 3, 0.017543859779834747],
            [3, 5, 12, 0.017543859779834747],
            [3, 5, 15, 0.017543859779834747],
            [3, 6, 1, 0.017543859779834747],
            [3, 6, 12, 0.05263157933950424],
            [3, 7, 5, 0.017543859779834747],
            [3, 8, 1, 0.017543859779834747],
            [3, 9, 3, 0.017543859779834747],
            [3, 9, 12, 0.035087719559669495],
            [3, 9, 15, 0.017543859779834747],
            [3, 10, 4, 0.017543859779834747],
            [3, 10, 9, 0.017543859779834747],
            [3, 10, 13, 0.017543859779834747],
            [3, 11, 9, 0.017543859779834747],
            [3, 11, 11, 0.017543859779834747],
            [3, 11, 14, 0.017543859779834747],
            [3, 11, 16, 0.035087719559669495],
            [3, 11, 17, 0.05263157933950424],
            [3, 13, 0, 0.035087719559669495],
            [3, 13, 3, 0.017543859779834747],
            [3, 13, 10, 0.017543859779834747],
            [3, 14, 6, 0.017543859779834747],
            [3, 14, 10, 0.017543859779834747],
            [3, 15, 10, 0.035087719559669495],
            [3, 15, 13, 0.017543859779834747],
            [3, 15, 16, 0.017543859779834747],
            [3, 15, 17, 0.017543859779834747],
            [3, 16, 11, 0.14035087823867798],
            [3, 17, 3, 0.017543859779834747],
            [3, 17, 11, 0.017543859779834747]
        ]
    }
}