{
    "train_f1": 8.51771068572998,
    "train_prob": 36.71062469482422,
    "train_cov": 87.5,
    "valid_f1": 0.0,
    "valid_prob": 0.0,
    "valid_cov": 0.0,
    "len": 181,
    "binary_grammar": {
        "num_nt": 4,
        "num_pt": 14,
        "num_rhs": 324,
        "rule_probs": [
            [0, 0, 16, 0.015625],
            [0, 1, 6, 0.015625],
            [0, 1, 8, 0.015625],
            [0, 2, 0, 0.015625],
            [0, 2, 7, 0.015625],
            [0, 2, 9, 0.015625],
            [0, 2, 15, 0.015625],
            [0, 2, 16, 0.03125],
            [0, 3, 1, 0.015625],
            [0, 3, 3, 0.015625],
            [0, 3, 13, 0.015625],
            [0, 3, 17, 0.015625],
            [0, 4, 2, 0.015625],
            [0, 4, 3, 0.015625],
            [0, 4, 9, 0.015625],
            [0, 4, 12, 0.03125],
            [0, 4, 17, 0.015625],
            [0, 5, 7, 0.015625],
            [0, 5, 10, 0.015625],
            [0, 5, 11, 0.015625],
            [0, 5, 12, 0.015625],
            [0, 5, 15, 0.015625],
            [0, 6, 0, 0.015625],
            [0, 6, 9, 0.015625],
            [0, 6, 15, 0.015625],
            [0, 6, 17, 0.015625],
            [0, 7, 0, 0.015625],
            [0, 7, 1, 0.015625],
            [0, 7, 6, 0.03125],
            [0, 7, 9, 0.015625],
            [0, 7, 11, 0.015625],
            [0, 8, 1, 0.03125],
            [0, 9, 3, 0.015625],
            [0, 9, 5, 0.015625],
            [0, 9, 8, 0.015625],
            [0, 9, 9, 0.015625],
            [0, 9, 13, 0.015625],
            [0, 10, 4, 0.015625],
            [0, 10, 13, 0.015625],
            [0, 11, 1, 0.015625],
            [0, 11, 3, 0.015625],
            [0, 11, 14, 0.015625],
            [0, 12, 6, 0.015625],
            [0, 12, 13, 0.015625],
            [0, 13, 2, 0.015625],
            [0, 13, 11, 0.015625],
            [0, 13, 12, 0.015625],
            [0, 14, 10, 0.03125],
            [0, 15, 1, 0.015625],
            [0, 15, 2, 0.015625],
            [0, 15, 9, 0.015625],
            [0, 15, 11, 0.015625],
            [0, 15, 14, 0.015625],
            [0, 16, 7, 0.015625],
            [0, 16, 9, 0.015625],
            [0, 16, 16, 0.015625],
            [0, 17, 5, 0.015625],
            [0, 17, 10, 0.015625],
            [0, 17, 15, 0.015625],
            [1, 0, 2, 0.02083333395421505],
            [1, 0, 3, 0.02083333395421505],
            [1, 0, 9, 0.02083333395421505],
            [1, 1, 11, 0.0416666679084301],
            [1, 1, 15, 0.02083333395421505],
            [1, 2, 14, 0.02083333395421505],
            [1, 3, 4, 0.02083333395421505],
            [1, 3, 7, 0.02083333395421505],
            [1, 3, 8, 0.02083333395421505],
            [1, 5, 8, 0.02083333395421505],
            [1, 5, 9, 0.0625],
            [1, 5, 14, 0.02083333395421505],
            [1, 6, 0, 0.02083333395421505],
            [1, 6, 1, 0.02083333395421505],
            [1, 6, 8, 0.02083333395421505],
            [1, 7, 3, 0.02083333395421505],
            [1, 7, 6, 0.02083333395421505],
            [1, 7, 8, 0.02083333395421505],
            [1, 7, 13, 0.02083333395421505],
            [1, 8, 5, 0.02083333395421505],
            [1, 8, 10, 0.02083333395421505],
            [1, 9, 2, 0.0416666679084301],
            [1, 9, 6, 0.02083333395421505],
            [1, 9, 13, 0.02083333395421505],
            [1, 9, 15, 0.02083333395421505],
            [1, 10, 6, 0.02083333395421505],
            [1, 10, 12, 0.02083333395421505],
            [1, 11, 10, 0.02083333395421505],
            [1, 11, 11, 0.02083333395421505],
            [1, 12, 5, 0.02083333395421505],
            [1, 12, 9, 0.02083333395421505],
            [1, 12, 11, 0.02083333395421505],
            [1, 13, 1, 0.02083333395421505],
            [1, 13, 12, 0.02083333395421505],
            [1, 14, 4, 0.02083333395421505],
            [1, 14, 13, 0.02083333395421505],
            [1, 15, 2, 0.02083333395421505],
            [1, 15, 12, 0.0416666679084301],
            [1, 16, 3, 0.02083333395421505],
            [1, 17, 2, 0.02083333395421505],
            [1, 17, 6, 0.02083333395421505],
            [1, 17, 15, 0.0416666679084301],
            [2, 0, 11, 0.02380952425301075],
            [2, 0, 16, 0.02380952425301075],
            [2, 1, 17, 0.02380952425301075],
            [2, 2, 13, 0.02380952425301075],
            [2, 3, 4, 0.02380952425301075],
            [2, 3, 13, 0.02380952425301075],
            [2, 4, 6, 0.02380952425301075],
            [2, 4, 9, 0.02380952425301075],
            [2, 4, 10, 0.02380952425301075],
            [2, 4, 11, 0.02380952425301075],
            [2, 4, 14, 0.02380952425301075],
            [2, 4, 15, 0.02380952425301075],
            [2, 4, 16, 0.02380952425301075],
            [2, 5, 8, 0.02380952425301075],
            [2, 5, 10, 0.02380952425301075],
            [2, 5, 16, 0.02380952425301075],
            [2, 6, 3, 0.02380952425301075],
            [2, 7, 1, 0.02380952425301075],
            [2, 7, 15, 0.02380952425301075],
            [2, 8, 2, 0.02380952425301075],
            [2, 8, 4, 0.02380952425301075],
            [2, 8, 6, 0.02380952425301075],
            [2, 8, 8, 0.02380952425301075],
            [2, 8, 13, 0.02380952425301075],
            [2, 9, 5, 0.02380952425301075],
            [2, 11, 17, 0.0476190485060215],
            [2, 13, 0, 0.02380952425301075],
            [2, 13, 1, 0.02380952425301075],
            [2, 13, 6, 0.02380952425301075],
            [2, 13, 7, 0.02380952425301075],
            [2, 13, 10, 0.02380952425301075],
            [2, 13, 14, 0.02380952425301075],
            [2, 14, 2, 0.02380952425301075],
            [2, 14, 16, 0.02380952425301075],
            [2, 15, 1, 0.02380952425301075],
            [2, 15, 2, 0.02380952425301075],
            [2, 15, 13, 0.02380952425301075],
            [2, 16, 1, 0.02380952425301075],
            [2, 16, 16, 0.02380952425301075],
            [2, 17, 12, 0.02380952425301075],
            [2, 17, 16, 0.02380952425301075],
            [3, 1, 15, 0.021739130839705467],
            [3, 2, 8, 0.043478261679410934],
            [3, 2, 13, 0.021739130839705467],
            [3, 3, 0, 0.021739130839705467],
            [3, 3, 10, 0.021739130839705467],
            [3, 4, 2, 0.021739130839705467],
            [3, 4, 8, 0.043478261679410934],
            [3, 4, 15, 0.021739130839705467],
            [3, 5, 0, 0.043478261679410934],
            [3, 5, 9, 0.021739130839705467],
            [3, 6, 9, 0.021739130839705467],
            [3, 6, 16, 0.021739130839705467],
            [3, 6, 17, 0.021739130839705467],
            [3, 7, 14, 0.021739130839705467],
            [3, 8, 2, 0.021739130839705467],
            [3, 8, 8, 0.043478261679410934],
            [3, 9, 3, 0.021739130839705467],
            [3, 9, 14, 0.021739130839705467],
            [3, 10, 4, 0.021739130839705467],
            [3, 10, 9, 0.021739130839705467],
            [3, 10, 13, 0.043478261679410934],
            [3, 11, 0, 0.021739130839705467],
            [3, 11, 4, 0.021739130839705467],
            [3, 11, 6, 0.021739130839705467],
            [3, 12, 11, 0.021739130839705467],
            [3, 13, 6, 0.021739130839705467],
            [3, 13, 13, 0.021739130839705467],
            [3, 14, 2, 0.021739130839705467],
            [3, 14, 3, 0.021739130839705467],
            [3, 14, 13, 0.021739130839705467],
            [3, 15, 5, 0.021739130839705467],
            [3, 15, 9, 0.021739130839705467],
            [3, 15, 13, 0.06521739065647125],
            [3, 16, 13, 0.021739130839705467],
            [3, 16, 14, 0.021739130839705467],
            [3, 16, 15, 0.021739130839705467],
            [3, 17, 0, 0.021739130839705467],
            [3, 17, 1, 0.021739130839705467],
            [3, 17, 3, 0.021739130839705467]
        ]
    }
}