{
    "train_f1": 5.432248115539551,
    "train_prob": 28.672119140625,
    "train_cov": 56.25,
    "valid_f1": 0.0,
    "valid_prob": 0.0,
    "valid_cov": 0.0,
    "len": 161,
    "binary_grammar": {
        "num_nt": 4,
        "num_pt": 14,
        "num_rhs": 324,
        "rule_probs": [
            [0, 0, 2, 0.019999999552965164],
            [0, 1, 3, 0.07999999821186066],
            [0, 1, 11, 0.019999999552965164],
            [0, 2, 8, 0.03999999910593033],
            [0, 2, 17, 0.019999999552965164],
            [0, 3, 3, 0.05999999865889549],
            [0, 3, 13, 0.019999999552965164],
            [0, 4, 1, 0.019999999552965164],
            [0, 4, 2, 0.019999999552965164],
            [0, 4, 6, 0.019999999552965164],
            [0, 4, 8, 0.019999999552965164],
            [0, 5, 5, 0.05999999865889549],
            [0, 6, 9, 0.019999999552965164],
            [0, 7, 1, 0.019999999552965164],
            [0, 8, 12, 0.019999999552965164],
            [0, 9, 4, 0.019999999552965164],
            [0, 9, 7, 0.019999999552965164],
            [0, 9, 8, 0.019999999552965164],
            [0, 9, 13, 0.019999999552965164],
            [0, 9, 15, 0.019999999552965164],
            [0, 10, 1, 0.03999999910593033],
            [0, 10, 4, 0.019999999552965164],
            [0, 10, 14, 0.019999999552965164],
            [0, 10, 15, 0.019999999552965164],
            [0, 11, 1, 0.03999999910593033],
            [0, 12, 2, 0.019999999552965164],
            [0, 12, 11, 0.019999999552965164],
            [0, 12, 16, 0.03999999910593033],
            [0, 13, 16, 0.03999999910593033],
            [0, 14, 9, 0.019999999552965164],
            [0, 15, 2, 0.019999999552965164],
            [0, 15, 11, 0.019999999552965164],
            [0, 16, 5, 0.019999999552965164],
            [0, 16, 6, 0.019999999552965164],
            [0, 16, 7, 0.03999999910593033],
            [0, 16, 13, 0.019999999552965164],
            [0, 17, 6, 0.019999999552965164],
            [1, 0, 11, 0.018518518656492233],
            [1, 0, 14, 0.018518518656492233],
            [1, 0, 15, 0.018518518656492233],
            [1, 1, 1, 0.018518518656492233],
            [1, 1, 2, 0.018518518656492233],
            [1, 2, 7, 0.018518518656492233],
            [1, 3, 1, 0.018518518656492233],
            [1, 3, 3, 0.018518518656492233],
            [1, 3, 4, 0.018518518656492233],
            [1, 3, 14, 0.018518518656492233],
            [1, 4, 4, 0.018518518656492233],
            [1, 4, 5, 0.018518518656492233],
            [1, 4, 16, 0.018518518656492233],
            [1, 5, 7, 0.018518518656492233],
            [1, 5, 17, 0.018518518656492233],
            [1, 6, 8, 0.03703703731298447],
            [1, 6, 9, 0.018518518656492233],
            [1, 6, 10, 0.018518518656492233],
            [1, 6, 17, 0.018518518656492233],
            [1, 7, 7, 0.018518518656492233],
            [1, 8, 6, 0.018518518656492233],
            [1, 8, 16, 0.018518518656492233],
            [1, 8, 17, 0.03703703731298447],
            [1, 9, 11, 0.018518518656492233],
            [1, 9, 16, 0.018518518656492233],
            [1, 9, 17, 0.018518518656492233],
            [1, 10, 1, 0.018518518656492233],
            [1, 10, 2, 0.018518518656492233],
            [1, 10, 4, 0.018518518656492233],
            [1, 10, 17, 0.018518518656492233],
            [1, 11, 9, 0.018518518656492233],
            [1, 11, 16, 0.018518518656492233],
            [1, 11, 17, 0.018518518656492233],
            [1, 12, 9, 0.0555555559694767],
            [1, 12, 10, 0.018518518656492233],
            [1, 13, 5, 0.018518518656492233],
            [1, 13, 17, 0.018518518656492233],
            [1, 14, 0, 0.09259258955717087],
            [1, 14, 7, 0.018518518656492233],
            [1, 15, 3, 0.018518518656492233],
            [1, 15, 7, 0.018518518656492233],
            [1, 15, 10, 0.018518518656492233],
            [1, 15, 13, 0.018518518656492233],
            [1, 16, 8, 0.018518518656492233],
            [1, 16, 14, 0.018518518656492233],
            [1, 16, 15, 0.018518518656492233],
            [2, 0, 10, 0.02083333395421505],
            [2, 0, 16, 0.0416666679084301],
            [2, 1, 2, 0.02083333395421505],
            [2, 1, 11, 0.02083333395421505],
            [2, 2, 7, 0.0416666679084301],
            [2, 2, 14, 0.02083333395421505],
            [2, 2, 15, 0.02083333395421505],
            [2, 3, 17, 0.02083333395421505],
            [2, 4, 5, 0.02083333395421505],
            [2, 4, 9, 0.02083333395421505],
            [2, 5, 11, 0.0625],
            [2, 5, 17, 0.0416666679084301],
            [2, 7, 3, 0.02083333395421505],
            [2, 7, 4, 0.1041666641831398],
            [2, 7, 10, 0.02083333395421505],
            [2, 8, 2, 0.02083333395421505],
            [2, 8, 4, 0.02083333395421505],
            [2, 8, 15, 0.02083333395421505],
            [2, 9, 12, 0.02083333395421505],
            [2, 11, 2, 0.02083333395421505],
            [2, 11, 13, 0.02083333395421505],
            [2, 12, 9, 0.0416666679084301],
            [2, 12, 12, 0.02083333395421505],
            [2, 12, 17, 0.02083333395421505],
            [2, 13, 7, 0.02083333395421505],
            [2, 13, 10, 0.02083333395421505],
            [2, 13, 17, 0.02083333395421505],
            [2, 14, 0, 0.02083333395421505],
            [2, 14, 1, 0.02083333395421505],
            [2, 14, 5, 0.02083333395421505],
            [2, 14, 6, 0.02083333395421505],
            [2, 15, 2, 0.02083333395421505],
            [2, 15, 8, 0.02083333395421505],
            [2, 15, 10, 0.02083333395421505],
            [2, 16, 4, 0.02083333395421505],
            [2, 16, 9, 0.02083333395421505],
            [2, 16, 16, 0.02083333395421505],
            [2, 17, 14, 0.02083333395421505],
            [3, 0, 9, 0.02083333395421505],
            [3, 0, 13, 0.02083333395421505],
            [3, 0, 17, 0.02083333395421505],
            [3, 1, 1, 0.02083333395421505],
            [3, 1, 2, 0.0625],
            [3, 1, 15, 0.02083333395421505],
            [3, 1, 16, 0.02083333395421505],
            [3, 2, 6, 0.02083333395421505],
            [3, 2, 13, 0.02083333395421505],
            [3, 2, 14, 0.0416666679084301],
            [3, 3, 1, 0.02083333395421505],
            [3, 3, 12, 0.02083333395421505],
            [3, 4, 16, 0.02083333395421505],
            [3, 5, 6, 0.02083333395421505],
            [3, 6, 9, 0.02083333395421505],
            [3, 6, 12, 0.02083333395421505],
            [3, 7, 13, 0.02083333395421505],
            [3, 8, 1, 0.02083333395421505],
            [3, 9, 12, 0.02083333395421505],
            [3, 9, 13, 0.02083333395421505],
            [3, 9, 14, 0.02083333395421505],
            [3, 10, 0, 0.02083333395421505],
            [3, 10, 5, 0.02083333395421505],
            [3, 10, 16, 0.02083333395421505],
            [3, 10, 17, 0.02083333395421505],
            [3, 11, 11, 0.02083333395421505],
            [3, 11, 16, 0.0416666679084301],
            [3, 11, 17, 0.02083333395421505],
            [3, 12, 8, 0.02083333395421505],
            [3, 12, 13, 0.02083333395421505],
            [3, 13, 1, 0.02083333395421505],
            [3, 13, 4, 0.02083333395421505],
            [3, 14, 3, 0.0416666679084301],
            [3, 14, 8, 0.02083333395421505],
            [3, 14, 13, 0.02083333395421505],
            [3, 15, 17, 0.02083333395421505],
            [3, 16, 4, 0.02083333395421505],
            [3, 16, 11, 0.0625],
            [3, 16, 13, 0.0416666679084301],
            [3, 16, 16, 0.02083333395421505]
        ]
    }
}