{
    "train_f1": 20.080047607421875,
    "train_prob": 56.66090774536133,
    "train_cov": 93.75,
    "valid_f1": 0.0,
    "valid_prob": 0.0,
    "valid_cov": 0.0,
    "len": 151,
    "binary_grammar": {
        "num_nt": 4,
        "num_pt": 14,
        "num_rhs": 324,
        "rule_probs": [
            [0, 0, 2, 0.01886792480945587],
            [0, 1, 0, 0.01886792480945587],
            [0, 1, 3, 0.07547169923782349],
            [0, 1, 11, 0.09433962404727936],
            [0, 2, 8, 0.01886792480945587],
            [0, 3, 1, 0.01886792480945587],
            [0, 3, 13, 0.01886792480945587],
            [0, 3, 16, 0.01886792480945587],
            [0, 4, 0, 0.01886792480945587],
            [0, 4, 3, 0.01886792480945587],
            [0, 4, 8, 0.01886792480945587],
            [0, 4, 16, 0.03773584961891174],
            [0, 5, 0, 0.01886792480945587],
            [0, 5, 2, 0.03773584961891174],
            [0, 5, 5, 0.03773584961891174],
            [0, 6, 0, 0.01886792480945587],
            [0, 6, 9, 0.01886792480945587],
            [0, 7, 1, 0.01886792480945587],
            [0, 7, 5, 0.01886792480945587],
            [0, 7, 9, 0.01886792480945587],
            [0, 8, 0, 0.01886792480945587],
            [0, 8, 7, 0.01886792480945587],
            [0, 8, 12, 0.01886792480945587],
            [0, 9, 3, 0.01886792480945587],
            [0, 9, 8, 0.01886792480945587],
            [0, 10, 0, 0.01886792480945587],
            [0, 10, 4, 0.01886792480945587],
            [0, 11, 4, 0.01886792480945587],
            [0, 12, 11, 0.056603774428367615],
            [0, 14, 4, 0.03773584961891174],
            [0, 15, 17, 0.03773584961891174],
            [0, 16, 6, 0.01886792480945587],
            [0, 16, 7, 0.056603774428367615],
            [0, 16, 13, 0.01886792480945587],
            [0, 17, 6, 0.01886792480945587],
            [0, 17, 10, 0.01886792480945587],
            [0, 17, 14, 0.01886792480945587],
            [1, 0, 15, 0.016393441706895828],
            [1, 0, 17, 0.016393441706895828],
            [1, 1, 2, 0.016393441706895828],
            [1, 2, 11, 0.016393441706895828],
            [1, 3, 1, 0.04918032884597778],
            [1, 4, 4, 0.016393441706895828],
            [1, 4, 15, 0.016393441706895828],
            [1, 4, 17, 0.016393441706895828],
            [1, 5, 14, 0.016393441706895828],
            [1, 6, 2, 0.016393441706895828],
            [1, 6, 6, 0.016393441706895828],
            [1, 8, 0, 0.016393441706895828],
            [1, 8, 11, 0.016393441706895828],
            [1, 8, 16, 0.016393441706895828],
            [1, 8, 17, 0.016393441706895828],
            [1, 9, 5, 0.016393441706895828],
            [1, 9, 8, 0.016393441706895828],
            [1, 9, 16, 0.032786883413791656],
            [1, 9, 17, 0.016393441706895828],
            [1, 10, 1, 0.016393441706895828],
            [1, 10, 8, 0.016393441706895828],
            [1, 11, 0, 0.016393441706895828],
            [1, 11, 7, 0.016393441706895828],
            [1, 12, 0, 0.016393441706895828],
            [1, 12, 1, 0.032786883413791656],
            [1, 12, 3, 0.016393441706895828],
            [1, 12, 4, 0.032786883413791656],
            [1, 12, 9, 0.032786883413791656],
            [1, 12, 10, 0.016393441706895828],
            [1, 12, 12, 0.016393441706895828],
            [1, 13, 17, 0.016393441706895828],
            [1, 14, 0, 0.09836065769195557],
            [1, 14, 2, 0.016393441706895828],
            [1, 14, 3, 0.016393441706895828],
            [1, 14, 5, 0.016393441706895828],
            [1, 14, 9, 0.016393441706895828],
            [1, 14, 17, 0.016393441706895828],
            [1, 15, 7, 0.016393441706895828],
            [1, 15, 11, 0.016393441706895828],
            [1, 16, 2, 0.016393441706895828],
            [1, 16, 12, 0.032786883413791656],
            [1, 16, 15, 0.032786883413791656],
            [1, 16, 17, 0.016393441706895828],
            [1, 17, 5, 0.016393441706895828],
            [1, 17, 8, 0.032786883413791656],
            [1, 17, 9, 0.016393441706895828],
            [1, 17, 16, 0.016393441706895828],
            [2, 0, 2, 0.02380952425301075],
            [2, 0, 12, 0.02380952425301075],
            [2, 0, 15, 0.02380952425301075],
            [2, 0, 16, 0.0714285746216774],
            [2, 1, 6, 0.0476190485060215],
            [2, 1, 17, 0.02380952425301075],
            [2, 2, 7, 0.02380952425301075],
            [2, 4, 12, 0.02380952425301075],
            [2, 4, 16, 0.02380952425301075],
            [2, 5, 6, 0.02380952425301075],
            [2, 5, 11, 0.02380952425301075],
            [2, 6, 11, 0.02380952425301075],
            [2, 7, 4, 0.0714285746216774],
            [2, 8, 2, 0.02380952425301075],
            [2, 8, 4, 0.02380952425301075],
            [2, 9, 3, 0.0476190485060215],
            [2, 9, 7, 0.02380952425301075],
            [2, 9, 9, 0.0476190485060215],
            [2, 10, 9, 0.02380952425301075],
            [2, 11, 5, 0.02380952425301075],
            [2, 12, 9, 0.0714285746216774],
            [2, 13, 8, 0.0476190485060215],
            [2, 13, 15, 0.02380952425301075],
            [2, 14, 0, 0.02380952425301075],
            [2, 14, 1, 0.02380952425301075],
            [2, 14, 5, 0.02380952425301075],
            [2, 14, 17, 0.02380952425301075],
            [2, 15, 0, 0.02380952425301075],
            [2, 15, 2, 0.02380952425301075],
            [2, 15, 7, 0.02380952425301075],
            [2, 16, 7, 0.02380952425301075],
            [2, 17, 8, 0.02380952425301075],
            [3, 0, 10, 0.022727273404598236],
            [3, 0, 11, 0.022727273404598236],
            [3, 0, 13, 0.022727273404598236],
            [3, 1, 1, 0.022727273404598236],
            [3, 1, 15, 0.022727273404598236],
            [3, 2, 14, 0.022727273404598236],
            [3, 3, 2, 0.022727273404598236],
            [3, 3, 12, 0.022727273404598236],
            [3, 3, 14, 0.022727273404598236],
            [3, 4, 2, 0.04545454680919647],
            [3, 4, 13, 0.022727273404598236],
            [3, 5, 6, 0.022727273404598236],
            [3, 6, 0, 0.04545454680919647],
            [3, 6, 4, 0.022727273404598236],
            [3, 6, 6, 0.022727273404598236],
            [3, 6, 12, 0.04545454680919647],
            [3, 7, 6, 0.022727273404598236],
            [3, 8, 16, 0.022727273404598236],
            [3, 9, 3, 0.04545454680919647],
            [3, 9, 12, 0.022727273404598236],
            [3, 10, 4, 0.022727273404598236],
            [3, 10, 9, 0.022727273404598236],
            [3, 11, 0, 0.022727273404598236],
            [3, 11, 5, 0.04545454680919647],
            [3, 11, 13, 0.022727273404598236],
            [3, 11, 16, 0.022727273404598236],
            [3, 13, 0, 0.022727273404598236],
            [3, 13, 17, 0.022727273404598236],
            [3, 14, 6, 0.022727273404598236],
            [3, 14, 11, 0.04545454680919647],
            [3, 14, 15, 0.022727273404598236],
            [3, 15, 7, 0.022727273404598236],
            [3, 16, 11, 0.09090909361839294],
            [3, 17, 2, 0.022727273404598236],
            [3, 17, 4, 0.022727273404598236]
        ]
    }
}