{
    "train_f1": 23.8907527923584,
    "train_prob": 58.14677429199219,
    "train_cov": 87.5,
    "valid_f1": 0.0,
    "valid_prob": 0.0,
    "valid_cov": 0.0,
    "len": 147,
    "binary_grammar": {
        "num_nt": 4,
        "num_pt": 14,
        "num_rhs": 324,
        "rule_probs": [
            [0, 0, 2, 0.019607843831181526],
            [0, 0, 8, 0.019607843831181526],
            [0, 1, 2, 0.019607843831181526],
            [0, 1, 3, 0.1764705926179886],
            [0, 1, 8, 0.019607843831181526],
            [0, 1, 11, 0.019607843831181526],
            [0, 2, 3, 0.019607843831181526],
            [0, 2, 5, 0.019607843831181526],
            [0, 2, 14, 0.019607843831181526],
            [0, 2, 16, 0.019607843831181526],
            [0, 5, 0, 0.019607843831181526],
            [0, 5, 4, 0.019607843831181526],
            [0, 5, 5, 0.05882352963089943],
            [0, 6, 3, 0.019607843831181526],
            [0, 6, 9, 0.019607843831181526],
            [0, 7, 1, 0.019607843831181526],
            [0, 7, 12, 0.019607843831181526],
            [0, 7, 14, 0.019607843831181526],
            [0, 8, 3, 0.019607843831181526],
            [0, 8, 7, 0.019607843831181526],
            [0, 9, 2, 0.019607843831181526],
            [0, 9, 5, 0.019607843831181526],
            [0, 9, 15, 0.019607843831181526],
            [0, 10, 4, 0.019607843831181526],
            [0, 11, 1, 0.03921568766236305],
            [0, 11, 13, 0.019607843831181526],
            [0, 12, 11, 0.019607843831181526],
            [0, 12, 12, 0.019607843831181526],
            [0, 13, 16, 0.05882352963089943],
            [0, 14, 10, 0.019607843831181526],
            [0, 15, 14, 0.019607843831181526],
            [0, 16, 5, 0.03921568766236305],
            [0, 16, 7, 0.019607843831181526],
            [0, 16, 9, 0.019607843831181526],
            [0, 16, 14, 0.019607843831181526],
            [0, 17, 3, 0.019607843831181526],
            [0, 17, 5, 0.019607843831181526],
            [1, 0, 2, 0.01785714365541935],
            [1, 0, 8, 0.01785714365541935],
            [1, 0, 11, 0.0357142873108387],
            [1, 0, 15, 0.0714285746216774],
            [1, 1, 1, 0.01785714365541935],
            [1, 3, 1, 0.0535714291036129],
            [1, 3, 6, 0.01785714365541935],
            [1, 3, 16, 0.0357142873108387],
            [1, 4, 4, 0.01785714365541935],
            [1, 4, 10, 0.01785714365541935],
            [1, 4, 13, 0.01785714365541935],
            [1, 4, 15, 0.01785714365541935],
            [1, 5, 4, 0.01785714365541935],
            [1, 5, 6, 0.01785714365541935],
            [1, 5, 7, 0.0357142873108387],
            [1, 6, 16, 0.01785714365541935],
            [1, 8, 1, 0.01785714365541935],
            [1, 8, 4, 0.01785714365541935],
            [1, 8, 15, 0.01785714365541935],
            [1, 8, 17, 0.01785714365541935],
            [1, 9, 5, 0.01785714365541935],
            [1, 9, 17, 0.0357142873108387],
            [1, 10, 1, 0.01785714365541935],
            [1, 10, 2, 0.01785714365541935],
            [1, 11, 17, 0.01785714365541935],
            [1, 12, 2, 0.01785714365541935],
            [1, 12, 4, 0.01785714365541935],
            [1, 12, 9, 0.0357142873108387],
            [1, 12, 16, 0.01785714365541935],
            [1, 13, 6, 0.01785714365541935],
            [1, 13, 14, 0.01785714365541935],
            [1, 14, 0, 0.125],
            [1, 14, 7, 0.01785714365541935],
            [1, 15, 7, 0.0357142873108387],
            [1, 16, 14, 0.01785714365541935],
            [1, 16, 15, 0.01785714365541935],
            [1, 16, 16, 0.01785714365541935],
            [1, 17, 5, 0.01785714365541935],
            [1, 17, 8, 0.01785714365541935],
            [2, 0, 14, 0.021739130839705467],
            [2, 1, 17, 0.043478261679410934],
            [2, 2, 1, 0.021739130839705467],
            [2, 3, 1, 0.021739130839705467],
            [2, 4, 8, 0.021739130839705467],
            [2, 5, 0, 0.021739130839705467],
            [2, 6, 5, 0.021739130839705467],
            [2, 6, 11, 0.021739130839705467],
            [2, 6, 14, 0.021739130839705467],
            [2, 6, 16, 0.021739130839705467],
            [2, 7, 4, 0.043478261679410934],
            [2, 7, 11, 0.021739130839705467],
            [2, 7, 13, 0.021739130839705467],
            [2, 8, 4, 0.021739130839705467],
            [2, 8, 17, 0.021739130839705467],
            [2, 9, 9, 0.021739130839705467],
            [2, 9, 11, 0.021739130839705467],
            [2, 10, 16, 0.021739130839705467],
            [2, 11, 4, 0.06521739065647125],
            [2, 12, 12, 0.021739130839705467],
            [2, 12, 14, 0.021739130839705467],
            [2, 12, 17, 0.021739130839705467],
            [2, 13, 7, 0.021739130839705467],
            [2, 13, 8, 0.021739130839705467],
            [2, 13, 10, 0.021739130839705467],
            [2, 13, 13, 0.021739130839705467],
            [2, 13, 15, 0.021739130839705467],
            [2, 14, 2, 0.021739130839705467],
            [2, 14, 4, 0.06521739065647125],
            [2, 14, 5, 0.021739130839705467],
            [2, 14, 6, 0.021739130839705467],
            [2, 15, 2, 0.021739130839705467],
            [2, 15, 5, 0.021739130839705467],
            [2, 15, 7, 0.043478261679410934],
            [2, 15, 9, 0.021739130839705467],
            [2, 16, 2, 0.021739130839705467],
            [2, 16, 4, 0.021739130839705467],
            [2, 16, 14, 0.021739130839705467],
            [2, 17, 16, 0.021739130839705467],
            [3, 0, 10, 0.021276595070958138],
            [3, 0, 13, 0.021276595070958138],
            [3, 1, 17, 0.021276595070958138],
            [3, 2, 14, 0.021276595070958138],
            [3, 3, 3, 0.021276595070958138],
            [3, 3, 12, 0.06382978707551956],
            [3, 5, 12, 0.021276595070958138],
            [3, 6, 0, 0.021276595070958138],
            [3, 6, 1, 0.021276595070958138],
            [3, 6, 8, 0.021276595070958138],
            [3, 6, 10, 0.021276595070958138],
            [3, 7, 14, 0.021276595070958138],
            [3, 7, 17, 0.021276595070958138],
            [3, 9, 12, 0.1489361673593521],
            [3, 9, 15, 0.021276595070958138],
            [3, 10, 4, 0.021276595070958138],
            [3, 11, 4, 0.042553190141916275],
            [3, 11, 11, 0.021276595070958138],
            [3, 12, 12, 0.021276595070958138],
            [3, 13, 0, 0.021276595070958138],
            [3, 13, 1, 0.021276595070958138],
            [3, 13, 11, 0.021276595070958138],
            [3, 14, 11, 0.021276595070958138],
            [3, 15, 3, 0.021276595070958138],
            [3, 15, 10, 0.042553190141916275],
            [3, 15, 16, 0.021276595070958138],
            [3, 16, 1, 0.021276595070958138],
            [3, 16, 4, 0.042553190141916275],
            [3, 16, 11, 0.08510638028383255],
            [3, 16, 13, 0.021276595070958138],
            [3, 16, 16, 0.042553190141916275],
            [3, 17, 0, 0.021276595070958138]
        ]
    }
}