{
    "train_f1": 3.7563130855560303,
    "train_prob": 17.056480407714844,
    "train_cov": 31.25,
    "valid_f1": 0.0,
    "valid_prob": 0.0,
    "valid_cov": 0.0,
    "len": 153,
    "binary_grammar": {
        "num_nt": 4,
        "num_pt": 14,
        "num_rhs": 324,
        "rule_probs": [
            [0, 0, 10, 0.023255813866853714],
            [0, 0, 17, 0.023255813866853714],
            [0, 1, 2, 0.023255813866853714],
            [0, 1, 3, 0.023255813866853714],
            [0, 1, 11, 0.13953489065170288],
            [0, 2, 15, 0.023255813866853714],
            [0, 3, 3, 0.023255813866853714],
            [0, 4, 12, 0.023255813866853714],
            [0, 4, 16, 0.023255813866853714],
            [0, 5, 5, 0.11627907305955887],
            [0, 6, 5, 0.023255813866853714],
            [0, 6, 11, 0.023255813866853714],
            [0, 7, 4, 0.023255813866853714],
            [0, 7, 6, 0.023255813866853714],
            [0, 7, 8, 0.023255813866853714],
            [0, 8, 12, 0.023255813866853714],
            [0, 8, 13, 0.023255813866853714],
            [0, 8, 15, 0.023255813866853714],
            [0, 10, 0, 0.023255813866853714],
            [0, 10, 10, 0.023255813866853714],
            [0, 10, 14, 0.023255813866853714],
            [0, 10, 17, 0.04651162773370743],
            [0, 11, 17, 0.023255813866853714],
            [0, 12, 5, 0.023255813866853714],
            [0, 12, 11, 0.023255813866853714],
            [0, 13, 9, 0.023255813866853714],
            [0, 13, 10, 0.023255813866853714],
            [0, 13, 13, 0.023255813866853714],
            [0, 13, 16, 0.023255813866853714],
            [0, 14, 11, 0.023255813866853714],
            [0, 16, 7, 0.06976744532585144],
            [1, 0, 11, 0.018518518656492233],
            [1, 0, 15, 0.03703703731298447],
            [1, 1, 1, 0.018518518656492233],
            [1, 1, 2, 0.018518518656492233],
            [1, 1, 5, 0.018518518656492233],
            [1, 2, 12, 0.018518518656492233],
            [1, 3, 1, 0.09259258955717087],
            [1, 3, 6, 0.018518518656492233],
            [1, 4, 5, 0.018518518656492233],
            [1, 4, 10, 0.018518518656492233],
            [1, 4, 11, 0.018518518656492233],
            [1, 6, 7, 0.018518518656492233],
            [1, 8, 16, 0.018518518656492233],
            [1, 8, 17, 0.018518518656492233],
            [1, 9, 16, 0.03703703731298447],
            [1, 9, 17, 0.03703703731298447],
            [1, 10, 1, 0.018518518656492233],
            [1, 10, 2, 0.07407407462596893],
            [1, 10, 7, 0.018518518656492233],
            [1, 10, 11, 0.018518518656492233],
            [1, 10, 17, 0.018518518656492233],
            [1, 11, 7, 0.018518518656492233],
            [1, 11, 17, 0.018518518656492233],
            [1, 12, 5, 0.018518518656492233],
            [1, 12, 17, 0.018518518656492233],
            [1, 14, 0, 0.09259258955717087],
            [1, 14, 2, 0.018518518656492233],
            [1, 14, 13, 0.018518518656492233],
            [1, 15, 1, 0.03703703731298447],
            [1, 15, 10, 0.018518518656492233],
            [1, 15, 11, 0.018518518656492233],
            [1, 16, 0, 0.018518518656492233],
            [1, 16, 2, 0.018518518656492233],
            [1, 16, 12, 0.018518518656492233],
            [1, 16, 15, 0.0555555559694767],
            [1, 17, 4, 0.018518518656492233],
            [1, 17, 5, 0.018518518656492233],
            [2, 0, 2, 0.0181818176060915],
            [2, 0, 6, 0.0181818176060915],
            [2, 0, 12, 0.0181818176060915],
            [2, 0, 16, 0.0181818176060915],
            [2, 1, 11, 0.0181818176060915],
            [2, 1, 13, 0.0181818176060915],
            [2, 1, 17, 0.036363635212183],
            [2, 2, 1, 0.0181818176060915],
            [2, 2, 7, 0.05454545468091965],
            [2, 2, 9, 0.036363635212183],
            [2, 2, 11, 0.0181818176060915],
            [2, 3, 8, 0.0181818176060915],
            [2, 3, 17, 0.0181818176060915],
            [2, 4, 9, 0.0181818176060915],
            [2, 4, 11, 0.0181818176060915],
            [2, 5, 11, 0.0181818176060915],
            [2, 5, 13, 0.0181818176060915],
            [2, 5, 14, 0.0181818176060915],
            [2, 6, 10, 0.0181818176060915],
            [2, 7, 4, 0.0181818176060915],
            [2, 7, 15, 0.0181818176060915],
            [2, 8, 4, 0.036363635212183],
            [2, 8, 16, 0.0181818176060915],
            [2, 9, 2, 0.0181818176060915],
            [2, 9, 6, 0.0181818176060915],
            [2, 9, 11, 0.05454545468091965],
            [2, 10, 0, 0.0181818176060915],
            [2, 10, 7, 0.0181818176060915],
            [2, 11, 0, 0.0181818176060915],
            [2, 11, 4, 0.0181818176060915],
            [2, 12, 2, 0.0181818176060915],
            [2, 12, 7, 0.0181818176060915],
            [2, 12, 17, 0.0181818176060915],
            [2, 13, 7, 0.036363635212183],
            [2, 14, 3, 0.0181818176060915],
            [2, 14, 13, 0.0181818176060915],
            [2, 14, 15, 0.0181818176060915],
            [2, 15, 7, 0.05454545468091965],
            [2, 15, 8, 0.0181818176060915],
            [2, 15, 9, 0.036363635212183],
            [2, 16, 14, 0.0181818176060915],
            [2, 17, 8, 0.0181818176060915],
            [2, 17, 12, 0.0181818176060915],
            [2, 17, 17, 0.0181818176060915],
            [3, 0, 6, 0.02083333395421505],
            [3, 0, 9, 0.02083333395421505],
            [3, 0, 13, 0.02083333395421505],
            [3, 2, 6, 0.02083333395421505],
            [3, 2, 15, 0.02083333395421505],
            [3, 3, 3, 0.02083333395421505],
            [3, 3, 15, 0.02083333395421505],
            [3, 3, 17, 0.02083333395421505],
            [3, 4, 2, 0.02083333395421505],
            [3, 4, 13, 0.02083333395421505],
            [3, 5, 1, 0.02083333395421505],
            [3, 5, 3, 0.02083333395421505],
            [3, 5, 16, 0.0416666679084301],
            [3, 6, 4, 0.02083333395421505],
            [3, 6, 10, 0.02083333395421505],
            [3, 6, 12, 0.0416666679084301],
            [3, 6, 16, 0.02083333395421505],
            [3, 7, 2, 0.02083333395421505],
            [3, 9, 10, 0.02083333395421505],
            [3, 9, 12, 0.0416666679084301],
            [3, 11, 4, 0.0625],
            [3, 11, 6, 0.02083333395421505],
            [3, 11, 9, 0.02083333395421505],
            [3, 11, 11, 0.02083333395421505],
            [3, 11, 16, 0.02083333395421505],
            [3, 11, 17, 0.02083333395421505],
            [3, 13, 7, 0.02083333395421505],
            [3, 13, 10, 0.02083333395421505],
            [3, 13, 11, 0.02083333395421505],
            [3, 14, 1, 0.02083333395421505],
            [3, 14, 13, 0.02083333395421505],
            [3, 15, 0, 0.02083333395421505],
            [3, 15, 10, 0.02083333395421505],
            [3, 15, 16, 0.02083333395421505],
            [3, 16, 4, 0.0416666679084301],
            [3, 16, 8, 0.02083333395421505],
            [3, 16, 11, 0.0416666679084301],
            [3, 16, 13, 0.02083333395421505],
            [3, 17, 6, 0.02083333395421505],
            [3, 17, 9, 0.02083333395421505],
            [3, 17, 13, 0.02083333395421505]
        ]
    }
}