{
    "train_f1": 7.657087326049805,
    "train_prob": 19.638320922851562,
    "train_cov": 56.25,
    "valid_f1": 0.0,
    "valid_prob": 0.0,
    "valid_cov": 0.0,
    "len": 136,
    "binary_grammar": {
        "num_nt": 4,
        "num_pt": 14,
        "num_rhs": 324,
        "rule_probs": [
            [0, 1, 3, 0.09259258955717087],
            [0, 1, 9, 0.018518518656492233],
            [0, 1, 10, 0.018518518656492233],
            [0, 1, 11, 0.07407407462596893],
            [0, 2, 8, 0.03703703731298447],
            [0, 2, 16, 0.03703703731298447],
            [0, 3, 3, 0.018518518656492233],
            [0, 4, 16, 0.018518518656492233],
            [0, 5, 0, 0.018518518656492233],
            [0, 5, 5, 0.09259258955717087],
            [0, 5, 7, 0.018518518656492233],
            [0, 6, 9, 0.07407407462596893],
            [0, 6, 11, 0.018518518656492233],
            [0, 8, 7, 0.018518518656492233],
            [0, 9, 2, 0.018518518656492233],
            [0, 9, 3, 0.03703703731298447],
            [0, 9, 15, 0.018518518656492233],
            [0, 10, 0, 0.018518518656492233],
            [0, 10, 4, 0.03703703731298447],
            [0, 10, 8, 0.018518518656492233],
            [0, 11, 1, 0.03703703731298447],
            [0, 11, 7, 0.018518518656492233],
            [0, 11, 10, 0.03703703731298447],
            [0, 12, 5, 0.018518518656492233],
            [0, 12, 11, 0.018518518656492233],
            [0, 13, 16, 0.03703703731298447],
            [0, 14, 9, 0.018518518656492233],
            [0, 15, 3, 0.018518518656492233],
            [0, 15, 10, 0.018518518656492233],
            [0, 16, 5, 0.03703703731298447],
            [0, 16, 7, 0.03703703731298447],
            [1, 0, 8, 0.015625],
            [1, 0, 11, 0.015625],
            [1, 1, 1, 0.03125],
            [1, 1, 17, 0.03125],
            [1, 2, 11, 0.015625],
            [1, 3, 1, 0.015625],
            [1, 3, 4, 0.015625],
            [1, 3, 6, 0.015625],
            [1, 3, 11, 0.015625],
            [1, 4, 13, 0.015625],
            [1, 4, 15, 0.015625],
            [1, 4, 16, 0.015625],
            [1, 5, 3, 0.03125],
            [1, 5, 16, 0.015625],
            [1, 6, 10, 0.015625],
            [1, 6, 16, 0.015625],
            [1, 7, 7, 0.046875],
            [1, 8, 1, 0.03125],
            [1, 8, 13, 0.015625],
            [1, 8, 16, 0.015625],
            [1, 9, 4, 0.015625],
            [1, 9, 15, 0.015625],
            [1, 9, 16, 0.015625],
            [1, 9, 17, 0.015625],
            [1, 10, 1, 0.015625],
            [1, 10, 2, 0.046875],
            [1, 11, 3, 0.015625],
            [1, 11, 6, 0.015625],
            [1, 11, 11, 0.015625],
            [1, 13, 3, 0.015625],
            [1, 13, 12, 0.015625],
            [1, 13, 15, 0.015625],
            [1, 14, 0, 0.125],
            [1, 14, 12, 0.015625],
            [1, 15, 1, 0.015625],
            [1, 15, 10, 0.015625],
            [1, 15, 13, 0.015625],
            [1, 15, 17, 0.015625],
            [1, 16, 2, 0.015625],
            [1, 16, 12, 0.0625],
            [1, 16, 13, 0.015625],
            [1, 16, 15, 0.0625],
            [1, 17, 8, 0.015625],
            [2, 0, 8, 0.02631578966975212],
            [2, 0, 16, 0.05263157933950424],
            [2, 1, 7, 0.02631578966975212],
            [2, 1, 8, 0.02631578966975212],
            [2, 2, 7, 0.02631578966975212],
            [2, 2, 8, 0.02631578966975212],
            [2, 2, 14, 0.02631578966975212],
            [2, 3, 17, 0.02631578966975212],
            [2, 4, 11, 0.02631578966975212],
            [2, 6, 16, 0.02631578966975212],
            [2, 7, 1, 0.02631578966975212],
            [2, 7, 4, 0.10526315867900848],
            [2, 7, 13, 0.02631578966975212],
            [2, 9, 3, 0.02631578966975212],
            [2, 9, 9, 0.05263157933950424],
            [2, 9, 11, 0.02631578966975212],
            [2, 11, 4, 0.05263157933950424],
            [2, 12, 2, 0.02631578966975212],
            [2, 12, 7, 0.02631578966975212],
            [2, 12, 9, 0.02631578966975212],
            [2, 13, 8, 0.05263157933950424],
            [2, 13, 12, 0.02631578966975212],
            [2, 14, 4, 0.07894736528396606],
            [2, 14, 5, 0.02631578966975212],
            [2, 14, 12, 0.02631578966975212],
            [2, 15, 7, 0.02631578966975212],
            [2, 16, 4, 0.02631578966975212],
            [2, 16, 12, 0.02631578966975212],
            [2, 17, 1, 0.02631578966975212],
            [3, 0, 2, 0.022727273404598236],
            [3, 0, 10, 0.022727273404598236],
            [3, 1, 3, 0.022727273404598236],
            [3, 2, 14, 0.022727273404598236],
            [3, 2, 17, 0.022727273404598236],
            [3, 3, 12, 0.022727273404598236],
            [3, 5, 12, 0.04545454680919647],
            [3, 5, 16, 0.022727273404598236],
            [3, 6, 4, 0.022727273404598236],
            [3, 6, 6, 0.022727273404598236],
            [3, 6, 7, 0.022727273404598236],
            [3, 6, 12, 0.022727273404598236],
            [3, 6, 17, 0.022727273404598236],
            [3, 9, 3, 0.022727273404598236],
            [3, 9, 11, 0.022727273404598236],
            [3, 9, 12, 0.04545454680919647],
            [3, 9, 15, 0.04545454680919647],
            [3, 10, 13, 0.022727273404598236],
            [3, 11, 5, 0.022727273404598236],
            [3, 11, 14, 0.022727273404598236],
            [3, 11, 16, 0.022727273404598236],
            [3, 11, 17, 0.022727273404598236],
            [3, 12, 8, 0.04545454680919647],
            [3, 13, 12, 0.04545454680919647],
            [3, 13, 14, 0.022727273404598236],
            [3, 13, 15, 0.022727273404598236],
            [3, 15, 8, 0.022727273404598236],
            [3, 15, 16, 0.04545454680919647],
            [3, 16, 4, 0.022727273404598236],
            [3, 16, 6, 0.022727273404598236],
            [3, 16, 11, 0.13636364042758942],
            [3, 17, 2, 0.022727273404598236],
            [3, 17, 5, 0.022727273404598236]
        ]
    }
}