{
    "train_f1": 3.527930736541748,
    "train_prob": 20.72551918029785,
    "train_cov": 25.0,
    "valid_f1": 5.0,
    "valid_prob": 17.710540771484375,
    "valid_cov": 10.0,
    "len": 148,
    "binary_grammar": {
        "num_nt": 4,
        "num_pt": 14,
        "num_rhs": 324,
        "rule_probs": [
            [0, 0, 0, 0.01886792480945587],
            [0, 0, 14, 0.01886792480945587],
            [0, 0, 17, 0.01886792480945587],
            [0, 1, 0, 0.01886792480945587],
            [0, 1, 3, 0.07547169923782349],
            [0, 1, 9, 0.01886792480945587],
            [0, 1, 11, 0.056603774428367615],
            [0, 1, 17, 0.01886792480945587],
            [0, 2, 8, 0.03773584961891174],
            [0, 3, 11, 0.01886792480945587],
            [0, 4, 0, 0.01886792480945587],
            [0, 4, 4, 0.01886792480945587],
            [0, 4, 17, 0.01886792480945587],
            [0, 5, 5, 0.18867924809455872],
            [0, 5, 10, 0.01886792480945587],
            [0, 6, 0, 0.01886792480945587],
            [0, 6, 3, 0.01886792480945587],
            [0, 6, 9, 0.056603774428367615],
            [0, 6, 12, 0.01886792480945587],
            [0, 9, 4, 0.01886792480945587],
            [0, 9, 6, 0.01886792480945587],
            [0, 9, 15, 0.01886792480945587],
            [0, 10, 9, 0.01886792480945587],
            [0, 11, 1, 0.01886792480945587],
            [0, 11, 6, 0.01886792480945587],
            [0, 13, 0, 0.01886792480945587],
            [0, 13, 16, 0.03773584961891174],
            [0, 14, 1, 0.01886792480945587],
            [0, 14, 11, 0.01886792480945587],
            [0, 15, 5, 0.01886792480945587],
            [0, 16, 1, 0.01886792480945587],
            [0, 16, 5, 0.01886792480945587],
            [0, 16, 15, 0.01886792480945587],
            [0, 17, 6, 0.01886792480945587],
            [0, 17, 14, 0.01886792480945587],
            [1, 0, 5, 0.03703703731298447],
            [1, 0, 10, 0.018518518656492233],
            [1, 0, 15, 0.03703703731298447],
            [1, 1, 1, 0.018518518656492233],
            [1, 1, 2, 0.018518518656492233],
            [1, 3, 1, 0.09259258955717087],
            [1, 3, 9, 0.018518518656492233],
            [1, 5, 4, 0.03703703731298447],
            [1, 6, 9, 0.018518518656492233],
            [1, 7, 3, 0.018518518656492233],
            [1, 8, 4, 0.018518518656492233],
            [1, 8, 16, 0.018518518656492233],
            [1, 8, 17, 0.03703703731298447],
            [1, 9, 16, 0.018518518656492233],
            [1, 10, 1, 0.03703703731298447],
            [1, 10, 2, 0.09259258955717087],
            [1, 10, 6, 0.018518518656492233],
            [1, 11, 4, 0.03703703731298447],
            [1, 11, 10, 0.018518518656492233],
            [1, 12, 3, 0.018518518656492233],
            [1, 12, 9, 0.018518518656492233],
            [1, 13, 3, 0.018518518656492233],
            [1, 13, 9, 0.018518518656492233],
            [1, 13, 15, 0.018518518656492233],
            [1, 13, 17, 0.0555555559694767],
            [1, 14, 0, 0.0555555559694767],
            [1, 14, 4, 0.018518518656492233],
            [1, 15, 5, 0.018518518656492233],
            [1, 15, 10, 0.018518518656492233],
            [1, 16, 9, 0.018518518656492233],
            [1, 16, 12, 0.018518518656492233],
            [1, 16, 15, 0.018518518656492233],
            [1, 17, 8, 0.018518518656492233],
            [1, 17, 9, 0.03703703731298447],
            [1, 17, 12, 0.018518518656492233],
            [2, 0, 3, 0.01785714365541935],
            [2, 0, 14, 0.01785714365541935],
            [2, 1, 6, 0.0357142873108387],
            [2, 1, 17, 0.01785714365541935],
            [2, 2, 0, 0.0357142873108387],
            [2, 2, 1, 0.01785714365541935],
            [2, 2, 6, 0.01785714365541935],
            [2, 2, 7, 0.01785714365541935],
            [2, 2, 10, 0.0357142873108387],
            [2, 3, 9, 0.01785714365541935],
            [2, 3, 10, 0.01785714365541935],
            [2, 3, 17, 0.01785714365541935],
            [2, 4, 8, 0.01785714365541935],
            [2, 5, 3, 0.01785714365541935],
            [2, 5, 4, 0.01785714365541935],
            [2, 5, 8, 0.01785714365541935],
            [2, 5, 11, 0.01785714365541935],
            [2, 5, 17, 0.01785714365541935],
            [2, 6, 7, 0.01785714365541935],
            [2, 6, 11, 0.01785714365541935],
            [2, 7, 4, 0.0535714291036129],
            [2, 7, 10, 0.01785714365541935],
            [2, 7, 11, 0.0892857164144516],
            [2, 7, 15, 0.01785714365541935],
            [2, 7, 16, 0.01785714365541935],
            [2, 9, 11, 0.01785714365541935],
            [2, 9, 12, 0.01785714365541935],
            [2, 9, 16, 0.01785714365541935],
            [2, 10, 14, 0.01785714365541935],
            [2, 11, 4, 0.01785714365541935],
            [2, 11, 10, 0.01785714365541935],
            [2, 12, 9, 0.01785714365541935],
            [2, 12, 16, 0.01785714365541935],
            [2, 13, 8, 0.01785714365541935],
            [2, 14, 0, 0.01785714365541935],
            [2, 14, 4, 0.01785714365541935],
            [2, 14, 11, 0.01785714365541935],
            [2, 15, 2, 0.0892857164144516],
            [2, 15, 7, 0.01785714365541935],
            [2, 15, 17, 0.01785714365541935],
            [2, 16, 2, 0.01785714365541935],
            [2, 17, 7, 0.01785714365541935],
            [2, 17, 17, 0.01785714365541935],
            [3, 1, 4, 0.027027027681469917],
            [3, 1, 15, 0.027027027681469917],
            [3, 1, 17, 0.054054055362939835],
            [3, 2, 4, 0.027027027681469917],
            [3, 2, 6, 0.027027027681469917],
            [3, 5, 6, 0.027027027681469917],
            [3, 5, 8, 0.027027027681469917],
            [3, 5, 16, 0.027027027681469917],
            [3, 6, 0, 0.027027027681469917],
            [3, 6, 4, 0.027027027681469917],
            [3, 6, 8, 0.027027027681469917],
            [3, 6, 12, 0.027027027681469917],
            [3, 8, 4, 0.027027027681469917],
            [3, 9, 6, 0.027027027681469917],
            [3, 9, 12, 0.054054055362939835],
            [3, 10, 5, 0.027027027681469917],
            [3, 10, 11, 0.027027027681469917],
            [3, 11, 4, 0.027027027681469917],
            [3, 11, 5, 0.027027027681469917],
            [3, 11, 11, 0.027027027681469917],
            [3, 11, 13, 0.027027027681469917],
            [3, 11, 17, 0.027027027681469917],
            [3, 12, 3, 0.027027027681469917],
            [3, 12, 8, 0.027027027681469917],
            [3, 12, 10, 0.027027027681469917],
            [3, 12, 12, 0.027027027681469917],
            [3, 13, 3, 0.027027027681469917],
            [3, 13, 4, 0.027027027681469917],
            [3, 13, 11, 0.027027027681469917],
            [3, 14, 15, 0.027027027681469917],
            [3, 15, 1, 0.027027027681469917],
            [3, 15, 2, 0.027027027681469917],
            [3, 15, 3, 0.027027027681469917],
            [3, 16, 11, 0.027027027681469917],
            [3, 16, 13, 0.027027027681469917]
        ]
    }
}