{
    "train_f1": 13.16188907623291,
    "train_prob": 61.47399139404297,
    "train_cov": 100.0,
    "valid_f1": 0.0,
    "valid_prob": 0.0,
    "valid_cov": 0.0,
    "len": 145,
    "binary_grammar": {
        "num_nt": 4,
        "num_pt": 14,
        "num_rhs": 324,
        "rule_probs": [
            [0, 0, 5, 0.01785714365541935],
            [0, 0, 11, 0.01785714365541935],
            [0, 0, 14, 0.01785714365541935],
            [0, 1, 0, 0.01785714365541935],
            [0, 1, 3, 0.0714285746216774],
            [0, 1, 9, 0.0357142873108387],
            [0, 1, 11, 0.0714285746216774],
            [0, 1, 12, 0.01785714365541935],
            [0, 2, 11, 0.01785714365541935],
            [0, 2, 17, 0.01785714365541935],
            [0, 4, 0, 0.01785714365541935],
            [0, 4, 12, 0.01785714365541935],
            [0, 4, 15, 0.01785714365541935],
            [0, 5, 0, 0.0357142873108387],
            [0, 5, 5, 0.1428571492433548],
            [0, 6, 3, 0.01785714365541935],
            [0, 6, 9, 0.0892857164144516],
            [0, 6, 11, 0.01785714365541935],
            [0, 8, 2, 0.01785714365541935],
            [0, 8, 7, 0.01785714365541935],
            [0, 8, 13, 0.01785714365541935],
            [0, 9, 15, 0.01785714365541935],
            [0, 11, 1, 0.01785714365541935],
            [0, 11, 4, 0.01785714365541935],
            [0, 11, 7, 0.01785714365541935],
            [0, 12, 14, 0.01785714365541935],
            [0, 13, 14, 0.01785714365541935],
            [0, 14, 1, 0.01785714365541935],
            [0, 14, 13, 0.01785714365541935],
            [0, 15, 10, 0.01785714365541935],
            [0, 15, 17, 0.01785714365541935],
            [0, 16, 5, 0.0535714291036129],
            [0, 16, 14, 0.01785714365541935],
            [0, 17, 0, 0.01785714365541935],
            [0, 17, 11, 0.01785714365541935],
            [1, 0, 11, 0.05000000074505806],
            [1, 0, 14, 0.02500000037252903],
            [1, 1, 8, 0.02500000037252903],
            [1, 2, 10, 0.02500000037252903],
            [1, 2, 13, 0.02500000037252903],
            [1, 3, 1, 0.125],
            [1, 3, 6, 0.02500000037252903],
            [1, 3, 9, 0.02500000037252903],
            [1, 3, 11, 0.02500000037252903],
            [1, 3, 14, 0.02500000037252903],
            [1, 3, 16, 0.05000000074505806],
            [1, 4, 4, 0.02500000037252903],
            [1, 4, 16, 0.02500000037252903],
            [1, 6, 5, 0.02500000037252903],
            [1, 6, 8, 0.02500000037252903],
            [1, 8, 1, 0.05000000074505806],
            [1, 8, 4, 0.02500000037252903],
            [1, 8, 11, 0.02500000037252903],
            [1, 10, 14, 0.02500000037252903],
            [1, 11, 0, 0.02500000037252903],
            [1, 11, 11, 0.02500000037252903],
            [1, 12, 1, 0.02500000037252903],
            [1, 12, 9, 0.05000000074505806],
            [1, 13, 17, 0.02500000037252903],
            [1, 14, 0, 0.02500000037252903],
            [1, 14, 8, 0.02500000037252903],
            [1, 15, 7, 0.02500000037252903],
            [1, 15, 13, 0.02500000037252903],
            [1, 16, 2, 0.02500000037252903],
            [1, 17, 1, 0.02500000037252903],
            [1, 17, 8, 0.05000000074505806],
            [2, 0, 0, 0.02083333395421505],
            [2, 0, 7, 0.02083333395421505],
            [2, 0, 16, 0.02083333395421505],
            [2, 1, 3, 0.02083333395421505],
            [2, 1, 17, 0.0416666679084301],
            [2, 2, 1, 0.02083333395421505],
            [2, 2, 7, 0.02083333395421505],
            [2, 3, 3, 0.02083333395421505],
            [2, 3, 10, 0.0416666679084301],
            [2, 4, 8, 0.02083333395421505],
            [2, 5, 12, 0.02083333395421505],
            [2, 6, 12, 0.02083333395421505],
            [2, 6, 13, 0.02083333395421505],
            [2, 6, 15, 0.02083333395421505],
            [2, 7, 4, 0.0625],
            [2, 7, 7, 0.02083333395421505],
            [2, 7, 10, 0.02083333395421505],
            [2, 7, 11, 0.0625],
            [2, 7, 15, 0.02083333395421505],
            [2, 8, 11, 0.02083333395421505],
            [2, 9, 3, 0.0416666679084301],
            [2, 9, 11, 0.02083333395421505],
            [2, 10, 10, 0.02083333395421505],
            [2, 11, 11, 0.02083333395421505],
            [2, 11, 15, 0.02083333395421505],
            [2, 11, 16, 0.02083333395421505],
            [2, 12, 7, 0.0625],
            [2, 12, 9, 0.02083333395421505],
            [2, 12, 12, 0.02083333395421505],
            [2, 13, 4, 0.02083333395421505],
            [2, 13, 5, 0.0416666679084301],
            [2, 13, 8, 0.0416666679084301],
            [2, 13, 16, 0.02083333395421505],
            [2, 14, 9, 0.02083333395421505],
            [2, 15, 2, 0.02083333395421505],
            [2, 15, 4, 0.02083333395421505],
            [2, 17, 1, 0.02083333395421505],
            [3, 0, 4, 0.0714285746216774],
            [3, 0, 6, 0.01785714365541935],
            [3, 1, 1, 0.01785714365541935],
            [3, 1, 5, 0.01785714365541935],
            [3, 1, 6, 0.01785714365541935],
            [3, 1, 15, 0.01785714365541935],
            [3, 2, 4, 0.01785714365541935],
            [3, 2, 7, 0.01785714365541935],
            [3, 2, 14, 0.01785714365541935],
            [3, 3, 2, 0.0535714291036129],
            [3, 3, 5, 0.01785714365541935],
            [3, 4, 8, 0.01785714365541935],
            [3, 4, 9, 0.01785714365541935],
            [3, 4, 12, 0.01785714365541935],
            [3, 4, 13, 0.01785714365541935],
            [3, 5, 1, 0.01785714365541935],
            [3, 5, 3, 0.01785714365541935],
            [3, 6, 0, 0.01785714365541935],
            [3, 6, 1, 0.01785714365541935],
            [3, 6, 10, 0.01785714365541935],
            [3, 7, 5, 0.01785714365541935],
            [3, 9, 6, 0.0357142873108387],
            [3, 9, 12, 0.0357142873108387],
            [3, 9, 15, 0.0357142873108387],
            [3, 10, 11, 0.01785714365541935],
            [3, 10, 13, 0.01785714365541935],
            [3, 11, 4, 0.01785714365541935],
            [3, 11, 13, 0.01785714365541935],
            [3, 11, 17, 0.01785714365541935],
            [3, 12, 8, 0.0535714291036129],
            [3, 12, 16, 0.0357142873108387],
            [3, 13, 11, 0.01785714365541935],
            [3, 14, 4, 0.01785714365541935],
            [3, 14, 11, 0.01785714365541935],
            [3, 14, 15, 0.01785714365541935],
            [3, 15, 3, 0.01785714365541935],
            [3, 15, 17, 0.01785714365541935],
            [3, 16, 11, 0.0714285746216774],
            [3, 16, 12, 0.01785714365541935],
            [3, 17, 5, 0.01785714365541935],
            [3, 17, 9, 0.01785714365541935],
            [3, 17, 13, 0.01785714365541935]
        ]
    }
}