{
    "train_f1": 13.884206771850586,
    "train_prob": 29.256946563720703,
    "train_cov": 87.5,
    "valid_f1": 10.0,
    "valid_prob": 18.006776809692383,
    "valid_cov": 10.0,
    "len": 133,
    "binary_grammar": {
        "num_nt": 4,
        "num_pt": 14,
        "num_rhs": 324,
        "rule_probs": [
            [0, 0, 2, 0.016129031777381897],
            [0, 0, 8, 0.016129031777381897],
            [0, 1, 0, 0.016129031777381897],
            [0, 1, 3, 0.08064515888690948],
            [0, 1, 11, 0.08064515888690948],
            [0, 1, 13, 0.032258063554763794],
            [0, 2, 5, 0.016129031777381897],
            [0, 2, 9, 0.016129031777381897],
            [0, 2, 10, 0.016129031777381897],
            [0, 2, 16, 0.016129031777381897],
            [0, 4, 12, 0.016129031777381897],
            [0, 5, 5, 0.16129031777381897],
            [0, 6, 9, 0.04838709533214569],
            [0, 7, 4, 0.016129031777381897],
            [0, 7, 17, 0.016129031777381897],
            [0, 8, 12, 0.016129031777381897],
            [0, 9, 2, 0.016129031777381897],
            [0, 9, 5, 0.016129031777381897],
            [0, 9, 10, 0.016129031777381897],
            [0, 9, 15, 0.032258063554763794],
            [0, 10, 10, 0.032258063554763794],
            [0, 10, 14, 0.016129031777381897],
            [0, 11, 1, 0.08064515888690948],
            [0, 11, 12, 0.032258063554763794],
            [0, 13, 16, 0.032258063554763794],
            [0, 14, 5, 0.016129031777381897],
            [0, 14, 11, 0.016129031777381897],
            [0, 15, 17, 0.016129031777381897],
            [0, 16, 5, 0.04838709533214569],
            [0, 16, 7, 0.016129031777381897],
            [0, 16, 8, 0.016129031777381897],
            [0, 17, 14, 0.016129031777381897],
            [1, 0, 7, 0.03921568766236305],
            [1, 0, 14, 0.019607843831181526],
            [1, 0, 17, 0.019607843831181526],
            [1, 1, 0, 0.03921568766236305],
            [1, 2, 0, 0.019607843831181526],
            [1, 2, 11, 0.019607843831181526],
            [1, 2, 16, 0.019607843831181526],
            [1, 3, 1, 0.019607843831181526],
            [1, 3, 8, 0.019607843831181526],
            [1, 4, 9, 0.03921568766236305],
            [1, 4, 16, 0.019607843831181526],
            [1, 5, 4, 0.019607843831181526],
            [1, 5, 8, 0.019607843831181526],
            [1, 7, 7, 0.03921568766236305],
            [1, 8, 1, 0.03921568766236305],
            [1, 8, 6, 0.019607843831181526],
            [1, 8, 11, 0.019607843831181526],
            [1, 9, 1, 0.019607843831181526],
            [1, 9, 6, 0.019607843831181526],
            [1, 9, 17, 0.03921568766236305],
            [1, 10, 1, 0.0784313753247261],
            [1, 10, 5, 0.019607843831181526],
            [1, 10, 15, 0.019607843831181526],
            [1, 11, 0, 0.03921568766236305],
            [1, 11, 4, 0.019607843831181526],
            [1, 11, 11, 0.019607843831181526],
            [1, 12, 4, 0.019607843831181526],
            [1, 12, 9, 0.03921568766236305],
            [1, 12, 15, 0.019607843831181526],
            [1, 13, 16, 0.019607843831181526],
            [1, 14, 0, 0.03921568766236305],
            [1, 15, 7, 0.019607843831181526],
            [1, 15, 9, 0.019607843831181526],
            [1, 15, 10, 0.019607843831181526],
            [1, 15, 14, 0.019607843831181526],
            [1, 16, 0, 0.019607843831181526],
            [1, 16, 2, 0.019607843831181526],
            [1, 16, 15, 0.019607843831181526],
            [1, 17, 16, 0.019607843831181526],
            [2, 0, 0, 0.02500000037252903],
            [2, 1, 17, 0.02500000037252903],
            [2, 5, 12, 0.02500000037252903],
            [2, 5, 14, 0.02500000037252903],
            [2, 6, 11, 0.02500000037252903],
            [2, 7, 3, 0.05000000074505806],
            [2, 7, 4, 0.02500000037252903],
            [2, 7, 10, 0.02500000037252903],
            [2, 7, 11, 0.05000000074505806],
            [2, 7, 13, 0.02500000037252903],
            [2, 7, 14, 0.02500000037252903],
            [2, 8, 13, 0.05000000074505806],
            [2, 8, 16, 0.02500000037252903],
            [2, 9, 2, 0.02500000037252903],
            [2, 9, 11, 0.05000000074505806],
            [2, 10, 6, 0.02500000037252903],
            [2, 12, 2, 0.02500000037252903],
            [2, 12, 7, 0.02500000037252903],
            [2, 12, 10, 0.02500000037252903],
            [2, 13, 8, 0.05000000074505806],
            [2, 13, 9, 0.02500000037252903],
            [2, 13, 15, 0.02500000037252903],
            [2, 14, 4, 0.02500000037252903],
            [2, 14, 7, 0.02500000037252903],
            [2, 15, 2, 0.05000000074505806],
            [2, 15, 11, 0.02500000037252903],
            [2, 16, 2, 0.02500000037252903],
            [2, 16, 5, 0.02500000037252903],
            [2, 16, 6, 0.02500000037252903],
            [2, 16, 8, 0.02500000037252903],
            [2, 17, 1, 0.05000000074505806],
            [2, 17, 6, 0.02500000037252903],
            [2, 17, 7, 0.02500000037252903],
            [3, 0, 0, 0.021276595070958138],
            [3, 0, 14, 0.021276595070958138],
            [3, 1, 5, 0.021276595070958138],
            [3, 2, 10, 0.021276595070958138],
            [3, 2, 14, 0.042553190141916275],
            [3, 4, 7, 0.021276595070958138],
            [3, 5, 1, 0.021276595070958138],
            [3, 6, 1, 0.021276595070958138],
            [3, 6, 12, 0.06382978707551956],
            [3, 8, 7, 0.021276595070958138],
            [3, 9, 12, 0.08510638028383255],
            [3, 9, 15, 0.021276595070958138],
            [3, 10, 5, 0.021276595070958138],
            [3, 11, 4, 0.021276595070958138],
            [3, 11, 12, 0.021276595070958138],
            [3, 11, 17, 0.042553190141916275],
            [3, 12, 2, 0.021276595070958138],
            [3, 12, 8, 0.06382978707551956],
            [3, 13, 0, 0.06382978707551956],
            [3, 13, 12, 0.021276595070958138],
            [3, 14, 6, 0.042553190141916275],
            [3, 14, 15, 0.042553190141916275],
            [3, 15, 3, 0.06382978707551956],
            [3, 15, 17, 0.021276595070958138],
            [3, 16, 3, 0.021276595070958138],
            [3, 16, 11, 0.042553190141916275],
            [3, 16, 12, 0.021276595070958138],
            [3, 17, 4, 0.042553190141916275],
            [3, 17, 9, 0.042553190141916275]
        ]
    }
}