{
    "train_f1": 12.29515552520752,
    "train_prob": 48.96574401855469,
    "train_cov": 75.0,
    "valid_f1": 10.0,
    "valid_prob": 17.924501419067383,
    "valid_cov": 10.0,
    "len": 139,
    "binary_grammar": {
        "num_nt": 4,
        "num_pt": 14,
        "num_rhs": 324,
        "rule_probs": [
            [0, 0, 2, 0.043478261679410934],
            [0, 0, 5, 0.014492753893136978],
            [0, 1, 0, 0.014492753893136978],
            [0, 1, 3, 0.05797101557254791],
            [0, 1, 4, 0.014492753893136978],
            [0, 1, 11, 0.05797101557254791],
            [0, 2, 3, 0.014492753893136978],
            [0, 2, 4, 0.014492753893136978],
            [0, 2, 9, 0.014492753893136978],
            [0, 2, 11, 0.014492753893136978],
            [0, 2, 15, 0.014492753893136978],
            [0, 3, 1, 0.014492753893136978],
            [0, 4, 10, 0.014492753893136978],
            [0, 5, 0, 0.014492753893136978],
            [0, 5, 3, 0.028985507786273956],
            [0, 5, 5, 0.08695652335882187],
            [0, 5, 16, 0.014492753893136978],
            [0, 6, 9, 0.08695652335882187],
            [0, 6, 11, 0.043478261679410934],
            [0, 6, 13, 0.014492753893136978],
            [0, 7, 1, 0.014492753893136978],
            [0, 9, 7, 0.014492753893136978],
            [0, 9, 14, 0.028985507786273956],
            [0, 9, 15, 0.028985507786273956],
            [0, 10, 3, 0.014492753893136978],
            [0, 10, 10, 0.014492753893136978],
            [0, 10, 13, 0.014492753893136978],
            [0, 10, 17, 0.014492753893136978],
            [0, 11, 1, 0.028985507786273956],
            [0, 11, 3, 0.014492753893136978],
            [0, 11, 4, 0.014492753893136978],
            [0, 11, 6, 0.014492753893136978],
            [0, 11, 12, 0.014492753893136978],
            [0, 13, 6, 0.014492753893136978],
            [0, 13, 16, 0.014492753893136978],
            [0, 14, 16, 0.014492753893136978],
            [0, 15, 13, 0.014492753893136978],
            [0, 15, 17, 0.014492753893136978],
            [0, 16, 1, 0.014492753893136978],
            [0, 16, 4, 0.014492753893136978],
            [0, 16, 5, 0.014492753893136978],
            [0, 16, 7, 0.014492753893136978],
            [0, 16, 14, 0.014492753893136978],
            [0, 16, 17, 0.014492753893136978],
            [0, 17, 4, 0.014492753893136978],
            [1, 0, 7, 0.04444444552063942],
            [1, 0, 11, 0.02222222276031971],
            [1, 2, 17, 0.02222222276031971],
            [1, 3, 1, 0.06666667014360428],
            [1, 3, 8, 0.02222222276031971],
            [1, 4, 13, 0.02222222276031971],
            [1, 5, 4, 0.04444444552063942],
            [1, 5, 16, 0.04444444552063942],
            [1, 6, 10, 0.02222222276031971],
            [1, 8, 1, 0.02222222276031971],
            [1, 8, 4, 0.02222222276031971],
            [1, 8, 6, 0.02222222276031971],
            [1, 8, 9, 0.04444444552063942],
            [1, 8, 13, 0.02222222276031971],
            [1, 10, 1, 0.04444444552063942],
            [1, 10, 7, 0.02222222276031971],
            [1, 10, 17, 0.02222222276031971],
            [1, 11, 0, 0.02222222276031971],
            [1, 11, 10, 0.02222222276031971],
            [1, 11, 17, 0.02222222276031971],
            [1, 12, 2, 0.02222222276031971],
            [1, 12, 9, 0.02222222276031971],
            [1, 12, 11, 0.02222222276031971],
            [1, 14, 0, 0.04444444552063942],
            [1, 14, 5, 0.02222222276031971],
            [1, 14, 10, 0.02222222276031971],
            [1, 15, 5, 0.02222222276031971],
            [1, 15, 9, 0.02222222276031971],
            [1, 15, 13, 0.02222222276031971],
            [1, 16, 0, 0.04444444552063942],
            [1, 16, 2, 0.02222222276031971],
            [1, 16, 9, 0.02222222276031971],
            [1, 16, 12, 0.04444444552063942],
            [1, 17, 8, 0.02222222276031971],
            [1, 17, 16, 0.02222222276031971],
            [2, 0, 13, 0.03999999910593033],
            [2, 2, 7, 0.03999999910593033],
            [2, 3, 9, 0.03999999910593033],
            [2, 5, 11, 0.03999999910593033],
            [2, 5, 12, 0.03999999910593033],
            [2, 7, 4, 0.07999999821186066],
            [2, 7, 12, 0.03999999910593033],
            [2, 7, 13, 0.03999999910593033],
            [2, 8, 4, 0.03999999910593033],
            [2, 9, 9, 0.03999999910593033],
            [2, 11, 4, 0.03999999910593033],
            [2, 13, 6, 0.03999999910593033],
            [2, 13, 7, 0.03999999910593033],
            [2, 13, 12, 0.07999999821186066],
            [2, 14, 4, 0.03999999910593033],
            [2, 14, 5, 0.03999999910593033],
            [2, 15, 15, 0.03999999910593033],
            [2, 16, 2, 0.03999999910593033],
            [2, 16, 5, 0.03999999910593033],
            [2, 16, 6, 0.03999999910593033],
            [2, 16, 7, 0.03999999910593033],
            [2, 16, 8, 0.03999999910593033],
            [2, 17, 8, 0.03999999910593033],
            [3, 0, 4, 0.016393441706895828],
            [3, 1, 3, 0.016393441706895828],
            [3, 1, 5, 0.032786883413791656],
            [3, 1, 14, 0.016393441706895828],
            [3, 1, 15, 0.016393441706895828],
            [3, 1, 17, 0.032786883413791656],
            [3, 2, 13, 0.04918032884597778],
            [3, 2, 14, 0.04918032884597778],
            [3, 3, 6, 0.016393441706895828],
            [3, 3, 9, 0.016393441706895828],
            [3, 4, 0, 0.016393441706895828],
            [3, 4, 13, 0.04918032884597778],
            [3, 5, 4, 0.016393441706895828],
            [3, 5, 15, 0.016393441706895828],
            [3, 5, 17, 0.016393441706895828],
            [3, 7, 8, 0.016393441706895828],
            [3, 9, 3, 0.032786883413791656],
            [3, 9, 12, 0.04918032884597778],
            [3, 9, 15, 0.032786883413791656],
            [3, 10, 0, 0.016393441706895828],
            [3, 10, 13, 0.016393441706895828],
            [3, 10, 15, 0.016393441706895828],
            [3, 11, 4, 0.06557376682758331],
            [3, 11, 6, 0.016393441706895828],
            [3, 11, 16, 0.016393441706895828],
            [3, 11, 17, 0.016393441706895828],
            [3, 12, 8, 0.032786883413791656],
            [3, 13, 0, 0.016393441706895828],
            [3, 14, 3, 0.016393441706895828],
            [3, 14, 15, 0.04918032884597778],
            [3, 15, 3, 0.08196721225976944],
            [3, 15, 14, 0.016393441706895828],
            [3, 16, 1, 0.032786883413791656],
            [3, 16, 11, 0.04918032884597778],
            [3, 17, 9, 0.016393441706895828],
            [3, 17, 17, 0.016393441706895828]
        ]
    }
}