{
    "train_f1": 24.480880737304688,
    "train_prob": 53.84109115600586,
    "train_cov": 93.75,
    "valid_f1": 10.0,
    "valid_prob": 17.782684326171875,
    "valid_cov": 10.0,
    "len": 165,
    "binary_grammar": {
        "num_nt": 4,
        "num_pt": 14,
        "num_rhs": 324,
        "rule_probs": [
            [0, 0, 1, 0.02083333395421505],
            [0, 0, 3, 0.02083333395421505],
            [0, 1, 0, 0.02083333395421505],
            [0, 1, 9, 0.02083333395421505],
            [0, 1, 11, 0.02083333395421505],
            [0, 1, 14, 0.02083333395421505],
            [0, 2, 0, 0.02083333395421505],
            [0, 2, 3, 0.02083333395421505],
            [0, 2, 8, 0.02083333395421505],
            [0, 2, 11, 0.0416666679084301],
            [0, 2, 16, 0.02083333395421505],
            [0, 3, 6, 0.02083333395421505],
            [0, 4, 1, 0.02083333395421505],
            [0, 4, 9, 0.02083333395421505],
            [0, 4, 12, 0.02083333395421505],
            [0, 5, 5, 0.0416666679084301],
            [0, 5, 7, 0.02083333395421505],
            [0, 5, 16, 0.02083333395421505],
            [0, 6, 9, 0.02083333395421505],
            [0, 6, 13, 0.02083333395421505],
            [0, 6, 14, 0.02083333395421505],
            [0, 6, 16, 0.02083333395421505],
            [0, 7, 1, 0.02083333395421505],
            [0, 7, 6, 0.02083333395421505],
            [0, 8, 2, 0.02083333395421505],
            [0, 8, 5, 0.02083333395421505],
            [0, 9, 11, 0.02083333395421505],
            [0, 10, 0, 0.02083333395421505],
            [0, 10, 6, 0.02083333395421505],
            [0, 11, 1, 0.02083333395421505],
            [0, 11, 4, 0.02083333395421505],
            [0, 11, 8, 0.02083333395421505],
            [0, 12, 11, 0.02083333395421505],
            [0, 13, 13, 0.02083333395421505],
            [0, 14, 7, 0.02083333395421505],
            [0, 14, 9, 0.02083333395421505],
            [0, 14, 11, 0.0416666679084301],
            [0, 14, 16, 0.02083333395421505],
            [0, 15, 0, 0.02083333395421505],
            [0, 15, 5, 0.02083333395421505],
            [0, 16, 5, 0.02083333395421505],
            [0, 16, 10, 0.02083333395421505],
            [0, 16, 14, 0.02083333395421505],
            [0, 17, 5, 0.02083333395421505],
            [0, 17, 15, 0.02083333395421505],
            [1, 0, 5, 0.02083333395421505],
            [1, 0, 11, 0.0416666679084301],
            [1, 0, 15, 0.02083333395421505],
            [1, 1, 6, 0.02083333395421505],
            [1, 1, 8, 0.02083333395421505],
            [1, 2, 4, 0.02083333395421505],
            [1, 2, 7, 0.02083333395421505],
            [1, 2, 17, 0.02083333395421505],
            [1, 3, 1, 0.0416666679084301],
            [1, 4, 1, 0.02083333395421505],
            [1, 4, 6, 0.02083333395421505],
            [1, 5, 4, 0.02083333395421505],
            [1, 6, 0, 0.02083333395421505],
            [1, 6, 2, 0.02083333395421505],
            [1, 6, 4, 0.02083333395421505],
            [1, 7, 3, 0.02083333395421505],
            [1, 8, 0, 0.02083333395421505],
            [1, 8, 1, 0.0416666679084301],
            [1, 8, 3, 0.02083333395421505],
            [1, 9, 2, 0.0416666679084301],
            [1, 9, 3, 0.02083333395421505],
            [1, 9, 13, 0.02083333395421505],
            [1, 10, 2, 0.02083333395421505],
            [1, 10, 17, 0.0416666679084301],
            [1, 11, 0, 0.02083333395421505],
            [1, 11, 10, 0.02083333395421505],
            [1, 11, 17, 0.02083333395421505],
            [1, 12, 1, 0.02083333395421505],
            [1, 12, 9, 0.0833333358168602],
            [1, 12, 14, 0.02083333395421505],
            [1, 13, 4, 0.02083333395421505],
            [1, 13, 17, 0.02083333395421505],
            [1, 14, 5, 0.02083333395421505],
            [1, 15, 4, 0.02083333395421505],
            [1, 15, 7, 0.02083333395421505],
            [1, 16, 0, 0.02083333395421505],
            [1, 16, 16, 0.02083333395421505],
            [1, 17, 1, 0.02083333395421505],
            [1, 17, 5, 0.02083333395421505],
            [1, 17, 8, 0.02083333395421505],
            [2, 0, 3, 0.018518518656492233],
            [2, 0, 6, 0.018518518656492233],
            [2, 0, 7, 0.018518518656492233],
            [2, 0, 11, 0.03703703731298447],
            [2, 0, 16, 0.03703703731298447],
            [2, 1, 0, 0.018518518656492233],
            [2, 1, 16, 0.018518518656492233],
            [2, 2, 3, 0.018518518656492233],
            [2, 2, 15, 0.03703703731298447],
            [2, 3, 8, 0.018518518656492233],
            [2, 5, 2, 0.018518518656492233],
            [2, 5, 11, 0.018518518656492233],
            [2, 5, 12, 0.018518518656492233],
            [2, 5, 17, 0.018518518656492233],
            [2, 6, 11, 0.03703703731298447],
            [2, 6, 16, 0.018518518656492233],
            [2, 7, 4, 0.03703703731298447],
            [2, 7, 5, 0.018518518656492233],
            [2, 8, 4, 0.018518518656492233],
            [2, 8, 5, 0.018518518656492233],
            [2, 9, 3, 0.018518518656492233],
            [2, 9, 12, 0.018518518656492233],
            [2, 10, 5, 0.018518518656492233],
            [2, 10, 8, 0.018518518656492233],
            [2, 11, 13, 0.018518518656492233],
            [2, 12, 1, 0.018518518656492233],
            [2, 12, 4, 0.018518518656492233],
            [2, 12, 7, 0.018518518656492233],
            [2, 12, 12, 0.018518518656492233],
            [2, 13, 7, 0.03703703731298447],
            [2, 13, 11, 0.03703703731298447],
            [2, 13, 12, 0.03703703731298447],
            [2, 13, 15, 0.018518518656492233],
            [2, 14, 3, 0.018518518656492233],
            [2, 14, 5, 0.018518518656492233],
            [2, 14, 7, 0.03703703731298447],
            [2, 15, 5, 0.018518518656492233],
            [2, 15, 6, 0.03703703731298447],
            [2, 15, 7, 0.018518518656492233],
            [2, 15, 8, 0.018518518656492233],
            [2, 16, 6, 0.018518518656492233],
            [2, 16, 14, 0.03703703731298447],
            [2, 17, 5, 0.018518518656492233],
            [3, 0, 2, 0.02222222276031971],
            [3, 0, 4, 0.02222222276031971],
            [3, 0, 10, 0.04444444552063942],
            [3, 0, 11, 0.02222222276031971],
            [3, 1, 2, 0.02222222276031971],
            [3, 1, 8, 0.02222222276031971],
            [3, 1, 9, 0.02222222276031971],
            [3, 2, 3, 0.02222222276031971],
            [3, 2, 4, 0.04444444552063942],
            [3, 2, 8, 0.02222222276031971],
            [3, 2, 14, 0.06666667014360428],
            [3, 3, 4, 0.02222222276031971],
            [3, 4, 11, 0.02222222276031971],
            [3, 4, 12, 0.02222222276031971],
            [3, 5, 3, 0.02222222276031971],
            [3, 6, 2, 0.02222222276031971],
            [3, 6, 10, 0.02222222276031971],
            [3, 7, 1, 0.02222222276031971],
            [3, 7, 15, 0.02222222276031971],
            [3, 9, 13, 0.02222222276031971],
            [3, 9, 15, 0.02222222276031971],
            [3, 10, 5, 0.02222222276031971],
            [3, 11, 0, 0.02222222276031971],
            [3, 11, 9, 0.02222222276031971],
            [3, 11, 13, 0.02222222276031971],
            [3, 11, 16, 0.02222222276031971],
            [3, 12, 13, 0.02222222276031971],
            [3, 13, 0, 0.04444444552063942],
            [3, 13, 7, 0.02222222276031971],
            [3, 13, 8, 0.02222222276031971],
            [3, 13, 13, 0.02222222276031971],
            [3, 14, 0, 0.02222222276031971],
            [3, 14, 6, 0.04444444552063942],
            [3, 15, 8, 0.02222222276031971],
            [3, 16, 2, 0.02222222276031971],
            [3, 16, 8, 0.02222222276031971],
            [3, 16, 11, 0.06666667014360428]
        ]
    }
}