{
    "train_f1": 7.482882976531982,
    "train_prob": 33.21990966796875,
    "train_cov": 75.0,
    "valid_f1": 10.0,
    "valid_prob": 17.910673141479492,
    "valid_cov": 10.0,
    "len": 149,
    "binary_grammar": {
        "num_nt": 4,
        "num_pt": 14,
        "num_rhs": 324,
        "rule_probs": [
            [0, 0, 1, 0.016129031777381897],
            [0, 0, 2, 0.016129031777381897],
            [0, 0, 5, 0.016129031777381897],
            [0, 0, 9, 0.016129031777381897],
            [0, 1, 3, 0.06451612710952759],
            [0, 1, 4, 0.016129031777381897],
            [0, 1, 11, 0.04838709533214569],
            [0, 1, 13, 0.016129031777381897],
            [0, 2, 1, 0.016129031777381897],
            [0, 2, 3, 0.016129031777381897],
            [0, 2, 14, 0.016129031777381897],
            [0, 3, 17, 0.032258063554763794],
            [0, 4, 8, 0.016129031777381897],
            [0, 4, 16, 0.016129031777381897],
            [0, 5, 5, 0.09677419066429138],
            [0, 5, 7, 0.016129031777381897],
            [0, 5, 11, 0.016129031777381897],
            [0, 6, 4, 0.016129031777381897],
            [0, 6, 15, 0.016129031777381897],
            [0, 7, 5, 0.016129031777381897],
            [0, 8, 1, 0.016129031777381897],
            [0, 8, 5, 0.016129031777381897],
            [0, 9, 2, 0.016129031777381897],
            [0, 9, 3, 0.032258063554763794],
            [0, 9, 14, 0.04838709533214569],
            [0, 10, 14, 0.016129031777381897],
            [0, 11, 1, 0.04838709533214569],
            [0, 12, 2, 0.016129031777381897],
            [0, 13, 16, 0.04838709533214569],
            [0, 14, 11, 0.016129031777381897],
            [0, 14, 13, 0.016129031777381897],
            [0, 15, 5, 0.032258063554763794],
            [0, 15, 14, 0.016129031777381897],
            [0, 16, 5, 0.04838709533214569],
            [0, 16, 7, 0.016129031777381897],
            [0, 16, 8, 0.016129031777381897],
            [0, 17, 3, 0.016129031777381897],
            [0, 17, 4, 0.016129031777381897],
            [0, 17, 10, 0.016129031777381897],
            [0, 17, 16, 0.016129031777381897],
            [0, 17, 17, 0.016129031777381897],
            [1, 0, 4, 0.02083333395421505],
            [1, 0, 11, 0.0416666679084301],
            [1, 0, 14, 0.02083333395421505],
            [1, 1, 15, 0.02083333395421505],
            [1, 2, 11, 0.02083333395421505],
            [1, 2, 17, 0.02083333395421505],
            [1, 3, 1, 0.1041666641831398],
            [1, 3, 7, 0.02083333395421505],
            [1, 5, 4, 0.02083333395421505],
            [1, 5, 7, 0.02083333395421505],
            [1, 5, 16, 0.02083333395421505],
            [1, 6, 0, 0.02083333395421505],
            [1, 6, 10, 0.02083333395421505],
            [1, 8, 4, 0.02083333395421505],
            [1, 9, 5, 0.02083333395421505],
            [1, 9, 12, 0.02083333395421505],
            [1, 10, 2, 0.0416666679084301],
            [1, 10, 6, 0.02083333395421505],
            [1, 10, 14, 0.02083333395421505],
            [1, 10, 15, 0.02083333395421505],
            [1, 11, 5, 0.02083333395421505],
            [1, 11, 11, 0.0416666679084301],
            [1, 12, 4, 0.02083333395421505],
            [1, 12, 5, 0.02083333395421505],
            [1, 12, 9, 0.02083333395421505],
            [1, 12, 15, 0.02083333395421505],
            [1, 13, 17, 0.02083333395421505],
            [1, 14, 0, 0.0416666679084301],
            [1, 15, 0, 0.02083333395421505],
            [1, 15, 6, 0.02083333395421505],
            [1, 15, 9, 0.0416666679084301],
            [1, 15, 13, 0.02083333395421505],
            [1, 16, 0, 0.02083333395421505],
            [1, 16, 1, 0.0416666679084301],
            [1, 16, 2, 0.02083333395421505],
            [1, 16, 15, 0.02083333395421505],
            [1, 17, 8, 0.02083333395421505],
            [1, 17, 13, 0.02083333395421505],
            [2, 0, 0, 0.02777777798473835],
            [2, 1, 17, 0.0555555559694767],
            [2, 2, 1, 0.02777777798473835],
            [2, 2, 14, 0.02777777798473835],
            [2, 3, 14, 0.02777777798473835],
            [2, 3, 17, 0.02777777798473835],
            [2, 4, 7, 0.02777777798473835],
            [2, 5, 12, 0.02777777798473835],
            [2, 6, 15, 0.02777777798473835],
            [2, 7, 1, 0.02777777798473835],
            [2, 8, 13, 0.0555555559694767],
            [2, 9, 7, 0.02777777798473835],
            [2, 9, 11, 0.02777777798473835],
            [2, 10, 12, 0.02777777798473835],
            [2, 10, 14, 0.02777777798473835],
            [2, 11, 4, 0.02777777798473835],
            [2, 13, 1, 0.02777777798473835],
            [2, 13, 5, 0.02777777798473835],
            [2, 13, 8, 0.02777777798473835],
            [2, 13, 15, 0.02777777798473835],
            [2, 14, 4, 0.0555555559694767],
            [2, 14, 10, 0.02777777798473835],
            [2, 14, 11, 0.02777777798473835],
            [2, 15, 2, 0.1111111119389534],
            [2, 15, 7, 0.02777777798473835],
            [2, 16, 6, 0.0555555559694767],
            [2, 16, 15, 0.02777777798473835],
            [2, 17, 0, 0.02777777798473835],
            [2, 17, 14, 0.02777777798473835],
            [3, 0, 4, 0.018518518656492233],
            [3, 0, 6, 0.018518518656492233],
            [3, 1, 5, 0.018518518656492233],
            [3, 1, 14, 0.018518518656492233],
            [3, 1, 16, 0.018518518656492233],
            [3, 2, 4, 0.018518518656492233],
            [3, 2, 14, 0.0555555559694767],
            [3, 2, 15, 0.018518518656492233],
            [3, 3, 2, 0.018518518656492233],
            [3, 3, 3, 0.018518518656492233],
            [3, 3, 8, 0.018518518656492233],
            [3, 3, 9, 0.018518518656492233],
            [3, 4, 13, 0.03703703731298447],
            [3, 5, 3, 0.018518518656492233],
            [3, 5, 16, 0.018518518656492233],
            [3, 6, 5, 0.018518518656492233],
            [3, 6, 12, 0.018518518656492233],
            [3, 7, 17, 0.018518518656492233],
            [3, 9, 3, 0.03703703731298447],
            [3, 9, 12, 0.12962962687015533],
            [3, 9, 13, 0.018518518656492233],
            [3, 9, 15, 0.03703703731298447],
            [3, 10, 4, 0.018518518656492233],
            [3, 11, 0, 0.018518518656492233],
            [3, 12, 8, 0.0555555559694767],
            [3, 13, 0, 0.018518518656492233],
            [3, 13, 3, 0.018518518656492233],
            [3, 13, 8, 0.018518518656492233],
            [3, 13, 9, 0.018518518656492233],
            [3, 13, 11, 0.018518518656492233],
            [3, 14, 3, 0.018518518656492233],
            [3, 14, 15, 0.018518518656492233],
            [3, 15, 3, 0.018518518656492233],
            [3, 16, 1, 0.018518518656492233],
            [3, 16, 4, 0.018518518656492233],
            [3, 16, 6, 0.018518518656492233],
            [3, 16, 8, 0.018518518656492233],
            [3, 16, 11, 0.018518518656492233],
            [3, 17, 3, 0.018518518656492233],
            [3, 17, 5, 0.018518518656492233],
            [3, 17, 15, 0.018518518656492233]
        ]
    }
}