{
    "train_f1": 5.277341842651367,
    "train_prob": 53.493526458740234,
    "train_cov": 87.5,
    "valid_f1": 0.0,
    "valid_prob": 0.0,
    "valid_cov": 0.0,
    "len": 176,
    "binary_grammar": {
        "num_nt": 4,
        "num_pt": 14,
        "num_rhs": 324,
        "rule_probs": [
            [0, 0, 0, 0.022727273404598236],
            [0, 0, 1, 0.022727273404598236],
            [0, 0, 7, 0.022727273404598236],
            [0, 1, 1, 0.022727273404598236],
            [0, 1, 2, 0.04545454680919647],
            [0, 1, 5, 0.022727273404598236],
            [0, 1, 15, 0.022727273404598236],
            [0, 3, 6, 0.022727273404598236],
            [0, 3, 11, 0.022727273404598236],
            [0, 4, 1, 0.022727273404598236],
            [0, 4, 10, 0.022727273404598236],
            [0, 5, 4, 0.022727273404598236],
            [0, 5, 8, 0.022727273404598236],
            [0, 5, 17, 0.022727273404598236],
            [0, 6, 8, 0.022727273404598236],
            [0, 6, 17, 0.04545454680919647],
            [0, 7, 3, 0.022727273404598236],
            [0, 9, 2, 0.022727273404598236],
            [0, 9, 15, 0.04545454680919647],
            [0, 10, 1, 0.022727273404598236],
            [0, 11, 1, 0.022727273404598236],
            [0, 11, 2, 0.022727273404598236],
            [0, 11, 7, 0.022727273404598236],
            [0, 11, 10, 0.022727273404598236],
            [0, 11, 11, 0.022727273404598236],
            [0, 11, 14, 0.04545454680919647],
            [0, 11, 17, 0.022727273404598236],
            [0, 13, 0, 0.022727273404598236],
            [0, 13, 7, 0.022727273404598236],
            [0, 13, 15, 0.022727273404598236],
            [0, 14, 2, 0.022727273404598236],
            [0, 14, 9, 0.022727273404598236],
            [0, 14, 10, 0.022727273404598236],
            [0, 14, 15, 0.022727273404598236],
            [0, 15, 8, 0.022727273404598236],
            [0, 15, 16, 0.022727273404598236],
            [0, 15, 17, 0.022727273404598236],
            [0, 16, 9, 0.022727273404598236],
            [0, 17, 14, 0.022727273404598236],
            [0, 17, 15, 0.022727273404598236],
            [1, 0, 4, 0.018518518656492233],
            [1, 0, 7, 0.018518518656492233],
            [1, 0, 11, 0.018518518656492233],
            [1, 0, 12, 0.0555555559694767],
            [1, 0, 17, 0.018518518656492233],
            [1, 1, 8, 0.018518518656492233],
            [1, 2, 0, 0.018518518656492233],
            [1, 2, 3, 0.018518518656492233],
            [1, 2, 4, 0.018518518656492233],
            [1, 2, 5, 0.018518518656492233],
            [1, 2, 9, 0.018518518656492233],
            [1, 2, 12, 0.018518518656492233],
            [1, 3, 0, 0.018518518656492233],
            [1, 4, 1, 0.018518518656492233],
            [1, 4, 6, 0.018518518656492233],
            [1, 5, 2, 0.018518518656492233],
            [1, 5, 6, 0.018518518656492233],
            [1, 5, 16, 0.03703703731298447],
            [1, 6, 3, 0.018518518656492233],
            [1, 7, 0, 0.018518518656492233],
            [1, 7, 15, 0.018518518656492233],
            [1, 7, 17, 0.018518518656492233],
            [1, 8, 1, 0.018518518656492233],
            [1, 8, 9, 0.018518518656492233],
            [1, 9, 2, 0.018518518656492233],
            [1, 9, 5, 0.018518518656492233],
            [1, 9, 17, 0.018518518656492233],
            [1, 10, 2, 0.018518518656492233],
            [1, 10, 16, 0.018518518656492233],
            [1, 11, 6, 0.03703703731298447],
            [1, 11, 16, 0.018518518656492233],
            [1, 12, 4, 0.018518518656492233],
            [1, 12, 7, 0.03703703731298447],
            [1, 12, 11, 0.018518518656492233],
            [1, 13, 2, 0.018518518656492233],
            [1, 13, 13, 0.018518518656492233],
            [1, 14, 0, 0.018518518656492233],
            [1, 15, 1, 0.03703703731298447],
            [1, 15, 4, 0.018518518656492233],
            [1, 15, 17, 0.018518518656492233],
            [1, 16, 13, 0.018518518656492233],
            [1, 16, 15, 0.03703703731298447],
            [1, 16, 16, 0.018518518656492233],
            [1, 17, 2, 0.018518518656492233],
            [1, 17, 3, 0.018518518656492233],
            [1, 17, 6, 0.018518518656492233],
            [1, 17, 11, 0.018518518656492233],
            [2, 0, 12, 0.0181818176060915],
            [2, 0, 13, 0.0181818176060915],
            [2, 0, 14, 0.0181818176060915],
            [2, 0, 16, 0.0181818176060915],
            [2, 1, 2, 0.0181818176060915],
            [2, 1, 8, 0.036363635212183],
            [2, 1, 14, 0.0181818176060915],
            [2, 2, 2, 0.036363635212183],
            [2, 2, 3, 0.0181818176060915],
            [2, 2, 4, 0.0181818176060915],
            [2, 2, 10, 0.0181818176060915],
            [2, 2, 15, 0.0181818176060915],
            [2, 3, 7, 0.0181818176060915],
            [2, 3, 17, 0.0181818176060915],
            [2, 4, 2, 0.0181818176060915],
            [2, 4, 6, 0.0181818176060915],
            [2, 4, 7, 0.0181818176060915],
            [2, 4, 17, 0.036363635212183],
            [2, 6, 7, 0.0181818176060915],
            [2, 6, 8, 0.0181818176060915],
            [2, 7, 4, 0.0181818176060915],
            [2, 8, 2, 0.0181818176060915],
            [2, 8, 6, 0.0181818176060915],
            [2, 10, 7, 0.0181818176060915],
            [2, 10, 8, 0.0181818176060915],
            [2, 11, 10, 0.0181818176060915],
            [2, 11, 14, 0.0181818176060915],
            [2, 12, 4, 0.0181818176060915],
            [2, 12, 7, 0.0181818176060915],
            [2, 13, 2, 0.0181818176060915],
            [2, 13, 3, 0.0181818176060915],
            [2, 13, 6, 0.0181818176060915],
            [2, 13, 14, 0.0181818176060915],
            [2, 14, 16, 0.036363635212183],
            [2, 14, 17, 0.036363635212183],
            [2, 15, 2, 0.0181818176060915],
            [2, 15, 9, 0.0181818176060915],
            [2, 15, 13, 0.0181818176060915],
            [2, 15, 15, 0.0181818176060915],
            [2, 15, 16, 0.0181818176060915],
            [2, 16, 6, 0.0181818176060915],
            [2, 16, 9, 0.0181818176060915],
            [2, 16, 11, 0.036363635212183],
            [2, 16, 15, 0.0181818176060915],
            [2, 16, 16, 0.036363635212183],
            [2, 17, 6, 0.0181818176060915],
            [2, 17, 13, 0.0181818176060915],
            [2, 17, 16, 0.0181818176060915],
            [3, 2, 0, 0.021276595070958138],
            [3, 2, 6, 0.021276595070958138],
            [3, 2, 7, 0.021276595070958138],
            [3, 2, 12, 0.021276595070958138],
            [3, 2, 13, 0.021276595070958138],
            [3, 2, 15, 0.021276595070958138],
            [3, 2, 16, 0.021276595070958138],
            [3, 3, 3, 0.021276595070958138],
            [3, 3, 7, 0.06382978707551956],
            [3, 3, 11, 0.042553190141916275],
            [3, 4, 4, 0.021276595070958138],
            [3, 4, 9, 0.021276595070958138],
            [3, 5, 8, 0.021276595070958138],
            [3, 5, 14, 0.021276595070958138],
            [3, 6, 8, 0.042553190141916275],
            [3, 7, 8, 0.021276595070958138],
            [3, 7, 14, 0.021276595070958138],
            [3, 7, 16, 0.021276595070958138],
            [3, 8, 10, 0.042553190141916275],
            [3, 9, 7, 0.021276595070958138],
            [3, 9, 15, 0.021276595070958138],
            [3, 10, 15, 0.021276595070958138],
            [3, 11, 1, 0.021276595070958138],
            [3, 11, 14, 0.021276595070958138],
            [3, 12, 4, 0.021276595070958138],
            [3, 12, 12, 0.021276595070958138],
            [3, 12, 13, 0.021276595070958138],
            [3, 12, 14, 0.021276595070958138],
            [3, 12, 15, 0.021276595070958138],
            [3, 13, 11, 0.021276595070958138],
            [3, 13, 13, 0.021276595070958138],
            [3, 14, 1, 0.021276595070958138],
            [3, 14, 15, 0.021276595070958138],
            [3, 15, 4, 0.021276595070958138],
            [3, 15, 12, 0.042553190141916275],
