{
    "train_f1": 12.611124992370605,
    "train_prob": 41.91943359375,
    "train_cov": 62.5,
    "valid_f1": 10.0,
    "valid_prob": 17.903242111206055,
    "valid_cov": 10.0,
    "len": 138,
    "binary_grammar": {
        "num_nt": 4,
        "num_pt": 14,
        "num_rhs": 324,
        "rule_probs": [
            [0, 0, 2, 0.03846153989434242],
            [0, 0, 5, 0.01923076994717121],
            [0, 1, 3, 0.01923076994717121],
            [0, 1, 11, 0.03846153989434242],
            [0, 2, 4, 0.03846153989434242],
            [0, 2, 9, 0.01923076994717121],
            [0, 2, 16, 0.01923076994717121],
            [0, 2, 17, 0.01923076994717121],
            [0, 3, 2, 0.01923076994717121],
            [0, 3, 3, 0.01923076994717121],
            [0, 4, 8, 0.01923076994717121],
            [0, 5, 5, 0.23076923191547394],
            [0, 6, 4, 0.01923076994717121],
            [0, 6, 9, 0.01923076994717121],
            [0, 6, 11, 0.03846153989434242],
            [0, 6, 15, 0.03846153989434242],
            [0, 7, 9, 0.01923076994717121],
            [0, 8, 7, 0.01923076994717121],
            [0, 9, 2, 0.01923076994717121],
            [0, 10, 17, 0.01923076994717121],
            [0, 11, 1, 0.01923076994717121],
            [0, 11, 12, 0.03846153989434242],
            [0, 13, 6, 0.01923076994717121],
            [0, 13, 8, 0.01923076994717121],
            [0, 13, 16, 0.01923076994717121],
            [0, 14, 0, 0.01923076994717121],
            [0, 14, 3, 0.01923076994717121],
            [0, 14, 5, 0.01923076994717121],
            [0, 15, 9, 0.01923076994717121],
            [0, 16, 5, 0.03846153989434242],
            [0, 16, 7, 0.01923076994717121],
            [0, 17, 5, 0.01923076994717121],
            [0, 17, 10, 0.03846153989434242],
            [1, 0, 9, 0.020408162847161293],
            [1, 1, 12, 0.020408162847161293],
            [1, 2, 1, 0.020408162847161293],
            [1, 2, 11, 0.020408162847161293],
            [1, 3, 1, 0.040816325694322586],
            [1, 3, 4, 0.020408162847161293],
            [1, 3, 11, 0.020408162847161293],
            [1, 4, 6, 0.020408162847161293],
            [1, 4, 13, 0.020408162847161293],
            [1, 5, 4, 0.06122449040412903],
            [1, 5, 5, 0.020408162847161293],
            [1, 6, 6, 0.020408162847161293],
            [1, 7, 7, 0.06122449040412903],
            [1, 8, 1, 0.020408162847161293],
            [1, 8, 4, 0.020408162847161293],
            [1, 8, 6, 0.040816325694322586],
            [1, 9, 6, 0.020408162847161293],
            [1, 9, 16, 0.040816325694322586],
            [1, 9, 17, 0.040816325694322586],
            [1, 10, 1, 0.040816325694322586],
            [1, 10, 9, 0.020408162847161293],
            [1, 10, 14, 0.020408162847161293],
            [1, 11, 0, 0.020408162847161293],
            [1, 11, 1, 0.020408162847161293],
            [1, 11, 17, 0.020408162847161293],
            [1, 12, 4, 0.020408162847161293],
            [1, 12, 9, 0.040816325694322586],
            [1, 14, 0, 0.020408162847161293],
            [1, 15, 9, 0.020408162847161293],
            [1, 15, 12, 0.020408162847161293],
            [1, 15, 17, 0.020408162847161293],
            [1, 16, 0, 0.020408162847161293],
            [1, 16, 12, 0.08163265138864517],
            [1, 16, 15, 0.06122449040412903],
            [2, 0, 5, 0.024390242993831635],
            [2, 0, 6, 0.024390242993831635],
            [2, 0, 15, 0.024390242993831635],
            [2, 0, 16, 0.024390242993831635],
            [2, 2, 1, 0.024390242993831635],
            [2, 2, 5, 0.024390242993831635],
            [2, 2, 12, 0.04878048598766327],
            [2, 3, 6, 0.024390242993831635],
            [2, 3, 7, 0.024390242993831635],
            [2, 3, 13, 0.024390242993831635],
            [2, 3, 14, 0.024390242993831635],
            [2, 5, 3, 0.024390242993831635],
            [2, 6, 11, 0.0731707289814949],
            [2, 6, 12, 0.024390242993831635],
            [2, 7, 1, 0.024390242993831635],
            [2, 7, 3, 0.024390242993831635],
            [2, 7, 6, 0.024390242993831635],
            [2, 7, 11, 0.024390242993831635],
            [2, 8, 0, 0.024390242993831635],
            [2, 8, 5, 0.024390242993831635],
            [2, 8, 11, 0.024390242993831635],
            [2, 9, 1, 0.024390242993831635],
            [2, 9, 2, 0.024390242993831635],
            [2, 9, 10, 0.024390242993831635],
            [2, 9, 11, 0.024390242993831635],
            [2, 11, 4, 0.024390242993831635],
            [2, 11, 10, 0.024390242993831635],
            [2, 12, 4, 0.024390242993831635],
            [2, 12, 12, 0.024390242993831635],
            [2, 13, 2, 0.024390242993831635],
            [2, 13, 11, 0.024390242993831635],
            [2, 13, 15, 0.024390242993831635],
            [2, 14, 9, 0.024390242993831635],
            [2, 16, 6, 0.024390242993831635],
            [2, 16, 14, 0.024390242993831635],
            [2, 17, 1, 0.04878048598766327],
            [2, 17, 11, 0.024390242993831635],
            [3, 0, 6, 0.017241379246115685],
            [3, 0, 10, 0.03448275849223137],
            [3, 0, 13, 0.017241379246115685],
            [3, 1, 15, 0.017241379246115685],
            [3, 1, 17, 0.03448275849223137],
            [3, 2, 4, 0.017241379246115685],
            [3, 2, 5, 0.03448275849223137],
            [3, 2, 14, 0.03448275849223137],
            [3, 3, 2, 0.017241379246115685],
            [3, 3, 3, 0.017241379246115685],
            [3, 3, 8, 0.017241379246115685],
            [3, 3, 9, 0.017241379246115685],
            [3, 4, 10, 0.017241379246115685],
            [3, 4, 13, 0.017241379246115685],
            [3, 6, 4, 0.017241379246115685],
            [3, 6, 12, 0.017241379246115685],
            [3, 7, 5, 0.017241379246115685],
            [3, 8, 10, 0.017241379246115685],
            [3, 9, 3, 0.017241379246115685],
            [3, 9, 12, 0.2068965584039688],
            [3, 10, 8, 0.017241379246115685],
            [3, 10, 12, 0.017241379246115685],
            [3, 11, 12, 0.03448275849223137],
            [3, 12, 8, 0.06896551698446274],
            [3, 12, 10, 0.017241379246115685],
            [3, 12, 11, 0.017241379246115685],
            [3, 13, 3, 0.017241379246115685],
            [3, 14, 15, 0.0517241396009922],
            [3, 15, 3, 0.0517241396009922],
            [3, 15, 9, 0.017241379246115685],
            [3, 15, 13, 0.017241379246115685],
            [3, 16, 6, 0.03448275849223137],
            [3, 16, 11, 0.017241379246115685],
            [3, 17, 3, 0.017241379246115685]
        ]
    }
}