{
    "train_f1": 8.917167663574219,
    "train_prob": 34.20722579956055,
    "train_cov": 50.0,
    "valid_f1": 0.0,
    "valid_prob": 0.0,
    "valid_cov": 0.0,
    "len": 139,
    "binary_grammar": {
        "num_nt": 4,
        "num_pt": 14,
        "num_rhs": 324,
        "rule_probs": [
            [0, 0, 8, 0.019607843831181526],
            [0, 0, 15, 0.019607843831181526],
            [0, 1, 3, 0.03921568766236305],
            [0, 1, 8, 0.019607843831181526],
            [0, 1, 11, 0.05882352963089943],
            [0, 2, 1, 0.019607843831181526],
            [0, 2, 3, 0.019607843831181526],
            [0, 2, 8, 0.05882352963089943],
            [0, 2, 9, 0.019607843831181526],
            [0, 3, 2, 0.019607843831181526],
            [0, 3, 16, 0.019607843831181526],
            [0, 4, 15, 0.019607843831181526],
            [0, 5, 5, 0.05882352963089943],
            [0, 5, 13, 0.019607843831181526],
            [0, 6, 2, 0.019607843831181526],
            [0, 6, 4, 0.019607843831181526],
            [0, 6, 9, 0.019607843831181526],
            [0, 8, 1, 0.019607843831181526],
            [0, 8, 5, 0.019607843831181526],
            [0, 8, 12, 0.019607843831181526],
            [0, 9, 1, 0.019607843831181526],
            [0, 9, 2, 0.019607843831181526],
            [0, 9, 3, 0.03921568766236305],
            [0, 9, 6, 0.019607843831181526],
            [0, 9, 8, 0.019607843831181526],
            [0, 9, 15, 0.019607843831181526],
            [0, 10, 0, 0.03921568766236305],
            [0, 10, 10, 0.019607843831181526],
            [0, 11, 10, 0.019607843831181526],
            [0, 13, 1, 0.03921568766236305],
            [0, 13, 10, 0.019607843831181526],
            [0, 14, 1, 0.019607843831181526],
            [0, 14, 9, 0.019607843831181526],
            [0, 15, 13, 0.019607843831181526],
            [0, 15, 15, 0.019607843831181526],
            [0, 15, 16, 0.019607843831181526],
            [0, 15, 17, 0.019607843831181526],
            [0, 16, 13, 0.019607843831181526],
            [0, 17, 4, 0.019607843831181526],
            [0, 17, 14, 0.019607843831181526],
            [0, 17, 15, 0.019607843831181526],
            [1, 2, 11, 0.02777777798473835],
            [1, 3, 5, 0.02777777798473835],
            [1, 3, 14, 0.02777777798473835],
            [1, 3, 16, 0.02777777798473835],
            [1, 4, 4, 0.02777777798473835],
            [1, 4, 7, 0.02777777798473835],
            [1, 5, 4, 0.0833333358168602],
            [1, 8, 1, 0.0833333358168602],
            [1, 8, 9, 0.02777777798473835],
            [1, 8, 17, 0.02777777798473835],
            [1, 10, 0, 0.02777777798473835],
            [1, 10, 1, 0.02777777798473835],
            [1, 10, 2, 0.02777777798473835],
            [1, 10, 15, 0.02777777798473835],
            [1, 10, 17, 0.02777777798473835],
            [1, 11, 3, 0.02777777798473835],
            [1, 11, 4, 0.02777777798473835],
            [1, 11, 10, 0.02777777798473835],
            [1, 12, 9, 0.0555555559694767],
            [1, 13, 10, 0.02777777798473835],
            [1, 13, 17, 0.02777777798473835],
            [1, 14, 0, 0.02777777798473835],
            [1, 14, 2, 0.0555555559694767],
            [1, 14, 7, 0.02777777798473835],
            [1, 14, 11, 0.02777777798473835],
            [1, 15, 13, 0.02777777798473835],
            [1, 15, 16, 0.02777777798473835],
            [1, 16, 10, 0.02777777798473835],
            [1, 16, 14, 0.02777777798473835],
            [1, 16, 15, 0.02777777798473835],
            [2, 0, 13, 0.025641025975346565],
            [2, 1, 16, 0.025641025975346565],
            [2, 1, 17, 0.05128205195069313],
            [2, 2, 4, 0.05128205195069313],
            [2, 2, 7, 0.05128205195069313],
            [2, 5, 0, 0.025641025975346565],
            [2, 5, 4, 0.025641025975346565],
            [2, 5, 16, 0.025641025975346565],
            [2, 6, 4, 0.025641025975346565],
            [2, 6, 11, 0.025641025975346565],
            [2, 7, 2, 0.025641025975346565],
            [2, 7, 4, 0.025641025975346565],
            [2, 7, 13, 0.07692307978868484],
            [2, 8, 4, 0.05128205195069313],
            [2, 8, 8, 0.025641025975346565],
            [2, 8, 11, 0.025641025975346565],
            [2, 9, 11, 0.025641025975346565],
            [2, 9, 13, 0.025641025975346565],
            [2, 11, 4, 0.025641025975346565],
            [2, 12, 7, 0.025641025975346565],
            [2, 12, 9, 0.025641025975346565],
            [2, 13, 7, 0.05128205195069313],
            [2, 13, 8, 0.07692307978868484],
            [2, 14, 5, 0.025641025975346565],
            [2, 15, 6, 0.025641025975346565],
            [2, 15, 8, 0.025641025975346565],
            [2, 16, 4, 0.025641025975346565],
            [2, 16, 6, 0.05128205195069313],
            [2, 16, 14, 0.025641025975346565],
            [3, 0, 6, 0.013513513840734959],
            [3, 1, 15, 0.013513513840734959],
            [3, 1, 16, 0.013513513840734959],
            [3, 1, 17, 0.013513513840734959],
            [3, 2, 6, 0.013513513840734959],
            [3, 2, 14, 0.12162162363529205],
            [3, 3, 2, 0.06756756454706192],
            [3, 3, 9, 0.013513513840734959],
            [3, 4, 5, 0.013513513840734959],
            [3, 4, 7, 0.013513513840734959],
            [3, 4, 8, 0.013513513840734959],
            [3, 4, 13, 0.054054055362939835],
            [3, 5, 7, 0.013513513840734959],
            [3, 5, 9, 0.013513513840734959],
            [3, 5, 10, 0.013513513840734959],
            [3, 6, 0, 0.013513513840734959],
            [3, 6, 4, 0.04054053872823715],
            [3, 6, 12, 0.04054053872823715],
            [3, 7, 5, 0.013513513840734959],
            [3, 8, 1, 0.013513513840734959],
            [3, 8, 3, 0.013513513840734959],
            [3, 9, 3, 0.013513513840734959],
            [3, 9, 12, 0.09459459781646729],
            [3, 9, 14, 0.013513513840734959],
            [3, 10, 11, 0.013513513840734959],
            [3, 10, 14, 0.013513513840734959],
            [3, 11, 4, 0.027027027681469917],
            [3, 12, 0, 0.013513513840734959],
            [3, 12, 8, 0.04054053872823715],
            [3, 13, 0, 0.013513513840734959],
            [3, 13, 4, 0.013513513840734959],
            [3, 13, 11, 0.013513513840734959],
            [3, 13, 12, 0.013513513840734959],
            [3, 13, 13, 0.013513513840734959],
            [3, 15, 1, 0.013513513840734959],
            [3, 15, 3, 0.054054055362939835],
            [3, 16, 3, 0.04054053872823715],
            [3, 16, 11, 0.04054053872823715],
            [3, 17, 4, 0.013513513840734959]
        ]
    }
}