{
    "train_f1": 18.15727424621582,
    "train_prob": 38.905731201171875,
    "train_cov": 100.0,
    "valid_f1": 10.0,
    "valid_prob": 17.866619110107422,
    "valid_cov": 10.0,
    "len": 147,
    "binary_grammar": {
        "num_nt": 4,
        "num_pt": 14,
        "num_rhs": 324,
        "rule_probs": [
            [0, 0, 1, 0.014285714365541935],
            [0, 0, 2, 0.014285714365541935],
            [0, 0, 5, 0.014285714365541935],
            [0, 0, 8, 0.02857142873108387],
            [0, 0, 9, 0.014285714365541935],
            [0, 0, 14, 0.014285714365541935],
            [0, 1, 3, 0.10000000149011612],
            [0, 1, 8, 0.014285714365541935],
            [0, 1, 11, 0.0714285746216774],
            [0, 2, 8, 0.014285714365541935],
            [0, 2, 11, 0.014285714365541935],
            [0, 2, 13, 0.014285714365541935],
            [0, 2, 17, 0.05714285746216774],
            [0, 3, 2, 0.014285714365541935],
            [0, 3, 11, 0.02857142873108387],
            [0, 3, 17, 0.014285714365541935],
            [0, 5, 2, 0.014285714365541935],
            [0, 5, 5, 0.04285714402794838],
            [0, 6, 9, 0.04285714402794838],
            [0, 6, 11, 0.014285714365541935],
            [0, 6, 12, 0.014285714365541935],
            [0, 7, 5, 0.014285714365541935],
            [0, 7, 11, 0.014285714365541935],
            [0, 7, 17, 0.014285714365541935],
            [0, 8, 5, 0.014285714365541935],
            [0, 8, 12, 0.04285714402794838],
            [0, 9, 3, 0.014285714365541935],
            [0, 9, 14, 0.05714285746216774],
            [0, 10, 0, 0.014285714365541935],
            [0, 10, 4, 0.014285714365541935],
            [0, 10, 7, 0.014285714365541935],
            [0, 10, 11, 0.014285714365541935],
            [0, 11, 1, 0.014285714365541935],
            [0, 11, 3, 0.014285714365541935],
            [0, 11, 10, 0.014285714365541935],
            [0, 11, 12, 0.014285714365541935],
            [0, 12, 2, 0.014285714365541935],
            [0, 12, 10, 0.014285714365541935],
            [0, 12, 11, 0.014285714365541935],
            [0, 12, 12, 0.014285714365541935],
            [0, 13, 16, 0.02857142873108387],
            [0, 14, 7, 0.014285714365541935],
            [0, 16, 5, 0.014285714365541935],
            [0, 17, 4, 0.014285714365541935],
            [0, 17, 10, 0.014285714365541935],
            [1, 0, 2, 0.025641025975346565],
            [1, 0, 7, 0.025641025975346565],
            [1, 1, 1, 0.025641025975346565],
            [1, 1, 2, 0.025641025975346565],
            [1, 2, 11, 0.025641025975346565],
            [1, 2, 17, 0.025641025975346565],
            [1, 3, 11, 0.025641025975346565],
            [1, 4, 12, 0.025641025975346565],
            [1, 4, 13, 0.025641025975346565],
            [1, 4, 16, 0.025641025975346565],
            [1, 5, 4, 0.05128205195069313],
            [1, 6, 5, 0.025641025975346565],
            [1, 7, 2, 0.025641025975346565],
            [1, 7, 10, 0.025641025975346565],
            [1, 7, 16, 0.025641025975346565],
            [1, 8, 1, 0.025641025975346565],
            [1, 8, 9, 0.05128205195069313],
            [1, 9, 5, 0.025641025975346565],
            [1, 9, 7, 0.025641025975346565],
            [1, 9, 10, 0.025641025975346565],
            [1, 10, 1, 0.025641025975346565],
            [1, 10, 2, 0.05128205195069313],
            [1, 11, 10, 0.025641025975346565],
            [1, 12, 2, 0.025641025975346565],
            [1, 12, 9, 0.025641025975346565],
            [1, 12, 15, 0.025641025975346565],
            [1, 13, 15, 0.025641025975346565],
            [1, 14, 9, 0.025641025975346565],
            [1, 15, 14, 0.025641025975346565],
            [1, 16, 0, 0.10256410390138626],
            [1, 16, 12, 0.025641025975346565],
            [1, 16, 15, 0.025641025975346565],
            [1, 17, 13, 0.025641025975346565],
            [2, 0, 3, 0.025641025975346565],
            [2, 0, 15, 0.05128205195069313],
            [2, 0, 16, 0.025641025975346565],
            [2, 1, 0, 0.025641025975346565],
            [2, 3, 3, 0.025641025975346565],
            [2, 5, 0, 0.05128205195069313],
            [2, 5, 12, 0.025641025975346565],
            [2, 6, 13, 0.025641025975346565],
            [2, 7, 4, 0.05128205195069313],
            [2, 7, 13, 0.025641025975346565],
            [2, 7, 14, 0.025641025975346565],
            [2, 8, 5, 0.025641025975346565],
            [2, 8, 11, 0.025641025975346565],
            [2, 8, 13, 0.025641025975346565],
            [2, 9, 11, 0.05128205195069313],
            [2, 10, 8, 0.025641025975346565],
            [2, 11, 4, 0.05128205195069313],
            [2, 12, 7, 0.05128205195069313],
            [2, 13, 8, 0.025641025975346565],
            [2, 13, 13, 0.025641025975346565],
            [2, 14, 0, 0.025641025975346565],
            [2, 14, 3, 0.025641025975346565],
            [2, 14, 4, 0.025641025975346565],
            [2, 14, 11, 0.025641025975346565],
            [2, 14, 14, 0.025641025975346565],
            [2, 15, 2, 0.05128205195069313],
            [2, 15, 7, 0.025641025975346565],
            [2, 16, 6, 0.025641025975346565],
            [2, 16, 14, 0.025641025975346565],
            [2, 17, 1, 0.025641025975346565],
            [2, 17, 8, 0.025641025975346565],
            [2, 17, 14, 0.025641025975346565],
            [3, 0, 2, 0.03846153989434242],
            [3, 0, 4, 0.01923076994717121],
            [3, 0, 11, 0.01923076994717121],
            [3, 0, 15, 0.01923076994717121],
            [3, 1, 6, 0.01923076994717121],
            [3, 1, 15, 0.01923076994717121],
            [3, 1, 17, 0.03846153989434242],
            [3, 2, 4, 0.01923076994717121],
            [3, 2, 5, 0.01923076994717121],
            [3, 2, 14, 0.07692307978868484],
            [3, 4, 7, 0.01923076994717121],
            [3, 4, 13, 0.07692307978868484],
            [3, 5, 14, 0.01923076994717121],
            [3, 6, 2, 0.01923076994717121],
            [3, 6, 11, 0.01923076994717121],
            [3, 7, 1, 0.01923076994717121],
            [3, 8, 8, 0.01923076994717121],
            [3, 9, 3, 0.03846153989434242],
            [3, 9, 12, 0.03846153989434242],
            [3, 10, 15, 0.01923076994717121],
            [3, 11, 4, 0.01923076994717121],
            [3, 11, 5, 0.01923076994717121],
            [3, 11, 16, 0.01923076994717121],
            [3, 12, 8, 0.057692307978868484],
            [3, 13, 0, 0.03846153989434242],
            [3, 13, 11, 0.01923076994717121],
            [3, 14, 15, 0.01923076994717121],
            [3, 14, 17, 0.01923076994717121],
            [3, 15, 3, 0.03846153989434242],
            [3, 15, 9, 0.01923076994717121],
            [3, 15, 17, 0.01923076994717121],
            [3, 16, 2, 0.01923076994717121],
            [3, 16, 7, 0.01923076994717121],
            [3, 16, 8, 0.01923076994717121],
            [3, 16, 11, 0.03846153989434242],
            [3, 16, 13, 0.01923076994717121],
            [3, 17, 5, 0.01923076994717121]
        ]
    }
}