{
    "train_f1": 12.988231658935547,
    "train_prob": 35.868446350097656,
    "train_cov": 68.75,
    "valid_f1": 0.0,
    "valid_prob": 0.0,
    "valid_cov": 0.0,
    "len": 143,
    "binary_grammar": {
        "num_nt": 4,
        "num_pt": 14,
        "num_rhs": 324,
        "rule_probs": [
            [0, 1, 3, 0.03846153989434242],
            [0, 1, 11, 0.01923076994717121],
            [0, 2, 3, 0.01923076994717121],
            [0, 2, 8, 0.01923076994717121],
            [0, 2, 11, 0.01923076994717121],
            [0, 2, 17, 0.03846153989434242],
            [0, 3, 3, 0.01923076994717121],
            [0, 3, 8, 0.01923076994717121],
            [0, 4, 0, 0.01923076994717121],
            [0, 4, 15, 0.01923076994717121],
            [0, 5, 4, 0.01923076994717121],
            [0, 5, 5, 0.11538461595773697],
            [0, 5, 14, 0.01923076994717121],
            [0, 5, 17, 0.01923076994717121],
            [0, 6, 4, 0.01923076994717121],
            [0, 6, 9, 0.01923076994717121],
            [0, 6, 11, 0.01923076994717121],
            [0, 9, 2, 0.057692307978868484],
            [0, 9, 14, 0.03846153989434242],
            [0, 10, 4, 0.01923076994717121],
            [0, 10, 5, 0.01923076994717121],
            [0, 10, 7, 0.01923076994717121],
            [0, 10, 10, 0.03846153989434242],
            [0, 10, 12, 0.01923076994717121],
            [0, 10, 13, 0.01923076994717121],
            [0, 11, 12, 0.01923076994717121],
            [0, 12, 4, 0.01923076994717121],
            [0, 12, 15, 0.01923076994717121],
            [0, 13, 16, 0.03846153989434242],
            [0, 16, 5, 0.057692307978868484],
            [0, 16, 7, 0.057692307978868484],
            [0, 17, 5, 0.01923076994717121],
            [0, 17, 10, 0.01923076994717121],
            [0, 17, 12, 0.03846153989434242],
            [0, 17, 14, 0.01923076994717121],
            [1, 0, 2, 0.021739130839705467],
            [1, 0, 7, 0.043478261679410934],
            [1, 0, 10, 0.021739130839705467],
            [1, 0, 17, 0.021739130839705467],
            [1, 2, 11, 0.021739130839705467],
            [1, 3, 1, 0.021739130839705467],
            [1, 3, 11, 0.021739130839705467],
            [1, 3, 12, 0.021739130839705467],
            [1, 4, 4, 0.021739130839705467],
            [1, 4, 10, 0.021739130839705467],
            [1, 4, 11, 0.043478261679410934],
            [1, 4, 13, 0.021739130839705467],
            [1, 4, 16, 0.06521739065647125],
            [1, 5, 4, 0.021739130839705467],
            [1, 5, 16, 0.043478261679410934],
            [1, 6, 5, 0.021739130839705467],
            [1, 6, 6, 0.021739130839705467],
            [1, 7, 7, 0.021739130839705467],
            [1, 8, 6, 0.021739130839705467],
            [1, 8, 9, 0.021739130839705467],
            [1, 8, 11, 0.021739130839705467],
            [1, 8, 13, 0.021739130839705467],
            [1, 8, 17, 0.021739130839705467],
            [1, 9, 11, 0.021739130839705467],
            [1, 9, 17, 0.021739130839705467],
            [1, 10, 2, 0.06521739065647125],
            [1, 11, 0, 0.021739130839705467],
            [1, 11, 10, 0.021739130839705467],
            [1, 12, 3, 0.021739130839705467],
            [1, 12, 9, 0.06521739065647125],
            [1, 14, 0, 0.021739130839705467],
            [1, 15, 4, 0.021739130839705467],
            [1, 16, 0, 0.021739130839705467],
            [1, 16, 1, 0.021739130839705467],
            [1, 16, 2, 0.021739130839705467],
            [1, 16, 9, 0.021739130839705467],
            [1, 17, 14, 0.021739130839705467],
            [2, 0, 3, 0.027027027681469917],
            [2, 0, 8, 0.027027027681469917],
            [2, 0, 16, 0.027027027681469917],
            [2, 1, 0, 0.027027027681469917],
            [2, 1, 5, 0.027027027681469917],
            [2, 1, 6, 0.054054055362939835],
            [2, 1, 9, 0.027027027681469917],
            [2, 1, 17, 0.027027027681469917],
            [2, 2, 3, 0.027027027681469917],
            [2, 2, 7, 0.054054055362939835],
            [2, 6, 14, 0.027027027681469917],
            [2, 7, 1, 0.027027027681469917],
            [2, 7, 4, 0.027027027681469917],
            [2, 7, 11, 0.054054055362939835],
            [2, 7, 15, 0.027027027681469917],
            [2, 8, 4, 0.027027027681469917],
            [2, 9, 11, 0.027027027681469917],
            [2, 10, 13, 0.027027027681469917],
            [2, 12, 13, 0.027027027681469917],
            [2, 13, 7, 0.054054055362939835],
            [2, 13, 8, 0.027027027681469917],
            [2, 13, 12, 0.027027027681469917],
            [2, 14, 0, 0.027027027681469917],
            [2, 14, 1, 0.027027027681469917],
            [2, 15, 9, 0.054054055362939835],
            [2, 15, 10, 0.027027027681469917],
            [2, 16, 6, 0.054054055362939835],
            [2, 16, 7, 0.027027027681469917],
            [2, 16, 14, 0.054054055362939835],
            [2, 17, 16, 0.027027027681469917],
            [3, 0, 2, 0.015384615398943424],
            [3, 0, 6, 0.015384615398943424],
            [3, 0, 8, 0.015384615398943424],
            [3, 0, 13, 0.015384615398943424],
            [3, 0, 17, 0.015384615398943424],
            [3, 1, 5, 0.015384615398943424],
            [3, 1, 13, 0.015384615398943424],
            [3, 2, 3, 0.015384615398943424],
            [3, 2, 4, 0.015384615398943424],
            [3, 2, 9, 0.015384615398943424],
            [3, 2, 14, 0.015384615398943424],
            [3, 3, 2, 0.04615384712815285],
            [3, 3, 3, 0.03076923079788685],
            [3, 3, 14, 0.015384615398943424],
            [3, 4, 1, 0.015384615398943424],
            [3, 4, 11, 0.015384615398943424],
            [3, 4, 13, 0.0615384615957737],
            [3, 4, 15, 0.03076923079788685],
            [3, 5, 1, 0.015384615398943424],
            [3, 6, 5, 0.015384615398943424],
            [3, 7, 1, 0.015384615398943424],
            [3, 7, 13, 0.015384615398943424],
            [3, 8, 0, 0.015384615398943424],
            [3, 9, 12, 0.07692307978868484],
            [3, 9, 15, 0.015384615398943424],
            [3, 10, 5, 0.015384615398943424],
            [3, 10, 6, 0.015384615398943424],
            [3, 10, 16, 0.015384615398943424],
            [3, 11, 4, 0.015384615398943424],
            [3, 11, 12, 0.015384615398943424],
            [3, 11, 14, 0.015384615398943424],
            [3, 11, 16, 0.03076923079788685],
            [3, 12, 8, 0.0615384615957737],
            [3, 14, 15, 0.04615384712815285],
            [3, 15, 3, 0.1230769231915474],
            [3, 16, 6, 0.015384615398943424],
            [3, 16, 12, 0.015384615398943424],
            [3, 16, 13, 0.015384615398943424],
            [3, 17, 4, 0.015384615398943424],
            [3, 17, 9, 0.015384615398943424],
            [3, 17, 11, 0.015384615398943424]
        ]
    }
}