{
    "train_f1": 12.278182983398438,
    "train_prob": 33.412574768066406,
    "train_cov": 81.25,
    "valid_f1": 10.0,
    "valid_prob": 18.06517219543457,
    "valid_cov": 10.0,
    "len": 131,
    "binary_grammar": {
        "num_nt": 4,
        "num_pt": 14,
        "num_rhs": 324,
        "rule_probs": [
            [0, 0, 2, 0.020408162847161293],
            [0, 0, 5, 0.040816325694322586],
            [0, 0, 15, 0.020408162847161293],
            [0, 1, 3, 0.020408162847161293],
            [0, 1, 11, 0.020408162847161293],
            [0, 2, 3, 0.020408162847161293],
            [0, 2, 10, 0.020408162847161293],
            [0, 3, 2, 0.020408162847161293],
            [0, 4, 4, 0.020408162847161293],
            [0, 5, 5, 0.1428571492433548],
            [0, 6, 4, 0.020408162847161293],
            [0, 6, 9, 0.040816325694322586],
            [0, 6, 11, 0.040816325694322586],
            [0, 6, 15, 0.020408162847161293],
            [0, 8, 2, 0.020408162847161293],
            [0, 8, 9, 0.020408162847161293],
            [0, 8, 10, 0.020408162847161293],
            [0, 9, 10, 0.020408162847161293],
            [0, 9, 14, 0.040816325694322586],
            [0, 10, 0, 0.040816325694322586],
            [0, 10, 4, 0.020408162847161293],
            [0, 11, 1, 0.08163265138864517],
            [0, 11, 12, 0.020408162847161293],
            [0, 12, 16, 0.020408162847161293],
            [0, 13, 6, 0.020408162847161293],
            [0, 13, 16, 0.040816325694322586],
            [0, 14, 1, 0.020408162847161293],
            [0, 15, 10, 0.020408162847161293],
            [0, 16, 7, 0.020408162847161293],
            [0, 17, 5, 0.020408162847161293],
            [0, 17, 11, 0.020408162847161293],
            [0, 17, 12, 0.040816325694322586],
            [0, 17, 13, 0.020408162847161293],
            [1, 0, 5, 0.019607843831181526],
            [1, 0, 11, 0.019607843831181526],
            [1, 0, 14, 0.019607843831181526],
            [1, 1, 0, 0.03921568766236305],
            [1, 1, 2, 0.019607843831181526],
            [1, 1, 17, 0.019607843831181526],
            [1, 2, 1, 0.019607843831181526],
            [1, 2, 7, 0.019607843831181526],
            [1, 3, 8, 0.019607843831181526],
            [1, 3, 11, 0.019607843831181526],
            [1, 3, 12, 0.019607843831181526],
            [1, 3, 16, 0.019607843831181526],
            [1, 4, 9, 0.03921568766236305],
            [1, 4, 13, 0.019607843831181526],
            [1, 4, 15, 0.019607843831181526],
            [1, 4, 16, 0.019607843831181526],
            [1, 5, 4, 0.03921568766236305],
            [1, 5, 16, 0.019607843831181526],
            [1, 6, 6, 0.03921568766236305],
            [1, 6, 14, 0.019607843831181526],
            [1, 8, 1, 0.019607843831181526],
            [1, 8, 4, 0.019607843831181526],
            [1, 8, 5, 0.019607843831181526],
            [1, 8, 6, 0.03921568766236305],
            [1, 8, 9, 0.019607843831181526],
            [1, 8, 11, 0.03921568766236305],
            [1, 10, 2, 0.019607843831181526],
            [1, 11, 3, 0.019607843831181526],
            [1, 11, 10, 0.03921568766236305],
            [1, 12, 4, 0.019607843831181526],
            [1, 12, 9, 0.09803921729326248],
            [1, 13, 11, 0.03921568766236305],
            [1, 14, 7, 0.019607843831181526],
            [1, 15, 1, 0.019607843831181526],
            [1, 15, 12, 0.019607843831181526],
            [1, 16, 0, 0.03921568766236305],
            [1, 16, 9, 0.019607843831181526],
            [1, 17, 6, 0.019607843831181526],
            [2, 0, 15, 0.04878048598766327],
            [2, 1, 3, 0.024390242993831635],
            [2, 1, 17, 0.04878048598766327],
            [2, 2, 1, 0.024390242993831635],
            [2, 2, 7, 0.024390242993831635],
            [2, 4, 16, 0.024390242993831635],
            [2, 5, 0, 0.024390242993831635],
            [2, 5, 12, 0.024390242993831635],
            [2, 6, 4, 0.024390242993831635],
            [2, 6, 11, 0.024390242993831635],
            [2, 7, 11, 0.024390242993831635],
            [2, 7, 13, 0.04878048598766327],
            [2, 7, 14, 0.024390242993831635],
            [2, 8, 5, 0.04878048598766327],
            [2, 9, 7, 0.024390242993831635],
            [2, 9, 11, 0.04878048598766327],
            [2, 11, 2, 0.024390242993831635],
            [2, 12, 4, 0.024390242993831635],
            [2, 12, 13, 0.024390242993831635],
            [2, 12, 17, 0.024390242993831635],
            [2, 13, 7, 0.024390242993831635],
            [2, 13, 8, 0.024390242993831635],
            [2, 13, 13, 0.024390242993831635],
            [2, 14, 0, 0.04878048598766327],
            [2, 14, 4, 0.09756097197532654],
            [2, 14, 11, 0.024390242993831635],
            [2, 15, 2, 0.024390242993831635],
            [2, 16, 8, 0.024390242993831635],
            [2, 17, 1, 0.024390242993831635],
            [2, 17, 5, 0.024390242993831635],
            [2, 17, 14, 0.024390242993831635],
            [2, 17, 16, 0.024390242993831635],
            [3, 0, 17, 0.016949152573943138],
            [3, 1, 6, 0.016949152573943138],
            [3, 2, 14, 0.033898305147886276],
            [3, 3, 2, 0.050847455859184265],
            [3, 3, 9, 0.016949152573943138],
            [3, 3, 17, 0.016949152573943138],
            [3, 4, 9, 0.016949152573943138],
            [3, 4, 13, 0.06779661029577255],
            [3, 5, 1, 0.016949152573943138],
            [3, 6, 12, 0.016949152573943138],
            [3, 8, 6, 0.033898305147886276],
            [3, 8, 10, 0.016949152573943138],
            [3, 9, 12, 0.1355932205915451],
            [3, 9, 15, 0.050847455859184265],
            [3, 10, 5, 0.016949152573943138],
            [3, 10, 13, 0.016949152573943138],
            [3, 11, 0, 0.016949152573943138],
            [3, 11, 4, 0.016949152573943138],
            [3, 11, 16, 0.033898305147886276],
            [3, 12, 8, 0.050847455859184265],
            [3, 12, 10, 0.016949152573943138],
            [3, 14, 15, 0.050847455859184265],
            [3, 15, 3, 0.18644067645072937],
            [3, 15, 8, 0.016949152573943138],
            [3, 15, 13, 0.016949152573943138],
            [3, 16, 4, 0.016949152573943138],
            [3, 16, 8, 0.016949152573943138],
            [3, 17, 14, 0.016949152573943138]
        ]
    }
}