{
    "train_f1": 7.0274529457092285,
    "train_prob": 10.915283203125,
    "train_cov": 31.25,
    "valid_f1": 10.0,
    "valid_prob": 17.947965621948242,
    "valid_cov": 10.0,
    "len": 139,
    "binary_grammar": {
        "num_nt": 4,
        "num_pt": 14,
        "num_rhs": 324,
        "rule_probs": [
            [0, 1, 3, 0.03703703731298447],
            [0, 1, 11, 0.03703703731298447],
            [0, 1, 14, 0.018518518656492233],
            [0, 2, 7, 0.018518518656492233],
            [0, 2, 9, 0.03703703731298447],
            [0, 4, 0, 0.03703703731298447],
            [0, 5, 3, 0.018518518656492233],
            [0, 5, 4, 0.018518518656492233],
            [0, 5, 5, 0.1111111119389534],
            [0, 6, 7, 0.018518518656492233],
            [0, 6, 9, 0.03703703731298447],
            [0, 6, 11, 0.0555555559694767],
            [0, 7, 1, 0.018518518656492233],
            [0, 7, 17, 0.018518518656492233],
            [0, 9, 14, 0.07407407462596893],
            [0, 10, 2, 0.018518518656492233],
            [0, 10, 9, 0.018518518656492233],
            [0, 10, 12, 0.018518518656492233],
            [0, 11, 1, 0.018518518656492233],
            [0, 11, 12, 0.0555555559694767],
            [0, 11, 13, 0.018518518656492233],
            [0, 13, 0, 0.018518518656492233],
            [0, 13, 16, 0.09259258955717087],
            [0, 14, 3, 0.018518518656492233],
            [0, 14, 4, 0.018518518656492233],
            [0, 14, 15, 0.018518518656492233],
            [0, 15, 5, 0.03703703731298447],
            [0, 15, 8, 0.018518518656492233],
            [0, 16, 5, 0.018518518656492233],
            [0, 17, 4, 0.018518518656492233],
            [0, 17, 10, 0.018518518656492233],
            [0, 17, 14, 0.018518518656492233],
            [1, 0, 5, 0.021739130839705467],
            [1, 1, 6, 0.021739130839705467],
            [1, 1, 8, 0.021739130839705467],
            [1, 2, 11, 0.021739130839705467],
            [1, 4, 13, 0.043478261679410934],
            [1, 4, 15, 0.021739130839705467],
            [1, 4, 16, 0.021739130839705467],
            [1, 5, 4, 0.10869564861059189],
            [1, 5, 13, 0.021739130839705467],
            [1, 5, 16, 0.021739130839705467],
            [1, 6, 9, 0.021739130839705467],
            [1, 6, 16, 0.021739130839705467],
            [1, 7, 7, 0.021739130839705467],
            [1, 8, 1, 0.021739130839705467],
            [1, 8, 4, 0.021739130839705467],
            [1, 8, 6, 0.021739130839705467],
            [1, 8, 7, 0.021739130839705467],
            [1, 8, 11, 0.021739130839705467],
            [1, 8, 17, 0.021739130839705467],
            [1, 9, 4, 0.021739130839705467],
            [1, 10, 1, 0.021739130839705467],
            [1, 10, 2, 0.021739130839705467],
            [1, 10, 3, 0.021739130839705467],
            [1, 10, 14, 0.06521739065647125],
            [1, 11, 17, 0.021739130839705467],
            [1, 12, 1, 0.021739130839705467],
            [1, 13, 11, 0.021739130839705467],
            [1, 14, 0, 0.021739130839705467],
            [1, 14, 2, 0.021739130839705467],
            [1, 14, 3, 0.021739130839705467],
            [1, 14, 10, 0.021739130839705467],
            [1, 14, 14, 0.021739130839705467],
            [1, 16, 0, 0.06521739065647125],
            [1, 16, 1, 0.021739130839705467],
            [1, 16, 2, 0.021739130839705467],
            [1, 17, 10, 0.021739130839705467],
            [1, 17, 16, 0.021739130839705467],
            [2, 0, 10, 0.021276595070958138],
            [2, 0, 14, 0.021276595070958138],
            [2, 0, 15, 0.021276595070958138],
            [2, 0, 16, 0.021276595070958138],
            [2, 1, 6, 0.021276595070958138],
            [2, 1, 17, 0.06382978707551956],
            [2, 2, 14, 0.021276595070958138],
            [2, 4, 7, 0.021276595070958138],
            [2, 5, 0, 0.021276595070958138],
            [2, 5, 10, 0.021276595070958138],
            [2, 5, 12, 0.042553190141916275],
            [2, 6, 16, 0.021276595070958138],
            [2, 7, 1, 0.021276595070958138],
            [2, 7, 3, 0.021276595070958138],
            [2, 7, 11, 0.042553190141916275],
            [2, 7, 12, 0.021276595070958138],
            [2, 7, 13, 0.042553190141916275],
            [2, 8, 0, 0.021276595070958138],
            [2, 8, 13, 0.021276595070958138],
            [2, 8, 14, 0.021276595070958138],
            [2, 9, 3, 0.021276595070958138],
            [2, 9, 11, 0.10638298094272614],
            [2, 9, 12, 0.021276595070958138],
            [2, 10, 7, 0.021276595070958138],
            [2, 11, 6, 0.021276595070958138],
            [2, 11, 8, 0.021276595070958138],
            [2, 11, 9, 0.021276595070958138],
            [2, 11, 12, 0.021276595070958138],
            [2, 12, 4, 0.021276595070958138],
            [2, 12, 7, 0.021276595070958138],
            [2, 13, 2, 0.021276595070958138],
            [2, 15, 5, 0.021276595070958138],
            [2, 16, 6, 0.06382978707551956],
            [2, 16, 14, 0.021276595070958138],
            [2, 17, 1, 0.042553190141916275],
            [3, 0, 2, 0.01886792480945587],
            [3, 0, 6, 0.01886792480945587],
            [3, 0, 12, 0.01886792480945587],
            [3, 0, 17, 0.01886792480945587],
            [3, 1, 17, 0.01886792480945587],
            [3, 2, 4, 0.01886792480945587],
            [3, 2, 8, 0.01886792480945587],
            [3, 2, 16, 0.01886792480945587],
            [3, 3, 2, 0.01886792480945587],
            [3, 3, 12, 0.01886792480945587],
            [3, 3, 16, 0.01886792480945587],
            [3, 4, 13, 0.03773584961891174],
            [3, 5, 4, 0.01886792480945587],
            [3, 5, 5, 0.01886792480945587],
            [3, 5, 15, 0.01886792480945587],
            [3, 6, 2, 0.01886792480945587],
            [3, 6, 4, 0.03773584961891174],
            [3, 6, 5, 0.01886792480945587],
            [3, 7, 5, 0.01886792480945587],
            [3, 7, 13, 0.056603774428367615],
            [3, 8, 9, 0.01886792480945587],
            [3, 8, 11, 0.01886792480945587],
            [3, 9, 3, 0.01886792480945587],
            [3, 9, 12, 0.056603774428367615],
            [3, 10, 0, 0.01886792480945587],
            [3, 12, 8, 0.03773584961891174],
            [3, 12, 9, 0.01886792480945587],
            [3, 14, 2, 0.01886792480945587],
            [3, 14, 15, 0.056603774428367615],
            [3, 15, 3, 0.1320754736661911],
            [3, 15, 6, 0.01886792480945587],
            [3, 16, 3, 0.03773584961891174],
            [3, 16, 6, 0.03773584961891174],
            [3, 16, 8, 0.01886792480945587],
            [3, 16, 11, 0.03773584961891174]
        ]
    }
}