{
    "train_f1": 1.9719973802566528,
    "train_prob": 20.436155319213867,
    "train_cov": 25.0,
    "valid_f1": 10.0,
    "valid_prob": 18.046579360961914,
    "valid_cov": 10.0,
    "len": 141,
    "binary_grammar": {
        "num_nt": 4,
        "num_pt": 14,
        "num_rhs": 324,
        "rule_probs": [
            [0, 0, 11, 0.056603774428367615],
            [0, 1, 3, 0.03773584961891174],
            [0, 1, 11, 0.03773584961891174],
            [0, 1, 12, 0.01886792480945587],
            [0, 2, 7, 0.01886792480945587],
            [0, 2, 16, 0.01886792480945587],
            [0, 4, 0, 0.03773584961891174],
            [0, 4, 3, 0.01886792480945587],
            [0, 4, 6, 0.01886792480945587],
            [0, 4, 12, 0.01886792480945587],
            [0, 5, 3, 0.01886792480945587],
            [0, 5, 5, 0.11320754885673523],
            [0, 5, 7, 0.01886792480945587],
            [0, 5, 14, 0.01886792480945587],
            [0, 6, 9, 0.01886792480945587],
            [0, 8, 12, 0.01886792480945587],
            [0, 9, 14, 0.056603774428367615],
            [0, 10, 11, 0.01886792480945587],
            [0, 11, 1, 0.03773584961891174],
            [0, 11, 3, 0.01886792480945587],
            [0, 11, 6, 0.01886792480945587],
            [0, 11, 7, 0.01886792480945587],
            [0, 11, 10, 0.03773584961891174],
            [0, 11, 17, 0.01886792480945587],
            [0, 13, 6, 0.01886792480945587],
            [0, 13, 8, 0.01886792480945587],
            [0, 13, 16, 0.03773584961891174],
            [0, 14, 1, 0.01886792480945587],
            [0, 14, 11, 0.01886792480945587],
            [0, 15, 0, 0.01886792480945587],
            [0, 15, 10, 0.01886792480945587],
            [0, 15, 17, 0.01886792480945587],
            [0, 16, 6, 0.01886792480945587],
            [0, 16, 7, 0.01886792480945587],
            [0, 17, 1, 0.01886792480945587],
            [0, 17, 12, 0.01886792480945587],
            [0, 17, 14, 0.01886792480945587],
            [0, 17, 17, 0.01886792480945587],
            [1, 0, 14, 0.02222222276031971],
            [1, 0, 17, 0.04444444552063942],
            [1, 1, 1, 0.02222222276031971],
            [1, 2, 11, 0.04444444552063942],
            [1, 4, 4, 0.02222222276031971],
            [1, 4, 13, 0.02222222276031971],
            [1, 4, 15, 0.02222222276031971],
            [1, 5, 4, 0.04444444552063942],
            [1, 5, 7, 0.02222222276031971],
            [1, 6, 9, 0.02222222276031971],
            [1, 7, 7, 0.04444444552063942],
            [1, 8, 3, 0.02222222276031971],
            [1, 8, 4, 0.02222222276031971],
            [1, 9, 0, 0.02222222276031971],
            [1, 9, 16, 0.02222222276031971],
            [1, 10, 2, 0.02222222276031971],
            [1, 10, 17, 0.02222222276031971],
            [1, 11, 10, 0.02222222276031971],
            [1, 11, 17, 0.04444444552063942],
            [1, 12, 4, 0.02222222276031971],
            [1, 12, 9, 0.04444444552063942],
            [1, 12, 17, 0.02222222276031971],
            [1, 14, 2, 0.02222222276031971],
            [1, 14, 6, 0.02222222276031971],
            [1, 14, 11, 0.02222222276031971],
            [1, 15, 10, 0.02222222276031971],
            [1, 16, 0, 0.08888889104127884],
            [1, 16, 12, 0.04444444552063942],
            [1, 16, 15, 0.13333334028720856],
            [1, 17, 4, 0.02222222276031971],
            [2, 0, 14, 0.020408162847161293],
            [2, 0, 15, 0.020408162847161293],
            [2, 0, 16, 0.020408162847161293],
            [2, 1, 0, 0.020408162847161293],
            [2, 1, 3, 0.020408162847161293],
            [2, 1, 17, 0.020408162847161293],
            [2, 2, 1, 0.020408162847161293],
            [2, 2, 3, 0.020408162847161293],
            [2, 2, 7, 0.08163265138864517],
            [2, 4, 1, 0.020408162847161293],
            [2, 5, 8, 0.020408162847161293],
            [2, 5, 12, 0.020408162847161293],
            [2, 6, 10, 0.020408162847161293],
            [2, 6, 11, 0.040816325694322586],
            [2, 6, 14, 0.020408162847161293],
            [2, 7, 2, 0.020408162847161293],
            [2, 7, 4, 0.040816325694322586],
            [2, 7, 13, 0.020408162847161293],
            [2, 8, 13, 0.020408162847161293],
            [2, 9, 11, 0.040816325694322586],
            [2, 11, 2, 0.020408162847161293],
            [2, 12, 2, 0.020408162847161293],
            [2, 12, 4, 0.040816325694322586],
            [2, 13, 1, 0.020408162847161293],
            [2, 13, 2, 0.020408162847161293],
            [2, 13, 10, 0.020408162847161293],
            [2, 14, 4, 0.020408162847161293],
            [2, 14, 14, 0.020408162847161293],
            [2, 15, 2, 0.020408162847161293],
            [2, 15, 8, 0.020408162847161293],
            [2, 15, 9, 0.06122449040412903],
            [2, 16, 6, 0.040816325694322586],
            [2, 17, 1, 0.08163265138864517],
            [2, 17, 7, 0.020408162847161293],
            [2, 17, 14, 0.040816325694322586],
            [3, 0, 4, 0.01886792480945587],
            [3, 0, 6, 0.056603774428367615],
            [3, 2, 4, 0.03773584961891174],
            [3, 2, 5, 0.01886792480945587],
            [3, 2, 14, 0.056603774428367615],
            [3, 3, 2, 0.01886792480945587],
            [3, 3, 11, 0.01886792480945587],
            [3, 4, 0, 0.01886792480945587],
            [3, 4, 13, 0.03773584961891174],
            [3, 4, 15, 0.01886792480945587],
            [3, 4, 16, 0.01886792480945587],
            [3, 6, 5, 0.01886792480945587],
            [3, 6, 12, 0.01886792480945587],
            [3, 7, 3, 0.01886792480945587],
            [3, 7, 5, 0.01886792480945587],
            [3, 7, 13, 0.03773584961891174],
            [3, 8, 15, 0.01886792480945587],
            [3, 9, 3, 0.01886792480945587],
            [3, 9, 12, 0.07547169923782349],
            [3, 10, 10, 0.01886792480945587],
            [3, 11, 0, 0.01886792480945587],
            [3, 11, 4, 0.01886792480945587],
            [3, 11, 11, 0.01886792480945587],
            [3, 11, 16, 0.01886792480945587],
            [3, 11, 17, 0.01886792480945587],
            [3, 12, 8, 0.03773584961891174],
            [3, 12, 9, 0.01886792480945587],
            [3, 12, 16, 0.01886792480945587],
            [3, 13, 11, 0.01886792480945587],
            [3, 13, 14, 0.01886792480945587],
            [3, 14, 2, 0.01886792480945587],
            [3, 15, 3, 0.07547169923782349],
            [3, 15, 10, 0.01886792480945587],
            [3, 15, 14, 0.01886792480945587],
            [3, 16, 8, 0.01886792480945587],
            [3, 16, 11, 0.03773584961891174],
            [3, 17, 1, 0.01886792480945587],
            [3, 17, 14, 0.01886792480945587]
        ]
    }
}