{
    "train_f1": 0.0,
    "train_prob": 0.0,
    "train_cov": 0.0,
    "valid_f1": 0.0,
    "valid_prob": 0.0,
    "valid_cov": 0.0,
    "len": 185,
    "binary_grammar": {
        "num_nt": 4,
        "num_pt": 14,
        "num_rhs": 324,
        "rule_probs": [
            [0, 0, 0, 0.017241379246115685],
            [0, 0, 8, 0.017241379246115685],
            [0, 0, 14, 0.017241379246115685],
            [0, 1, 8, 0.017241379246115685],
            [0, 1, 9, 0.017241379246115685],
            [0, 1, 12, 0.017241379246115685],
            [0, 1, 17, 0.017241379246115685],
            [0, 2, 5, 0.017241379246115685],
            [0, 2, 6, 0.03448275849223137],
            [0, 3, 1, 0.017241379246115685],
            [0, 3, 4, 0.017241379246115685],
            [0, 3, 5, 0.017241379246115685],
            [0, 3, 9, 0.017241379246115685],
            [0, 3, 15, 0.017241379246115685],
            [0, 4, 5, 0.017241379246115685],
            [0, 4, 7, 0.017241379246115685],
            [0, 4, 12, 0.017241379246115685],
            [0, 5, 0, 0.017241379246115685],
            [0, 5, 4, 0.017241379246115685],
            [0, 6, 3, 0.017241379246115685],
            [0, 6, 16, 0.017241379246115685],
            [0, 7, 15, 0.017241379246115685],
            [0, 8, 0, 0.017241379246115685],
            [0, 8, 10, 0.017241379246115685],
            [0, 8, 11, 0.017241379246115685],
            [0, 8, 12, 0.017241379246115685],
            [0, 8, 15, 0.017241379246115685],
            [0, 8, 17, 0.017241379246115685],
            [0, 9, 1, 0.017241379246115685],
            [0, 9, 3, 0.017241379246115685],
            [0, 9, 4, 0.017241379246115685],
            [0, 10, 7, 0.03448275849223137],
            [0, 10, 8, 0.017241379246115685],
            [0, 10, 14, 0.017241379246115685],
            [0, 10, 15, 0.017241379246115685],
            [0, 11, 2, 0.017241379246115685],
            [0, 11, 12, 0.03448275849223137],
            [0, 12, 7, 0.017241379246115685],
            [0, 12, 9, 0.017241379246115685],
            [0, 12, 11, 0.017241379246115685],
            [0, 12, 13, 0.017241379246115685],
            [0, 12, 15, 0.017241379246115685],
            [0, 12, 16, 0.017241379246115685],
            [0, 14, 1, 0.017241379246115685],
            [0, 14, 8, 0.017241379246115685],
            [0, 15, 1, 0.017241379246115685],
            [0, 15, 5, 0.017241379246115685],
            [0, 15, 6, 0.017241379246115685],
            [0, 15, 7, 0.017241379246115685],
            [0, 15, 15, 0.017241379246115685],
            [0, 16, 0, 0.017241379246115685],
            [0, 16, 2, 0.017241379246115685],
            [0, 16, 15, 0.017241379246115685],
            [0, 16, 17, 0.017241379246115685],
            [0, 17, 17, 0.017241379246115685],
            [1, 0, 1, 0.02083333395421505],
            [1, 0, 6, 0.02083333395421505],
            [1, 0, 9, 0.02083333395421505],
            [1, 1, 3, 0.02083333395421505],
            [1, 1, 10, 0.02083333395421505],
            [1, 2, 7, 0.02083333395421505],
            [1, 2, 8, 0.0416666679084301],
            [1, 3, 12, 0.02083333395421505],
            [1, 4, 0, 0.02083333395421505],
            [1, 4, 7, 0.02083333395421505],
            [1, 4, 13, 0.02083333395421505],
            [1, 4, 14, 0.02083333395421505],
            [1, 4, 17, 0.02083333395421505],
            [1, 5, 4, 0.02083333395421505],
            [1, 5, 14, 0.02083333395421505],
            [1, 5, 16, 0.02083333395421505],
            [1, 6, 2, 0.02083333395421505],
            [1, 6, 6, 0.02083333395421505],
            [1, 6, 7, 0.0416666679084301],
            [1, 6, 14, 0.02083333395421505],
            [1, 6, 15, 0.02083333395421505],
            [1, 6, 16, 0.02083333395421505],
            [1, 7, 4, 0.02083333395421505],
            [1, 8, 6, 0.02083333395421505],
            [1, 8, 10, 0.02083333395421505],
            [1, 9, 7, 0.02083333395421505],
            [1, 9, 8, 0.02083333395421505],
            [1, 9, 10, 0.02083333395421505],
            [1, 9, 14, 0.02083333395421505],
            [1, 9, 17, 0.02083333395421505],
            [1, 10, 1, 0.02083333395421505],
            [1, 10, 4, 0.02083333395421505],
            [1, 12, 5, 0.02083333395421505],
            [1, 13, 1, 0.02083333395421505],
            [1, 13, 5, 0.02083333395421505],
            [1, 13, 9, 0.0416666679084301],
            [1, 13, 15, 0.02083333395421505],
            [1, 14, 6, 0.0416666679084301],
            [1, 14, 7, 0.02083333395421505],
            [1, 14, 9, 0.02083333395421505],
            [1, 14, 16, 0.02083333395421505],
            [1, 16, 15, 0.02083333395421505],
            [1, 17, 9, 0.02083333395421505],
            [1, 17, 14, 0.02083333395421505],
            [2, 0, 0, 0.01886792480945587],
            [2, 0, 6, 0.01886792480945587],
            [2, 0, 12, 0.01886792480945587],
            [2, 0, 13, 0.01886792480945587],
            [2, 0, 14, 0.01886792480945587],
            [2, 1, 6, 0.01886792480945587],
            [2, 2, 9, 0.01886792480945587],
            [2, 2, 17, 0.01886792480945587],
            [2, 3, 6, 0.01886792480945587],
            [2, 3, 13, 0.01886792480945587],
            [2, 4, 0, 0.01886792480945587],
            [2, 4, 7, 0.01886792480945587],
            [2, 4, 15, 0.01886792480945587],
            [2, 5, 5, 0.03773584961891174],
            [2, 5, 7, 0.01886792480945587],
            [2, 5, 8, 0.03773584961891174],
            [2, 6, 0, 0.01886792480945587],
            [2, 6, 2, 0.01886792480945587],
            [2, 6, 5, 0.01886792480945587],
            [2, 6, 8, 0.01886792480945587],
            [2, 6, 15, 0.01886792480945587],
            [2, 7, 0, 0.01886792480945587],
            [2, 7, 2, 0.01886792480945587],
            [2, 7, 3, 0.01886792480945587],
            [2, 7, 9, 0.03773584961891174],
            [2, 7, 10, 0.01886792480945587],
            [2, 7, 13, 0.01886792480945587],
            [2, 7, 16, 0.01886792480945587],
            [2, 8, 0, 0.01886792480945587],
            [2, 8, 11, 0.01886792480945587],
            [2, 8, 15, 0.01886792480945587],
            [2, 9, 4, 0.01886792480945587],
            [2, 9, 15, 0.01886792480945587],
            [2, 9, 16, 0.03773584961891174],
            [2, 11, 12, 0.01886792480945587],
            [2, 12, 5, 0.01886792480945587],
            [2, 12, 11, 0.01886792480945587],
            [2, 12, 15, 0.01886792480945587],
            [2, 13, 8, 0.01886792480945587],
            [2, 13, 17, 0.01886792480945587],
            [2, 14, 3, 0.01886792480945587],
            [2, 14, 7, 0.01886792480945587],
            [2, 15, 1, 0.01886792480945587],
            [2, 15, 11, 0.01886792480945587],
            [2, 15, 14, 0.01886792480945587],
            [2, 16, 9, 0.01886792480945587],
            [2, 16, 11, 0.01886792480945587],
            [2, 16, 12, 0.01886792480945587],
            [2, 17, 12, 0.01886792480945587],
            [3, 1, 14, 0.024390242993831635],
            [3, 2, 5, 0.024390242993831635],
            [3, 2, 12, 0.024390242993831635],
            [3, 3, 12, 0.024390242993831635],
            [3, 4, 4, 0.024390242993831635],
            [3, 4, 9, 0.024390242993831635],
            [3, 4, 11, 0.024390242993831635],
            [3, 4, 17, 0.024390242993831635],
            [3, 5, 13, 0.024390242993831635],
            [3, 6, 4, 0.04878048598766327],
            [3, 6, 15, 0.024390242993831635],
            [3, 6, 17, 0.024390242993831635],
            [3, 7, 6, 0.024390242993831635],
            [3, 7, 13, 0.024390242993831635],
            [3, 7, 14, 0.024390242993831635],
            [3, 7, 16, 0.04878048598766327],
            [3, 8, 9, 0.024390242993831635],
            [3, 8, 10, 0.024390242993831635],
            [3, 8, 12, 0.024390242993831635],
            [3, 9, 16, 0.04878048598766327],
            [3, 12, 8, 0.024390242993831635],
            [3, 13, 0, 0.024390242993831635],
            [3, 13, 3, 0.024390242993831635],
