{
    "train_f1": 7.74630069732666,
    "train_prob": 21.83915901184082,
    "train_cov": 37.5,
    "valid_f1": 0.0,
    "valid_prob": 0.0,
    "valid_cov": 0.0,
    "len": 175,
    "binary_grammar": {
        "num_nt": 4,
        "num_pt": 14,
        "num_rhs": 324,
        "rule_probs": [
            [0, 0, 0, 0.022727273404598236],
            [0, 0, 1, 0.022727273404598236],
            [0, 0, 14, 0.04545454680919647],
            [0, 2, 9, 0.022727273404598236],
            [0, 2, 14, 0.022727273404598236],
            [0, 3, 2, 0.022727273404598236],
            [0, 3, 6, 0.022727273404598236],
            [0, 3, 13, 0.022727273404598236],
            [0, 4, 15, 0.022727273404598236],
            [0, 5, 0, 0.022727273404598236],
            [0, 5, 4, 0.022727273404598236],
            [0, 5, 9, 0.022727273404598236],
            [0, 6, 1, 0.022727273404598236],
            [0, 6, 5, 0.022727273404598236],
            [0, 6, 6, 0.022727273404598236],
            [0, 6, 8, 0.022727273404598236],
            [0, 7, 9, 0.022727273404598236],
            [0, 7, 10, 0.022727273404598236],
            [0, 8, 2, 0.022727273404598236],
            [0, 8, 14, 0.04545454680919647],
            [0, 10, 5, 0.022727273404598236],
            [0, 10, 15, 0.04545454680919647],
            [0, 10, 17, 0.022727273404598236],
            [0, 11, 5, 0.022727273404598236],
            [0, 11, 9, 0.022727273404598236],
            [0, 11, 14, 0.022727273404598236],
            [0, 12, 7, 0.022727273404598236],
            [0, 12, 9, 0.022727273404598236],
            [0, 12, 10, 0.022727273404598236],
            [0, 13, 2, 0.022727273404598236],
            [0, 13, 7, 0.022727273404598236],
            [0, 13, 14, 0.022727273404598236],
            [0, 14, 0, 0.022727273404598236],
            [0, 14, 9, 0.022727273404598236],
            [0, 15, 0, 0.04545454680919647],
            [0, 15, 10, 0.022727273404598236],
            [0, 15, 11, 0.022727273404598236],
            [0, 15, 13, 0.022727273404598236],
            [0, 16, 0, 0.022727273404598236],
            [0, 17, 9, 0.022727273404598236],
            [1, 0, 6, 0.021276595070958138],
            [1, 0, 14, 0.021276595070958138],
            [1, 1, 17, 0.021276595070958138],
            [1, 2, 0, 0.021276595070958138],
            [1, 2, 1, 0.021276595070958138],
            [1, 2, 2, 0.021276595070958138],
            [1, 2, 3, 0.021276595070958138],
            [1, 2, 17, 0.021276595070958138],
            [1, 3, 5, 0.021276595070958138],
            [1, 4, 7, 0.021276595070958138],
            [1, 4, 11, 0.021276595070958138],
            [1, 5, 6, 0.021276595070958138],
            [1, 6, 0, 0.021276595070958138],
            [1, 6, 4, 0.021276595070958138],
            [1, 6, 10, 0.021276595070958138],
            [1, 7, 1, 0.021276595070958138],
            [1, 7, 6, 0.021276595070958138],
            [1, 7, 7, 0.021276595070958138],
            [1, 8, 12, 0.021276595070958138],
            [1, 8, 15, 0.042553190141916275],
            [1, 9, 2, 0.042553190141916275],
            [1, 9, 16, 0.021276595070958138],
            [1, 10, 3, 0.021276595070958138],
            [1, 10, 15, 0.042553190141916275],
            [1, 11, 1, 0.021276595070958138],
            [1, 12, 0, 0.021276595070958138],
            [1, 12, 10, 0.021276595070958138],
            [1, 13, 8, 0.021276595070958138],
            [1, 14, 1, 0.021276595070958138],
            [1, 14, 4, 0.021276595070958138],
            [1, 14, 5, 0.042553190141916275],
            [1, 15, 3, 0.021276595070958138],
            [1, 15, 8, 0.021276595070958138],
            [1, 15, 14, 0.021276595070958138],
            [1, 15, 15, 0.021276595070958138],
            [1, 16, 0, 0.021276595070958138],
            [1, 16, 2, 0.021276595070958138],
            [1, 16, 3, 0.042553190141916275],
            [1, 16, 11, 0.021276595070958138],
            [1, 16, 12, 0.021276595070958138],
            [1, 17, 5, 0.021276595070958138],
            [1, 17, 16, 0.021276595070958138],
            [2, 0, 0, 0.019607843831181526],
            [2, 0, 1, 0.019607843831181526],
            [2, 1, 2, 0.019607843831181526],
            [2, 2, 5, 0.019607843831181526],
            [2, 2, 14, 0.019607843831181526],
            [2, 2, 15, 0.019607843831181526],
            [2, 2, 17, 0.03921568766236305],
            [2, 3, 12, 0.019607843831181526],
            [2, 3, 15, 0.019607843831181526],
            [2, 4, 13, 0.019607843831181526],
            [2, 4, 16, 0.019607843831181526],
            [2, 5, 2, 0.019607843831181526],
            [2, 5, 3, 0.019607843831181526],
            [2, 5, 11, 0.019607843831181526],
            [2, 5, 14, 0.019607843831181526],
            [2, 6, 9, 0.019607843831181526],
            [2, 6, 15, 0.019607843831181526],
            [2, 8, 5, 0.019607843831181526],
            [2, 8, 9, 0.019607843831181526],
            [2, 8, 11, 0.019607843831181526],
            [2, 8, 13, 0.019607843831181526],
            [2, 9, 1, 0.019607843831181526],
            [2, 9, 10, 0.03921568766236305],
            [2, 9, 13, 0.019607843831181526],
            [2, 10, 0, 0.019607843831181526],
            [2, 11, 9, 0.03921568766236305],
            [2, 11, 10, 0.019607843831181526],
            [2, 11, 17, 0.019607843831181526],
            [2, 12, 1, 0.03921568766236305],
            [2, 12, 15, 0.019607843831181526],
            [2, 13, 0, 0.019607843831181526],
            [2, 13, 14, 0.03921568766236305],
            [2, 13, 17, 0.03921568766236305],
            [2, 14, 3, 0.019607843831181526],
            [2, 15, 0, 0.019607843831181526],
            [2, 15, 2, 0.019607843831181526],
            [2, 15, 12, 0.019607843831181526],
            [2, 15, 13, 0.019607843831181526],
            [2, 16, 1, 0.019607843831181526],
            [2, 16, 2, 0.019607843831181526],
            [2, 16, 11, 0.019607843831181526],
            [2, 16, 15, 0.019607843831181526],
            [2, 17, 2, 0.019607843831181526],
            [2, 17, 5, 0.019607843831181526],
            [2, 17, 13, 0.019607843831181526],
            [3, 0, 0, 0.019607843831181526],
            [3, 0, 1, 0.019607843831181526],
            [3, 0, 3, 0.019607843831181526],
            [3, 0, 6, 0.019607843831181526],
            [3, 0, 7, 0.019607843831181526],
            [3, 0, 13, 0.019607843831181526],
            [3, 0, 14, 0.019607843831181526],
            [3, 1, 14, 0.019607843831181526],
            [3, 2, 3, 0.019607843831181526],
            [3, 2, 5, 0.019607843831181526],
            [3, 3, 2, 0.019607843831181526],
            [3, 3, 4, 0.019607843831181526],
            [3, 3, 12, 0.019607843831181526],
            [3, 4, 2, 0.019607843831181526],
            [3, 5, 0, 0.019607843831181526],
            [3, 5, 3, 0.019607843831181526],
            [3, 5, 12, 0.019607843831181526],
            [3, 5, 14, 0.019607843831181526],
            [3, 6, 10, 0.019607843831181526],
            [3, 6, 11, 0.019607843831181526],
            [3, 6, 12, 0.019607843831181526],
            [3, 6, 17, 0.019607843831181526],
            [3, 7, 15, 0.019607843831181526],
            [3, 7, 17, 0.019607843831181526],
            [3, 8, 4, 0.019607843831181526],
            [3, 8, 5, 0.019607843831181526],
            [3, 8, 10, 0.019607843831181526],
            [3, 8, 13, 0.019607843831181526],
            [3, 8, 16, 0.019607843831181526],
            [3, 9, 5, 0.019607843831181526],
            [3, 10, 1, 0.019607843831181526],
            [3, 11, 11, 0.019607843831181526],
            [3, 12, 0, 0.019607843831181526],
            [3, 12, 10, 0.03921568766236305],
            [3, 12, 14, 0.019607843831181526],
            [3, 13, 1, 0.019607843831181526],
            [3, 13, 6, 0.019607843831181526],
            [3, 13, 10, 0.019607843831181526],
            [3, 14, 1, 0.019607843831181526],
            [3, 14, 2, 0.019607843831181526],
            [3, 14, 12, 0.019607843831181526],
