{
    "train_f1": 7.988518714904785,
    "train_prob": 30.62640953063965,
    "train_cov": 62.5,
    "valid_f1": 0.0,
    "valid_prob": 0.0,
    "valid_cov": 0.0,
    "len": 183,
    "binary_grammar": {
        "num_nt": 4,
        "num_pt": 14,
        "num_rhs": 324,
        "rule_probs": [
            [0, 0, 1, 0.017241379246115685],
            [0, 0, 4, 0.017241379246115685],
            [0, 0, 7, 0.03448275849223137],
            [0, 0, 14, 0.017241379246115685],
            [0, 0, 15, 0.017241379246115685],
            [0, 0, 17, 0.017241379246115685],
            [0, 1, 7, 0.017241379246115685],
            [0, 1, 9, 0.03448275849223137],
            [0, 1, 16, 0.017241379246115685],
            [0, 1, 17, 0.017241379246115685],
            [0, 3, 6, 0.017241379246115685],
            [0, 3, 11, 0.017241379246115685],
            [0, 3, 17, 0.017241379246115685],
            [0, 4, 3, 0.017241379246115685],
            [0, 4, 5, 0.017241379246115685],
            [0, 4, 8, 0.017241379246115685],
            [0, 5, 4, 0.017241379246115685],
            [0, 5, 8, 0.03448275849223137],
            [0, 5, 12, 0.017241379246115685],
            [0, 5, 15, 0.017241379246115685],
            [0, 5, 16, 0.017241379246115685],
            [0, 6, 16, 0.017241379246115685],
            [0, 6, 17, 0.03448275849223137],
            [0, 7, 11, 0.017241379246115685],
            [0, 8, 1, 0.017241379246115685],
            [0, 8, 9, 0.017241379246115685],
            [0, 8, 14, 0.017241379246115685],
            [0, 9, 0, 0.017241379246115685],
            [0, 9, 12, 0.017241379246115685],
            [0, 9, 13, 0.0517241396009922],
            [0, 10, 13, 0.017241379246115685],
            [0, 11, 4, 0.017241379246115685],
            [0, 12, 11, 0.017241379246115685],
            [0, 12, 13, 0.03448275849223137],
            [0, 13, 0, 0.017241379246115685],
            [0, 13, 8, 0.017241379246115685],
            [0, 14, 10, 0.017241379246115685],
            [0, 14, 12, 0.03448275849223137],
            [0, 14, 16, 0.017241379246115685],
            [0, 15, 1, 0.017241379246115685],
            [0, 15, 4, 0.017241379246115685],
            [0, 15, 5, 0.017241379246115685],
            [0, 15, 10, 0.017241379246115685],
            [0, 16, 11, 0.017241379246115685],
            [0, 16, 13, 0.017241379246115685],
            [0, 17, 1, 0.017241379246115685],
            [0, 17, 2, 0.017241379246115685],
            [0, 17, 6, 0.017241379246115685],
            [0, 17, 8, 0.017241379246115685],
            [0, 17, 17, 0.017241379246115685],
            [1, 0, 4, 0.022727273404598236],
            [1, 0, 13, 0.022727273404598236],
            [1, 0, 16, 0.04545454680919647],
            [1, 1, 3, 0.04545454680919647],
            [1, 1, 8, 0.022727273404598236],
            [1, 1, 10, 0.022727273404598236],
            [1, 1, 13, 0.022727273404598236],
            [1, 2, 4, 0.022727273404598236],
            [1, 2, 10, 0.04545454680919647],
            [1, 2, 14, 0.022727273404598236],
            [1, 3, 6, 0.022727273404598236],
            [1, 3, 8, 0.022727273404598236],
            [1, 3, 13, 0.022727273404598236],
            [1, 3, 15, 0.04545454680919647],
            [1, 4, 11, 0.022727273404598236],
            [1, 6, 11, 0.022727273404598236],
            [1, 6, 15, 0.022727273404598236],
            [1, 7, 3, 0.022727273404598236],
            [1, 7, 6, 0.022727273404598236],
            [1, 7, 11, 0.022727273404598236],
            [1, 7, 13, 0.022727273404598236],
            [1, 8, 6, 0.022727273404598236],
            [1, 8, 11, 0.022727273404598236],
            [1, 9, 6, 0.022727273404598236],
            [1, 9, 11, 0.022727273404598236],
            [1, 9, 13, 0.022727273404598236],
            [1, 9, 14, 0.022727273404598236],
            [1, 10, 11, 0.022727273404598236],
            [1, 11, 15, 0.022727273404598236],
            [1, 11, 16, 0.022727273404598236],
            [1, 13, 1, 0.022727273404598236],
            [1, 13, 5, 0.022727273404598236],
            [1, 14, 5, 0.022727273404598236],
            [1, 14, 7, 0.022727273404598236],
            [1, 15, 2, 0.022727273404598236],
            [1, 15, 7, 0.022727273404598236],
            [1, 15, 11, 0.022727273404598236],
            [1, 16, 5, 0.022727273404598236],
            [1, 17, 4, 0.022727273404598236],
            [1, 17, 10, 0.022727273404598236],
            [2, 0, 12, 0.01923076994717121],
            [2, 0, 14, 0.01923076994717121],
            [2, 1, 8, 0.01923076994717121],
            [2, 1, 13, 0.01923076994717121],
            [2, 2, 11, 0.01923076994717121],
            [2, 2, 12, 0.01923076994717121],
            [2, 2, 14, 0.01923076994717121],
            [2, 3, 4, 0.01923076994717121],
            [2, 3, 11, 0.01923076994717121],
            [2, 3, 14, 0.01923076994717121],
            [2, 4, 6, 0.01923076994717121],
            [2, 4, 14, 0.01923076994717121],
            [2, 5, 2, 0.01923076994717121],
            [2, 5, 8, 0.01923076994717121],
            [2, 5, 9, 0.01923076994717121],
            [2, 5, 11, 0.01923076994717121],
            [2, 5, 13, 0.01923076994717121],
            [2, 5, 16, 0.01923076994717121],
            [2, 6, 0, 0.01923076994717121],
            [2, 6, 5, 0.01923076994717121],
            [2, 6, 14, 0.01923076994717121],
            [2, 7, 6, 0.01923076994717121],
            [2, 7, 8, 0.01923076994717121],
            [2, 7, 17, 0.01923076994717121],
            [2, 8, 2, 0.01923076994717121],
            [2, 8, 3, 0.01923076994717121],
            [2, 8, 5, 0.01923076994717121],
            [2, 8, 10, 0.01923076994717121],
            [2, 8, 11, 0.01923076994717121],
            [2, 9, 4, 0.01923076994717121],
            [2, 9, 17, 0.01923076994717121],
            [2, 10, 17, 0.01923076994717121],
            [2, 11, 3, 0.01923076994717121],
            [2, 11, 9, 0.01923076994717121],
            [2, 11, 12, 0.01923076994717121],
            [2, 12, 1, 0.01923076994717121],
            [2, 12, 7, 0.01923076994717121],
            [2, 12, 13, 0.03846153989434242],
            [2, 13, 9, 0.01923076994717121],
            [2, 13, 15, 0.01923076994717121],
            [2, 14, 6, 0.01923076994717121],
            [2, 14, 12, 0.01923076994717121],
            [2, 14, 14, 0.03846153989434242],
            [2, 15, 1, 0.01923076994717121],
            [2, 15, 13, 0.01923076994717121],
            [2, 16, 3, 0.01923076994717121],
            [2, 16, 10, 0.01923076994717121],
            [2, 17, 1, 0.03846153989434242],
            [2, 17, 15, 0.01923076994717121],
            [3, 0, 4, 0.021739130839705467],
            [3, 1, 6, 0.021739130839705467],
            [3, 1, 9, 0.021739130839705467],
            [3, 1, 13, 0.021739130839705467],
            [3, 1, 14, 0.021739130839705467],
            [3, 1, 17, 0.021739130839705467],
            [3, 2, 0, 0.021739130839705467],
            [3, 2, 2, 0.021739130839705467],
            [3, 2, 8, 0.021739130839705467],
            [3, 3, 1, 0.021739130839705467],
            [3, 3, 4, 0.021739130839705467],
            [3, 4, 8, 0.043478261679410934],
            [3, 5, 6, 0.021739130839705467],
            [3, 5, 10, 0.021739130839705467],
            [3, 5, 17, 0.021739130839705467],
            [3, 6, 7, 0.021739130839705467],
            [3, 6, 8, 0.021739130839705467],
            [3, 7, 4, 0.021739130839705467],
            [3, 7, 5, 0.021739130839705467],
            [3, 8, 8, 0.021739130839705467],
            [3, 8, 13, 0.021739130839705467],
            [3, 9, 4, 0.021739130839705467],
            [3, 9, 6, 0.021739130839705467],
            [3, 9, 12, 0.021739130839705467],
            [3, 10, 6, 0.021739130839705467],
            [3, 10, 8, 0.021739130839705467],
            [3, 10, 9, 0.021739130839705467],
            [3, 10, 16, 0.021739130839705467],
            [3, 12, 0, 0.021739130839705467],
            [3, 12, 5, 0.021739130839705467],
