{
    "train_f1": 3.594386577606201,
    "train_prob": 17.006103515625,
    "train_cov": 62.5,
    "valid_f1": 10.0,
    "valid_prob": 17.64994239807129,
    "valid_cov": 10.0,
    "len": 182,
    "binary_grammar": {
        "num_nt": 4,
        "num_pt": 14,
        "num_rhs": 324,
        "rule_probs": [
            [0, 0, 3, 0.017241379246115685],
            [0, 0, 6, 0.017241379246115685],
            [0, 0, 14, 0.017241379246115685],
            [0, 0, 15, 0.017241379246115685],
            [0, 0, 17, 0.017241379246115685],
            [0, 1, 8, 0.017241379246115685],
            [0, 1, 17, 0.03448275849223137],
            [0, 2, 1, 0.017241379246115685],
            [0, 2, 7, 0.017241379246115685],
            [0, 3, 5, 0.017241379246115685],
            [0, 3, 7, 0.017241379246115685],
            [0, 3, 11, 0.017241379246115685],
            [0, 4, 2, 0.017241379246115685],
            [0, 4, 13, 0.017241379246115685],
            [0, 4, 14, 0.017241379246115685],
            [0, 4, 16, 0.017241379246115685],
            [0, 4, 17, 0.017241379246115685],
            [0, 5, 9, 0.017241379246115685],
            [0, 5, 16, 0.017241379246115685],
            [0, 5, 17, 0.017241379246115685],
            [0, 6, 1, 0.017241379246115685],
            [0, 6, 5, 0.017241379246115685],
            [0, 7, 0, 0.017241379246115685],
            [0, 7, 6, 0.017241379246115685],
            [0, 7, 11, 0.017241379246115685],
            [0, 7, 12, 0.017241379246115685],
            [0, 8, 9, 0.03448275849223137],
            [0, 8, 14, 0.017241379246115685],
            [0, 9, 7, 0.017241379246115685],
            [0, 10, 6, 0.017241379246115685],
            [0, 10, 10, 0.017241379246115685],
            [0, 10, 14, 0.017241379246115685],
            [0, 10, 17, 0.017241379246115685],
            [0, 11, 2, 0.017241379246115685],
            [0, 11, 7, 0.017241379246115685],
            [0, 11, 8, 0.017241379246115685],
            [0, 11, 13, 0.017241379246115685],
            [0, 12, 0, 0.017241379246115685],
            [0, 12, 9, 0.017241379246115685],
            [0, 13, 6, 0.017241379246115685],
            [0, 13, 7, 0.017241379246115685],
            [0, 13, 9, 0.017241379246115685],
            [0, 13, 11, 0.017241379246115685],
            [0, 13, 15, 0.017241379246115685],
            [0, 14, 3, 0.017241379246115685],
            [0, 14, 5, 0.03448275849223137],
            [0, 14, 10, 0.017241379246115685],
            [0, 14, 11, 0.017241379246115685],
            [0, 14, 14, 0.017241379246115685],
            [0, 15, 3, 0.017241379246115685],
            [0, 15, 10, 0.017241379246115685],
            [0, 15, 11, 0.017241379246115685],
            [0, 16, 6, 0.017241379246115685],
            [0, 16, 17, 0.017241379246115685],
            [0, 17, 13, 0.017241379246115685],
            [1, 0, 16, 0.019607843831181526],
            [1, 1, 2, 0.019607843831181526],
            [1, 1, 8, 0.019607843831181526],
            [1, 1, 9, 0.019607843831181526],
            [1, 2, 3, 0.03921568766236305],
            [1, 4, 0, 0.019607843831181526],
            [1, 4, 15, 0.019607843831181526],
            [1, 5, 0, 0.019607843831181526],
            [1, 5, 1, 0.019607843831181526],
            [1, 5, 5, 0.019607843831181526],
            [1, 5, 13, 0.019607843831181526],
            [1, 5, 15, 0.019607843831181526],
            [1, 6, 4, 0.019607843831181526],
            [1, 6, 5, 0.019607843831181526],
            [1, 6, 13, 0.019607843831181526],
            [1, 6, 15, 0.019607843831181526],
            [1, 6, 17, 0.019607843831181526],
            [1, 7, 13, 0.03921568766236305],
            [1, 7, 14, 0.05882352963089943],
            [1, 8, 4, 0.03921568766236305],
            [1, 8, 10, 0.019607843831181526],
            [1, 8, 17, 0.019607843831181526],
            [1, 9, 0, 0.019607843831181526],
            [1, 9, 3, 0.019607843831181526],
            [1, 9, 5, 0.019607843831181526],
            [1, 10, 12, 0.019607843831181526],
            [1, 11, 7, 0.019607843831181526],
            [1, 11, 8, 0.019607843831181526],
            [1, 11, 13, 0.019607843831181526],
            [1, 12, 11, 0.019607843831181526],
            [1, 12, 14, 0.019607843831181526],
            [1, 12, 17, 0.019607843831181526],
            [1, 13, 3, 0.019607843831181526],
            [1, 13, 4, 0.019607843831181526],
            [1, 13, 11, 0.019607843831181526],
            [1, 13, 13, 0.019607843831181526],
            [1, 13, 15, 0.019607843831181526],
            [1, 14, 8, 0.019607843831181526],
            [1, 14, 11, 0.019607843831181526],
            [1, 14, 13, 0.019607843831181526],
            [1, 15, 1, 0.019607843831181526],
            [1, 16, 3, 0.019607843831181526],
            [1, 16, 6, 0.019607843831181526],
            [1, 16, 10, 0.019607843831181526],
            [1, 17, 1, 0.019607843831181526],
            [1, 17, 9, 0.019607843831181526],
            [2, 0, 9, 0.021276595070958138],
            [2, 0, 16, 0.021276595070958138],
            [2, 0, 17, 0.021276595070958138],
            [2, 1, 5, 0.021276595070958138],
            [2, 1, 6, 0.021276595070958138],
            [2, 1, 10, 0.021276595070958138],
            [2, 1, 11, 0.042553190141916275],
            [2, 2, 14, 0.021276595070958138],
            [2, 3, 3, 0.021276595070958138],
            [2, 3, 7, 0.021276595070958138],
            [2, 3, 9, 0.021276595070958138],
            [2, 3, 11, 0.021276595070958138],
            [2, 3, 15, 0.021276595070958138],
            [2, 3, 17, 0.021276595070958138],
            [2, 4, 0, 0.042553190141916275],
            [2, 4, 9, 0.021276595070958138],
            [2, 4, 12, 0.042553190141916275],
            [2, 7, 9, 0.021276595070958138],
            [2, 7, 10, 0.042553190141916275],
            [2, 8, 17, 0.021276595070958138],
            [2, 9, 1, 0.021276595070958138],
            [2, 9, 2, 0.021276595070958138],
            [2, 9, 3, 0.042553190141916275],
            [2, 9, 6, 0.021276595070958138],
            [2, 10, 15, 0.021276595070958138],
            [2, 11, 0, 0.021276595070958138],
            [2, 11, 4, 0.021276595070958138],
            [2, 11, 7, 0.021276595070958138],
            [2, 12, 5, 0.021276595070958138],
            [2, 12, 7, 0.021276595070958138],
            [2, 12, 9, 0.021276595070958138],
            [2, 12, 14, 0.021276595070958138],
            [2, 14, 9, 0.021276595070958138],
            [2, 14, 13, 0.021276595070958138],
            [2, 15, 0, 0.021276595070958138],
            [2, 15, 3, 0.021276595070958138],
            [2, 15, 7, 0.021276595070958138],
            [2, 16, 1, 0.021276595070958138],
            [2, 16, 14, 0.021276595070958138],
            [2, 17, 0, 0.021276595070958138],
            [2, 17, 3, 0.021276595070958138],
            [2, 17, 5, 0.021276595070958138],
            [3, 1, 8, 0.022727273404598236],
            [3, 2, 2, 0.022727273404598236],
            [3, 2, 3, 0.022727273404598236],
            [3, 2, 7, 0.06818182021379471],
            [3, 2, 12, 0.022727273404598236],
            [3, 2, 17, 0.022727273404598236],
            [3, 4, 3, 0.022727273404598236],
            [3, 5, 2, 0.022727273404598236],
            [3, 5, 6, 0.022727273404598236],
            [3, 5, 11, 0.022727273404598236],
            [3, 5, 12, 0.022727273404598236],
            [3, 5, 17, 0.04545454680919647],
            [3, 6, 7, 0.022727273404598236],
            [3, 6, 16, 0.022727273404598236],
            [3, 7, 0, 0.04545454680919647],
            [3, 7, 7, 0.022727273404598236],
            [3, 7, 15, 0.022727273404598236],
            [3, 8, 7, 0.022727273404598236],
            [3, 8, 9, 0.022727273404598236],
            [3, 9, 0, 0.022727273404598236],
            [3, 10, 2, 0.022727273404598236],
            [3, 11, 5, 0.022727273404598236],
            [3, 11, 7, 0.022727273404598236],
            [3, 11, 13, 0.022727273404598236],
