{"delta_t": 128.803601343, "avg_ep_lens": 200.0, "avg_ep_rews": 11.1063232421875, "min_ep_rews": 6.063291549682617, "max_ep_rews": 16.149354934692383, "avg_actor_loss": -0.12932282090187072, "avg_critic_loss": 7.882968425750732, "_timestamp": 1742875370.560606, "train/opt_f1": 20.905807495117188, "train/opt_prob": 59.50821304321289, "train/opt_cov": 87.5, "valid/opt_f1": 17.47610092163086, "valid/opt_prob": 63.553321838378906, "valid/opt_cov": 100.0, "train/last_f1": 13.15623664855957, "train/last_prob": 39.4999885559082, "train/last_cov": 100.0, "valid/last_f1": 13.62542724609375, "valid/last_prob": 63.62196731567383, "valid/last_cov": 100.0, "_runtime": 1809.2901949882507, "_step": 21, "_wandb": {"runtime": 1810}}