{"delta_t": 149.748379797, "avg_ep_lens": 200.0, "avg_ep_rews": 5.085959374904633, "min_ep_rews": 2.680629014968872, "max_ep_rews": 8.425188064575195, "avg_actor_loss": -0.394952529668808, "avg_critic_loss": 3.567990303039551, "_timestamp": 1742883663.0366147, "train/opt_f1": 11.83991813659668, "train/opt_prob": 33.460723876953125, "train/opt_cov": 93.75, "valid/opt_f1": 0.0, "valid/opt_prob": 0.0, "valid/opt_cov": 0.0, "train/last_f1": 6.45539665222168, "train/last_prob": 29.0784912109375, "train/last_cov": 68.75, "valid/last_f1": 0.0, "valid/last_prob": 0.0, "valid/last_cov": 0.0, "_runtime": 2211.6738147735596, "_step": 12}