{"delta_t": 171.535744365, "avg_ep_lens": 200.0, "avg_ep_rews": 7.197804689407349, "min_ep_rews": 4.901768684387207, "max_ep_rews": 8.815759658813477, "avg_actor_loss": -0.3930199384689331, "avg_critic_loss": 4.148643112182617, "_timestamp": 1742883833.155314, "train/opt_f1": 14.151398658752441, "train/opt_prob": 37.64656066894531, "train/opt_cov": 93.75, "valid/opt_f1": 0.0, "valid/opt_prob": 0.0, "valid/opt_cov": 0.0, "train/last_f1": 8.373804092407227, "train/last_prob": 34.706031799316406, "train/last_cov": 62.5, "valid/last_f1": 0.0, "valid/last_prob": 0.0, "valid/last_cov": 0.0, "_runtime": 2381.7925140857697, "_step": 13}