{
    "train_f1": 8.36707878112793,
    "train_prob": 39.29925537109375,
    "train_cov": 87.5,
    "valid_f1": 11.624261856079102,
    "valid_prob": 38.67087936401367,
    "valid_cov": 80.0,
    "len": 183,
    "binary_grammar": {
        "num_nt": 4,
        "num_pt": 14,
        "num_rhs": 324,
        "rule_probs": [
            [0, 0, 11, 0.02222222276031971],
            [0, 1, 4, 0.02222222276031971],
            [0, 1, 13, 0.02222222276031971],
            [0, 3, 14, 0.02222222276031971],
            [0, 4, 2, 0.04444444552063942],
            [0, 4, 7, 0.02222222276031971],
            [0, 4, 10, 0.02222222276031971],
            [0, 5, 11, 0.02222222276031971],
            [0, 5, 13, 0.02222222276031971],
            [0, 5, 14, 0.02222222276031971],
            [0, 6, 0, 0.02222222276031971],
            [0, 6, 6, 0.02222222276031971],
            [0, 6, 9, 0.02222222276031971],
            [0, 6, 15, 0.02222222276031971],
            [0, 6, 16, 0.02222222276031971],
            [0, 6, 17, 0.02222222276031971],
            [0, 7, 2, 0.02222222276031971],
            [0, 7, 4, 0.02222222276031971],
            [0, 8, 6, 0.02222222276031971],
            [0, 9, 4, 0.04444444552063942],
            [0, 9, 8, 0.02222222276031971],
            [0, 9, 10, 0.02222222276031971],
            [0, 10, 1, 0.02222222276031971],
            [0, 10, 2, 0.02222222276031971],
            [0, 11, 5, 0.02222222276031971],
            [0, 11, 14, 0.04444444552063942],
            [0, 11, 15, 0.02222222276031971],
            [0, 12, 1, 0.02222222276031971],
            [0, 13, 7, 0.02222222276031971],
            [0, 13, 14, 0.02222222276031971],
            [0, 13, 17, 0.02222222276031971],
            [0, 14, 11, 0.02222222276031971],
            [0, 14, 17, 0.02222222276031971],
            [0, 15, 5, 0.02222222276031971],
            [0, 15, 15, 0.02222222276031971],
            [0, 16, 0, 0.02222222276031971],
            [0, 16, 1, 0.02222222276031971],
            [0, 16, 3, 0.02222222276031971],
            [0, 16, 6, 0.02222222276031971],
            [0, 16, 14, 0.02222222276031971],
            [0, 16, 15, 0.02222222276031971],
            [0, 17, 11, 0.02222222276031971],
            [1, 0, 6, 0.022727273404598236],
            [1, 1, 3, 0.022727273404598236],
            [1, 1, 11, 0.022727273404598236],
            [1, 1, 17, 0.04545454680919647],
            [1, 2, 2, 0.022727273404598236],
            [1, 2, 3, 0.022727273404598236],
            [1, 2, 10, 0.022727273404598236],
            [1, 3, 3, 0.022727273404598236],
            [1, 3, 9, 0.04545454680919647],
            [1, 3, 13, 0.022727273404598236],
            [1, 3, 17, 0.022727273404598236],
            [1, 4, 0, 0.04545454680919647],
            [1, 4, 4, 0.022727273404598236],
            [1, 4, 7, 0.022727273404598236],
            [1, 4, 10, 0.022727273404598236],
            [1, 5, 4, 0.022727273404598236],
            [1, 5, 13, 0.022727273404598236],
            [1, 5, 16, 0.022727273404598236],
            [1, 7, 2, 0.022727273404598236],
            [1, 7, 7, 0.022727273404598236],
            [1, 7, 17, 0.022727273404598236],
            [1, 8, 7, 0.022727273404598236],
            [1, 8, 17, 0.022727273404598236],
            [1, 9, 0, 0.022727273404598236],
            [1, 9, 1, 0.022727273404598236],
            [1, 9, 9, 0.022727273404598236],
            [1, 10, 14, 0.022727273404598236],
            [1, 11, 7, 0.022727273404598236],
            [1, 11, 15, 0.022727273404598236],
            [1, 12, 9, 0.022727273404598236],
            [1, 12, 16, 0.022727273404598236],
            [1, 13, 12, 0.022727273404598236],
            [1, 14, 6, 0.022727273404598236],
            [1, 15, 0, 0.022727273404598236],
            [1, 15, 1, 0.022727273404598236],
            [1, 15, 3, 0.022727273404598236],
            [1, 15, 17, 0.022727273404598236],
            [1, 16, 9, 0.022727273404598236],
            [1, 16, 11, 0.022727273404598236],
            [1, 17, 7, 0.022727273404598236],
            [1, 17, 13, 0.022727273404598236],
            [2, 0, 2, 0.03773584961891174],
            [2, 0, 5, 0.03773584961891174],
            [2, 0, 8, 0.01886792480945587],
            [2, 0, 11, 0.01886792480945587],
            [2, 1, 2, 0.01886792480945587],
            [2, 1, 7, 0.01886792480945587],
            [2, 1, 8, 0.03773584961891174],
            [2, 2, 0, 0.01886792480945587],
            [2, 2, 4, 0.01886792480945587],
            [2, 3, 1, 0.01886792480945587],
            [2, 3, 12, 0.01886792480945587],
            [2, 5, 8, 0.01886792480945587],
            [2, 5, 13, 0.01886792480945587],
            [2, 6, 7, 0.01886792480945587],
            [2, 6, 17, 0.01886792480945587],
            [2, 7, 5, 0.03773584961891174],
            [2, 7, 8, 0.01886792480945587],
            [2, 7, 10, 0.01886792480945587],
            [2, 7, 12, 0.01886792480945587],
            [2, 8, 8, 0.01886792480945587],
            [2, 8, 11, 0.03773584961891174],
            [2, 9, 1, 0.01886792480945587],
            [2, 9, 11, 0.01886792480945587],
            [2, 10, 3, 0.01886792480945587],
            [2, 11, 15, 0.01886792480945587],
            [2, 12, 0, 0.01886792480945587],
            [2, 12, 4, 0.01886792480945587],
            [2, 12, 7, 0.01886792480945587],
            [2, 12, 16, 0.01886792480945587],
            [2, 13, 9, 0.01886792480945587],
            [2, 13, 10, 0.01886792480945587],
            [2, 13, 16, 0.03773584961891174],
            [2, 14, 0, 0.03773584961891174],
            [2, 14, 4, 0.01886792480945587],
            [2, 14, 6, 0.01886792480945587],
            [2, 14, 8, 0.01886792480945587],
            [2, 14, 15, 0.01886792480945587],
            [2, 14, 16, 0.01886792480945587],
            [2, 15, 3, 0.01886792480945587],
            [2, 15, 10, 0.01886792480945587],
            [2, 15, 12, 0.01886792480945587],
            [2, 16, 2, 0.01886792480945587],
            [2, 16, 10, 0.03773584961891174],
            [2, 17, 16, 0.01886792480945587],
            [2, 17, 17, 0.01886792480945587],
            [3, 0, 0, 0.017241379246115685],
            [3, 0, 7, 0.03448275849223137],
            [3, 1, 9, 0.017241379246115685],
            [3, 1, 11, 0.017241379246115685],
            [3, 1, 12, 0.017241379246115685],
            [3, 2, 14, 0.017241379246115685],
            [3, 3, 3, 0.017241379246115685],
            [3, 3, 4, 0.017241379246115685],
            [3, 3, 15, 0.017241379246115685],
            [3, 3, 17, 0.017241379246115685],
            [3, 4, 0, 0.017241379246115685],
            [3, 4, 1, 0.017241379246115685],
            [3, 4, 14, 0.017241379246115685],
            [3, 4, 17, 0.017241379246115685],
            [3, 5, 1, 0.017241379246115685],
            [3, 5, 15, 0.017241379246115685],
            [3, 5, 16, 0.017241379246115685],
            [3, 7, 9, 0.017241379246115685],
            [3, 7, 10, 0.017241379246115685],
            [3, 7, 11, 0.017241379246115685],
            [3, 8, 7, 0.017241379246115685],
            [3, 8, 14, 0.017241379246115685],
            [3, 9, 4, 0.017241379246115685],
            [3, 9, 5, 0.017241379246115685],
            [3, 9, 9, 0.03448275849223137],
            [3, 9, 10, 0.017241379246115685],
            [3, 9, 11, 0.017241379246115685],
            [3, 9, 14, 0.017241379246115685],
            [3, 10, 3, 0.017241379246115685],
            [3, 10, 12, 0.017241379246115685],
            [3, 11, 0, 0.017241379246115685],
            [3, 11, 11, 0.017241379246115685],
            [3, 11, 14, 0.017241379246115685],
            [3, 12, 11, 0.017241379246115685],
            [3, 12, 16, 0.017241379246115685],
            [3, 13, 4, 0.017241379246115685],
            [3, 13, 12, 0.017241379246115685],
            [3, 13, 17, 0.017241379246115685],
            [3, 14, 4, 0.017241379246115685],
            [3, 14, 6, 0.017241379246115685],
            [3, 14, 10, 0.017241379246115685],
