{
    "train_f1": 7.337500095367432,
    "train_prob": 34.978660583496094,
    "train_cov": 93.75,
    "valid_f1": 6.048251152038574,
    "valid_prob": 46.923126220703125,
    "valid_cov": 90.0,
    "len": 182,
    "binary_grammar": {
        "num_nt": 4,
        "num_pt": 14,
        "num_rhs": 324,
        "rule_probs": [
            [0, 0, 2, 0.01886792480945587],
            [0, 0, 10, 0.03773584961891174],
            [0, 2, 4, 0.01886792480945587],
            [0, 2, 13, 0.03773584961891174],
            [0, 3, 5, 0.01886792480945587],
            [0, 4, 5, 0.01886792480945587],
            [0, 4, 6, 0.01886792480945587],
            [0, 4, 7, 0.01886792480945587],
            [0, 5, 1, 0.01886792480945587],
            [0, 5, 2, 0.01886792480945587],
            [0, 5, 15, 0.01886792480945587],
            [0, 6, 1, 0.01886792480945587],
            [0, 6, 9, 0.01886792480945587],
            [0, 6, 13, 0.01886792480945587],
            [0, 8, 4, 0.01886792480945587],
            [0, 8, 15, 0.01886792480945587],
            [0, 9, 2, 0.01886792480945587],
            [0, 9, 9, 0.01886792480945587],
            [0, 9, 12, 0.01886792480945587],
            [0, 9, 13, 0.01886792480945587],
            [0, 9, 14, 0.01886792480945587],
            [0, 9, 17, 0.01886792480945587],
            [0, 10, 2, 0.01886792480945587],
            [0, 10, 12, 0.01886792480945587],
            [0, 10, 14, 0.01886792480945587],
            [0, 10, 17, 0.01886792480945587],
            [0, 11, 1, 0.01886792480945587],
            [0, 11, 3, 0.01886792480945587],
            [0, 11, 8, 0.01886792480945587],
            [0, 12, 4, 0.01886792480945587],
            [0, 12, 14, 0.01886792480945587],
            [0, 12, 15, 0.01886792480945587],
            [0, 13, 10, 0.01886792480945587],
            [0, 13, 11, 0.01886792480945587],
            [0, 14, 1, 0.01886792480945587],
            [0, 14, 2, 0.01886792480945587],
            [0, 14, 12, 0.01886792480945587],
            [0, 15, 6, 0.01886792480945587],
            [0, 15, 8, 0.01886792480945587],
            [0, 15, 9, 0.01886792480945587],
            [0, 16, 1, 0.01886792480945587],
            [0, 16, 3, 0.03773584961891174],
            [0, 16, 4, 0.03773584961891174],
            [0, 17, 0, 0.01886792480945587],
            [0, 17, 2, 0.01886792480945587],
            [0, 17, 3, 0.01886792480945587],
            [0, 17, 7, 0.01886792480945587],
            [0, 17, 9, 0.03773584961891174],
            [1, 0, 8, 0.01886792480945587],
            [1, 0, 16, 0.03773584961891174],
            [1, 1, 1, 0.01886792480945587],
            [1, 1, 2, 0.01886792480945587],
            [1, 2, 10, 0.01886792480945587],
            [1, 2, 11, 0.01886792480945587],
            [1, 2, 12, 0.01886792480945587],
            [1, 2, 17, 0.01886792480945587],
            [1, 3, 7, 0.01886792480945587],
            [1, 3, 8, 0.01886792480945587],
            [1, 3, 9, 0.03773584961891174],
            [1, 3, 14, 0.01886792480945587],
            [1, 4, 8, 0.01886792480945587],
            [1, 5, 8, 0.01886792480945587],
            [1, 6, 1, 0.03773584961891174],
            [1, 6, 10, 0.01886792480945587],
            [1, 7, 12, 0.01886792480945587],
            [1, 8, 10, 0.01886792480945587],
            [1, 8, 14, 0.01886792480945587],
            [1, 9, 1, 0.01886792480945587],
            [1, 9, 5, 0.01886792480945587],
            [1, 9, 7, 0.01886792480945587],
            [1, 11, 7, 0.01886792480945587],
            [1, 11, 13, 0.01886792480945587],
            [1, 12, 0, 0.01886792480945587],
            [1, 12, 3, 0.01886792480945587],
            [1, 12, 9, 0.01886792480945587],
            [1, 13, 0, 0.01886792480945587],
            [1, 13, 11, 0.01886792480945587],
            [1, 13, 14, 0.01886792480945587],
            [1, 13, 15, 0.01886792480945587],
            [1, 14, 6, 0.01886792480945587],
            [1, 14, 9, 0.01886792480945587],
            [1, 14, 13, 0.01886792480945587],
            [1, 14, 15, 0.01886792480945587],
            [1, 14, 17, 0.01886792480945587],
            [1, 15, 1, 0.01886792480945587],
            [1, 15, 4, 0.01886792480945587],
            [1, 15, 7, 0.01886792480945587],
            [1, 15, 16, 0.01886792480945587],
            [1, 16, 0, 0.01886792480945587],
            [1, 16, 3, 0.01886792480945587],
            [1, 16, 6, 0.03773584961891174],
            [1, 16, 8, 0.01886792480945587],
            [1, 16, 16, 0.01886792480945587],
            [1, 17, 10, 0.01886792480945587],
            [1, 17, 12, 0.056603774428367615],
            [2, 1, 3, 0.018518518656492233],
            [2, 1, 13, 0.0555555559694767],
            [2, 3, 0, 0.03703703731298447],
            [2, 3, 11, 0.018518518656492233],
            [2, 3, 14, 0.018518518656492233],
            [2, 4, 8, 0.018518518656492233],
            [2, 4, 10, 0.018518518656492233],
            [2, 5, 1, 0.018518518656492233],
            [2, 5, 13, 0.018518518656492233],
            [2, 6, 1, 0.018518518656492233],
            [2, 6, 13, 0.018518518656492233],
            [2, 6, 17, 0.018518518656492233],
            [2, 7, 4, 0.018518518656492233],
            [2, 7, 9, 0.018518518656492233],
            [2, 7, 12, 0.018518518656492233],
            [2, 7, 13, 0.018518518656492233],
            [2, 8, 0, 0.018518518656492233],
            [2, 8, 1, 0.018518518656492233],
            [2, 8, 4, 0.018518518656492233],
            [2, 8, 8, 0.018518518656492233],
            [2, 8, 13, 0.018518518656492233],
            [2, 8, 14, 0.018518518656492233],
            [2, 9, 1, 0.018518518656492233],
            [2, 9, 3, 0.018518518656492233],
            [2, 9, 14, 0.018518518656492233],
            [2, 10, 1, 0.018518518656492233],
            [2, 10, 7, 0.018518518656492233],
            [2, 10, 10, 0.018518518656492233],
            [2, 10, 13, 0.018518518656492233],
            [2, 10, 15, 0.018518518656492233],
            [2, 11, 11, 0.018518518656492233],
            [2, 11, 13, 0.018518518656492233],
            [2, 12, 2, 0.018518518656492233],
            [2, 12, 3, 0.03703703731298447],
            [2, 12, 11, 0.018518518656492233],
            [2, 13, 2, 0.018518518656492233],
            [2, 13, 12, 0.018518518656492233],
            [2, 13, 17, 0.03703703731298447],
            [2, 14, 11, 0.018518518656492233],
            [2, 14, 15, 0.018518518656492233],
            [2, 14, 17, 0.018518518656492233],
            [2, 15, 7, 0.018518518656492233],
            [2, 15, 14, 0.018518518656492233],
            [2, 15, 16, 0.018518518656492233],
            [2, 15, 17, 0.018518518656492233],
            [2, 16, 15, 0.03703703731298447],
            [2, 17, 2, 0.018518518656492233],
            [2, 17, 7, 0.018518518656492233],
            [3, 0, 11, 0.02500000037252903],
            [3, 0, 12, 0.02500000037252903],
            [3, 0, 16, 0.02500000037252903],
            [3, 1, 15, 0.02500000037252903],
            [3, 1, 17, 0.02500000037252903],
            [3, 2, 3, 0.02500000037252903],
            [3, 2, 4, 0.02500000037252903],
            [3, 2, 6, 0.02500000037252903],
            [3, 3, 12, 0.02500000037252903],
            [3, 4, 8, 0.02500000037252903],
            [3, 4, 13, 0.02500000037252903],
            [3, 5, 0, 0.02500000037252903],
            [3, 5, 1, 0.02500000037252903],
            [3, 5, 3, 0.02500000037252903],
            [3, 5, 16, 0.02500000037252903],
            [3, 6, 1, 0.02500000037252903],
            [3, 6, 6, 0.02500000037252903],
            [3, 6, 12, 0.02500000037252903],
            [3, 7, 0, 0.02500000037252903],
            [3, 7, 7, 0.02500000037252903],
            [3, 7, 12, 0.05000000074505806],
            [3, 7, 14, 0.02500000037252903],
            [3, 7, 17, 0.02500000037252903],
            [3, 9, 10, 0.02500000037252903],
            [3, 9, 15, 0.02500000037252903],
            [3, 9, 16, 0.02500000037252903],
