{
    "train_f1": 6.796665668487549,
    "train_prob": 35.259552001953125,
    "train_cov": 93.75,
    "valid_f1": 10.808694839477539,
    "valid_prob": 64.66525268554688,
    "valid_cov": 100.0,
    "len": 188,
    "binary_grammar": {
        "num_nt": 4,
        "num_pt": 14,
        "num_rhs": 324,
        "rule_probs": [
            [0, 0, 9, 0.020408162847161293],
            [0, 0, 10, 0.020408162847161293],
            [0, 1, 0, 0.020408162847161293],
            [0, 1, 7, 0.020408162847161293],
            [0, 1, 11, 0.020408162847161293],
            [0, 1, 12, 0.020408162847161293],
            [0, 1, 13, 0.020408162847161293],
            [0, 2, 3, 0.020408162847161293],
            [0, 2, 5, 0.020408162847161293],
            [0, 2, 8, 0.020408162847161293],
            [0, 2, 15, 0.020408162847161293],
            [0, 3, 16, 0.020408162847161293],
            [0, 4, 5, 0.020408162847161293],
            [0, 4, 9, 0.020408162847161293],
            [0, 5, 2, 0.020408162847161293],
            [0, 5, 7, 0.020408162847161293],
            [0, 6, 0, 0.020408162847161293],
            [0, 6, 7, 0.020408162847161293],
            [0, 7, 0, 0.020408162847161293],
            [0, 7, 13, 0.040816325694322586],
            [0, 7, 14, 0.020408162847161293],
            [0, 7, 16, 0.020408162847161293],
            [0, 8, 4, 0.020408162847161293],
            [0, 8, 6, 0.020408162847161293],
            [0, 8, 13, 0.020408162847161293],
            [0, 8, 17, 0.020408162847161293],
            [0, 9, 2, 0.020408162847161293],
            [0, 9, 7, 0.020408162847161293],
            [0, 9, 10, 0.020408162847161293],
            [0, 10, 11, 0.020408162847161293],
            [0, 10, 17, 0.020408162847161293],
            [0, 11, 5, 0.020408162847161293],
            [0, 12, 1, 0.020408162847161293],
            [0, 12, 4, 0.020408162847161293],
            [0, 12, 5, 0.020408162847161293],
            [0, 12, 17, 0.020408162847161293],
            [0, 13, 3, 0.020408162847161293],
            [0, 13, 8, 0.040816325694322586],
            [0, 14, 2, 0.020408162847161293],
            [0, 14, 17, 0.020408162847161293],
            [0, 15, 4, 0.020408162847161293],
            [0, 15, 5, 0.020408162847161293],
            [0, 15, 6, 0.020408162847161293],
            [0, 15, 7, 0.020408162847161293],
            [0, 16, 7, 0.020408162847161293],
            [0, 17, 3, 0.020408162847161293],
            [0, 17, 7, 0.020408162847161293],
            [1, 0, 5, 0.02222222276031971],
            [1, 0, 14, 0.02222222276031971],
            [1, 1, 1, 0.02222222276031971],
            [1, 1, 7, 0.02222222276031971],
            [1, 2, 4, 0.02222222276031971],
            [1, 2, 17, 0.04444444552063942],
            [1, 3, 6, 0.02222222276031971],
            [1, 3, 8, 0.02222222276031971],
            [1, 3, 12, 0.02222222276031971],
            [1, 4, 9, 0.02222222276031971],
            [1, 5, 16, 0.02222222276031971],
            [1, 6, 11, 0.02222222276031971],
            [1, 6, 15, 0.02222222276031971],
            [1, 7, 4, 0.02222222276031971],
            [1, 7, 14, 0.02222222276031971],
            [1, 8, 15, 0.02222222276031971],
            [1, 9, 2, 0.02222222276031971],
            [1, 9, 3, 0.02222222276031971],
            [1, 9, 4, 0.02222222276031971],
            [1, 9, 6, 0.02222222276031971],
            [1, 9, 8, 0.02222222276031971],
            [1, 9, 13, 0.02222222276031971],
            [1, 10, 14, 0.04444444552063942],
            [1, 11, 4, 0.02222222276031971],
            [1, 11, 9, 0.02222222276031971],
            [1, 11, 12, 0.02222222276031971],
            [1, 12, 8, 0.02222222276031971],
            [1, 12, 11, 0.02222222276031971],
            [1, 13, 4, 0.02222222276031971],
            [1, 13, 8, 0.02222222276031971],
            [1, 13, 11, 0.02222222276031971],
            [1, 13, 12, 0.02222222276031971],
            [1, 14, 17, 0.06666667014360428],
            [1, 15, 6, 0.02222222276031971],
            [1, 15, 12, 0.02222222276031971],
            [1, 16, 5, 0.02222222276031971],
            [1, 16, 6, 0.02222222276031971],
            [1, 17, 8, 0.02222222276031971],
            [1, 17, 10, 0.02222222276031971],
            [1, 17, 12, 0.02222222276031971],
            [1, 17, 16, 0.02222222276031971],
            [2, 0, 1, 0.016949152573943138],
            [2, 0, 3, 0.016949152573943138],
            [2, 0, 4, 0.016949152573943138],
            [2, 0, 5, 0.016949152573943138],
            [2, 0, 8, 0.016949152573943138],
            [2, 0, 11, 0.016949152573943138],
            [2, 0, 15, 0.016949152573943138],
            [2, 0, 16, 0.016949152573943138],
            [2, 1, 6, 0.016949152573943138],
            [2, 1, 10, 0.016949152573943138],
            [2, 1, 17, 0.016949152573943138],
            [2, 2, 15, 0.016949152573943138],
            [2, 3, 15, 0.016949152573943138],
            [2, 4, 1, 0.016949152573943138],
            [2, 4, 2, 0.016949152573943138],
            [2, 4, 4, 0.016949152573943138],
            [2, 4, 6, 0.016949152573943138],
            [2, 4, 14, 0.016949152573943138],
            [2, 4, 16, 0.016949152573943138],
            [2, 5, 0, 0.033898305147886276],
            [2, 5, 3, 0.033898305147886276],
            [2, 5, 8, 0.033898305147886276],
            [2, 5, 9, 0.016949152573943138],
            [2, 5, 16, 0.016949152573943138],
            [2, 5, 17, 0.016949152573943138],
            [2, 6, 1, 0.016949152573943138],
            [2, 6, 4, 0.016949152573943138],
            [2, 6, 10, 0.016949152573943138],
            [2, 6, 15, 0.016949152573943138],
            [2, 7, 8, 0.016949152573943138],
            [2, 7, 12, 0.016949152573943138],
            [2, 8, 15, 0.016949152573943138],
            [2, 9, 2, 0.016949152573943138],
            [2, 9, 5, 0.016949152573943138],
            [2, 9, 17, 0.016949152573943138],
            [2, 10, 2, 0.016949152573943138],
            [2, 10, 6, 0.016949152573943138],
            [2, 10, 14, 0.016949152573943138],
            [2, 10, 17, 0.016949152573943138],
            [2, 11, 12, 0.016949152573943138],
            [2, 11, 16, 0.033898305147886276],
            [2, 12, 1, 0.016949152573943138],
            [2, 12, 2, 0.016949152573943138],
            [2, 12, 7, 0.016949152573943138],
            [2, 14, 0, 0.033898305147886276],
            [2, 15, 11, 0.016949152573943138],
            [2, 15, 12, 0.016949152573943138],
            [2, 15, 14, 0.016949152573943138],
            [2, 16, 0, 0.016949152573943138],
            [2, 16, 3, 0.016949152573943138],
            [2, 16, 4, 0.016949152573943138],
            [2, 16, 13, 0.016949152573943138],
            [2, 17, 1, 0.016949152573943138],
            [2, 17, 12, 0.016949152573943138],
            [3, 0, 9, 0.021276595070958138],
            [3, 0, 11, 0.021276595070958138],
            [3, 0, 12, 0.021276595070958138],
            [3, 0, 17, 0.042553190141916275],
            [3, 1, 0, 0.021276595070958138],
            [3, 1, 5, 0.021276595070958138],
            [3, 1, 12, 0.021276595070958138],
            [3, 1, 17, 0.021276595070958138],
            [3, 3, 10, 0.021276595070958138],
            [3, 4, 7, 0.021276595070958138],
            [3, 4, 11, 0.021276595070958138],
            [3, 4, 13, 0.021276595070958138],
            [3, 5, 1, 0.021276595070958138],
            [3, 5, 6, 0.021276595070958138],
            [3, 5, 7, 0.021276595070958138],
            [3, 6, 11, 0.021276595070958138],
            [3, 6, 15, 0.021276595070958138],
            [3, 7, 0, 0.021276595070958138],
            [3, 7, 5, 0.021276595070958138],
            [3, 7, 7, 0.021276595070958138],
            [3, 7, 11, 0.021276595070958138],
            [3, 8, 8, 0.021276595070958138],
            [3, 9, 0, 0.021276595070958138],
            [3, 9, 13, 0.021276595070958138],
            [3, 10, 1, 0.021276595070958138],
            [3, 10, 5, 0.021276595070958138],
