{
    "train_f1": 14.617650985717773,
    "train_prob": 25.358333587646484,
    "train_cov": 93.75,
    "valid_f1": 17.47610092163086,
    "valid_prob": 63.553321838378906,
    "valid_cov": 100.0,
    "len": 175,
    "binary_grammar": {
        "num_nt": 4,
        "num_pt": 14,
        "num_rhs": 324,
        "rule_probs": [
            [0, 0, 10, 0.02222222276031971],
            [0, 1, 0, 0.02222222276031971],
            [0, 1, 7, 0.02222222276031971],
            [0, 1, 12, 0.02222222276031971],
            [0, 1, 15, 0.02222222276031971],
            [0, 2, 0, 0.02222222276031971],
            [0, 2, 1, 0.02222222276031971],
            [0, 2, 12, 0.02222222276031971],
            [0, 3, 10, 0.02222222276031971],
            [0, 3, 11, 0.02222222276031971],
            [0, 3, 15, 0.02222222276031971],
            [0, 4, 8, 0.02222222276031971],
            [0, 4, 9, 0.04444444552063942],
            [0, 5, 9, 0.02222222276031971],
            [0, 6, 3, 0.02222222276031971],
            [0, 7, 5, 0.02222222276031971],
            [0, 7, 10, 0.02222222276031971],
            [0, 7, 17, 0.04444444552063942],
            [0, 8, 4, 0.02222222276031971],
            [0, 8, 7, 0.02222222276031971],
            [0, 8, 12, 0.02222222276031971],
            [0, 8, 15, 0.02222222276031971],
            [0, 9, 3, 0.02222222276031971],
            [0, 9, 9, 0.02222222276031971],
            [0, 10, 4, 0.02222222276031971],
            [0, 10, 7, 0.02222222276031971],
            [0, 10, 17, 0.02222222276031971],
            [0, 11, 3, 0.02222222276031971],
            [0, 11, 13, 0.02222222276031971],
            [0, 11, 14, 0.02222222276031971],
            [0, 12, 9, 0.02222222276031971],
            [0, 12, 11, 0.02222222276031971],
            [0, 13, 5, 0.02222222276031971],
            [0, 13, 8, 0.02222222276031971],
            [0, 14, 3, 0.02222222276031971],
            [0, 15, 1, 0.02222222276031971],
            [0, 15, 5, 0.02222222276031971],
            [0, 15, 14, 0.04444444552063942],
            [0, 15, 16, 0.02222222276031971],
            [0, 16, 5, 0.02222222276031971],
            [0, 16, 8, 0.02222222276031971],
            [0, 17, 6, 0.02222222276031971],
            [1, 0, 1, 0.02380952425301075],
            [1, 0, 3, 0.02380952425301075],
            [1, 0, 10, 0.02380952425301075],
            [1, 0, 13, 0.02380952425301075],
            [1, 0, 17, 0.02380952425301075],
            [1, 1, 3, 0.02380952425301075],
            [1, 2, 13, 0.02380952425301075],
            [1, 3, 6, 0.02380952425301075],
            [1, 6, 2, 0.02380952425301075],
            [1, 6, 4, 0.02380952425301075],
            [1, 6, 6, 0.02380952425301075],
            [1, 6, 15, 0.02380952425301075],
            [1, 7, 8, 0.02380952425301075],
            [1, 8, 0, 0.02380952425301075],
            [1, 8, 7, 0.02380952425301075],
            [1, 9, 3, 0.02380952425301075],
            [1, 9, 14, 0.02380952425301075],
            [1, 10, 11, 0.02380952425301075],
            [1, 10, 16, 0.0476190485060215],
            [1, 11, 0, 0.02380952425301075],
            [1, 11, 7, 0.02380952425301075],
            [1, 11, 13, 0.02380952425301075],
            [1, 11, 14, 0.0476190485060215],
            [1, 11, 15, 0.02380952425301075],
            [1, 12, 14, 0.02380952425301075],
            [1, 13, 1, 0.02380952425301075],
            [1, 14, 7, 0.095238097012043],
            [1, 14, 13, 0.02380952425301075],
            [1, 14, 16, 0.02380952425301075],
            [1, 14, 17, 0.02380952425301075],
            [1, 15, 15, 0.02380952425301075],
            [1, 16, 1, 0.02380952425301075],
            [1, 16, 3, 0.02380952425301075],
            [1, 16, 10, 0.02380952425301075],
            [1, 16, 12, 0.02380952425301075],
            [1, 17, 17, 0.0476190485060215],
            [2, 0, 0, 0.01785714365541935],
            [2, 0, 15, 0.01785714365541935],
            [2, 1, 1, 0.01785714365541935],
            [2, 1, 4, 0.01785714365541935],
            [2, 1, 5, 0.01785714365541935],
            [2, 1, 7, 0.0357142873108387],
            [2, 1, 8, 0.01785714365541935],
            [2, 1, 9, 0.01785714365541935],
            [2, 1, 17, 0.01785714365541935],
            [2, 2, 1, 0.01785714365541935],
            [2, 2, 14, 0.01785714365541935],
            [2, 3, 5, 0.01785714365541935],
            [2, 3, 7, 0.01785714365541935],
            [2, 3, 14, 0.01785714365541935],
            [2, 4, 3, 0.01785714365541935],
            [2, 4, 4, 0.01785714365541935],
            [2, 4, 10, 0.01785714365541935],
            [2, 5, 8, 0.01785714365541935],
            [2, 5, 10, 0.01785714365541935],
            [2, 6, 16, 0.01785714365541935],
            [2, 7, 2, 0.01785714365541935],
            [2, 7, 4, 0.01785714365541935],
            [2, 7, 17, 0.0357142873108387],
            [2, 8, 0, 0.01785714365541935],
            [2, 8, 2, 0.01785714365541935],
            [2, 8, 11, 0.0357142873108387],
            [2, 9, 3, 0.01785714365541935],
            [2, 9, 7, 0.01785714365541935],
            [2, 10, 0, 0.01785714365541935],
            [2, 10, 7, 0.0357142873108387],
            [2, 11, 3, 0.01785714365541935],
            [2, 11, 11, 0.0357142873108387],
            [2, 11, 13, 0.01785714365541935],
            [2, 11, 15, 0.01785714365541935],
            [2, 12, 4, 0.01785714365541935],
            [2, 12, 5, 0.01785714365541935],
            [2, 13, 2, 0.01785714365541935],
            [2, 13, 5, 0.01785714365541935],
            [2, 13, 6, 0.01785714365541935],
            [2, 14, 2, 0.01785714365541935],
            [2, 14, 4, 0.01785714365541935],
            [2, 14, 14, 0.01785714365541935],
            [2, 14, 17, 0.01785714365541935],
            [2, 15, 2, 0.01785714365541935],
            [2, 16, 8, 0.01785714365541935],
            [2, 16, 14, 0.01785714365541935],
            [2, 16, 16, 0.01785714365541935],
            [2, 17, 1, 0.01785714365541935],
            [2, 17, 2, 0.01785714365541935],
            [2, 17, 15, 0.01785714365541935],
            [2, 17, 16, 0.01785714365541935],
            [3, 1, 15, 0.0181818176060915],
            [3, 2, 3, 0.0181818176060915],
            [3, 2, 4, 0.036363635212183],
            [3, 2, 5, 0.036363635212183],
            [3, 2, 6, 0.0181818176060915],
            [3, 2, 7, 0.0181818176060915],
            [3, 2, 10, 0.036363635212183],
            [3, 3, 3, 0.0181818176060915],
            [3, 3, 5, 0.0181818176060915],
            [3, 3, 7, 0.0181818176060915],
            [3, 3, 10, 0.0181818176060915],
            [3, 4, 1, 0.0181818176060915],
            [3, 4, 2, 0.0181818176060915],
            [3, 5, 4, 0.0181818176060915],
            [3, 5, 7, 0.0181818176060915],
            [3, 5, 12, 0.036363635212183],
            [3, 5, 14, 0.0181818176060915],
            [3, 5, 16, 0.0181818176060915],
            [3, 5, 17, 0.0181818176060915],
            [3, 6, 12, 0.0181818176060915],
            [3, 8, 4, 0.0181818176060915],
            [3, 8, 10, 0.0181818176060915],
            [3, 8, 12, 0.0181818176060915],
            [3, 8, 16, 0.0181818176060915],
            [3, 9, 8, 0.0181818176060915],
            [3, 9, 16, 0.0181818176060915],
            [3, 10, 3, 0.0181818176060915],
            [3, 10, 12, 0.0181818176060915],
            [3, 11, 4, 0.0181818176060915],
            [3, 11, 5, 0.0181818176060915],
            [3, 12, 0, 0.0181818176060915],
            [3, 12, 5, 0.0181818176060915],
            [3, 12, 7, 0.036363635212183],
            [3, 13, 1, 0.036363635212183],
            [3, 13, 4, 0.036363635212183],
            [3, 13, 7, 0.0181818176060915],
            [3, 13, 9, 0.0181818176060915],
            [3, 13, 11, 0.0181818176060915],
            [3, 14, 5, 0.0181818176060915],
            [3, 14, 11, 0.0181818176060915],
            [3, 15, 15, 0.0181818176060915],
            [3, 16, 0, 0.036363635212183],
            [3, 16, 1, 0.036363635212183],
