{
    "train_f1": 7.324114799499512,
    "train_prob": 56.62238693237305,
    "train_cov": 100.0,
    "valid_f1": 8.821681022644043,
    "valid_prob": 63.92013168334961,
    "valid_cov": 100.0,
    "len": 184,
    "binary_grammar": {
        "num_nt": 4,
        "num_pt": 14,
        "num_rhs": 324,
        "rule_probs": [
            [0, 0, 11, 0.021276595070958138],
            [0, 1, 2, 0.021276595070958138],
            [0, 1, 8, 0.042553190141916275],
            [0, 1, 11, 0.021276595070958138],
            [0, 1, 12, 0.021276595070958138],
            [0, 2, 14, 0.021276595070958138],
            [0, 3, 0, 0.021276595070958138],
            [0, 3, 3, 0.021276595070958138],
            [0, 3, 5, 0.021276595070958138],
            [0, 3, 9, 0.021276595070958138],
            [0, 5, 10, 0.021276595070958138],
            [0, 5, 13, 0.021276595070958138],
            [0, 6, 5, 0.021276595070958138],
            [0, 6, 10, 0.021276595070958138],
            [0, 7, 0, 0.021276595070958138],
            [0, 7, 3, 0.021276595070958138],
            [0, 7, 5, 0.021276595070958138],
            [0, 7, 8, 0.021276595070958138],
            [0, 8, 16, 0.021276595070958138],
            [0, 9, 4, 0.021276595070958138],
            [0, 10, 2, 0.021276595070958138],
            [0, 10, 5, 0.021276595070958138],
            [0, 10, 6, 0.042553190141916275],
            [0, 11, 14, 0.021276595070958138],
            [0, 12, 7, 0.021276595070958138],
            [0, 12, 14, 0.021276595070958138],
            [0, 12, 16, 0.021276595070958138],
            [0, 13, 2, 0.021276595070958138],
            [0, 13, 4, 0.021276595070958138],
            [0, 13, 13, 0.021276595070958138],
            [0, 14, 0, 0.021276595070958138],
            [0, 14, 4, 0.021276595070958138],
            [0, 14, 7, 0.021276595070958138],
            [0, 14, 9, 0.021276595070958138],
            [0, 15, 3, 0.08510638028383255],
            [0, 15, 4, 0.021276595070958138],
            [0, 15, 17, 0.021276595070958138],
            [0, 16, 9, 0.021276595070958138],
            [0, 16, 10, 0.021276595070958138],
            [0, 16, 13, 0.021276595070958138],
            [0, 17, 7, 0.021276595070958138],
            [0, 17, 13, 0.021276595070958138],
            [1, 0, 15, 0.019607843831181526],
            [1, 0, 16, 0.019607843831181526],
            [1, 1, 1, 0.019607843831181526],
            [1, 1, 14, 0.019607843831181526],
            [1, 1, 17, 0.019607843831181526],
            [1, 2, 4, 0.019607843831181526],
            [1, 2, 6, 0.019607843831181526],
            [1, 2, 14, 0.019607843831181526],
            [1, 3, 14, 0.019607843831181526],
            [1, 3, 15, 0.019607843831181526],
            [1, 4, 9, 0.019607843831181526],
            [1, 6, 15, 0.019607843831181526],
            [1, 7, 5, 0.019607843831181526],
            [1, 7, 10, 0.019607843831181526],
            [1, 7, 12, 0.019607843831181526],
            [1, 7, 15, 0.019607843831181526],
            [1, 7, 16, 0.019607843831181526],
            [1, 8, 2, 0.019607843831181526],
            [1, 8, 14, 0.019607843831181526],
            [1, 8, 16, 0.019607843831181526],
            [1, 9, 8, 0.019607843831181526],
            [1, 9, 15, 0.019607843831181526],
            [1, 10, 13, 0.019607843831181526],
            [1, 11, 0, 0.019607843831181526],
            [1, 11, 3, 0.019607843831181526],
            [1, 11, 9, 0.019607843831181526],
            [1, 11, 13, 0.019607843831181526],
            [1, 11, 14, 0.019607843831181526],
            [1, 11, 16, 0.019607843831181526],
            [1, 12, 7, 0.019607843831181526],
            [1, 12, 9, 0.03921568766236305],
            [1, 12, 11, 0.019607843831181526],
            [1, 13, 2, 0.019607843831181526],
            [1, 13, 3, 0.019607843831181526],
            [1, 13, 6, 0.019607843831181526],
            [1, 13, 17, 0.019607843831181526],
            [1, 14, 11, 0.019607843831181526],
            [1, 14, 12, 0.019607843831181526],
            [1, 15, 9, 0.019607843831181526],
            [1, 15, 10, 0.019607843831181526],
            [1, 15, 12, 0.019607843831181526],
            [1, 15, 17, 0.019607843831181526],
            [1, 16, 9, 0.019607843831181526],
            [1, 16, 15, 0.019607843831181526],
            [1, 16, 16, 0.019607843831181526],
            [1, 17, 3, 0.019607843831181526],
            [1, 17, 8, 0.019607843831181526],
            [1, 17, 9, 0.03921568766236305],
            [1, 17, 15, 0.019607843831181526],
            [2, 0, 2, 0.020408162847161293],
            [2, 0, 4, 0.020408162847161293],
            [2, 0, 17, 0.020408162847161293],
            [2, 1, 6, 0.020408162847161293],
            [2, 2, 3, 0.020408162847161293],
            [2, 3, 1, 0.020408162847161293],
            [2, 3, 13, 0.020408162847161293],
            [2, 4, 16, 0.020408162847161293],
            [2, 5, 15, 0.040816325694322586],
            [2, 6, 2, 0.020408162847161293],
            [2, 6, 13, 0.020408162847161293],
            [2, 6, 15, 0.020408162847161293],
            [2, 7, 3, 0.020408162847161293],
            [2, 7, 8, 0.020408162847161293],
            [2, 7, 13, 0.020408162847161293],
            [2, 8, 11, 0.020408162847161293],
            [2, 8, 16, 0.020408162847161293],
            [2, 9, 17, 0.020408162847161293],
            [2, 10, 10, 0.020408162847161293],
            [2, 11, 0, 0.020408162847161293],
            [2, 11, 8, 0.020408162847161293],
            [2, 11, 13, 0.020408162847161293],
            [2, 11, 16, 0.020408162847161293],
            [2, 12, 0, 0.020408162847161293],
            [2, 12, 2, 0.020408162847161293],
            [2, 12, 4, 0.020408162847161293],
            [2, 12, 9, 0.020408162847161293],
            [2, 12, 17, 0.020408162847161293],
            [2, 13, 13, 0.020408162847161293],
            [2, 13, 15, 0.020408162847161293],
            [2, 14, 10, 0.020408162847161293],
            [2, 14, 11, 0.040816325694322586],
            [2, 15, 5, 0.020408162847161293],
            [2, 15, 8, 0.020408162847161293],
            [2, 15, 13, 0.020408162847161293],
            [2, 16, 0, 0.020408162847161293],
            [2, 16, 6, 0.020408162847161293],
            [2, 16, 8, 0.040816325694322586],
            [2, 16, 9, 0.020408162847161293],
            [2, 16, 17, 0.020408162847161293],
            [2, 17, 0, 0.020408162847161293],
            [2, 17, 2, 0.020408162847161293],
            [2, 17, 8, 0.020408162847161293],
            [2, 17, 14, 0.040816325694322586],
            [2, 17, 16, 0.020408162847161293],
            [3, 0, 8, 0.01886792480945587],
            [3, 0, 9, 0.01886792480945587],
            [3, 1, 3, 0.01886792480945587],
            [3, 1, 12, 0.01886792480945587],
            [3, 2, 0, 0.01886792480945587],
            [3, 2, 3, 0.01886792480945587],
            [3, 2, 11, 0.01886792480945587],
            [3, 2, 13, 0.01886792480945587],
            [3, 2, 17, 0.01886792480945587],
            [3, 3, 0, 0.01886792480945587],
            [3, 3, 3, 0.01886792480945587],
            [3, 3, 12, 0.01886792480945587],
            [3, 3, 14, 0.01886792480945587],
            [3, 3, 17, 0.03773584961891174],
            [3, 4, 11, 0.01886792480945587],
            [3, 4, 13, 0.01886792480945587],
            [3, 5, 1, 0.01886792480945587],
            [3, 6, 12, 0.01886792480945587],
            [3, 6, 14, 0.01886792480945587],
            [3, 6, 15, 0.01886792480945587],
            [3, 7, 0, 0.01886792480945587],
            [3, 7, 1, 0.01886792480945587],
            [3, 7, 5, 0.01886792480945587],
            [3, 9, 2, 0.01886792480945587],
            [3, 9, 8, 0.01886792480945587],
            [3, 9, 10, 0.01886792480945587],
            [3, 9, 14, 0.03773584961891174],
            [3, 9, 17, 0.01886792480945587],
            [3, 10, 1, 0.01886792480945587],
            [3, 10, 13, 0.03773584961891174],
            [3, 10, 14, 0.01886792480945587],
