{
    "train_f1": 13.889198303222656,
    "train_prob": 34.37802505493164,
    "train_cov": 100.0,
    "valid_f1": 15.058786392211914,
    "valid_prob": 49.11572265625,
    "valid_cov": 90.0,
    "len": 179,
    "binary_grammar": {
        "num_nt": 4,
        "num_pt": 14,
        "num_rhs": 324,
        "rule_probs": [
            [0, 0, 16, 0.019999999552965164],
            [0, 1, 0, 0.019999999552965164],
            [0, 1, 3, 0.019999999552965164],
            [0, 1, 8, 0.019999999552965164],
            [0, 1, 14, 0.019999999552965164],
            [0, 2, 13, 0.019999999552965164],
            [0, 3, 0, 0.019999999552965164],
            [0, 3, 14, 0.019999999552965164],
            [0, 3, 15, 0.019999999552965164],
            [0, 3, 17, 0.019999999552965164],
            [0, 4, 14, 0.03999999910593033],
            [0, 4, 17, 0.019999999552965164],
            [0, 5, 3, 0.019999999552965164],
            [0, 5, 15, 0.019999999552965164],
            [0, 6, 1, 0.019999999552965164],
            [0, 6, 6, 0.019999999552965164],
            [0, 6, 11, 0.019999999552965164],
            [0, 7, 3, 0.019999999552965164],
            [0, 7, 7, 0.019999999552965164],
            [0, 7, 12, 0.019999999552965164],
            [0, 7, 17, 0.03999999910593033],
            [0, 8, 7, 0.019999999552965164],
            [0, 8, 15, 0.03999999910593033],
            [0, 9, 2, 0.019999999552965164],
            [0, 9, 7, 0.019999999552965164],
            [0, 10, 2, 0.019999999552965164],
            [0, 11, 8, 0.03999999910593033],
            [0, 12, 6, 0.019999999552965164],
            [0, 12, 7, 0.019999999552965164],
            [0, 12, 9, 0.019999999552965164],
            [0, 13, 4, 0.019999999552965164],
            [0, 13, 10, 0.03999999910593033],
            [0, 14, 0, 0.019999999552965164],
            [0, 14, 4, 0.03999999910593033],
            [0, 14, 11, 0.019999999552965164],
            [0, 14, 13, 0.019999999552965164],
            [0, 14, 17, 0.019999999552965164],
            [0, 15, 2, 0.03999999910593033],
            [0, 15, 10, 0.03999999910593033],
            [0, 16, 1, 0.019999999552965164],
            [0, 16, 13, 0.03999999910593033],
            [1, 1, 5, 0.02083333395421505],
            [1, 1, 13, 0.0416666679084301],
            [1, 2, 1, 0.02083333395421505],
            [1, 2, 5, 0.02083333395421505],
            [1, 2, 12, 0.02083333395421505],
            [1, 2, 13, 0.02083333395421505],
            [1, 2, 15, 0.02083333395421505],
            [1, 2, 16, 0.02083333395421505],
            [1, 3, 9, 0.02083333395421505],
            [1, 3, 17, 0.02083333395421505],
            [1, 4, 1, 0.02083333395421505],
            [1, 4, 9, 0.0416666679084301],
            [1, 4, 16, 0.02083333395421505],
            [1, 6, 2, 0.02083333395421505],
            [1, 6, 5, 0.02083333395421505],
            [1, 6, 10, 0.02083333395421505],
            [1, 7, 5, 0.0416666679084301],
            [1, 7, 7, 0.0416666679084301],
            [1, 7, 11, 0.02083333395421505],
            [1, 8, 3, 0.02083333395421505],
            [1, 8, 8, 0.02083333395421505],
            [1, 8, 16, 0.02083333395421505],
            [1, 9, 0, 0.02083333395421505],
            [1, 9, 9, 0.02083333395421505],
            [1, 10, 1, 0.0416666679084301],
            [1, 10, 2, 0.02083333395421505],
            [1, 10, 5, 0.02083333395421505],
            [1, 10, 8, 0.02083333395421505],
            [1, 11, 1, 0.02083333395421505],
            [1, 11, 2, 0.02083333395421505],
            [1, 11, 11, 0.02083333395421505],
            [1, 11, 12, 0.02083333395421505],
            [1, 12, 2, 0.02083333395421505],
            [1, 12, 13, 0.02083333395421505],
            [1, 13, 3, 0.02083333395421505],
            [1, 13, 8, 0.02083333395421505],
            [1, 14, 8, 0.02083333395421505],
            [1, 14, 17, 0.02083333395421505],
            [1, 15, 16, 0.02083333395421505],
            [1, 16, 8, 0.02083333395421505],
            [1, 16, 9, 0.02083333395421505],
            [1, 16, 17, 0.02083333395421505],
            [1, 17, 5, 0.02083333395421505],
            [2, 0, 3, 0.019999999552965164],
            [2, 0, 5, 0.019999999552965164],
            [2, 0, 16, 0.019999999552965164],
            [2, 1, 2, 0.019999999552965164],
            [2, 1, 8, 0.019999999552965164],
            [2, 1, 12, 0.019999999552965164],
            [2, 1, 13, 0.019999999552965164],
            [2, 2, 0, 0.019999999552965164],
            [2, 2, 6, 0.019999999552965164],
            [2, 4, 4, 0.019999999552965164],
            [2, 5, 1, 0.019999999552965164],
            [2, 5, 9, 0.019999999552965164],
            [2, 5, 10, 0.03999999910593033],
            [2, 5, 12, 0.019999999552965164],
            [2, 5, 15, 0.019999999552965164],
            [2, 6, 5, 0.019999999552965164],
            [2, 7, 12, 0.019999999552965164],
            [2, 8, 1, 0.019999999552965164],
            [2, 8, 13, 0.019999999552965164],
            [2, 8, 17, 0.03999999910593033],
            [2, 9, 1, 0.019999999552965164],
            [2, 9, 2, 0.019999999552965164],
            [2, 9, 8, 0.019999999552965164],
            [2, 9, 11, 0.019999999552965164],
            [2, 9, 14, 0.019999999552965164],
            [2, 9, 16, 0.019999999552965164],
            [2, 10, 5, 0.019999999552965164],
            [2, 11, 9, 0.019999999552965164],
            [2, 11, 14, 0.019999999552965164],
            [2, 11, 16, 0.019999999552965164],
            [2, 12, 1, 0.019999999552965164],
            [2, 12, 12, 0.019999999552965164],
            [2, 13, 2, 0.019999999552965164],
            [2, 13, 9, 0.019999999552965164],
            [2, 13, 11, 0.019999999552965164],
            [2, 13, 16, 0.019999999552965164],
            [2, 14, 2, 0.019999999552965164],
            [2, 14, 5, 0.019999999552965164],
            [2, 14, 7, 0.019999999552965164],
            [2, 14, 9, 0.019999999552965164],
            [2, 15, 6, 0.019999999552965164],
            [2, 15, 12, 0.019999999552965164],
            [2, 15, 15, 0.019999999552965164],
            [2, 15, 17, 0.019999999552965164],
            [2, 16, 16, 0.019999999552965164],
            [2, 17, 3, 0.019999999552965164],
            [2, 17, 8, 0.019999999552965164],
            [2, 17, 17, 0.019999999552965164],
            [3, 0, 5, 0.01923076994717121],
            [3, 0, 17, 0.01923076994717121],
            [3, 1, 2, 0.01923076994717121],
            [3, 2, 4, 0.01923076994717121],
            [3, 2, 6, 0.01923076994717121],
            [3, 2, 9, 0.01923076994717121],
            [3, 2, 16, 0.01923076994717121],
            [3, 3, 0, 0.01923076994717121],
            [3, 3, 1, 0.01923076994717121],
            [3, 3, 3, 0.01923076994717121],
            [3, 3, 5, 0.01923076994717121],
            [3, 3, 7, 0.01923076994717121],
            [3, 3, 16, 0.01923076994717121],
            [3, 4, 2, 0.01923076994717121],
            [3, 4, 3, 0.01923076994717121],
            [3, 4, 6, 0.01923076994717121],
            [3, 5, 3, 0.01923076994717121],
            [3, 5, 4, 0.01923076994717121],
            [3, 5, 6, 0.01923076994717121],
            [3, 5, 8, 0.01923076994717121],
            [3, 5, 13, 0.01923076994717121],
            [3, 6, 16, 0.01923076994717121],
            [3, 7, 1, 0.01923076994717121],
            [3, 7, 15, 0.01923076994717121],
            [3, 8, 8, 0.01923076994717121],
            [3, 8, 11, 0.01923076994717121],
            [3, 8, 12, 0.01923076994717121],
            [3, 9, 1, 0.03846153989434242],
            [3, 9, 2, 0.01923076994717121],
            [3, 9, 12, 0.03846153989434242],
            [3, 9, 13, 0.01923076994717121],
            [3, 10, 1, 0.01923076994717121],
            [3, 10, 16, 0.01923076994717121],
            [3, 11, 1, 0.01923076994717121],
            [3, 11, 2, 0.01923076994717121],
            [3, 12, 1, 0.03846153989434242],
            [3, 13, 1, 0.01923076994717121],
