{
    "train_f1": 12.084295272827148,
    "train_prob": 47.882179260253906,
    "train_cov": 93.75,
    "valid_f1": 13.326529502868652,
    "valid_prob": 46.84849166870117,
    "valid_cov": 90.0,
    "len": 184,
    "binary_grammar": {
        "num_nt": 4,
        "num_pt": 14,
        "num_rhs": 324,
        "rule_probs": [
            [0, 0, 0, 0.021276595070958138],
            [0, 0, 8, 0.021276595070958138],
            [0, 1, 11, 0.021276595070958138],
            [0, 2, 1, 0.021276595070958138],
            [0, 2, 10, 0.042553190141916275],
            [0, 3, 6, 0.021276595070958138],
            [0, 3, 8, 0.021276595070958138],
            [0, 3, 12, 0.021276595070958138],
            [0, 3, 17, 0.042553190141916275],
            [0, 4, 2, 0.021276595070958138],
            [0, 5, 6, 0.021276595070958138],
            [0, 5, 10, 0.042553190141916275],
            [0, 6, 1, 0.021276595070958138],
            [0, 6, 2, 0.021276595070958138],
            [0, 6, 3, 0.021276595070958138],
            [0, 6, 4, 0.021276595070958138],
            [0, 7, 13, 0.021276595070958138],
            [0, 7, 15, 0.021276595070958138],
            [0, 8, 11, 0.021276595070958138],
            [0, 9, 9, 0.021276595070958138],
            [0, 9, 13, 0.021276595070958138],
            [0, 9, 17, 0.021276595070958138],
            [0, 10, 12, 0.021276595070958138],
            [0, 10, 13, 0.021276595070958138],
            [0, 11, 6, 0.021276595070958138],
            [0, 12, 0, 0.021276595070958138],
            [0, 12, 7, 0.021276595070958138],
            [0, 12, 16, 0.021276595070958138],
            [0, 13, 2, 0.021276595070958138],
            [0, 13, 4, 0.021276595070958138],
            [0, 13, 8, 0.021276595070958138],
            [0, 13, 14, 0.042553190141916275],
            [0, 14, 4, 0.021276595070958138],
            [0, 14, 5, 0.021276595070958138],
            [0, 15, 13, 0.021276595070958138],
            [0, 16, 5, 0.021276595070958138],
            [0, 16, 9, 0.021276595070958138],
            [0, 16, 11, 0.021276595070958138],
            [0, 17, 2, 0.042553190141916275],
            [0, 17, 3, 0.021276595070958138],
            [0, 17, 5, 0.021276595070958138],
            [0, 17, 10, 0.021276595070958138],
            [1, 0, 3, 0.035087719559669495],
            [1, 0, 8, 0.017543859779834747],
            [1, 0, 15, 0.017543859779834747],
            [1, 1, 5, 0.017543859779834747],
            [1, 1, 8, 0.035087719559669495],
            [1, 1, 9, 0.017543859779834747],
            [1, 1, 17, 0.017543859779834747],
            [1, 2, 2, 0.017543859779834747],
            [1, 2, 10, 0.017543859779834747],
            [1, 3, 4, 0.017543859779834747],
            [1, 3, 13, 0.017543859779834747],
            [1, 4, 2, 0.017543859779834747],
            [1, 4, 6, 0.017543859779834747],
            [1, 4, 7, 0.035087719559669495],
            [1, 4, 9, 0.017543859779834747],
            [1, 5, 5, 0.017543859779834747],
            [1, 5, 8, 0.017543859779834747],
            [1, 5, 17, 0.017543859779834747],
            [1, 6, 1, 0.035087719559669495],
            [1, 6, 8, 0.017543859779834747],
            [1, 6, 12, 0.017543859779834747],
            [1, 6, 17, 0.017543859779834747],
            [1, 7, 5, 0.017543859779834747],
            [1, 7, 8, 0.017543859779834747],
            [1, 7, 12, 0.017543859779834747],
            [1, 8, 3, 0.017543859779834747],
            [1, 8, 7, 0.017543859779834747],
            [1, 9, 4, 0.017543859779834747],
            [1, 9, 14, 0.017543859779834747],
            [1, 9, 15, 0.017543859779834747],
            [1, 9, 16, 0.017543859779834747],
            [1, 10, 5, 0.035087719559669495],
            [1, 10, 17, 0.017543859779834747],
            [1, 11, 0, 0.017543859779834747],
            [1, 11, 4, 0.017543859779834747],
            [1, 11, 6, 0.017543859779834747],
            [1, 11, 10, 0.017543859779834747],
            [1, 11, 14, 0.017543859779834747],
            [1, 12, 8, 0.017543859779834747],
            [1, 12, 11, 0.017543859779834747],
            [1, 12, 14, 0.017543859779834747],
            [1, 12, 15, 0.017543859779834747],
            [1, 13, 1, 0.017543859779834747],
            [1, 13, 16, 0.017543859779834747],
            [1, 14, 12, 0.017543859779834747],
            [1, 14, 13, 0.017543859779834747],
            [1, 16, 7, 0.017543859779834747],
            [1, 16, 12, 0.017543859779834747],
            [1, 17, 4, 0.017543859779834747],
            [1, 17, 6, 0.017543859779834747],
            [1, 17, 10, 0.017543859779834747],
            [1, 17, 15, 0.017543859779834747],
            [2, 0, 2, 0.043478261679410934],
            [2, 0, 6, 0.021739130839705467],
            [2, 0, 15, 0.021739130839705467],
            [2, 1, 5, 0.021739130839705467],
            [2, 1, 8, 0.021739130839705467],
            [2, 1, 15, 0.021739130839705467],
            [2, 2, 0, 0.021739130839705467],
            [2, 2, 1, 0.021739130839705467],
            [2, 2, 7, 0.021739130839705467],
            [2, 2, 10, 0.021739130839705467],
            [2, 3, 0, 0.021739130839705467],
            [2, 3, 17, 0.021739130839705467],
            [2, 5, 7, 0.021739130839705467],
            [2, 5, 8, 0.021739130839705467],
            [2, 5, 10, 0.021739130839705467],
            [2, 5, 11, 0.021739130839705467],
            [2, 6, 6, 0.021739130839705467],
            [2, 6, 12, 0.021739130839705467],
            [2, 6, 16, 0.043478261679410934],
            [2, 7, 2, 0.021739130839705467],
            [2, 7, 9, 0.021739130839705467],
            [2, 7, 11, 0.021739130839705467],
            [2, 7, 17, 0.021739130839705467],
            [2, 8, 7, 0.021739130839705467],
            [2, 8, 9, 0.021739130839705467],
            [2, 8, 11, 0.021739130839705467],
            [2, 9, 1, 0.021739130839705467],
            [2, 9, 2, 0.021739130839705467],
            [2, 9, 11, 0.021739130839705467],
            [2, 10, 4, 0.021739130839705467],
            [2, 10, 6, 0.021739130839705467],
            [2, 10, 9, 0.021739130839705467],
            [2, 11, 8, 0.021739130839705467],
            [2, 12, 4, 0.021739130839705467],
            [2, 12, 10, 0.021739130839705467],
            [2, 13, 5, 0.021739130839705467],
            [2, 13, 7, 0.021739130839705467],
            [2, 14, 4, 0.021739130839705467],
            [2, 14, 6, 0.021739130839705467],
            [2, 14, 11, 0.021739130839705467],
            [2, 16, 3, 0.021739130839705467],
            [2, 17, 4, 0.021739130839705467],
            [2, 17, 12, 0.021739130839705467],
            [2, 17, 14, 0.021739130839705467],
            [3, 0, 2, 0.03999999910593033],
            [3, 1, 9, 0.019999999552965164],
            [3, 1, 10, 0.019999999552965164],
            [3, 1, 15, 0.019999999552965164],
            [3, 2, 12, 0.019999999552965164],
            [3, 3, 17, 0.019999999552965164],
            [3, 4, 7, 0.019999999552965164],
            [3, 4, 16, 0.019999999552965164],
            [3, 5, 0, 0.03999999910593033],
            [3, 5, 6, 0.019999999552965164],
            [3, 6, 2, 0.019999999552965164],
            [3, 6, 5, 0.03999999910593033],
            [3, 6, 14, 0.019999999552965164],
            [3, 6, 15, 0.019999999552965164],
            [3, 7, 1, 0.019999999552965164],
            [3, 7, 3, 0.019999999552965164],
            [3, 7, 5, 0.019999999552965164],
            [3, 7, 16, 0.019999999552965164],
            [3, 8, 1, 0.019999999552965164],
            [3, 8, 3, 0.019999999552965164],
            [3, 10, 1, 0.019999999552965164],
            [3, 11, 2, 0.019999999552965164],
            [3, 11, 6, 0.019999999552965164],
            [3, 11, 11, 0.019999999552965164],
            [3, 11, 17, 0.019999999552965164],
            [3, 12, 2, 0.019999999552965164],
            [3, 13, 1, 0.019999999552965164],
            [3, 13, 2, 0.03999999910593033],
            [3, 13, 3, 0.019999999552965164],
