{
    "train_f1": 9.10665225982666,
    "train_prob": 65.23001861572266,
    "train_cov": 100.0,
    "valid_f1": 20.51996421813965,
    "valid_prob": 65.15645599365234,
    "valid_cov": 100.0,
    "len": 182,
    "binary_grammar": {
        "num_nt": 4,
        "num_pt": 14,
        "num_rhs": 324,
        "rule_probs": [
            [0, 0, 13, 0.017543859779834747],
            [0, 0, 14, 0.017543859779834747],
            [0, 1, 3, 0.017543859779834747],
            [0, 1, 8, 0.07017543911933899],
            [0, 1, 11, 0.017543859779834747],
            [0, 2, 2, 0.017543859779834747],
            [0, 2, 13, 0.017543859779834747],
            [0, 2, 17, 0.017543859779834747],
            [0, 3, 5, 0.017543859779834747],
            [0, 3, 6, 0.017543859779834747],
            [0, 3, 9, 0.017543859779834747],
            [0, 3, 14, 0.017543859779834747],
            [0, 5, 2, 0.017543859779834747],
            [0, 5, 14, 0.017543859779834747],
            [0, 6, 3, 0.017543859779834747],
            [0, 6, 8, 0.017543859779834747],
            [0, 7, 9, 0.017543859779834747],
            [0, 7, 12, 0.017543859779834747],
            [0, 7, 16, 0.017543859779834747],
            [0, 8, 6, 0.017543859779834747],
            [0, 8, 15, 0.017543859779834747],
            [0, 9, 3, 0.017543859779834747],
            [0, 9, 10, 0.035087719559669495],
            [0, 9, 11, 0.017543859779834747],
            [0, 9, 17, 0.017543859779834747],
            [0, 10, 14, 0.017543859779834747],
            [0, 10, 15, 0.017543859779834747],
            [0, 11, 1, 0.017543859779834747],
            [0, 11, 4, 0.017543859779834747],
            [0, 11, 10, 0.017543859779834747],
            [0, 11, 16, 0.017543859779834747],
            [0, 12, 1, 0.05263157933950424],
            [0, 12, 7, 0.017543859779834747],
            [0, 12, 8, 0.017543859779834747],
            [0, 13, 7, 0.017543859779834747],
            [0, 13, 10, 0.017543859779834747],
            [0, 13, 11, 0.017543859779834747],
            [0, 13, 15, 0.017543859779834747],
            [0, 14, 4, 0.017543859779834747],
            [0, 14, 7, 0.017543859779834747],
            [0, 14, 8, 0.017543859779834747],
            [0, 14, 12, 0.017543859779834747],
            [0, 14, 15, 0.017543859779834747],
            [0, 14, 16, 0.017543859779834747],
            [0, 15, 14, 0.05263157933950424],
            [0, 16, 14, 0.017543859779834747],
            [0, 16, 15, 0.017543859779834747],
            [0, 17, 12, 0.017543859779834747],
            [0, 17, 17, 0.017543859779834747],
            [1, 0, 0, 0.019999999552965164],
            [1, 0, 1, 0.019999999552965164],
            [1, 0, 13, 0.019999999552965164],
            [1, 1, 0, 0.019999999552965164],
            [1, 1, 11, 0.019999999552965164],
            [1, 2, 0, 0.019999999552965164],
            [1, 2, 7, 0.019999999552965164],
            [1, 2, 8, 0.019999999552965164],
            [1, 2, 14, 0.019999999552965164],
            [1, 3, 2, 0.019999999552965164],
            [1, 3, 8, 0.019999999552965164],
            [1, 3, 9, 0.019999999552965164],
            [1, 3, 17, 0.019999999552965164],
            [1, 4, 13, 0.019999999552965164],
            [1, 4, 14, 0.03999999910593033],
            [1, 4, 16, 0.019999999552965164],
            [1, 7, 7, 0.019999999552965164],
            [1, 7, 10, 0.019999999552965164],
            [1, 7, 17, 0.019999999552965164],
            [1, 8, 0, 0.019999999552965164],
            [1, 8, 1, 0.019999999552965164],
            [1, 8, 2, 0.019999999552965164],
            [1, 8, 5, 0.019999999552965164],
            [1, 8, 8, 0.019999999552965164],
            [1, 8, 12, 0.019999999552965164],
            [1, 8, 13, 0.019999999552965164],
            [1, 9, 0, 0.019999999552965164],
            [1, 9, 15, 0.019999999552965164],
            [1, 10, 2, 0.019999999552965164],
            [1, 10, 13, 0.019999999552965164],
            [1, 11, 0, 0.019999999552965164],
            [1, 11, 8, 0.019999999552965164],
            [1, 12, 7, 0.019999999552965164],
            [1, 12, 11, 0.019999999552965164],
            [1, 13, 8, 0.03999999910593033],
            [1, 14, 2, 0.019999999552965164],
            [1, 14, 4, 0.019999999552965164],
            [1, 14, 7, 0.019999999552965164],
            [1, 14, 14, 0.019999999552965164],
            [1, 15, 3, 0.03999999910593033],
            [1, 16, 0, 0.019999999552965164],
            [1, 16, 3, 0.019999999552965164],
            [1, 16, 6, 0.019999999552965164],
            [1, 17, 0, 0.019999999552965164],
            [1, 17, 3, 0.019999999552965164],
            [1, 17, 9, 0.019999999552965164],
            [1, 17, 10, 0.019999999552965164],
            [2, 0, 12, 0.023255813866853714],
            [2, 1, 1, 0.023255813866853714],
            [2, 1, 10, 0.023255813866853714],
            [2, 1, 13, 0.023255813866853714],
            [2, 1, 16, 0.023255813866853714],
            [2, 2, 1, 0.023255813866853714],
            [2, 2, 3, 0.023255813866853714],
            [2, 2, 16, 0.023255813866853714],
            [2, 3, 5, 0.023255813866853714],
            [2, 3, 7, 0.023255813866853714],
            [2, 3, 16, 0.023255813866853714],
            [2, 4, 8, 0.023255813866853714],
            [2, 4, 11, 0.023255813866853714],
            [2, 4, 16, 0.023255813866853714],
            [2, 5, 7, 0.023255813866853714],
            [2, 5, 14, 0.04651162773370743],
            [2, 6, 4, 0.023255813866853714],
            [2, 6, 6, 0.023255813866853714],
            [2, 7, 12, 0.023255813866853714],
            [2, 7, 15, 0.023255813866853714],
            [2, 8, 15, 0.023255813866853714],
            [2, 8, 16, 0.023255813866853714],
            [2, 9, 7, 0.023255813866853714],
            [2, 9, 11, 0.023255813866853714],
            [2, 10, 0, 0.023255813866853714],
            [2, 12, 5, 0.023255813866853714],
            [2, 12, 9, 0.04651162773370743],
            [2, 13, 5, 0.023255813866853714],
            [2, 13, 16, 0.023255813866853714],
            [2, 14, 3, 0.023255813866853714],
            [2, 14, 5, 0.023255813866853714],
            [2, 14, 9, 0.023255813866853714],
            [2, 14, 10, 0.023255813866853714],
            [2, 15, 8, 0.023255813866853714],
            [2, 15, 9, 0.023255813866853714],
            [2, 15, 15, 0.023255813866853714],
            [2, 16, 4, 0.023255813866853714],
            [2, 16, 6, 0.023255813866853714],
            [2, 16, 8, 0.023255813866853714],
            [2, 16, 15, 0.023255813866853714],
            [2, 17, 2, 0.023255813866853714],
            [3, 0, 4, 0.019999999552965164],
            [3, 0, 15, 0.019999999552965164],
            [3, 1, 2, 0.019999999552965164],
            [3, 1, 7, 0.019999999552965164],
            [3, 2, 3, 0.03999999910593033],
            [3, 2, 6, 0.019999999552965164],
            [3, 2, 15, 0.019999999552965164],
            [3, 3, 5, 0.019999999552965164],
            [3, 4, 0, 0.019999999552965164],
            [3, 4, 5, 0.05999999865889549],
            [3, 4, 7, 0.03999999910593033],
            [3, 4, 16, 0.03999999910593033],
            [3, 4, 17, 0.019999999552965164],
            [3, 5, 6, 0.019999999552965164],
            [3, 5, 16, 0.019999999552965164],
            [3, 6, 2, 0.019999999552965164],
            [3, 6, 9, 0.019999999552965164],
            [3, 8, 8, 0.019999999552965164],
            [3, 9, 1, 0.019999999552965164],
            [3, 9, 4, 0.019999999552965164],
            [3, 9, 6, 0.019999999552965164],
            [3, 9, 7, 0.019999999552965164],
            [3, 9, 8, 0.019999999552965164],
            [3, 9, 10, 0.019999999552965164],
            [3, 9, 14, 0.019999999552965164],
            [3, 10, 2, 0.019999999552965164],
            [3, 10, 5, 0.019999999552965164],
            [3, 10, 6, 0.019999999552965164],
            [3, 10, 9, 0.019999999552965164],
            [3, 11, 8, 0.019999999552965164],
