{
    "train_f1": 8.5823974609375,
    "train_prob": 33.79875946044922,
    "train_cov": 87.5,
    "valid_f1": 20.916156768798828,
    "valid_prob": 64.50843811035156,
    "valid_cov": 100.0,
    "len": 186,
    "binary_grammar": {
        "num_nt": 4,
        "num_pt": 14,
        "num_rhs": 324,
        "rule_probs": [
            [0, 0, 6, 0.0181818176060915],
            [0, 0, 10, 0.0181818176060915],
            [0, 1, 7, 0.0181818176060915],
            [0, 1, 8, 0.036363635212183],
            [0, 1, 13, 0.0181818176060915],
            [0, 2, 0, 0.0181818176060915],
            [0, 2, 2, 0.0181818176060915],
            [0, 2, 11, 0.0181818176060915],
            [0, 2, 13, 0.0181818176060915],
            [0, 3, 2, 0.0181818176060915],
            [0, 3, 5, 0.0181818176060915],
            [0, 4, 2, 0.0181818176060915],
            [0, 4, 7, 0.0181818176060915],
            [0, 4, 8, 0.0181818176060915],
            [0, 4, 17, 0.0181818176060915],
            [0, 5, 8, 0.0181818176060915],
            [0, 6, 3, 0.0181818176060915],
            [0, 6, 4, 0.0181818176060915],
            [0, 6, 5, 0.0181818176060915],
            [0, 6, 11, 0.0181818176060915],
            [0, 6, 16, 0.0181818176060915],
            [0, 7, 0, 0.0181818176060915],
            [0, 7, 8, 0.0181818176060915],
            [0, 7, 14, 0.0181818176060915],
            [0, 7, 15, 0.0181818176060915],
            [0, 8, 2, 0.0181818176060915],
            [0, 8, 6, 0.0181818176060915],
            [0, 8, 7, 0.0181818176060915],
            [0, 8, 16, 0.0181818176060915],
            [0, 10, 0, 0.0181818176060915],
            [0, 10, 5, 0.0181818176060915],
            [0, 10, 13, 0.0181818176060915],
            [0, 10, 14, 0.0181818176060915],
            [0, 10, 15, 0.0181818176060915],
            [0, 11, 3, 0.0181818176060915],
            [0, 11, 11, 0.0181818176060915],
            [0, 12, 1, 0.0181818176060915],
            [0, 13, 0, 0.0181818176060915],
            [0, 13, 7, 0.036363635212183],
            [0, 14, 2, 0.0181818176060915],
            [0, 14, 4, 0.036363635212183],
            [0, 14, 6, 0.0181818176060915],
            [0, 14, 16, 0.0181818176060915],
            [0, 15, 3, 0.0181818176060915],
            [0, 15, 10, 0.0181818176060915],
            [0, 15, 17, 0.0181818176060915],
            [0, 16, 0, 0.036363635212183],
            [0, 16, 15, 0.0181818176060915],
            [0, 17, 3, 0.0181818176060915],
            [0, 17, 15, 0.0181818176060915],
            [0, 17, 16, 0.0181818176060915],
            [1, 0, 0, 0.019607843831181526],
            [1, 0, 7, 0.019607843831181526],
            [1, 2, 4, 0.019607843831181526],
            [1, 2, 10, 0.019607843831181526],
            [1, 2, 12, 0.019607843831181526],
            [1, 2, 16, 0.019607843831181526],
            [1, 2, 17, 0.019607843831181526],
            [1, 3, 9, 0.019607843831181526],
            [1, 3, 10, 0.03921568766236305],
            [1, 4, 3, 0.019607843831181526],
            [1, 4, 6, 0.019607843831181526],
            [1, 4, 15, 0.019607843831181526],
            [1, 4, 17, 0.019607843831181526],
            [1, 5, 3, 0.019607843831181526],
            [1, 5, 7, 0.019607843831181526],
            [1, 5, 12, 0.019607843831181526],
            [1, 5, 16, 0.019607843831181526],
            [1, 6, 1, 0.019607843831181526],
            [1, 7, 2, 0.019607843831181526],
            [1, 7, 3, 0.03921568766236305],
            [1, 7, 4, 0.019607843831181526],
            [1, 7, 15, 0.019607843831181526],
            [1, 8, 10, 0.019607843831181526],
            [1, 8, 12, 0.019607843831181526],
            [1, 9, 8, 0.019607843831181526],
            [1, 9, 16, 0.019607843831181526],
            [1, 10, 6, 0.03921568766236305],
            [1, 10, 8, 0.019607843831181526],
            [1, 10, 13, 0.019607843831181526],
            [1, 10, 17, 0.019607843831181526],
            [1, 11, 0, 0.019607843831181526],
            [1, 11, 4, 0.03921568766236305],
            [1, 11, 7, 0.019607843831181526],
            [1, 11, 12, 0.019607843831181526],
            [1, 11, 14, 0.019607843831181526],
            [1, 11, 16, 0.019607843831181526],
            [1, 12, 7, 0.019607843831181526],
            [1, 12, 14, 0.019607843831181526],
            [1, 13, 7, 0.019607843831181526],
            [1, 13, 13, 0.019607843831181526],
            [1, 14, 6, 0.019607843831181526],
            [1, 14, 10, 0.019607843831181526],
            [1, 14, 17, 0.019607843831181526],
            [1, 15, 7, 0.019607843831181526],
            [1, 17, 0, 0.019607843831181526],
            [1, 17, 17, 0.03921568766236305],
            [2, 0, 0, 0.03846153989434242],
            [2, 0, 3, 0.03846153989434242],
            [2, 0, 4, 0.01923076994717121],
            [2, 0, 9, 0.01923076994717121],
            [2, 0, 14, 0.01923076994717121],
            [2, 0, 15, 0.01923076994717121],
            [2, 1, 4, 0.01923076994717121],
            [2, 1, 8, 0.01923076994717121],
            [2, 1, 12, 0.01923076994717121],
            [2, 2, 1, 0.01923076994717121],
            [2, 3, 1, 0.01923076994717121],
            [2, 3, 4, 0.01923076994717121],
            [2, 3, 5, 0.01923076994717121],
            [2, 3, 8, 0.01923076994717121],
            [2, 4, 0, 0.01923076994717121],
            [2, 4, 16, 0.01923076994717121],
            [2, 4, 17, 0.03846153989434242],
            [2, 5, 8, 0.01923076994717121],
            [2, 5, 11, 0.01923076994717121],
            [2, 5, 12, 0.03846153989434242],
            [2, 6, 6, 0.01923076994717121],
            [2, 6, 7, 0.01923076994717121],
            [2, 6, 12, 0.01923076994717121],
            [2, 6, 14, 0.01923076994717121],
            [2, 6, 17, 0.01923076994717121],
            [2, 8, 5, 0.01923076994717121],
            [2, 8, 7, 0.01923076994717121],
            [2, 8, 16, 0.01923076994717121],
            [2, 8, 17, 0.01923076994717121],
            [2, 9, 7, 0.01923076994717121],
            [2, 10, 1, 0.01923076994717121],
            [2, 10, 5, 0.01923076994717121],
            [2, 10, 9, 0.01923076994717121],
            [2, 11, 5, 0.01923076994717121],
            [2, 12, 1, 0.01923076994717121],
            [2, 12, 3, 0.01923076994717121],
            [2, 12, 5, 0.01923076994717121],
            [2, 12, 7, 0.01923076994717121],
            [2, 13, 5, 0.01923076994717121],
            [2, 13, 7, 0.01923076994717121],
            [2, 13, 10, 0.01923076994717121],
            [2, 13, 12, 0.01923076994717121],
            [2, 13, 16, 0.01923076994717121],
            [2, 14, 14, 0.01923076994717121],
            [2, 15, 12, 0.01923076994717121],
            [2, 16, 12, 0.01923076994717121],
            [2, 17, 13, 0.01923076994717121],
            [2, 17, 14, 0.01923076994717121],
            [3, 0, 2, 0.02380952425301075],
            [3, 1, 7, 0.02380952425301075],
            [3, 2, 8, 0.02380952425301075],
            [3, 4, 2, 0.02380952425301075],
            [3, 4, 7, 0.02380952425301075],
            [3, 5, 1, 0.02380952425301075],
            [3, 5, 8, 0.02380952425301075],
            [3, 6, 1, 0.02380952425301075],
            [3, 6, 2, 0.02380952425301075],
            [3, 6, 7, 0.02380952425301075],
            [3, 7, 1, 0.02380952425301075],
            [3, 7, 8, 0.02380952425301075],
            [3, 7, 11, 0.02380952425301075],
            [3, 8, 5, 0.02380952425301075],
            [3, 9, 0, 0.02380952425301075],
            [3, 9, 4, 0.02380952425301075],
            [3, 9, 12, 0.02380952425301075],
            [3, 9, 14, 0.02380952425301075],
            [3, 10, 1, 0.02380952425301075],
            [3, 10, 5, 0.02380952425301075],
            [3, 10, 15, 0.02380952425301075],
            [3, 10, 17, 0.02380952425301075],
            [3, 11, 5, 0.02380952425301075],
            [3, 11, 10, 0.02380952425301075],
            [3, 11, 13, 0.02380952425301075],
            [3, 12, 3, 0.02380952425301075],
