{
    "train_f1": 8.072385787963867,
    "train_prob": 41.306312561035156,
    "train_cov": 87.5,
    "valid_f1": 12.642936706542969,
    "valid_prob": 46.54896926879883,
    "valid_cov": 90.0,
    "len": 174,
    "binary_grammar": {
        "num_nt": 4,
        "num_pt": 14,
        "num_rhs": 324,
        "rule_probs": [
            [0, 0, 7, 0.01785714365541935],
            [0, 0, 11, 0.01785714365541935],
            [0, 0, 15, 0.01785714365541935],
            [0, 1, 0, 0.0357142873108387],
            [0, 1, 3, 0.01785714365541935],
            [0, 1, 9, 0.01785714365541935],
            [0, 1, 16, 0.01785714365541935],
            [0, 2, 10, 0.01785714365541935],
            [0, 2, 17, 0.01785714365541935],
            [0, 3, 6, 0.01785714365541935],
            [0, 3, 15, 0.01785714365541935],
            [0, 4, 4, 0.01785714365541935],
            [0, 5, 1, 0.0357142873108387],
            [0, 5, 6, 0.01785714365541935],
            [0, 6, 2, 0.01785714365541935],
            [0, 6, 7, 0.01785714365541935],
            [0, 6, 16, 0.01785714365541935],
            [0, 7, 0, 0.01785714365541935],
            [0, 7, 5, 0.01785714365541935],
            [0, 7, 11, 0.0357142873108387],
            [0, 7, 16, 0.01785714365541935],
            [0, 8, 2, 0.01785714365541935],
            [0, 8, 4, 0.01785714365541935],
            [0, 8, 5, 0.0357142873108387],
            [0, 8, 6, 0.0535714291036129],
            [0, 8, 11, 0.01785714365541935],
            [0, 9, 10, 0.0357142873108387],
            [0, 10, 17, 0.01785714365541935],
            [0, 11, 0, 0.01785714365541935],
            [0, 11, 2, 0.01785714365541935],
            [0, 11, 4, 0.01785714365541935],
            [0, 11, 6, 0.01785714365541935],
            [0, 11, 8, 0.01785714365541935],
            [0, 11, 14, 0.01785714365541935],
            [0, 13, 2, 0.01785714365541935],
            [0, 13, 9, 0.01785714365541935],
            [0, 14, 5, 0.0357142873108387],
            [0, 14, 11, 0.0357142873108387],
            [0, 14, 12, 0.01785714365541935],
            [0, 15, 3, 0.01785714365541935],
            [0, 16, 7, 0.01785714365541935],
            [0, 16, 13, 0.01785714365541935],
            [0, 17, 2, 0.01785714365541935],
            [0, 17, 14, 0.01785714365541935],
            [0, 17, 15, 0.01785714365541935],
            [0, 17, 16, 0.01785714365541935],
            [0, 17, 17, 0.01785714365541935],
            [1, 0, 10, 0.022727273404598236],
            [1, 0, 14, 0.022727273404598236],
            [1, 1, 7, 0.022727273404598236],
            [1, 1, 9, 0.022727273404598236],
            [1, 1, 14, 0.022727273404598236],
            [1, 2, 2, 0.022727273404598236],
            [1, 2, 9, 0.022727273404598236],
            [1, 2, 10, 0.022727273404598236],
            [1, 2, 12, 0.022727273404598236],
            [1, 3, 3, 0.022727273404598236],
            [1, 3, 11, 0.022727273404598236],
            [1, 3, 17, 0.022727273404598236],
            [1, 4, 4, 0.022727273404598236],
            [1, 4, 6, 0.06818182021379471],
            [1, 4, 13, 0.04545454680919647],
            [1, 4, 14, 0.022727273404598236],
            [1, 4, 16, 0.022727273404598236],
            [1, 5, 4, 0.022727273404598236],
            [1, 5, 8, 0.022727273404598236],
            [1, 6, 4, 0.022727273404598236],
            [1, 6, 9, 0.022727273404598236],
            [1, 6, 11, 0.022727273404598236],
            [1, 6, 17, 0.04545454680919647],
            [1, 7, 6, 0.022727273404598236],
            [1, 7, 11, 0.022727273404598236],
            [1, 8, 2, 0.022727273404598236],
            [1, 8, 17, 0.04545454680919647],
            [1, 9, 12, 0.022727273404598236],
            [1, 10, 0, 0.022727273404598236],
            [1, 11, 1, 0.022727273404598236],
            [1, 12, 2, 0.022727273404598236],
            [1, 12, 6, 0.022727273404598236],
            [1, 12, 9, 0.04545454680919647],
            [1, 12, 10, 0.022727273404598236],
            [1, 13, 10, 0.022727273404598236],
            [1, 14, 10, 0.022727273404598236],
            [1, 17, 8, 0.022727273404598236],
            [1, 17, 17, 0.022727273404598236],
            [2, 0, 8, 0.024390242993831635],
            [2, 1, 1, 0.024390242993831635],
            [2, 1, 3, 0.024390242993831635],
            [2, 2, 6, 0.04878048598766327],
            [2, 2, 10, 0.04878048598766327],
            [2, 3, 1, 0.024390242993831635],
            [2, 3, 7, 0.024390242993831635],
            [2, 3, 11, 0.024390242993831635],
            [2, 3, 15, 0.024390242993831635],
            [2, 3, 17, 0.024390242993831635],
            [2, 4, 15, 0.024390242993831635],
            [2, 5, 15, 0.024390242993831635],
            [2, 5, 17, 0.024390242993831635],
            [2, 6, 4, 0.024390242993831635],
            [2, 6, 11, 0.024390242993831635],
            [2, 6, 12, 0.024390242993831635],
            [2, 8, 5, 0.024390242993831635],
            [2, 8, 9, 0.024390242993831635],
            [2, 8, 10, 0.024390242993831635],
            [2, 10, 6, 0.024390242993831635],
            [2, 10, 10, 0.04878048598766327],
            [2, 10, 15, 0.024390242993831635],
            [2, 11, 1, 0.024390242993831635],
            [2, 11, 7, 0.024390242993831635],
            [2, 11, 10, 0.024390242993831635],
            [2, 11, 12, 0.024390242993831635],
            [2, 11, 15, 0.024390242993831635],
            [2, 12, 1, 0.04878048598766327],
            [2, 12, 9, 0.024390242993831635],
            [2, 13, 6, 0.024390242993831635],
            [2, 14, 0, 0.024390242993831635],
            [2, 14, 3, 0.024390242993831635],
            [2, 14, 17, 0.024390242993831635],
            [2, 15, 9, 0.024390242993831635],
            [2, 17, 6, 0.024390242993831635],
            [2, 17, 14, 0.024390242993831635],
            [2, 17, 16, 0.024390242993831635],
            [3, 0, 2, 0.016949152573943138],
            [3, 0, 11, 0.016949152573943138],
            [3, 1, 2, 0.016949152573943138],
            [3, 1, 11, 0.016949152573943138],
            [3, 2, 5, 0.016949152573943138],
            [3, 2, 17, 0.016949152573943138],
            [3, 3, 12, 0.033898305147886276],
            [3, 4, 2, 0.016949152573943138],
            [3, 4, 3, 0.016949152573943138],
            [3, 4, 5, 0.016949152573943138],
            [3, 4, 7, 0.016949152573943138],
            [3, 4, 9, 0.016949152573943138],
            [3, 4, 15, 0.016949152573943138],
            [3, 4, 16, 0.016949152573943138],
            [3, 5, 12, 0.016949152573943138],
            [3, 5, 13, 0.016949152573943138],
            [3, 5, 14, 0.016949152573943138],
            [3, 6, 2, 0.016949152573943138],
            [3, 6, 3, 0.016949152573943138],
            [3, 7, 0, 0.016949152573943138],
            [3, 7, 10, 0.016949152573943138],
            [3, 7, 11, 0.016949152573943138],
            [3, 7, 14, 0.016949152573943138],
            [3, 7, 17, 0.016949152573943138],
            [3, 8, 4, 0.016949152573943138],
            [3, 8, 16, 0.016949152573943138],
            [3, 9, 12, 0.016949152573943138],
            [3, 9, 13, 0.016949152573943138],
            [3, 9, 17, 0.016949152573943138],
            [3, 10, 1, 0.016949152573943138],
            [3, 10, 12, 0.016949152573943138],
            [3, 10, 15, 0.016949152573943138],
            [3, 11, 2, 0.016949152573943138],
            [3, 11, 16, 0.016949152573943138],
            [3, 12, 14, 0.016949152573943138],
            [3, 13, 0, 0.033898305147886276],
            [3, 13, 2, 0.016949152573943138],
            [3, 13, 3, 0.016949152573943138],
            [3, 13, 5, 0.016949152573943138],
            [3, 13, 11, 0.016949152573943138],
            [3, 13, 12, 0.016949152573943138],
            [3, 13, 15, 0.016949152573943138],
            [3, 14, 12, 0.016949152573943138],
            [3, 14, 13, 0.016949152573943138],
            [3, 15, 6, 0.06779661029577255],
            [3, 15, 10, 0.016949152573943138],
