{
    "train_f1": 6.32467794418335,
    "train_prob": 46.42871856689453,
    "train_cov": 100.0,
    "valid_f1": 6.971127510070801,
    "valid_prob": 46.60942077636719,
    "valid_cov": 90.0,
    "len": 185,
    "binary_grammar": {
        "num_nt": 4,
        "num_pt": 14,
        "num_rhs": 324,
        "rule_probs": [
            [0, 0, 11, 0.01785714365541935],
            [0, 0, 17, 0.01785714365541935],
            [0, 1, 0, 0.01785714365541935],
            [0, 1, 14, 0.01785714365541935],
            [0, 2, 0, 0.01785714365541935],
            [0, 2, 1, 0.01785714365541935],
            [0, 2, 4, 0.01785714365541935],
            [0, 2, 6, 0.01785714365541935],
            [0, 2, 17, 0.01785714365541935],
            [0, 3, 2, 0.01785714365541935],
            [0, 3, 4, 0.01785714365541935],
            [0, 3, 6, 0.01785714365541935],
            [0, 3, 10, 0.01785714365541935],
            [0, 4, 3, 0.01785714365541935],
            [0, 4, 12, 0.01785714365541935],
            [0, 5, 8, 0.01785714365541935],
            [0, 5, 9, 0.01785714365541935],
            [0, 5, 12, 0.01785714365541935],
            [0, 6, 3, 0.01785714365541935],
            [0, 6, 8, 0.01785714365541935],
            [0, 7, 1, 0.01785714365541935],
            [0, 7, 6, 0.01785714365541935],
            [0, 7, 10, 0.01785714365541935],
            [0, 7, 13, 0.01785714365541935],
            [0, 7, 17, 0.01785714365541935],
            [0, 8, 2, 0.01785714365541935],
            [0, 8, 5, 0.01785714365541935],
            [0, 8, 7, 0.01785714365541935],
            [0, 8, 8, 0.01785714365541935],
            [0, 8, 11, 0.01785714365541935],
            [0, 8, 16, 0.01785714365541935],
            [0, 11, 8, 0.01785714365541935],
            [0, 11, 11, 0.01785714365541935],
            [0, 11, 12, 0.01785714365541935],
            [0, 11, 13, 0.01785714365541935],
            [0, 12, 2, 0.01785714365541935],
            [0, 12, 3, 0.01785714365541935],
            [0, 12, 7, 0.01785714365541935],
            [0, 12, 9, 0.01785714365541935],
            [0, 12, 16, 0.0357142873108387],
            [0, 13, 15, 0.01785714365541935],
            [0, 14, 12, 0.01785714365541935],
            [0, 14, 13, 0.01785714365541935],
            [0, 14, 16, 0.01785714365541935],
            [0, 15, 3, 0.01785714365541935],
            [0, 15, 4, 0.01785714365541935],
            [0, 15, 6, 0.01785714365541935],
            [0, 15, 12, 0.01785714365541935],
            [0, 16, 2, 0.01785714365541935],
            [0, 16, 6, 0.01785714365541935],
            [0, 16, 11, 0.01785714365541935],
            [0, 17, 5, 0.01785714365541935],
            [0, 17, 6, 0.01785714365541935],
            [0, 17, 11, 0.01785714365541935],
            [0, 17, 12, 0.01785714365541935],
            [1, 0, 15, 0.02380952425301075],
            [1, 1, 7, 0.02380952425301075],
            [1, 1, 10, 0.02380952425301075],
            [1, 2, 10, 0.02380952425301075],
            [1, 3, 7, 0.02380952425301075],
            [1, 3, 9, 0.02380952425301075],
            [1, 3, 10, 0.02380952425301075],
            [1, 3, 13, 0.02380952425301075],
            [1, 4, 2, 0.02380952425301075],
            [1, 4, 9, 0.02380952425301075],
            [1, 5, 1, 0.02380952425301075],
            [1, 5, 9, 0.0476190485060215],
            [1, 5, 12, 0.02380952425301075],
            [1, 5, 15, 0.02380952425301075],
            [1, 5, 16, 0.02380952425301075],
            [1, 6, 1, 0.0476190485060215],
            [1, 6, 13, 0.02380952425301075],
            [1, 6, 17, 0.02380952425301075],
            [1, 7, 1, 0.02380952425301075],
            [1, 7, 5, 0.02380952425301075],
            [1, 7, 11, 0.02380952425301075],
            [1, 10, 2, 0.02380952425301075],
            [1, 10, 5, 0.02380952425301075],
            [1, 11, 13, 0.02380952425301075],
            [1, 12, 3, 0.02380952425301075],
            [1, 12, 9, 0.02380952425301075],
            [1, 12, 11, 0.0476190485060215],
            [1, 12, 12, 0.02380952425301075],
            [1, 13, 6, 0.02380952425301075],
            [1, 13, 9, 0.02380952425301075],
            [1, 13, 10, 0.02380952425301075],
            [1, 14, 1, 0.02380952425301075],
            [1, 14, 3, 0.0476190485060215],
            [1, 14, 10, 0.02380952425301075],
            [1, 15, 6, 0.02380952425301075],
            [1, 16, 5, 0.02380952425301075],
            [1, 16, 13, 0.02380952425301075],
            [1, 17, 0, 0.02380952425301075],
            [2, 1, 1, 0.018518518656492233],
            [2, 1, 3, 0.018518518656492233],
            [2, 2, 1, 0.03703703731298447],
            [2, 2, 4, 0.018518518656492233],
            [2, 2, 5, 0.03703703731298447],
            [2, 2, 7, 0.018518518656492233],
            [2, 2, 12, 0.018518518656492233],
            [2, 2, 16, 0.018518518656492233],
            [2, 3, 2, 0.018518518656492233],
            [2, 3, 4, 0.018518518656492233],
            [2, 3, 8, 0.018518518656492233],
            [2, 3, 13, 0.018518518656492233],
            [2, 4, 0, 0.018518518656492233],
            [2, 4, 15, 0.018518518656492233],
            [2, 4, 16, 0.018518518656492233],
            [2, 5, 7, 0.03703703731298447],
            [2, 5, 10, 0.018518518656492233],
            [2, 5, 15, 0.018518518656492233],
            [2, 6, 1, 0.018518518656492233],
            [2, 6, 7, 0.018518518656492233],
            [2, 7, 1, 0.03703703731298447],
            [2, 7, 9, 0.018518518656492233],
            [2, 7, 15, 0.018518518656492233],
            [2, 7, 16, 0.018518518656492233],
            [2, 8, 8, 0.018518518656492233],
            [2, 8, 14, 0.018518518656492233],
            [2, 8, 15, 0.018518518656492233],
            [2, 8, 16, 0.018518518656492233],
            [2, 9, 2, 0.0555555559694767],
            [2, 9, 3, 0.018518518656492233],
            [2, 9, 4, 0.018518518656492233],
            [2, 9, 15, 0.018518518656492233],
            [2, 10, 4, 0.018518518656492233],
            [2, 10, 7, 0.018518518656492233],
            [2, 10, 9, 0.018518518656492233],
            [2, 10, 13, 0.018518518656492233],
            [2, 10, 15, 0.018518518656492233],
            [2, 11, 17, 0.018518518656492233],
            [2, 12, 0, 0.018518518656492233],
            [2, 13, 6, 0.018518518656492233],
            [2, 13, 10, 0.03703703731298447],
            [2, 13, 17, 0.018518518656492233],
            [2, 14, 0, 0.018518518656492233],
            [2, 14, 6, 0.018518518656492233],
            [2, 16, 3, 0.018518518656492233],
            [2, 17, 6, 0.018518518656492233],
            [2, 17, 14, 0.018518518656492233],
            [3, 0, 0, 0.02083333395421505],
            [3, 0, 8, 0.02083333395421505],
            [3, 0, 10, 0.02083333395421505],
            [3, 0, 16, 0.02083333395421505],
            [3, 1, 3, 0.02083333395421505],
            [3, 2, 14, 0.02083333395421505],
            [3, 2, 15, 0.02083333395421505],
            [3, 3, 0, 0.02083333395421505],
            [3, 3, 12, 0.02083333395421505],
            [3, 5, 4, 0.02083333395421505],
            [3, 5, 8, 0.02083333395421505],
            [3, 5, 10, 0.02083333395421505],
            [3, 5, 17, 0.02083333395421505],
            [3, 6, 3, 0.02083333395421505],
            [3, 6, 9, 0.02083333395421505],
            [3, 6, 16, 0.02083333395421505],
            [3, 7, 0, 0.02083333395421505],
            [3, 7, 6, 0.02083333395421505],
            [3, 7, 12, 0.02083333395421505],
            [3, 8, 12, 0.0416666679084301],
            [3, 9, 13, 0.02083333395421505],
            [3, 9, 14, 0.02083333395421505],
            [3, 9, 16, 0.02083333395421505],
            [3, 10, 10, 0.02083333395421505],
            [3, 10, 11, 0.02083333395421505],
            [3, 11, 1, 0.02083333395421505],
            [3, 11, 13, 0.02083333395421505],
            [3, 11, 16, 0.02083333395421505],
            [3, 11, 17, 0.02083333395421505],
            [3, 12, 0, 0.02083333395421505],
