{
    "train_f1": 13.50722599029541,
    "train_prob": 24.001693725585938,
    "train_cov": 93.75,
    "valid_f1": 14.370088577270508,
    "valid_prob": 46.391902923583984,
    "valid_cov": 90.0,
    "len": 178,
    "binary_grammar": {
        "num_nt": 4,
        "num_pt": 14,
        "num_rhs": 324,
        "rule_probs": [
            [0, 0, 13, 0.02222222276031971],
            [0, 0, 17, 0.02222222276031971],
            [0, 1, 4, 0.02222222276031971],
            [0, 1, 9, 0.02222222276031971],
            [0, 2, 9, 0.02222222276031971],
            [0, 2, 13, 0.02222222276031971],
            [0, 2, 17, 0.02222222276031971],
            [0, 3, 0, 0.02222222276031971],
            [0, 3, 2, 0.02222222276031971],
            [0, 3, 13, 0.02222222276031971],
            [0, 4, 17, 0.02222222276031971],
            [0, 5, 6, 0.02222222276031971],
            [0, 5, 12, 0.02222222276031971],
            [0, 6, 4, 0.04444444552063942],
            [0, 6, 6, 0.02222222276031971],
            [0, 6, 9, 0.02222222276031971],
            [0, 6, 14, 0.02222222276031971],
            [0, 7, 4, 0.02222222276031971],
            [0, 7, 5, 0.02222222276031971],
            [0, 7, 9, 0.02222222276031971],
            [0, 7, 11, 0.02222222276031971],
            [0, 8, 16, 0.02222222276031971],
            [0, 9, 7, 0.02222222276031971],
            [0, 9, 8, 0.02222222276031971],
            [0, 9, 10, 0.06666667014360428],
            [0, 9, 12, 0.02222222276031971],
            [0, 10, 15, 0.02222222276031971],
            [0, 11, 5, 0.02222222276031971],
            [0, 11, 9, 0.02222222276031971],
            [0, 11, 11, 0.02222222276031971],
            [0, 12, 1, 0.02222222276031971],
            [0, 12, 12, 0.02222222276031971],
            [0, 13, 4, 0.02222222276031971],
            [0, 13, 9, 0.02222222276031971],
            [0, 14, 16, 0.02222222276031971],
            [0, 15, 9, 0.02222222276031971],
            [0, 15, 14, 0.02222222276031971],
            [0, 15, 16, 0.02222222276031971],
            [0, 16, 1, 0.06666667014360428],
            [0, 16, 5, 0.02222222276031971],
            [1, 0, 5, 0.021739130839705467],
            [1, 2, 0, 0.021739130839705467],
            [1, 2, 7, 0.021739130839705467],
            [1, 3, 14, 0.021739130839705467],
            [1, 3, 15, 0.021739130839705467],
            [1, 4, 5, 0.021739130839705467],
            [1, 4, 16, 0.043478261679410934],
            [1, 5, 1, 0.021739130839705467],
            [1, 5, 9, 0.021739130839705467],
            [1, 6, 0, 0.021739130839705467],
            [1, 6, 7, 0.043478261679410934],
            [1, 6, 17, 0.021739130839705467],
            [1, 7, 1, 0.021739130839705467],
            [1, 7, 2, 0.021739130839705467],
            [1, 7, 5, 0.021739130839705467],
            [1, 7, 12, 0.021739130839705467],
            [1, 8, 12, 0.021739130839705467],
            [1, 8, 15, 0.043478261679410934],
            [1, 9, 0, 0.021739130839705467],
            [1, 9, 14, 0.021739130839705467],
            [1, 9, 17, 0.021739130839705467],
            [1, 10, 8, 0.021739130839705467],
            [1, 10, 9, 0.021739130839705467],
            [1, 10, 10, 0.021739130839705467],
            [1, 10, 14, 0.021739130839705467],
            [1, 11, 6, 0.043478261679410934],
            [1, 11, 7, 0.021739130839705467],
            [1, 11, 12, 0.043478261679410934],
            [1, 12, 3, 0.021739130839705467],
            [1, 12, 5, 0.021739130839705467],
            [1, 13, 8, 0.021739130839705467],
            [1, 13, 11, 0.021739130839705467],
            [1, 13, 17, 0.021739130839705467],
            [1, 15, 1, 0.021739130839705467],
            [1, 15, 5, 0.021739130839705467],
            [1, 15, 6, 0.021739130839705467],
            [1, 15, 17, 0.021739130839705467],
            [1, 16, 0, 0.021739130839705467],
            [1, 16, 6, 0.021739130839705467],
            [1, 17, 10, 0.021739130839705467],
            [1, 17, 14, 0.021739130839705467],
            [2, 0, 9, 0.015625],
            [2, 0, 12, 0.015625],
            [2, 1, 3, 0.03125],
            [2, 1, 17, 0.015625],
            [2, 2, 4, 0.015625],
            [2, 2, 7, 0.015625],
            [2, 2, 9, 0.015625],
            [2, 2, 13, 0.015625],
            [2, 3, 7, 0.015625],
            [2, 3, 8, 0.015625],
            [2, 3, 14, 0.015625],
            [2, 3, 15, 0.015625],
            [2, 4, 1, 0.015625],
            [2, 4, 6, 0.015625],
            [2, 4, 16, 0.015625],
            [2, 5, 2, 0.015625],
            [2, 5, 5, 0.015625],
            [2, 5, 8, 0.015625],
            [2, 6, 1, 0.015625],
            [2, 6, 4, 0.015625],
            [2, 6, 7, 0.015625],
            [2, 6, 11, 0.015625],
            [2, 6, 12, 0.03125],
            [2, 6, 17, 0.015625],
            [2, 7, 0, 0.015625],
            [2, 7, 4, 0.015625],
            [2, 7, 16, 0.015625],
            [2, 8, 16, 0.015625],
            [2, 9, 0, 0.03125],
            [2, 9, 2, 0.015625],
            [2, 9, 5, 0.03125],
            [2, 10, 2, 0.015625],
            [2, 10, 3, 0.015625],
            [2, 10, 12, 0.015625],
            [2, 11, 6, 0.015625],
            [2, 11, 16, 0.03125],
            [2, 11, 17, 0.015625],
            [2, 12, 2, 0.015625],
            [2, 12, 6, 0.03125],
            [2, 12, 17, 0.015625],
            [2, 13, 0, 0.015625],
            [2, 13, 1, 0.015625],
            [2, 13, 2, 0.03125],
            [2, 13, 14, 0.015625],
            [2, 14, 2, 0.015625],
            [2, 14, 4, 0.015625],
            [2, 14, 6, 0.015625],
            [2, 14, 7, 0.015625],
            [2, 14, 11, 0.015625],
            [2, 15, 1, 0.015625],
            [2, 16, 5, 0.03125],
            [2, 16, 6, 0.03125],
            [2, 16, 16, 0.015625],
            [2, 17, 3, 0.015625],
            [2, 17, 6, 0.015625],
            [3, 0, 0, 0.02222222276031971],
            [3, 0, 2, 0.02222222276031971],
            [3, 0, 6, 0.02222222276031971],
            [3, 0, 7, 0.02222222276031971],
            [3, 0, 11, 0.02222222276031971],
            [3, 0, 16, 0.02222222276031971],
            [3, 1, 5, 0.02222222276031971],
            [3, 1, 7, 0.04444444552063942],
            [3, 1, 9, 0.04444444552063942],
            [3, 2, 7, 0.02222222276031971],
            [3, 3, 3, 0.02222222276031971],
            [3, 3, 15, 0.02222222276031971],
            [3, 4, 5, 0.02222222276031971],
            [3, 4, 10, 0.02222222276031971],
            [3, 4, 15, 0.02222222276031971],
            [3, 4, 16, 0.02222222276031971],
            [3, 5, 5, 0.02222222276031971],
            [3, 6, 4, 0.04444444552063942],
            [3, 6, 10, 0.02222222276031971],
            [3, 8, 7, 0.02222222276031971],
            [3, 8, 11, 0.02222222276031971],
            [3, 9, 3, 0.02222222276031971],
            [3, 9, 13, 0.02222222276031971],
            [3, 10, 1, 0.02222222276031971],
            [3, 10, 10, 0.02222222276031971],
            [3, 10, 14, 0.02222222276031971],
            [3, 10, 15, 0.02222222276031971],
            [3, 11, 2, 0.02222222276031971],
            [3, 12, 10, 0.02222222276031971],
            [3, 12, 12, 0.02222222276031971],
            [3, 12, 14, 0.02222222276031971],
            [3, 14, 13, 0.02222222276031971],
            [3, 14, 15, 0.02222222276031971],
            [3, 14, 16, 0.02222222276031971],
            [3, 15, 6, 0.02222222276031971],
            [3, 15, 8, 0.02222222276031971],
            [3, 15, 14, 0.02222222276031971],
            [3, 15, 16, 0.02222222276031971],
            [3, 17, 6, 0.02222222276031971],
            [3, 17, 10, 0.02222222276031971],
            [3, 17, 12, 0.02222222276031971],
            [3, 17, 14, 0.02222222276031971]
        ]
    }
}