{
    "train_f1": 22.791913986206055,
    "train_prob": 61.13199996948242,
    "train_cov": 100.0,
    "valid_f1": 17.429882049560547,
    "valid_prob": 47.3808479309082,
    "valid_cov": 90.0,
    "len": 175,
    "binary_grammar": {
        "num_nt": 4,
        "num_pt": 14,
        "num_rhs": 324,
        "rule_probs": [
            [0, 0, 4, 0.01785714365541935],
            [0, 0, 13, 0.01785714365541935],
            [0, 1, 17, 0.01785714365541935],
            [0, 2, 2, 0.01785714365541935],
            [0, 3, 8, 0.01785714365541935],
            [0, 3, 15, 0.01785714365541935],
            [0, 4, 4, 0.01785714365541935],
            [0, 4, 8, 0.0357142873108387],
            [0, 4, 11, 0.01785714365541935],
            [0, 4, 13, 0.01785714365541935],
            [0, 4, 14, 0.01785714365541935],
            [0, 5, 3, 0.0357142873108387],
            [0, 5, 6, 0.0357142873108387],
            [0, 5, 8, 0.01785714365541935],
            [0, 5, 14, 0.01785714365541935],
            [0, 5, 16, 0.01785714365541935],
            [0, 6, 4, 0.0357142873108387],
            [0, 6, 10, 0.01785714365541935],
            [0, 6, 11, 0.01785714365541935],
            [0, 7, 2, 0.01785714365541935],
            [0, 7, 3, 0.01785714365541935],
            [0, 7, 10, 0.01785714365541935],
            [0, 7, 17, 0.0357142873108387],
            [0, 8, 6, 0.01785714365541935],
            [0, 9, 6, 0.01785714365541935],
            [0, 9, 7, 0.01785714365541935],
            [0, 9, 11, 0.01785714365541935],
            [0, 10, 4, 0.01785714365541935],
            [0, 10, 9, 0.01785714365541935],
            [0, 10, 10, 0.01785714365541935],
            [0, 10, 12, 0.01785714365541935],
            [0, 10, 13, 0.01785714365541935],
            [0, 11, 16, 0.01785714365541935],
            [0, 12, 1, 0.01785714365541935],
            [0, 14, 1, 0.01785714365541935],
            [0, 14, 4, 0.0357142873108387],
            [0, 14, 10, 0.01785714365541935],
            [0, 14, 16, 0.01785714365541935],
            [0, 14, 17, 0.01785714365541935],
            [0, 15, 3, 0.01785714365541935],
            [0, 15, 4, 0.01785714365541935],
            [0, 15, 7, 0.01785714365541935],
            [0, 15, 13, 0.01785714365541935],
            [0, 15, 15, 0.01785714365541935],
            [0, 15, 17, 0.01785714365541935],
            [0, 16, 5, 0.0357142873108387],
            [0, 16, 8, 0.01785714365541935],
            [0, 16, 11, 0.01785714365541935],
            [0, 17, 1, 0.01785714365541935],
            [1, 0, 15, 0.027027027681469917],
            [1, 2, 0, 0.027027027681469917],
            [1, 2, 1, 0.027027027681469917],
            [1, 2, 14, 0.027027027681469917],
            [1, 3, 2, 0.027027027681469917],
            [1, 3, 8, 0.027027027681469917],
            [1, 3, 9, 0.027027027681469917],
            [1, 4, 3, 0.027027027681469917],
            [1, 5, 7, 0.027027027681469917],
            [1, 6, 12, 0.027027027681469917],
            [1, 7, 3, 0.027027027681469917],
            [1, 8, 11, 0.027027027681469917],
            [1, 8, 16, 0.027027027681469917],
            [1, 9, 2, 0.027027027681469917],
            [1, 9, 5, 0.027027027681469917],
            [1, 9, 12, 0.027027027681469917],
            [1, 10, 1, 0.054054055362939835],
            [1, 10, 4, 0.027027027681469917],
            [1, 10, 13, 0.027027027681469917],
            [1, 11, 7, 0.027027027681469917],
            [1, 11, 16, 0.054054055362939835],
            [1, 12, 6, 0.027027027681469917],
            [1, 12, 7, 0.027027027681469917],
            [1, 12, 15, 0.027027027681469917],
            [1, 13, 0, 0.027027027681469917],
            [1, 13, 6, 0.027027027681469917],
            [1, 13, 8, 0.027027027681469917],
            [1, 14, 3, 0.027027027681469917],
            [1, 15, 1, 0.027027027681469917],
            [1, 15, 8, 0.027027027681469917],
            [1, 15, 10, 0.054054055362939835],
            [1, 16, 13, 0.027027027681469917],
            [1, 17, 4, 0.027027027681469917],
            [1, 17, 9, 0.027027027681469917],
            [2, 0, 0, 0.02083333395421505],
            [2, 1, 12, 0.02083333395421505],
            [2, 2, 3, 0.02083333395421505],
            [2, 2, 7, 0.02083333395421505],
            [2, 2, 12, 0.02083333395421505],
            [2, 2, 17, 0.02083333395421505],
            [2, 3, 1, 0.02083333395421505],
            [2, 3, 3, 0.02083333395421505],
            [2, 3, 6, 0.02083333395421505],
            [2, 3, 8, 0.02083333395421505],
            [2, 3, 15, 0.02083333395421505],
            [2, 5, 8, 0.02083333395421505],
            [2, 5, 12, 0.0625],
            [2, 6, 9, 0.0416666679084301],
            [2, 6, 14, 0.02083333395421505],
            [2, 6, 16, 0.02083333395421505],
            [2, 7, 8, 0.02083333395421505],
            [2, 7, 11, 0.02083333395421505],
            [2, 7, 17, 0.02083333395421505],
            [2, 8, 3, 0.0416666679084301],
            [2, 8, 9, 0.02083333395421505],
            [2, 10, 2, 0.02083333395421505],
            [2, 10, 10, 0.02083333395421505],
            [2, 10, 15, 0.02083333395421505],
            [2, 10, 16, 0.02083333395421505],
            [2, 11, 6, 0.0416666679084301],
            [2, 11, 12, 0.02083333395421505],
            [2, 11, 13, 0.02083333395421505],
            [2, 12, 2, 0.02083333395421505],
            [2, 12, 6, 0.02083333395421505],
            [2, 12, 16, 0.02083333395421505],
            [2, 13, 5, 0.02083333395421505],
            [2, 13, 9, 0.0416666679084301],
            [2, 13, 16, 0.02083333395421505],
            [2, 14, 2, 0.02083333395421505],
            [2, 14, 4, 0.02083333395421505],
            [2, 14, 16, 0.02083333395421505],
            [2, 14, 17, 0.02083333395421505],
            [2, 15, 15, 0.02083333395421505],
            [2, 16, 4, 0.02083333395421505],
            [2, 16, 5, 0.0416666679084301],
            [3, 0, 0, 0.016949152573943138],
            [3, 0, 2, 0.033898305147886276],
            [3, 0, 3, 0.016949152573943138],
            [3, 0, 17, 0.016949152573943138],
            [3, 1, 4, 0.016949152573943138],
            [3, 2, 8, 0.016949152573943138],
            [3, 2, 9, 0.016949152573943138],
            [3, 3, 5, 0.016949152573943138],
            [3, 3, 11, 0.016949152573943138],
            [3, 3, 12, 0.016949152573943138],
            [3, 3, 15, 0.016949152573943138],
            [3, 4, 1, 0.016949152573943138],
            [3, 4, 2, 0.016949152573943138],
            [3, 5, 3, 0.016949152573943138],
            [3, 5, 5, 0.016949152573943138],
            [3, 5, 8, 0.016949152573943138],
            [3, 6, 2, 0.033898305147886276],
            [3, 6, 13, 0.033898305147886276],
            [3, 7, 0, 0.050847455859184265],
            [3, 7, 11, 0.016949152573943138],
            [3, 8, 5, 0.016949152573943138],
            [3, 8, 10, 0.016949152573943138],
            [3, 9, 1, 0.016949152573943138],
            [3, 9, 5, 0.016949152573943138],
            [3, 10, 2, 0.016949152573943138],
            [3, 10, 7, 0.033898305147886276],
            [3, 10, 8, 0.016949152573943138],
            [3, 10, 13, 0.016949152573943138],
            [3, 11, 0, 0.016949152573943138],
            [3, 11, 5, 0.033898305147886276],
            [3, 11, 9, 0.016949152573943138],
            [3, 11, 16, 0.016949152573943138],
            [3, 11, 17, 0.016949152573943138],
            [3, 12, 7, 0.016949152573943138],
            [3, 13, 16, 0.016949152573943138],
            [3, 14, 2, 0.016949152573943138],
            [3, 14, 5, 0.016949152573943138],
            [3, 14, 6, 0.016949152573943138],
            [3, 14, 8, 0.016949152573943138],
            [3, 14, 14, 0.016949152573943138],
            [3, 15, 1, 0.016949152573943138],
            [3, 15, 3, 0.016949152573943138],
            [3, 15, 6, 0.016949152573943138],
            [3, 16, 3, 0.016949152573943138],
            [3, 16, 4, 0.033898305147886276],
