{
    "train_f1": 13.15623664855957,
    "train_prob": 39.4999885559082,
    "train_cov": 100.0,
    "valid_f1": 13.62542724609375,
    "valid_prob": 63.62196731567383,
    "valid_cov": 100.0,
    "len": 182,
    "binary_grammar": {
        "num_nt": 4,
        "num_pt": 14,
        "num_rhs": 324,
        "rule_probs": [
            [0, 1, 5, 0.02777777798473835],
            [0, 2, 1, 0.02777777798473835],
            [0, 2, 8, 0.02777777798473835],
            [0, 2, 9, 0.02777777798473835],
            [0, 2, 13, 0.02777777798473835],
            [0, 2, 17, 0.02777777798473835],
            [0, 3, 10, 0.02777777798473835],
            [0, 4, 7, 0.02777777798473835],
            [0, 4, 8, 0.02777777798473835],
            [0, 4, 12, 0.02777777798473835],
            [0, 4, 16, 0.02777777798473835],
            [0, 4, 17, 0.02777777798473835],
            [0, 5, 4, 0.02777777798473835],
            [0, 5, 10, 0.02777777798473835],
            [0, 5, 11, 0.02777777798473835],
            [0, 5, 17, 0.02777777798473835],
            [0, 6, 11, 0.02777777798473835],
            [0, 7, 3, 0.02777777798473835],
            [0, 7, 4, 0.02777777798473835],
            [0, 7, 5, 0.02777777798473835],
            [0, 8, 5, 0.02777777798473835],
            [0, 8, 12, 0.02777777798473835],
            [0, 9, 5, 0.0555555559694767],
            [0, 9, 13, 0.02777777798473835],
            [0, 10, 3, 0.02777777798473835],
            [0, 12, 1, 0.02777777798473835],
            [0, 12, 3, 0.02777777798473835],
            [0, 12, 13, 0.02777777798473835],
            [0, 13, 10, 0.02777777798473835],
            [0, 13, 11, 0.02777777798473835],
            [0, 14, 10, 0.02777777798473835],
            [0, 14, 16, 0.02777777798473835],
            [0, 16, 7, 0.02777777798473835],
            [0, 16, 9, 0.02777777798473835],
            [0, 16, 13, 0.02777777798473835],
            [1, 0, 1, 0.023255813866853714],
            [1, 0, 4, 0.023255813866853714],
            [1, 0, 9, 0.023255813866853714],
            [1, 0, 13, 0.023255813866853714],
            [1, 1, 8, 0.023255813866853714],
            [1, 2, 15, 0.023255813866853714],
            [1, 2, 17, 0.023255813866853714],
            [1, 3, 14, 0.023255813866853714],
            [1, 4, 15, 0.023255813866853714],
            [1, 5, 6, 0.023255813866853714],
            [1, 5, 12, 0.023255813866853714],
            [1, 5, 14, 0.023255813866853714],
            [1, 6, 3, 0.023255813866853714],
            [1, 6, 5, 0.023255813866853714],
            [1, 6, 12, 0.023255813866853714],
            [1, 6, 17, 0.04651162773370743],
            [1, 7, 5, 0.023255813866853714],
            [1, 7, 7, 0.023255813866853714],
            [1, 9, 10, 0.023255813866853714],
            [1, 9, 12, 0.04651162773370743],
            [1, 9, 16, 0.023255813866853714],
            [1, 10, 7, 0.023255813866853714],
            [1, 11, 0, 0.023255813866853714],
            [1, 11, 11, 0.023255813866853714],
            [1, 11, 17, 0.023255813866853714],
            [1, 12, 9, 0.023255813866853714],
            [1, 12, 11, 0.023255813866853714],
            [1, 12, 14, 0.023255813866853714],
            [1, 13, 1, 0.023255813866853714],
            [1, 13, 6, 0.023255813866853714],
            [1, 13, 8, 0.023255813866853714],
            [1, 13, 9, 0.023255813866853714],
            [1, 13, 10, 0.023255813866853714],
            [1, 13, 12, 0.023255813866853714],
            [1, 15, 14, 0.023255813866853714],
            [1, 16, 1, 0.023255813866853714],
            [1, 17, 5, 0.023255813866853714],
            [1, 17, 8, 0.023255813866853714],
            [1, 17, 10, 0.023255813866853714],
            [1, 17, 14, 0.023255813866853714],
            [1, 17, 17, 0.023255813866853714],
            [2, 0, 16, 0.016949152573943138],
            [2, 1, 7, 0.016949152573943138],
            [2, 1, 17, 0.033898305147886276],
            [2, 2, 13, 0.016949152573943138],
            [2, 2, 14, 0.016949152573943138],
            [2, 3, 4, 0.016949152573943138],
            [2, 3, 8, 0.016949152573943138],
            [2, 3, 11, 0.016949152573943138],
            [2, 3, 14, 0.016949152573943138],
            [2, 3, 17, 0.016949152573943138],
            [2, 4, 12, 0.016949152573943138],
            [2, 4, 16, 0.016949152573943138],
            [2, 5, 3, 0.016949152573943138],
            [2, 6, 0, 0.016949152573943138],
            [2, 6, 12, 0.016949152573943138],
            [2, 6, 14, 0.016949152573943138],
            [2, 6, 16, 0.016949152573943138],
            [2, 7, 0, 0.016949152573943138],
            [2, 7, 2, 0.016949152573943138],
            [2, 7, 9, 0.016949152573943138],
            [2, 7, 10, 0.016949152573943138],
            [2, 7, 13, 0.033898305147886276],
            [2, 8, 1, 0.033898305147886276],
            [2, 9, 0, 0.016949152573943138],
            [2, 9, 4, 0.016949152573943138],
            [2, 10, 8, 0.016949152573943138],
            [2, 10, 9, 0.016949152573943138],
            [2, 10, 15, 0.016949152573943138],
            [2, 10, 16, 0.016949152573943138],
            [2, 11, 0, 0.016949152573943138],
            [2, 11, 7, 0.016949152573943138],
            [2, 11, 15, 0.016949152573943138],
            [2, 12, 2, 0.016949152573943138],
            [2, 12, 9, 0.016949152573943138],
            [2, 13, 1, 0.016949152573943138],
            [2, 13, 2, 0.016949152573943138],
            [2, 13, 6, 0.033898305147886276],
            [2, 13, 7, 0.016949152573943138],
            [2, 13, 10, 0.033898305147886276],
            [2, 13, 14, 0.016949152573943138],
            [2, 13, 16, 0.016949152573943138],
            [2, 14, 3, 0.016949152573943138],
            [2, 14, 7, 0.050847455859184265],
            [2, 14, 11, 0.016949152573943138],
            [2, 14, 16, 0.016949152573943138],
            [2, 15, 16, 0.016949152573943138],
            [2, 16, 4, 0.016949152573943138],
            [2, 16, 5, 0.016949152573943138],
            [2, 16, 6, 0.016949152573943138],
            [2, 16, 15, 0.016949152573943138],
            [2, 17, 3, 0.016949152573943138],
            [2, 17, 8, 0.016949152573943138],
            [3, 0, 5, 0.016129031777381897],
            [3, 0, 6, 0.016129031777381897],
            [3, 0, 8, 0.016129031777381897],
            [3, 0, 10, 0.032258063554763794],
            [3, 0, 11, 0.016129031777381897],
            [3, 1, 2, 0.016129031777381897],
            [3, 1, 5, 0.016129031777381897],
            [3, 1, 15, 0.032258063554763794],
            [3, 3, 3, 0.016129031777381897],
            [3, 3, 7, 0.016129031777381897],
            [3, 3, 12, 0.016129031777381897],
            [3, 4, 7, 0.016129031777381897],
            [3, 5, 4, 0.016129031777381897],
            [3, 5, 6, 0.032258063554763794],
            [3, 5, 7, 0.016129031777381897],
            [3, 5, 16, 0.016129031777381897],
            [3, 6, 2, 0.016129031777381897],
            [3, 6, 3, 0.016129031777381897],
            [3, 6, 7, 0.016129031777381897],
            [3, 6, 10, 0.016129031777381897],
            [3, 6, 13, 0.016129031777381897],
            [3, 7, 10, 0.016129031777381897],
            [3, 8, 0, 0.016129031777381897],
            [3, 8, 3, 0.016129031777381897],
            [3, 8, 5, 0.016129031777381897],
            [3, 8, 10, 0.016129031777381897],
            [3, 9, 10, 0.032258063554763794],
            [3, 9, 13, 0.016129031777381897],
            [3, 9, 16, 0.016129031777381897],
            [3, 10, 1, 0.016129031777381897],
            [3, 11, 0, 0.016129031777381897],
            [3, 11, 2, 0.016129031777381897],
            [3, 11, 5, 0.032258063554763794],
            [3, 11, 9, 0.016129031777381897],
            [3, 11, 11, 0.016129031777381897],
            [3, 11, 16, 0.016129031777381897],
            [3, 12, 12, 0.016129031777381897],
            [3, 12, 15, 0.016129031777381897],
            [3, 13, 3, 0.016129031777381897],
            [3, 13, 10, 0.016129031777381897],
