{
    "train_f1": 13.313068389892578,
    "train_prob": 36.550167083740234,
    "train_cov": 93.75,
    "valid_f1": 8.844503402709961,
    "valid_prob": 46.507545471191406,
    "valid_cov": 90.0,
    "len": 185,
    "binary_grammar": {
        "num_nt": 4,
        "num_pt": 14,
        "num_rhs": 324,
        "rule_probs": [
            [0, 0, 4, 0.024390242993831635],
            [0, 0, 17, 0.024390242993831635],
            [0, 2, 0, 0.024390242993831635],
            [0, 2, 6, 0.024390242993831635],
            [0, 3, 0, 0.024390242993831635],
            [0, 3, 11, 0.024390242993831635],
            [0, 4, 5, 0.024390242993831635],
            [0, 4, 8, 0.024390242993831635],
            [0, 4, 15, 0.024390242993831635],
            [0, 5, 2, 0.04878048598766327],
            [0, 5, 12, 0.024390242993831635],
            [0, 5, 14, 0.024390242993831635],
            [0, 7, 9, 0.024390242993831635],
            [0, 7, 15, 0.024390242993831635],
            [0, 7, 17, 0.024390242993831635],
            [0, 8, 2, 0.024390242993831635],
            [0, 8, 5, 0.024390242993831635],
            [0, 8, 7, 0.024390242993831635],
            [0, 8, 11, 0.024390242993831635],
            [0, 9, 9, 0.024390242993831635],
            [0, 9, 17, 0.0731707289814949],
            [0, 10, 1, 0.024390242993831635],
            [0, 10, 9, 0.024390242993831635],
            [0, 11, 10, 0.024390242993831635],
            [0, 11, 17, 0.04878048598766327],
            [0, 12, 1, 0.024390242993831635],
            [0, 13, 4, 0.024390242993831635],
            [0, 14, 0, 0.024390242993831635],
            [0, 14, 4, 0.024390242993831635],
            [0, 15, 4, 0.024390242993831635],
            [0, 15, 9, 0.024390242993831635],
            [0, 16, 1, 0.024390242993831635],
            [0, 16, 5, 0.024390242993831635],
            [0, 17, 0, 0.024390242993831635],
            [0, 17, 1, 0.024390242993831635],
            [0, 17, 8, 0.024390242993831635],
            [0, 17, 10, 0.024390242993831635],
            [1, 0, 14, 0.02222222276031971],
            [1, 0, 17, 0.02222222276031971],
            [1, 1, 0, 0.02222222276031971],
            [1, 1, 3, 0.02222222276031971],
            [1, 1, 5, 0.02222222276031971],
            [1, 1, 9, 0.02222222276031971],
            [1, 2, 6, 0.02222222276031971],
            [1, 2, 7, 0.02222222276031971],
            [1, 2, 14, 0.02222222276031971],
            [1, 3, 1, 0.02222222276031971],
            [1, 3, 15, 0.02222222276031971],
            [1, 5, 11, 0.02222222276031971],
            [1, 5, 13, 0.02222222276031971],
            [1, 5, 17, 0.02222222276031971],
            [1, 6, 5, 0.02222222276031971],
            [1, 6, 14, 0.02222222276031971],
            [1, 7, 5, 0.02222222276031971],
            [1, 7, 6, 0.02222222276031971],
            [1, 7, 7, 0.02222222276031971],
            [1, 7, 9, 0.02222222276031971],
            [1, 7, 15, 0.02222222276031971],
            [1, 7, 16, 0.02222222276031971],
            [1, 8, 2, 0.02222222276031971],
            [1, 9, 0, 0.02222222276031971],
            [1, 9, 1, 0.02222222276031971],
            [1, 9, 2, 0.02222222276031971],
            [1, 9, 16, 0.02222222276031971],
            [1, 10, 3, 0.02222222276031971],
            [1, 10, 9, 0.02222222276031971],
            [1, 11, 10, 0.02222222276031971],
            [1, 12, 0, 0.02222222276031971],
            [1, 12, 8, 0.02222222276031971],
            [1, 12, 10, 0.02222222276031971],
            [1, 12, 13, 0.02222222276031971],
            [1, 13, 2, 0.02222222276031971],
            [1, 13, 17, 0.02222222276031971],
            [1, 14, 1, 0.02222222276031971],
            [1, 14, 2, 0.02222222276031971],
            [1, 14, 3, 0.02222222276031971],
            [1, 14, 7, 0.02222222276031971],
            [1, 15, 1, 0.02222222276031971],
            [1, 15, 15, 0.02222222276031971],
            [1, 16, 16, 0.02222222276031971],
            [1, 17, 3, 0.02222222276031971],
            [1, 17, 7, 0.02222222276031971],
            [2, 1, 10, 0.017241379246115685],
            [2, 1, 12, 0.017241379246115685],
            [2, 2, 5, 0.017241379246115685],
            [2, 2, 6, 0.017241379246115685],
            [2, 2, 9, 0.017241379246115685],
            [2, 2, 12, 0.0517241396009922],
            [2, 3, 0, 0.017241379246115685],
            [2, 3, 7, 0.017241379246115685],
            [2, 3, 9, 0.017241379246115685],
            [2, 3, 16, 0.017241379246115685],
            [2, 4, 4, 0.017241379246115685],
            [2, 4, 8, 0.017241379246115685],
            [2, 4, 9, 0.017241379246115685],
            [2, 4, 12, 0.017241379246115685],
            [2, 5, 2, 0.017241379246115685],
            [2, 5, 11, 0.017241379246115685],
            [2, 5, 14, 0.017241379246115685],
            [2, 5, 16, 0.03448275849223137],
            [2, 6, 3, 0.017241379246115685],
            [2, 6, 14, 0.017241379246115685],
            [2, 6, 16, 0.017241379246115685],
            [2, 7, 3, 0.0517241396009922],
            [2, 7, 10, 0.017241379246115685],
            [2, 8, 8, 0.017241379246115685],
            [2, 9, 7, 0.017241379246115685],
            [2, 9, 12, 0.017241379246115685],
            [2, 9, 15, 0.017241379246115685],
            [2, 10, 8, 0.017241379246115685],
            [2, 10, 17, 0.017241379246115685],
            [2, 11, 2, 0.017241379246115685],
            [2, 11, 3, 0.017241379246115685],
            [2, 11, 4, 0.017241379246115685],
            [2, 11, 9, 0.017241379246115685],
            [2, 11, 12, 0.017241379246115685],
            [2, 11, 17, 0.017241379246115685],
            [2, 12, 4, 0.017241379246115685],
            [2, 12, 17, 0.017241379246115685],
            [2, 13, 1, 0.017241379246115685],
            [2, 13, 2, 0.017241379246115685],
            [2, 13, 11, 0.017241379246115685],
            [2, 13, 12, 0.017241379246115685],
            [2, 14, 5, 0.03448275849223137],
            [2, 14, 6, 0.017241379246115685],
            [2, 14, 10, 0.017241379246115685],
            [2, 14, 17, 0.017241379246115685],
            [2, 15, 1, 0.017241379246115685],
            [2, 15, 4, 0.017241379246115685],
            [2, 15, 17, 0.017241379246115685],
            [2, 16, 7, 0.017241379246115685],
            [2, 16, 9, 0.017241379246115685],
            [2, 17, 7, 0.017241379246115685],
            [2, 17, 13, 0.017241379246115685],
            [3, 0, 10, 0.01785714365541935],
            [3, 0, 11, 0.01785714365541935],
            [3, 0, 13, 0.01785714365541935],
            [3, 1, 5, 0.01785714365541935],
            [3, 1, 8, 0.01785714365541935],
            [3, 1, 9, 0.01785714365541935],
            [3, 1, 12, 0.01785714365541935],
            [3, 2, 5, 0.01785714365541935],
            [3, 2, 7, 0.01785714365541935],
            [3, 2, 11, 0.0357142873108387],
            [3, 2, 14, 0.0357142873108387],
            [3, 3, 4, 0.01785714365541935],
            [3, 3, 13, 0.01785714365541935],
            [3, 4, 0, 0.01785714365541935],
            [3, 4, 1, 0.01785714365541935],
            [3, 4, 4, 0.01785714365541935],
            [3, 5, 0, 0.0357142873108387],
            [3, 5, 1, 0.0357142873108387],
            [3, 5, 7, 0.01785714365541935],
            [3, 5, 9, 0.0357142873108387],
            [3, 6, 3, 0.01785714365541935],
            [3, 6, 7, 0.01785714365541935],
            [3, 7, 0, 0.01785714365541935],
            [3, 7, 6, 0.01785714365541935],
            [3, 7, 8, 0.01785714365541935],
            [3, 7, 9, 0.01785714365541935],
            [3, 7, 14, 0.01785714365541935],
            [3, 7, 17, 0.01785714365541935],
            [3, 8, 4, 0.01785714365541935],
            [3, 8, 8, 0.01785714365541935],
            [3, 8, 10, 0.01785714365541935],
            [3, 8, 12, 0.01785714365541935],
            [3, 8, 15, 0.01785714365541935],
            [3, 9, 16, 0.01785714365541935],
            [3, 10, 13, 0.01785714365541935],
