{
    "train_f1": 9.523614883422852,
    "train_prob": 41.21773147583008,
    "train_cov": 75.0,
    "valid_f1": 21.088193893432617,
    "valid_prob": 63.94403839111328,
    "valid_cov": 100.0,
    "len": 186,
    "binary_grammar": {
        "num_nt": 4,
        "num_pt": 14,
        "num_rhs": 324,
        "rule_probs": [
            [0, 0, 6, 0.020408162847161293],
            [0, 1, 15, 0.020408162847161293],
            [0, 2, 6, 0.020408162847161293],
            [0, 3, 2, 0.020408162847161293],
            [0, 3, 4, 0.020408162847161293],
            [0, 3, 5, 0.020408162847161293],
            [0, 3, 16, 0.020408162847161293],
            [0, 4, 9, 0.020408162847161293],
            [0, 4, 10, 0.020408162847161293],
            [0, 4, 13, 0.020408162847161293],
            [0, 5, 1, 0.020408162847161293],
            [0, 5, 2, 0.020408162847161293],
            [0, 5, 8, 0.040816325694322586],
            [0, 5, 9, 0.020408162847161293],
            [0, 6, 4, 0.020408162847161293],
            [0, 6, 10, 0.020408162847161293],
            [0, 7, 11, 0.020408162847161293],
            [0, 7, 13, 0.020408162847161293],
            [0, 8, 2, 0.040816325694322586],
            [0, 8, 15, 0.020408162847161293],
            [0, 8, 17, 0.020408162847161293],
            [0, 9, 0, 0.020408162847161293],
            [0, 9, 15, 0.020408162847161293],
            [0, 10, 1, 0.020408162847161293],
            [0, 10, 2, 0.020408162847161293],
            [0, 10, 10, 0.020408162847161293],
            [0, 10, 14, 0.020408162847161293],
            [0, 11, 1, 0.020408162847161293],
            [0, 11, 5, 0.020408162847161293],
            [0, 11, 6, 0.020408162847161293],
            [0, 11, 16, 0.020408162847161293],
            [0, 12, 0, 0.020408162847161293],
            [0, 12, 2, 0.020408162847161293],
            [0, 12, 4, 0.020408162847161293],
            [0, 13, 10, 0.020408162847161293],
            [0, 14, 8, 0.020408162847161293],
            [0, 14, 10, 0.020408162847161293],
            [0, 15, 1, 0.020408162847161293],
            [0, 15, 3, 0.020408162847161293],
            [0, 15, 14, 0.020408162847161293],
            [0, 16, 7, 0.020408162847161293],
            [0, 16, 9, 0.020408162847161293],
            [0, 16, 11, 0.020408162847161293],
            [0, 16, 13, 0.020408162847161293],
            [0, 17, 5, 0.020408162847161293],
            [0, 17, 6, 0.020408162847161293],
            [0, 17, 12, 0.020408162847161293],
            [1, 0, 3, 0.0181818176060915],
            [1, 0, 10, 0.0181818176060915],
            [1, 0, 12, 0.0181818176060915],
            [1, 0, 16, 0.0181818176060915],
            [1, 2, 4, 0.0181818176060915],
            [1, 2, 8, 0.0181818176060915],
            [1, 2, 10, 0.0181818176060915],
            [1, 2, 12, 0.0181818176060915],
            [1, 4, 2, 0.0181818176060915],
            [1, 4, 11, 0.0181818176060915],
            [1, 4, 12, 0.0181818176060915],
            [1, 5, 0, 0.0181818176060915],
            [1, 5, 3, 0.036363635212183],
            [1, 5, 4, 0.0181818176060915],
            [1, 5, 6, 0.0181818176060915],
            [1, 5, 11, 0.0181818176060915],
            [1, 6, 3, 0.0181818176060915],
            [1, 6, 4, 0.0181818176060915],
            [1, 6, 13, 0.0181818176060915],
            [1, 7, 4, 0.0181818176060915],
            [1, 7, 8, 0.0181818176060915],
            [1, 7, 10, 0.0181818176060915],
            [1, 7, 17, 0.0181818176060915],
            [1, 8, 1, 0.0181818176060915],
            [1, 8, 13, 0.0181818176060915],
            [1, 8, 14, 0.0181818176060915],
            [1, 8, 15, 0.0181818176060915],
            [1, 9, 0, 0.0181818176060915],
            [1, 9, 1, 0.0181818176060915],
            [1, 9, 2, 0.0181818176060915],
            [1, 9, 5, 0.0181818176060915],
            [1, 9, 12, 0.0181818176060915],
            [1, 10, 2, 0.0181818176060915],
            [1, 10, 9, 0.036363635212183],
            [1, 11, 3, 0.0181818176060915],
            [1, 11, 6, 0.0181818176060915],
            [1, 11, 7, 0.0181818176060915],
            [1, 11, 11, 0.0181818176060915],
            [1, 11, 17, 0.0181818176060915],
            [1, 12, 1, 0.0181818176060915],
            [1, 12, 8, 0.0181818176060915],
            [1, 13, 2, 0.0181818176060915],
            [1, 13, 13, 0.0181818176060915],
            [1, 14, 8, 0.036363635212183],
            [1, 14, 12, 0.0181818176060915],
            [1, 14, 13, 0.0181818176060915],
            [1, 14, 17, 0.0181818176060915],
            [1, 15, 5, 0.0181818176060915],
            [1, 16, 0, 0.0181818176060915],
            [1, 16, 16, 0.0181818176060915],
            [1, 17, 9, 0.036363635212183],
            [2, 0, 1, 0.02083333395421505],
            [2, 0, 6, 0.02083333395421505],
            [2, 0, 16, 0.02083333395421505],
            [2, 0, 17, 0.02083333395421505],
            [2, 1, 9, 0.02083333395421505],
            [2, 1, 10, 0.02083333395421505],
            [2, 1, 15, 0.02083333395421505],
            [2, 2, 4, 0.02083333395421505],
            [2, 3, 2, 0.0416666679084301],
            [2, 3, 3, 0.02083333395421505],
            [2, 4, 2, 0.02083333395421505],
            [2, 4, 4, 0.02083333395421505],
            [2, 4, 5, 0.02083333395421505],
            [2, 4, 8, 0.02083333395421505],
            [2, 4, 9, 0.02083333395421505],
            [2, 4, 14, 0.02083333395421505],
            [2, 4, 15, 0.02083333395421505],
            [2, 5, 6, 0.02083333395421505],
            [2, 5, 10, 0.0416666679084301],
            [2, 5, 11, 0.02083333395421505],
            [2, 6, 4, 0.02083333395421505],
            [2, 6, 12, 0.02083333395421505],
            [2, 8, 13, 0.02083333395421505],
            [2, 8, 14, 0.02083333395421505],
            [2, 9, 6, 0.02083333395421505],
            [2, 10, 1, 0.02083333395421505],
            [2, 10, 12, 0.02083333395421505],
            [2, 10, 15, 0.02083333395421505],
            [2, 11, 17, 0.02083333395421505],
            [2, 12, 1, 0.02083333395421505],
            [2, 12, 4, 0.02083333395421505],
            [2, 12, 16, 0.02083333395421505],
            [2, 13, 2, 0.02083333395421505],
            [2, 13, 3, 0.02083333395421505],
            [2, 14, 2, 0.02083333395421505],
            [2, 14, 10, 0.0416666679084301],
            [2, 14, 11, 0.02083333395421505],
            [2, 15, 9, 0.0416666679084301],
            [2, 16, 2, 0.0416666679084301],
            [2, 16, 5, 0.02083333395421505],
            [2, 16, 10, 0.02083333395421505],
            [2, 17, 2, 0.02083333395421505],
            [2, 17, 12, 0.02083333395421505],
            [3, 0, 8, 0.02083333395421505],
            [3, 0, 16, 0.02083333395421505],
            [3, 1, 3, 0.02083333395421505],
            [3, 1, 6, 0.02083333395421505],
            [3, 1, 8, 0.02083333395421505],
            [3, 1, 16, 0.02083333395421505],
            [3, 1, 17, 0.02083333395421505],
            [3, 2, 5, 0.0416666679084301],
            [3, 2, 9, 0.02083333395421505],
            [3, 3, 4, 0.02083333395421505],
            [3, 3, 8, 0.02083333395421505],
            [3, 4, 4, 0.02083333395421505],
            [3, 4, 10, 0.02083333395421505],
            [3, 5, 6, 0.02083333395421505],
            [3, 7, 0, 0.02083333395421505],
            [3, 7, 9, 0.02083333395421505],
            [3, 7, 15, 0.02083333395421505],
            [3, 8, 15, 0.0416666679084301],
            [3, 8, 16, 0.02083333395421505],
            [3, 9, 13, 0.02083333395421505],
            [3, 10, 0, 0.02083333395421505],
            [3, 10, 7, 0.0416666679084301],
            [3, 10, 8, 0.02083333395421505],
            [3, 10, 10, 0.02083333395421505],
            [3, 10, 11, 0.02083333395421505],
            [3, 10, 15, 0.02083333395421505],
            [3, 10, 16, 0.02083333395421505],
            [3, 10, 17, 0.02083333395421505],
            [3, 11, 1, 0.02083333395421505],
            [3, 11, 8, 0.02083333395421505],
