{
    "train_f1": 21.40494155883789,
    "train_prob": 72.77330017089844,
    "train_cov": 87.5,
    "valid_f1": 21.906667709350586,
    "valid_prob": 47.20341873168945,
    "valid_cov": 90.0,
    "len": 148,
    "binary_grammar": {
        "num_nt": 4,
        "num_pt": 14,
        "num_rhs": 324,
        "rule_probs": [
            [0, 0, 1, 0.019999999552965164],
            [0, 0, 2, 0.019999999552965164],
            [0, 0, 3, 0.019999999552965164],
            [0, 1, 1, 0.019999999552965164],
            [0, 1, 4, 0.019999999552965164],
            [0, 1, 6, 0.019999999552965164],
            [0, 1, 17, 0.019999999552965164],
            [0, 2, 14, 0.019999999552965164],
            [0, 2, 15, 0.019999999552965164],
            [0, 3, 3, 0.019999999552965164],
            [0, 4, 6, 0.019999999552965164],
            [0, 4, 9, 0.019999999552965164],
            [0, 4, 14, 0.019999999552965164],
            [0, 5, 8, 0.019999999552965164],
            [0, 7, 4, 0.019999999552965164],
            [0, 7, 10, 0.019999999552965164],
            [0, 7, 17, 0.019999999552965164],
            [0, 8, 5, 0.019999999552965164],
            [0, 8, 8, 0.019999999552965164],
            [0, 9, 6, 0.019999999552965164],
            [0, 10, 2, 0.019999999552965164],
            [0, 10, 17, 0.019999999552965164],
            [0, 11, 10, 0.019999999552965164],
            [0, 11, 12, 0.019999999552965164],
            [0, 11, 14, 0.019999999552965164],
            [0, 12, 3, 0.019999999552965164],
            [0, 12, 9, 0.019999999552965164],
            [0, 12, 15, 0.019999999552965164],
            [0, 13, 3, 0.019999999552965164],
            [0, 13, 10, 0.019999999552965164],
            [0, 13, 11, 0.019999999552965164],
            [0, 13, 16, 0.019999999552965164],
            [0, 13, 17, 0.019999999552965164],
            [0, 14, 0, 0.03999999910593033],
            [0, 14, 2, 0.019999999552965164],
            [0, 14, 6, 0.019999999552965164],
            [0, 14, 10, 0.019999999552965164],
            [0, 14, 15, 0.019999999552965164],
            [0, 15, 9, 0.019999999552965164],
            [0, 16, 0, 0.019999999552965164],
            [0, 16, 3, 0.019999999552965164],
            [0, 16, 8, 0.05999999865889549],
            [0, 16, 14, 0.019999999552965164],
            [0, 17, 1, 0.019999999552965164],
            [0, 17, 3, 0.019999999552965164],
            [0, 17, 8, 0.019999999552965164],
            [0, 17, 17, 0.019999999552965164],
            [1, 1, 10, 0.03125],
            [1, 1, 11, 0.03125],
            [1, 2, 11, 0.03125],
            [1, 2, 13, 0.03125],
            [1, 2, 15, 0.03125],
            [1, 2, 17, 0.03125],
            [1, 3, 5, 0.03125],
            [1, 4, 2, 0.03125],
            [1, 4, 3, 0.03125],
            [1, 4, 14, 0.03125],
            [1, 5, 15, 0.03125],
            [1, 6, 4, 0.03125],
            [1, 6, 11, 0.0625],
            [1, 7, 2, 0.03125],
            [1, 7, 15, 0.03125],
            [1, 8, 9, 0.03125],
            [1, 9, 11, 0.03125],
            [1, 9, 16, 0.03125],
            [1, 10, 11, 0.03125],
            [1, 11, 9, 0.03125],
            [1, 12, 4, 0.03125],
            [1, 12, 8, 0.03125],
            [1, 13, 3, 0.03125],
            [1, 13, 10, 0.03125],
            [1, 14, 11, 0.03125],
            [1, 14, 15, 0.03125],
            [1, 15, 1, 0.03125],
            [1, 15, 14, 0.03125],
            [1, 16, 0, 0.03125],
            [1, 16, 15, 0.03125],
            [1, 16, 17, 0.03125],
            [2, 0, 6, 0.022727273404598236],
            [2, 0, 8, 0.022727273404598236],
            [2, 0, 9, 0.022727273404598236],
            [2, 0, 12, 0.022727273404598236],
            [2, 0, 15, 0.04545454680919647],
            [2, 1, 3, 0.022727273404598236],
            [2, 1, 4, 0.022727273404598236],
            [2, 1, 12, 0.022727273404598236],
            [2, 2, 10, 0.04545454680919647],
            [2, 2, 13, 0.022727273404598236],
            [2, 2, 14, 0.04545454680919647],
            [2, 4, 2, 0.022727273404598236],
            [2, 6, 0, 0.022727273404598236],
            [2, 6, 15, 0.022727273404598236],
            [2, 7, 7, 0.022727273404598236],
            [2, 8, 7, 0.04545454680919647],
            [2, 8, 13, 0.022727273404598236],
            [2, 8, 15, 0.022727273404598236],
            [2, 9, 3, 0.022727273404598236],
            [2, 9, 6, 0.022727273404598236],
            [2, 9, 8, 0.022727273404598236],
            [2, 9, 11, 0.022727273404598236],
            [2, 10, 7, 0.022727273404598236],
            [2, 11, 2, 0.022727273404598236],
            [2, 11, 7, 0.022727273404598236],
            [2, 12, 2, 0.022727273404598236],
            [2, 12, 3, 0.022727273404598236],
            [2, 12, 7, 0.022727273404598236],
            [2, 12, 8, 0.022727273404598236],
            [2, 12, 9, 0.022727273404598236],
            [2, 12, 15, 0.022727273404598236],
            [2, 13, 11, 0.022727273404598236],
            [2, 13, 14, 0.022727273404598236],
            [2, 14, 4, 0.04545454680919647],
            [2, 15, 15, 0.022727273404598236],
            [2, 15, 17, 0.022727273404598236],
            [2, 16, 0, 0.022727273404598236],
            [2, 16, 13, 0.022727273404598236],
            [2, 17, 10, 0.022727273404598236],
            [3, 0, 7, 0.029411764815449715],
            [3, 0, 9, 0.029411764815449715],
            [3, 0, 11, 0.029411764815449715],
            [3, 0, 16, 0.029411764815449715],
            [3, 2, 4, 0.029411764815449715],
            [3, 3, 1, 0.029411764815449715],
            [3, 3, 8, 0.029411764815449715],
            [3, 3, 13, 0.029411764815449715],
            [3, 4, 6, 0.029411764815449715],
            [3, 4, 13, 0.029411764815449715],
            [3, 5, 16, 0.029411764815449715],
            [3, 6, 1, 0.029411764815449715],
            [3, 7, 4, 0.029411764815449715],
            [3, 7, 10, 0.029411764815449715],
            [3, 8, 7, 0.029411764815449715],
            [3, 8, 11, 0.05882352963089943],
            [3, 8, 14, 0.029411764815449715],
            [3, 9, 4, 0.029411764815449715],
            [3, 11, 14, 0.029411764815449715],
            [3, 13, 0, 0.029411764815449715],
            [3, 13, 15, 0.029411764815449715],
            [3, 14, 0, 0.05882352963089943],
            [3, 14, 3, 0.029411764815449715],
            [3, 14, 6, 0.029411764815449715],
            [3, 15, 4, 0.029411764815449715],
            [3, 15, 6, 0.029411764815449715],
            [3, 15, 10, 0.05882352963089943],
            [3, 15, 14, 0.029411764815449715],
            [3, 16, 6, 0.029411764815449715],
            [3, 16, 11, 0.029411764815449715],
            [3, 17, 12, 0.029411764815449715]
        ]
    }
}