{
    "train_f1": 14.088235855102539,
    "train_prob": 51.07223129272461,
    "train_cov": 93.75,
    "valid_f1": 31.26698875427246,
    "valid_prob": 64.4014892578125,
    "valid_cov": 100.0,
    "len": 178,
    "binary_grammar": {
        "num_nt": 4,
        "num_pt": 14,
        "num_rhs": 324,
        "rule_probs": [
            [0, 0, 11, 0.017241379246115685],
            [0, 1, 6, 0.017241379246115685],
            [0, 1, 8, 0.017241379246115685],
            [0, 2, 0, 0.017241379246115685],
            [0, 2, 9, 0.017241379246115685],
            [0, 2, 16, 0.03448275849223137],
            [0, 3, 1, 0.017241379246115685],
            [0, 3, 13, 0.017241379246115685],
            [0, 3, 17, 0.017241379246115685],
            [0, 4, 2, 0.017241379246115685],
            [0, 4, 9, 0.017241379246115685],
            [0, 4, 12, 0.017241379246115685],
            [0, 5, 7, 0.017241379246115685],
            [0, 5, 10, 0.017241379246115685],
            [0, 5, 11, 0.017241379246115685],
            [0, 5, 12, 0.017241379246115685],
            [0, 5, 15, 0.017241379246115685],
            [0, 6, 0, 0.017241379246115685],
            [0, 6, 9, 0.017241379246115685],
            [0, 6, 15, 0.017241379246115685],
            [0, 7, 1, 0.017241379246115685],
            [0, 7, 11, 0.017241379246115685],
            [0, 8, 1, 0.03448275849223137],
            [0, 9, 3, 0.017241379246115685],
            [0, 9, 5, 0.017241379246115685],
            [0, 9, 8, 0.017241379246115685],
            [0, 9, 9, 0.017241379246115685],
            [0, 9, 11, 0.017241379246115685],
            [0, 9, 13, 0.017241379246115685],
            [0, 10, 4, 0.017241379246115685],
            [0, 10, 6, 0.017241379246115685],
            [0, 10, 13, 0.017241379246115685],
            [0, 11, 3, 0.017241379246115685],
            [0, 11, 14, 0.03448275849223137],
            [0, 12, 6, 0.017241379246115685],
            [0, 12, 13, 0.03448275849223137],
            [0, 13, 2, 0.017241379246115685],
            [0, 13, 10, 0.017241379246115685],
            [0, 13, 12, 0.03448275849223137],
            [0, 14, 9, 0.017241379246115685],
            [0, 14, 10, 0.017241379246115685],
            [0, 15, 1, 0.017241379246115685],
            [0, 15, 2, 0.017241379246115685],
            [0, 15, 5, 0.017241379246115685],
            [0, 15, 7, 0.017241379246115685],
            [0, 15, 9, 0.017241379246115685],
            [0, 15, 11, 0.017241379246115685],
            [0, 16, 3, 0.017241379246115685],
            [0, 16, 7, 0.017241379246115685],
            [0, 16, 16, 0.017241379246115685],
            [0, 17, 5, 0.017241379246115685],
            [0, 17, 10, 0.017241379246115685],
            [0, 17, 14, 0.017241379246115685],
            [1, 0, 2, 0.019607843831181526],
            [1, 0, 3, 0.019607843831181526],
            [1, 0, 5, 0.019607843831181526],
            [1, 0, 14, 0.019607843831181526],
            [1, 1, 11, 0.03921568766236305],
            [1, 1, 15, 0.019607843831181526],
            [1, 2, 0, 0.019607843831181526],
            [1, 3, 3, 0.019607843831181526],
            [1, 3, 4, 0.019607843831181526],
            [1, 3, 10, 0.019607843831181526],
            [1, 3, 14, 0.019607843831181526],
            [1, 5, 8, 0.019607843831181526],
            [1, 5, 9, 0.05882352963089943],
            [1, 6, 1, 0.019607843831181526],
            [1, 6, 4, 0.019607843831181526],
            [1, 6, 8, 0.019607843831181526],
            [1, 7, 3, 0.019607843831181526],
            [1, 7, 6, 0.019607843831181526],
            [1, 7, 8, 0.019607843831181526],
            [1, 8, 10, 0.019607843831181526],
            [1, 9, 2, 0.03921568766236305],
            [1, 9, 9, 0.019607843831181526],
            [1, 9, 13, 0.019607843831181526],
            [1, 9, 15, 0.019607843831181526],
            [1, 10, 6, 0.019607843831181526],
            [1, 10, 7, 0.03921568766236305],
            [1, 11, 0, 0.019607843831181526],
            [1, 11, 10, 0.019607843831181526],
            [1, 11, 11, 0.019607843831181526],
            [1, 11, 12, 0.019607843831181526],
            [1, 11, 13, 0.03921568766236305],
            [1, 11, 16, 0.019607843831181526],
            [1, 12, 5, 0.019607843831181526],
            [1, 12, 9, 0.019607843831181526],
            [1, 13, 1, 0.019607843831181526],
            [1, 13, 6, 0.019607843831181526],
            [1, 13, 12, 0.019607843831181526],
            [1, 14, 4, 0.019607843831181526],
            [1, 14, 13, 0.019607843831181526],
            [1, 15, 2, 0.019607843831181526],
            [1, 15, 12, 0.019607843831181526],
            [1, 16, 3, 0.019607843831181526],
            [1, 17, 2, 0.019607843831181526],
            [1, 17, 15, 0.03921568766236305],
            [2, 0, 11, 0.02380952425301075],
            [2, 0, 16, 0.02380952425301075],
            [2, 1, 5, 0.02380952425301075],
            [2, 1, 17, 0.02380952425301075],
            [2, 2, 13, 0.02380952425301075],
            [2, 2, 17, 0.02380952425301075],
            [2, 4, 6, 0.02380952425301075],
            [2, 4, 9, 0.02380952425301075],
            [2, 4, 11, 0.02380952425301075],
            [2, 4, 14, 0.02380952425301075],
            [2, 4, 15, 0.02380952425301075],
            [2, 5, 16, 0.02380952425301075],
            [2, 6, 3, 0.02380952425301075],
            [2, 7, 1, 0.02380952425301075],
            [2, 7, 3, 0.02380952425301075],
            [2, 7, 11, 0.02380952425301075],
            [2, 7, 14, 0.0714285746216774],
            [2, 8, 2, 0.02380952425301075],
            [2, 8, 4, 0.02380952425301075],
            [2, 8, 6, 0.02380952425301075],
            [2, 8, 8, 0.02380952425301075],
            [2, 9, 4, 0.02380952425301075],
            [2, 9, 5, 0.02380952425301075],
            [2, 9, 8, 0.02380952425301075],
            [2, 11, 5, 0.02380952425301075],
            [2, 11, 11, 0.02380952425301075],
            [2, 11, 17, 0.02380952425301075],
            [2, 13, 1, 0.0476190485060215],
            [2, 13, 7, 0.02380952425301075],
            [2, 13, 10, 0.02380952425301075],
            [2, 13, 12, 0.02380952425301075],
            [2, 14, 2, 0.02380952425301075],
            [2, 14, 16, 0.02380952425301075],
            [2, 15, 1, 0.02380952425301075],
            [2, 15, 8, 0.02380952425301075],
            [2, 15, 13, 0.02380952425301075],
            [2, 16, 1, 0.02380952425301075],
            [2, 17, 12, 0.02380952425301075],
            [2, 17, 16, 0.02380952425301075],
            [3, 0, 4, 0.020408162847161293],
            [3, 0, 14, 0.020408162847161293],
            [3, 1, 4, 0.020408162847161293],
            [3, 1, 15, 0.040816325694322586],
            [3, 2, 8, 0.020408162847161293],
            [3, 4, 2, 0.020408162847161293],
            [3, 4, 8, 0.040816325694322586],
            [3, 5, 0, 0.020408162847161293],
            [3, 5, 9, 0.020408162847161293],
            [3, 5, 11, 0.020408162847161293],
            [3, 6, 16, 0.040816325694322586],
            [3, 6, 17, 0.020408162847161293],
            [3, 8, 1, 0.020408162847161293],
            [3, 8, 2, 0.020408162847161293],
            [3, 8, 8, 0.040816325694322586],
            [3, 8, 16, 0.020408162847161293],
            [3, 9, 14, 0.020408162847161293],
            [3, 10, 4, 0.020408162847161293],
            [3, 10, 13, 0.040816325694322586],
            [3, 11, 4, 0.020408162847161293],
            [3, 11, 6, 0.020408162847161293],
            [3, 11, 10, 0.020408162847161293],
            [3, 12, 11, 0.020408162847161293],
            [3, 13, 2, 0.040816325694322586],
            [3, 13, 3, 0.020408162847161293],
            [3, 13, 6, 0.020408162847161293],
            [3, 14, 2, 0.020408162847161293],
            [3, 14, 8, 0.020408162847161293],
            [3, 14, 13, 0.020408162847161293],
            [3, 15, 5, 0.020408162847161293],
            [3, 15, 8, 0.020408162847161293],
            [3, 15, 9, 0.020408162847161293],
