{
    "train_f1": 22.993675231933594,
    "train_prob": 49.60120391845703,
    "train_cov": 100.0,
    "valid_f1": 36.15163040161133,
    "valid_prob": 64.29400634765625,
    "valid_cov": 100.0,
    "len": 138,
    "binary_grammar": {
        "num_nt": 4,
        "num_pt": 14,
        "num_rhs": 324,
        "rule_probs": [
            [0, 0, 11, 0.025641025975346565],
            [0, 2, 0, 0.025641025975346565],
            [0, 2, 9, 0.025641025975346565],
            [0, 2, 16, 0.025641025975346565],
            [0, 3, 1, 0.025641025975346565],
            [0, 3, 13, 0.025641025975346565],
            [0, 3, 17, 0.025641025975346565],
            [0, 4, 2, 0.025641025975346565],
            [0, 4, 12, 0.025641025975346565],
            [0, 5, 10, 0.025641025975346565],
            [0, 5, 11, 0.025641025975346565],
            [0, 5, 12, 0.025641025975346565],
            [0, 5, 15, 0.025641025975346565],
            [0, 6, 0, 0.025641025975346565],
            [0, 6, 15, 0.025641025975346565],
            [0, 7, 11, 0.025641025975346565],
            [0, 8, 1, 0.05128205195069313],
            [0, 9, 3, 0.025641025975346565],
            [0, 9, 5, 0.025641025975346565],
            [0, 9, 9, 0.025641025975346565],
            [0, 9, 11, 0.025641025975346565],
            [0, 9, 13, 0.025641025975346565],
            [0, 10, 4, 0.025641025975346565],
            [0, 10, 6, 0.025641025975346565],
            [0, 10, 13, 0.025641025975346565],
            [0, 11, 3, 0.025641025975346565],
            [0, 11, 14, 0.025641025975346565],
            [0, 12, 13, 0.025641025975346565],
            [0, 13, 2, 0.025641025975346565],
            [0, 13, 12, 0.025641025975346565],
            [0, 14, 10, 0.025641025975346565],
            [0, 15, 2, 0.025641025975346565],
            [0, 15, 9, 0.025641025975346565],
            [0, 15, 11, 0.025641025975346565],
            [0, 16, 7, 0.025641025975346565],
            [0, 16, 16, 0.025641025975346565],
            [0, 17, 5, 0.025641025975346565],
            [0, 17, 10, 0.025641025975346565],
            [1, 0, 3, 0.025641025975346565],
            [1, 0, 5, 0.025641025975346565],
            [1, 0, 14, 0.025641025975346565],
            [1, 1, 11, 0.05128205195069313],
            [1, 1, 15, 0.025641025975346565],
            [1, 2, 0, 0.025641025975346565],
            [1, 3, 3, 0.025641025975346565],
            [1, 3, 4, 0.025641025975346565],
            [1, 3, 14, 0.025641025975346565],
            [1, 5, 9, 0.05128205195069313],
            [1, 6, 1, 0.025641025975346565],
            [1, 6, 4, 0.025641025975346565],
            [1, 6, 8, 0.025641025975346565],
            [1, 7, 3, 0.025641025975346565],
            [1, 7, 6, 0.025641025975346565],
            [1, 7, 8, 0.025641025975346565],
            [1, 9, 2, 0.05128205195069313],
            [1, 9, 13, 0.025641025975346565],
            [1, 10, 7, 0.025641025975346565],
            [1, 11, 0, 0.025641025975346565],
            [1, 11, 10, 0.025641025975346565],
            [1, 11, 11, 0.025641025975346565],
            [1, 11, 12, 0.025641025975346565],
            [1, 11, 13, 0.05128205195069313],
            [1, 11, 16, 0.025641025975346565],
            [1, 12, 5, 0.025641025975346565],
            [1, 12, 9, 0.025641025975346565],
            [1, 13, 1, 0.025641025975346565],
            [1, 13, 12, 0.025641025975346565],
            [1, 14, 13, 0.025641025975346565],
            [1, 15, 2, 0.025641025975346565],
            [1, 16, 3, 0.025641025975346565],
            [1, 17, 2, 0.025641025975346565],
            [1, 17, 15, 0.05128205195069313],
            [2, 0, 11, 0.027027027681469917],
            [2, 1, 5, 0.027027027681469917],
            [2, 1, 17, 0.027027027681469917],
            [2, 2, 13, 0.027027027681469917],
            [2, 2, 17, 0.027027027681469917],
            [2, 4, 6, 0.027027027681469917],
            [2, 4, 9, 0.027027027681469917],
            [2, 4, 11, 0.027027027681469917],
            [2, 4, 14, 0.027027027681469917],
            [2, 4, 15, 0.027027027681469917],
            [2, 5, 16, 0.027027027681469917],
            [2, 6, 3, 0.027027027681469917],
            [2, 7, 1, 0.027027027681469917],
            [2, 7, 3, 0.027027027681469917],
            [2, 7, 11, 0.027027027681469917],
            [2, 7, 14, 0.0810810774564743],
            [2, 8, 2, 0.027027027681469917],
            [2, 8, 4, 0.027027027681469917],
            [2, 9, 4, 0.027027027681469917],
            [2, 9, 5, 0.027027027681469917],
            [2, 9, 8, 0.027027027681469917],
            [2, 11, 5, 0.027027027681469917],
            [2, 11, 11, 0.027027027681469917],
            [2, 11, 17, 0.027027027681469917],
            [2, 13, 1, 0.054054055362939835],
            [2, 13, 7, 0.027027027681469917],
            [2, 13, 10, 0.027027027681469917],
            [2, 13, 12, 0.027027027681469917],
            [2, 14, 2, 0.027027027681469917],
            [2, 14, 16, 0.027027027681469917],
            [2, 15, 1, 0.027027027681469917],
            [2, 16, 1, 0.027027027681469917],
            [2, 17, 12, 0.027027027681469917],
            [2, 17, 16, 0.027027027681469917],
            [3, 0, 4, 0.02857142873108387],
            [3, 0, 14, 0.02857142873108387],
            [3, 1, 15, 0.05714285746216774],
            [3, 2, 8, 0.02857142873108387],
            [3, 4, 2, 0.02857142873108387],
            [3, 4, 8, 0.02857142873108387],
            [3, 5, 0, 0.02857142873108387],
            [3, 5, 9, 0.02857142873108387],
            [3, 5, 11, 0.02857142873108387],
            [3, 6, 16, 0.02857142873108387],
            [3, 8, 1, 0.02857142873108387],
            [3, 8, 16, 0.02857142873108387],
            [3, 9, 14, 0.02857142873108387],
            [3, 10, 4, 0.02857142873108387],
            [3, 10, 13, 0.05714285746216774],
            [3, 11, 10, 0.02857142873108387],
            [3, 12, 11, 0.02857142873108387],
            [3, 13, 2, 0.02857142873108387],
            [3, 13, 3, 0.02857142873108387],
            [3, 14, 2, 0.02857142873108387],
            [3, 14, 8, 0.02857142873108387],
            [3, 14, 13, 0.02857142873108387],
            [3, 15, 5, 0.02857142873108387],
            [3, 15, 8, 0.02857142873108387],
            [3, 15, 9, 0.02857142873108387],
            [3, 15, 13, 0.05714285746216774],
            [3, 16, 2, 0.02857142873108387],
            [3, 16, 13, 0.02857142873108387],
            [3, 16, 14, 0.02857142873108387],
            [3, 16, 15, 0.02857142873108387],
            [3, 17, 1, 0.02857142873108387],
            [3, 17, 7, 0.02857142873108387]
        ]
    }
}