{
    "train_f1": 8.526884078979492,
    "train_prob": 74.15693664550781,
    "train_cov": 93.75,
    "valid_f1": 10.40900707244873,
    "valid_prob": 64.43172454833984,
    "valid_cov": 100.0,
    "len": 176,
    "binary_grammar": {
        "num_nt": 4,
        "num_pt": 14,
        "num_rhs": 324,
        "rule_probs": [
            [0, 0, 0, 0.022727273404598236],
            [0, 0, 7, 0.022727273404598236],
            [0, 1, 1, 0.022727273404598236],
            [0, 1, 2, 0.04545454680919647],
            [0, 1, 5, 0.022727273404598236],
            [0, 2, 17, 0.022727273404598236],
            [0, 3, 6, 0.022727273404598236],
            [0, 3, 11, 0.022727273404598236],
            [0, 4, 1, 0.022727273404598236],
            [0, 4, 10, 0.022727273404598236],
            [0, 5, 4, 0.022727273404598236],
            [0, 5, 8, 0.022727273404598236],
            [0, 5, 17, 0.022727273404598236],
            [0, 6, 8, 0.022727273404598236],
            [0, 6, 17, 0.04545454680919647],
            [0, 7, 3, 0.04545454680919647],
            [0, 7, 14, 0.022727273404598236],
            [0, 9, 2, 0.022727273404598236],
            [0, 9, 15, 0.04545454680919647],
            [0, 10, 1, 0.022727273404598236],
            [0, 11, 1, 0.04545454680919647],
            [0, 11, 2, 0.022727273404598236],
            [0, 11, 7, 0.022727273404598236],
            [0, 11, 10, 0.022727273404598236],
            [0, 11, 11, 0.022727273404598236],
            [0, 11, 14, 0.04545454680919647],
            [0, 11, 17, 0.022727273404598236],
            [0, 13, 7, 0.022727273404598236],
            [0, 13, 15, 0.022727273404598236],
            [0, 14, 9, 0.022727273404598236],
            [0, 14, 15, 0.022727273404598236],
            [0, 15, 1, 0.022727273404598236],
            [0, 15, 8, 0.022727273404598236],
            [0, 15, 16, 0.022727273404598236],
            [0, 15, 17, 0.022727273404598236],
            [0, 16, 9, 0.022727273404598236],
            [0, 17, 13, 0.022727273404598236],
            [0, 17, 15, 0.022727273404598236],
            [1, 0, 4, 0.01923076994717121],
            [1, 0, 7, 0.01923076994717121],
            [1, 0, 12, 0.057692307978868484],
            [1, 0, 17, 0.01923076994717121],
            [1, 1, 8, 0.01923076994717121],
            [1, 2, 0, 0.01923076994717121],
            [1, 2, 3, 0.01923076994717121],
            [1, 2, 4, 0.03846153989434242],
            [1, 2, 5, 0.01923076994717121],
            [1, 2, 9, 0.01923076994717121],
            [1, 2, 12, 0.01923076994717121],
            [1, 3, 0, 0.01923076994717121],
            [1, 4, 1, 0.01923076994717121],
            [1, 4, 6, 0.01923076994717121],
            [1, 5, 2, 0.01923076994717121],
            [1, 5, 6, 0.01923076994717121],
            [1, 5, 16, 0.03846153989434242],
            [1, 6, 3, 0.01923076994717121],
            [1, 7, 0, 0.01923076994717121],
            [1, 7, 1, 0.01923076994717121],
            [1, 7, 15, 0.01923076994717121],
            [1, 7, 17, 0.01923076994717121],
            [1, 8, 1, 0.01923076994717121],
            [1, 8, 4, 0.01923076994717121],
            [1, 8, 9, 0.01923076994717121],
            [1, 8, 10, 0.01923076994717121],
            [1, 9, 5, 0.01923076994717121],
            [1, 10, 2, 0.01923076994717121],
            [1, 11, 6, 0.03846153989434242],
            [1, 11, 16, 0.01923076994717121],
            [1, 12, 4, 0.01923076994717121],
            [1, 12, 7, 0.03846153989434242],
            [1, 12, 11, 0.01923076994717121],
            [1, 13, 2, 0.01923076994717121],
            [1, 13, 10, 0.01923076994717121],
            [1, 13, 13, 0.01923076994717121],
            [1, 14, 0, 0.01923076994717121],
            [1, 15, 4, 0.01923076994717121],
            [1, 15, 17, 0.01923076994717121],
            [1, 16, 13, 0.01923076994717121],
            [1, 16, 15, 0.01923076994717121],
            [1, 16, 16, 0.01923076994717121],
            [1, 17, 2, 0.01923076994717121],
            [1, 17, 3, 0.01923076994717121],
            [1, 17, 6, 0.01923076994717121],
            [1, 17, 11, 0.01923076994717121],
            [2, 0, 12, 0.0181818176060915],
            [2, 0, 13, 0.0181818176060915],
            [2, 0, 14, 0.0181818176060915],
            [2, 0, 16, 0.0181818176060915],
            [2, 1, 2, 0.0181818176060915],
            [2, 1, 8, 0.036363635212183],
            [2, 1, 14, 0.0181818176060915],
            [2, 2, 2, 0.036363635212183],
            [2, 2, 4, 0.0181818176060915],
            [2, 2, 15, 0.0181818176060915],
            [2, 3, 7, 0.0181818176060915],
            [2, 3, 17, 0.0181818176060915],
            [2, 4, 2, 0.0181818176060915],
            [2, 4, 6, 0.0181818176060915],
            [2, 4, 17, 0.036363635212183],
            [2, 6, 7, 0.0181818176060915],
            [2, 6, 8, 0.0181818176060915],
            [2, 7, 4, 0.0181818176060915],
            [2, 8, 2, 0.0181818176060915],
            [2, 8, 6, 0.0181818176060915],
            [2, 10, 7, 0.0181818176060915],
            [2, 10, 8, 0.0181818176060915],
            [2, 11, 10, 0.0181818176060915],
            [2, 11, 14, 0.0181818176060915],
            [2, 12, 4, 0.0181818176060915],
            [2, 12, 7, 0.0181818176060915],
            [2, 13, 2, 0.0181818176060915],
            [2, 13, 3, 0.0181818176060915],
            [2, 13, 6, 0.0181818176060915],
            [2, 13, 14, 0.0181818176060915],
            [2, 14, 3, 0.0181818176060915],
            [2, 14, 16, 0.036363635212183],
            [2, 14, 17, 0.036363635212183],
            [2, 15, 2, 0.0181818176060915],
            [2, 15, 9, 0.0181818176060915],
            [2, 15, 13, 0.0181818176060915],
            [2, 15, 15, 0.0181818176060915],
            [2, 15, 16, 0.0181818176060915],
            [2, 16, 6, 0.0181818176060915],
            [2, 16, 9, 0.0181818176060915],
            [2, 16, 11, 0.036363635212183],
            [2, 16, 15, 0.0181818176060915],
            [2, 16, 16, 0.036363635212183],
            [2, 17, 1, 0.0181818176060915],
            [2, 17, 6, 0.0181818176060915],
            [2, 17, 13, 0.0181818176060915],
            [2, 17, 14, 0.0181818176060915],
            [2, 17, 16, 0.0181818176060915],
            [3, 1, 1, 0.020408162847161293],
            [3, 2, 0, 0.020408162847161293],
            [3, 2, 6, 0.020408162847161293],
            [3, 2, 7, 0.020408162847161293],
            [3, 2, 12, 0.020408162847161293],
            [3, 2, 13, 0.020408162847161293],
            [3, 2, 15, 0.020408162847161293],
            [3, 2, 16, 0.020408162847161293],
            [3, 3, 3, 0.020408162847161293],
            [3, 3, 7, 0.06122449040412903],
            [3, 3, 11, 0.040816325694322586],
            [3, 4, 4, 0.020408162847161293],
            [3, 4, 9, 0.020408162847161293],
            [3, 5, 8, 0.020408162847161293],
            [3, 5, 14, 0.020408162847161293],
            [3, 6, 8, 0.040816325694322586],
            [3, 7, 6, 0.020408162847161293],
            [3, 7, 14, 0.020408162847161293],
            [3, 7, 15, 0.020408162847161293],
            [3, 8, 10, 0.040816325694322586],
            [3, 9, 7, 0.020408162847161293],
            [3, 9, 15, 0.020408162847161293],
            [3, 10, 6, 0.020408162847161293],
            [3, 10, 15, 0.020408162847161293],
            [3, 11, 1, 0.020408162847161293],
            [3, 11, 14, 0.020408162847161293],
            [3, 12, 4, 0.020408162847161293],
            [3, 12, 12, 0.020408162847161293],
            [3, 12, 13, 0.020408162847161293],
            [3, 12, 14, 0.020408162847161293],
            [3, 12, 15, 0.020408162847161293],
            [3, 13, 11, 0.020408162847161293],
            [3, 13, 13, 0.020408162847161293],
            [3, 14, 1, 0.020408162847161293],
            [3, 14, 15, 0.020408162847161293],
            [3, 15, 4, 0.020408162847161293],
            [3, 15, 12, 0.020408162847161293],
            [3, 15, 17, 0.020408162847161293],
