{
    "train_f1": 8.72193717956543,
    "train_prob": 37.810150146484375,
    "train_cov": 75.0,
    "valid_f1": 16.075927734375,
    "valid_prob": 40.722328186035156,
    "valid_cov": 90.0,
    "len": 188,
    "binary_grammar": {
        "num_nt": 4,
        "num_pt": 14,
        "num_rhs": 324,
        "rule_probs": [
            [0, 0, 3, 0.01886792480945587],
            [0, 0, 8, 0.01886792480945587],
            [0, 0, 14, 0.01886792480945587],
            [0, 1, 9, 0.01886792480945587],
            [0, 1, 12, 0.01886792480945587],
            [0, 2, 5, 0.01886792480945587],
            [0, 2, 6, 0.01886792480945587],
            [0, 3, 9, 0.01886792480945587],
            [0, 3, 15, 0.01886792480945587],
            [0, 4, 5, 0.01886792480945587],
            [0, 5, 4, 0.01886792480945587],
            [0, 5, 6, 0.01886792480945587],
            [0, 5, 13, 0.03773584961891174],
            [0, 6, 3, 0.01886792480945587],
            [0, 6, 16, 0.01886792480945587],
            [0, 7, 11, 0.01886792480945587],
            [0, 7, 15, 0.01886792480945587],
            [0, 8, 0, 0.01886792480945587],
            [0, 8, 3, 0.01886792480945587],
            [0, 8, 10, 0.01886792480945587],
            [0, 8, 11, 0.01886792480945587],
            [0, 8, 12, 0.01886792480945587],
            [0, 8, 15, 0.01886792480945587],
            [0, 8, 17, 0.01886792480945587],
            [0, 9, 3, 0.01886792480945587],
            [0, 9, 4, 0.01886792480945587],
            [0, 10, 1, 0.01886792480945587],
            [0, 10, 7, 0.03773584961891174],
            [0, 10, 8, 0.01886792480945587],
            [0, 10, 14, 0.01886792480945587],
            [0, 10, 15, 0.01886792480945587],
            [0, 11, 2, 0.01886792480945587],
            [0, 11, 4, 0.01886792480945587],
            [0, 11, 12, 0.03773584961891174],
            [0, 12, 8, 0.01886792480945587],
            [0, 12, 15, 0.01886792480945587],
            [0, 13, 5, 0.01886792480945587],
            [0, 13, 15, 0.01886792480945587],
            [0, 13, 16, 0.01886792480945587],
            [0, 14, 1, 0.01886792480945587],
            [0, 14, 8, 0.01886792480945587],
            [0, 14, 14, 0.01886792480945587],
            [0, 15, 1, 0.03773584961891174],
            [0, 15, 5, 0.01886792480945587],
            [0, 15, 6, 0.01886792480945587],
            [0, 15, 15, 0.01886792480945587],
            [0, 16, 0, 0.01886792480945587],
            [0, 16, 15, 0.01886792480945587],
            [0, 17, 17, 0.01886792480945587],
            [1, 0, 1, 0.0181818176060915],
            [1, 0, 9, 0.0181818176060915],
            [1, 1, 2, 0.0181818176060915],
            [1, 1, 3, 0.0181818176060915],
            [1, 1, 10, 0.0181818176060915],
            [1, 2, 3, 0.0181818176060915],
            [1, 2, 7, 0.0181818176060915],
            [1, 2, 8, 0.0181818176060915],
            [1, 3, 12, 0.0181818176060915],
            [1, 4, 0, 0.0181818176060915],
            [1, 4, 12, 0.0181818176060915],
            [1, 4, 13, 0.0181818176060915],
            [1, 4, 14, 0.0181818176060915],
            [1, 4, 17, 0.0181818176060915],
            [1, 5, 4, 0.0181818176060915],
            [1, 5, 14, 0.0181818176060915],
            [1, 5, 15, 0.0181818176060915],
            [1, 5, 16, 0.0181818176060915],
            [1, 6, 1, 0.0181818176060915],
            [1, 6, 2, 0.0181818176060915],
            [1, 6, 5, 0.0181818176060915],
            [1, 6, 6, 0.0181818176060915],
            [1, 6, 7, 0.036363635212183],
            [1, 6, 14, 0.0181818176060915],
            [1, 6, 15, 0.0181818176060915],
            [1, 6, 16, 0.0181818176060915],
            [1, 7, 4, 0.0181818176060915],
            [1, 7, 15, 0.0181818176060915],
            [1, 8, 3, 0.0181818176060915],
            [1, 8, 6, 0.0181818176060915],
            [1, 8, 10, 0.0181818176060915],
            [1, 9, 10, 0.0181818176060915],
            [1, 9, 14, 0.0181818176060915],
            [1, 9, 17, 0.0181818176060915],
            [1, 10, 1, 0.0181818176060915],
            [1, 10, 4, 0.0181818176060915],
            [1, 10, 15, 0.0181818176060915],
            [1, 12, 5, 0.0181818176060915],
            [1, 13, 1, 0.0181818176060915],
            [1, 13, 9, 0.05454545468091965],
            [1, 13, 11, 0.0181818176060915],
            [1, 13, 15, 0.036363635212183],
            [1, 14, 6, 0.0181818176060915],
            [1, 14, 14, 0.0181818176060915],
            [1, 14, 16, 0.0181818176060915],
            [1, 14, 17, 0.0181818176060915],
            [1, 15, 12, 0.0181818176060915],
            [1, 16, 15, 0.0181818176060915],
            [1, 17, 1, 0.0181818176060915],
            [1, 17, 9, 0.0181818176060915],
            [1, 17, 14, 0.0181818176060915],
            [2, 0, 0, 0.021739130839705467],
            [2, 0, 6, 0.021739130839705467],
            [2, 0, 12, 0.021739130839705467],
            [2, 0, 13, 0.021739130839705467],
            [2, 0, 14, 0.021739130839705467],
            [2, 1, 6, 0.021739130839705467],
            [2, 1, 15, 0.021739130839705467],
            [2, 2, 9, 0.021739130839705467],
            [2, 2, 12, 0.021739130839705467],
            [2, 2, 17, 0.021739130839705467],
            [2, 3, 6, 0.021739130839705467],
            [2, 3, 7, 0.021739130839705467],
            [2, 4, 0, 0.021739130839705467],
            [2, 4, 15, 0.021739130839705467],
            [2, 5, 5, 0.043478261679410934],
            [2, 6, 0, 0.021739130839705467],
            [2, 6, 2, 0.021739130839705467],
            [2, 6, 8, 0.021739130839705467],
            [2, 6, 15, 0.021739130839705467],
            [2, 7, 0, 0.021739130839705467],
            [2, 7, 2, 0.021739130839705467],
            [2, 7, 3, 0.021739130839705467],
            [2, 7, 6, 0.021739130839705467],
            [2, 7, 9, 0.021739130839705467],
            [2, 7, 10, 0.021739130839705467],
            [2, 7, 13, 0.021739130839705467],
            [2, 7, 16, 0.021739130839705467],
            [2, 8, 0, 0.021739130839705467],
            [2, 8, 15, 0.021739130839705467],
            [2, 9, 4, 0.021739130839705467],
            [2, 9, 16, 0.021739130839705467],
            [2, 11, 12, 0.021739130839705467],
            [2, 11, 16, 0.021739130839705467],
            [2, 12, 5, 0.021739130839705467],
            [2, 12, 11, 0.021739130839705467],
            [2, 14, 7, 0.021739130839705467],
            [2, 14, 17, 0.021739130839705467],
            [2, 15, 1, 0.021739130839705467],
            [2, 15, 4, 0.021739130839705467],
            [2, 15, 11, 0.021739130839705467],
            [2, 15, 14, 0.021739130839705467],
            [2, 15, 15, 0.021739130839705467],
            [2, 16, 9, 0.021739130839705467],
            [2, 16, 12, 0.021739130839705467],
            [2, 17, 12, 0.021739130839705467],
            [3, 0, 17, 0.021739130839705467],
            [3, 1, 14, 0.021739130839705467],
            [3, 2, 5, 0.021739130839705467],
            [3, 2, 8, 0.021739130839705467],
            [3, 2, 12, 0.021739130839705467],
            [3, 3, 12, 0.021739130839705467],
            [3, 4, 4, 0.021739130839705467],
            [3, 4, 9, 0.021739130839705467],
            [3, 4, 10, 0.021739130839705467],
            [3, 4, 11, 0.021739130839705467],
            [3, 4, 17, 0.021739130839705467],
            [3, 6, 4, 0.021739130839705467],
            [3, 6, 15, 0.021739130839705467],
            [3, 6, 17, 0.021739130839705467],
            [3, 7, 6, 0.021739130839705467],
            [3, 7, 13, 0.021739130839705467],
            [3, 7, 14, 0.043478261679410934],
            [3, 7, 16, 0.043478261679410934],
            [3, 8, 9, 0.021739130839705467],
            [3, 8, 10, 0.021739130839705467],
            [3, 8, 12, 0.021739130839705467],
            [3, 9, 5, 0.021739130839705467],
            [3, 9, 16, 0.021739130839705467],
            [3, 10, 7, 0.021739130839705467],
            [3, 11, 8, 0.021739130839705467],
