{
    "train_f1": 10.355255126953125,
    "train_prob": 20.285621643066406,
    "train_cov": 81.25,
    "valid_f1": 19.240718841552734,
    "valid_prob": 45.981327056884766,
    "valid_cov": 90.0,
    "len": 186,
    "binary_grammar": {
        "num_nt": 4,
        "num_pt": 14,
        "num_rhs": 324,
        "rule_probs": [
            [0, 0, 0, 0.01923076994717121],
            [0, 0, 1, 0.01923076994717121],
            [0, 0, 14, 0.01923076994717121],
            [0, 1, 5, 0.01923076994717121],
            [0, 1, 8, 0.01923076994717121],
            [0, 2, 0, 0.03846153989434242],
            [0, 2, 7, 0.01923076994717121],
            [0, 2, 8, 0.01923076994717121],
            [0, 4, 5, 0.01923076994717121],
            [0, 4, 6, 0.01923076994717121],
            [0, 5, 10, 0.01923076994717121],
            [0, 5, 12, 0.01923076994717121],
            [0, 5, 13, 0.01923076994717121],
            [0, 6, 1, 0.01923076994717121],
            [0, 6, 3, 0.01923076994717121],
            [0, 6, 6, 0.01923076994717121],
            [0, 6, 8, 0.01923076994717121],
            [0, 7, 13, 0.01923076994717121],
            [0, 8, 3, 0.01923076994717121],
            [0, 8, 7, 0.01923076994717121],
            [0, 9, 0, 0.01923076994717121],
            [0, 9, 11, 0.01923076994717121],
            [0, 10, 2, 0.01923076994717121],
            [0, 10, 5, 0.01923076994717121],
            [0, 10, 13, 0.01923076994717121],
            [0, 11, 10, 0.01923076994717121],
            [0, 11, 12, 0.01923076994717121],
            [0, 11, 13, 0.01923076994717121],
            [0, 12, 10, 0.01923076994717121],
            [0, 12, 12, 0.01923076994717121],
            [0, 12, 15, 0.01923076994717121],
            [0, 13, 7, 0.057692307978868484],
            [0, 13, 15, 0.01923076994717121],
            [0, 14, 4, 0.01923076994717121],
            [0, 14, 15, 0.01923076994717121],
            [0, 15, 0, 0.01923076994717121],
            [0, 15, 5, 0.01923076994717121],
            [0, 15, 6, 0.01923076994717121],
            [0, 15, 7, 0.03846153989434242],
            [0, 16, 4, 0.01923076994717121],
            [0, 16, 5, 0.01923076994717121],
            [0, 16, 6, 0.01923076994717121],
            [0, 16, 8, 0.01923076994717121],
            [0, 16, 10, 0.01923076994717121],
            [0, 16, 12, 0.01923076994717121],
            [0, 16, 13, 0.01923076994717121],
            [0, 17, 6, 0.01923076994717121],
            [0, 17, 13, 0.01923076994717121],
            [1, 0, 5, 0.01886792480945587],
            [1, 0, 6, 0.03773584961891174],
            [1, 0, 12, 0.01886792480945587],
            [1, 0, 16, 0.01886792480945587],
            [1, 1, 2, 0.01886792480945587],
            [1, 1, 13, 0.01886792480945587],
            [1, 1, 16, 0.01886792480945587],
            [1, 2, 1, 0.01886792480945587],
            [1, 2, 2, 0.01886792480945587],
            [1, 2, 12, 0.01886792480945587],
            [1, 2, 14, 0.03773584961891174],
            [1, 3, 0, 0.01886792480945587],
            [1, 3, 9, 0.01886792480945587],
            [1, 4, 4, 0.01886792480945587],
            [1, 4, 7, 0.01886792480945587],
            [1, 4, 12, 0.01886792480945587],
            [1, 5, 4, 0.01886792480945587],
            [1, 5, 5, 0.01886792480945587],
            [1, 6, 3, 0.01886792480945587],
            [1, 6, 4, 0.01886792480945587],
            [1, 6, 7, 0.01886792480945587],
            [1, 6, 9, 0.01886792480945587],
            [1, 6, 15, 0.01886792480945587],
            [1, 6, 17, 0.03773584961891174],
            [1, 7, 9, 0.01886792480945587],
            [1, 7, 11, 0.01886792480945587],
            [1, 8, 0, 0.01886792480945587],
            [1, 8, 3, 0.01886792480945587],
            [1, 8, 5, 0.01886792480945587],
            [1, 9, 1, 0.01886792480945587],
            [1, 9, 9, 0.01886792480945587],
            [1, 9, 10, 0.01886792480945587],
            [1, 9, 13, 0.01886792480945587],
            [1, 9, 17, 0.01886792480945587],
            [1, 10, 2, 0.01886792480945587],
            [1, 10, 4, 0.01886792480945587],
            [1, 10, 17, 0.01886792480945587],
            [1, 11, 10, 0.01886792480945587],
            [1, 11, 15, 0.01886792480945587],
            [1, 12, 5, 0.01886792480945587],
            [1, 13, 4, 0.01886792480945587],
            [1, 13, 9, 0.01886792480945587],
            [1, 14, 9, 0.01886792480945587],
            [1, 14, 17, 0.01886792480945587],
            [1, 15, 1, 0.01886792480945587],
            [1, 17, 6, 0.01886792480945587],
            [1, 17, 10, 0.01886792480945587],
            [1, 17, 11, 0.03773584961891174],
            [1, 17, 16, 0.01886792480945587],
            [2, 0, 5, 0.021739130839705467],
            [2, 0, 12, 0.021739130839705467],
            [2, 1, 1, 0.043478261679410934],
            [2, 1, 7, 0.021739130839705467],
            [2, 1, 10, 0.021739130839705467],
            [2, 1, 14, 0.021739130839705467],
            [2, 2, 2, 0.021739130839705467],
            [2, 2, 13, 0.021739130839705467],
            [2, 3, 8, 0.021739130839705467],
            [2, 4, 7, 0.021739130839705467],
            [2, 4, 9, 0.021739130839705467],
            [2, 5, 8, 0.043478261679410934],
            [2, 5, 10, 0.021739130839705467],
            [2, 5, 14, 0.021739130839705467],
            [2, 6, 2, 0.021739130839705467],
            [2, 6, 6, 0.021739130839705467],
            [2, 7, 2, 0.021739130839705467],
            [2, 7, 3, 0.021739130839705467],
            [2, 7, 11, 0.021739130839705467],
            [2, 7, 17, 0.021739130839705467],
            [2, 8, 3, 0.021739130839705467],
            [2, 8, 10, 0.021739130839705467],
            [2, 9, 9, 0.043478261679410934],
            [2, 9, 12, 0.021739130839705467],
            [2, 9, 14, 0.021739130839705467],
            [2, 10, 5, 0.021739130839705467],
            [2, 10, 9, 0.021739130839705467],
            [2, 10, 15, 0.021739130839705467],
            [2, 11, 3, 0.021739130839705467],
            [2, 12, 1, 0.021739130839705467],
            [2, 12, 17, 0.021739130839705467],
            [2, 13, 11, 0.021739130839705467],
            [2, 13, 13, 0.021739130839705467],
            [2, 14, 3, 0.021739130839705467],
            [2, 14, 4, 0.021739130839705467],
            [2, 14, 8, 0.021739130839705467],
            [2, 15, 2, 0.021739130839705467],
            [2, 15, 6, 0.021739130839705467],
            [2, 15, 7, 0.021739130839705467],
            [2, 16, 7, 0.043478261679410934],
            [2, 17, 5, 0.021739130839705467],
            [2, 17, 10, 0.021739130839705467],
            [3, 0, 5, 0.020408162847161293],
            [3, 0, 7, 0.020408162847161293],
            [3, 0, 10, 0.020408162847161293],
            [3, 0, 14, 0.020408162847161293],
            [3, 0, 17, 0.040816325694322586],
            [3, 1, 4, 0.020408162847161293],
            [3, 1, 8, 0.020408162847161293],
            [3, 2, 0, 0.020408162847161293],
            [3, 2, 3, 0.020408162847161293],
            [3, 2, 9, 0.020408162847161293],
            [3, 2, 12, 0.020408162847161293],
            [3, 2, 14, 0.020408162847161293],
            [3, 4, 0, 0.020408162847161293],
            [3, 4, 17, 0.020408162847161293],
            [3, 5, 2, 0.020408162847161293],
            [3, 5, 4, 0.020408162847161293],
            [3, 5, 13, 0.020408162847161293],
            [3, 6, 0, 0.020408162847161293],
            [3, 6, 3, 0.020408162847161293],
            [3, 6, 10, 0.020408162847161293],
            [3, 7, 0, 0.020408162847161293],
            [3, 7, 2, 0.020408162847161293],
            [3, 7, 5, 0.020408162847161293],
            [3, 7, 6, 0.020408162847161293],
            [3, 8, 3, 0.020408162847161293],
            [3, 8, 10, 0.020408162847161293],
            [3, 8, 12, 0.020408162847161293],
            [3, 8, 13, 0.020408162847161293],
            [3, 10, 2, 0.020408162847161293],
            [3, 10, 16, 0.020408162847161293],
