{
    "train_f1": 14.067354202270508,
    "train_prob": 49.1091194152832,
    "train_cov": 93.75,
    "valid_f1": 22.63467025756836,
    "valid_prob": 65.3540267944336,
    "valid_cov": 100.0,
    "len": 175,
    "binary_grammar": {
        "num_nt": 4,
        "num_pt": 14,
        "num_rhs": 324,
        "rule_probs": [
            [0, 0, 1, 0.019999999552965164],
            [0, 0, 4, 0.019999999552965164],
            [0, 0, 7, 0.03999999910593033],
            [0, 0, 15, 0.019999999552965164],
            [0, 0, 17, 0.019999999552965164],
            [0, 1, 0, 0.019999999552965164],
            [0, 1, 3, 0.019999999552965164],
            [0, 1, 7, 0.019999999552965164],
            [0, 1, 9, 0.03999999910593033],
            [0, 1, 16, 0.019999999552965164],
            [0, 1, 17, 0.019999999552965164],
            [0, 3, 11, 0.019999999552965164],
            [0, 4, 3, 0.019999999552965164],
            [0, 4, 5, 0.019999999552965164],
            [0, 4, 8, 0.019999999552965164],
            [0, 4, 17, 0.019999999552965164],
            [0, 5, 4, 0.019999999552965164],
            [0, 5, 5, 0.05999999865889549],
            [0, 5, 8, 0.03999999910593033],
            [0, 5, 15, 0.019999999552965164],
            [0, 5, 16, 0.019999999552965164],
            [0, 6, 17, 0.03999999910593033],
            [0, 7, 11, 0.019999999552965164],
            [0, 8, 1, 0.019999999552965164],
            [0, 8, 14, 0.019999999552965164],
            [0, 9, 0, 0.019999999552965164],
            [0, 9, 12, 0.019999999552965164],
            [0, 9, 13, 0.05999999865889549],
            [0, 10, 4, 0.019999999552965164],
            [0, 12, 11, 0.019999999552965164],
            [0, 12, 13, 0.03999999910593033],
            [0, 13, 0, 0.019999999552965164],
            [0, 13, 5, 0.019999999552965164],
            [0, 14, 10, 0.019999999552965164],
            [0, 14, 16, 0.019999999552965164],
            [0, 15, 1, 0.019999999552965164],
            [0, 15, 5, 0.019999999552965164],
            [0, 17, 1, 0.019999999552965164],
            [0, 17, 2, 0.019999999552965164],
            [0, 17, 6, 0.019999999552965164],
            [0, 17, 8, 0.019999999552965164],
            [1, 0, 13, 0.01923076994717121],
            [1, 0, 16, 0.03846153989434242],
            [1, 1, 3, 0.03846153989434242],
            [1, 1, 8, 0.01923076994717121],
            [1, 1, 10, 0.01923076994717121],
            [1, 1, 13, 0.01923076994717121],
            [1, 2, 4, 0.01923076994717121],
            [1, 2, 10, 0.01923076994717121],
            [1, 2, 14, 0.01923076994717121],
            [1, 2, 17, 0.01923076994717121],
            [1, 3, 13, 0.01923076994717121],
            [1, 3, 15, 0.03846153989434242],
            [1, 4, 2, 0.01923076994717121],
            [1, 4, 10, 0.01923076994717121],
            [1, 4, 11, 0.01923076994717121],
            [1, 6, 11, 0.01923076994717121],
            [1, 6, 15, 0.01923076994717121],
            [1, 7, 3, 0.01923076994717121],
            [1, 7, 6, 0.01923076994717121],
            [1, 7, 11, 0.01923076994717121],
            [1, 7, 13, 0.01923076994717121],
            [1, 8, 4, 0.01923076994717121],
            [1, 8, 6, 0.01923076994717121],
            [1, 8, 11, 0.01923076994717121],
            [1, 9, 6, 0.01923076994717121],
            [1, 9, 11, 0.01923076994717121],
            [1, 9, 13, 0.01923076994717121],
            [1, 9, 14, 0.01923076994717121],
            [1, 10, 10, 0.01923076994717121],
            [1, 10, 11, 0.01923076994717121],
            [1, 10, 17, 0.01923076994717121],
            [1, 11, 15, 0.03846153989434242],
            [1, 11, 16, 0.01923076994717121],
            [1, 12, 16, 0.01923076994717121],
            [1, 13, 1, 0.01923076994717121],
            [1, 13, 5, 0.01923076994717121],
            [1, 13, 12, 0.01923076994717121],
            [1, 14, 5, 0.01923076994717121],
            [1, 14, 7, 0.03846153989434242],
            [1, 14, 13, 0.01923076994717121],
            [1, 15, 2, 0.01923076994717121],
            [1, 15, 7, 0.01923076994717121],
            [1, 15, 9, 0.01923076994717121],
            [1, 15, 11, 0.01923076994717121],
            [1, 16, 5, 0.01923076994717121],
            [1, 17, 4, 0.01923076994717121],
            [1, 17, 10, 0.01923076994717121],
            [2, 0, 3, 0.019999999552965164],
            [2, 0, 14, 0.019999999552965164],
            [2, 1, 8, 0.019999999552965164],
            [2, 1, 13, 0.019999999552965164],
            [2, 2, 11, 0.019999999552965164],
            [2, 2, 12, 0.019999999552965164],
            [2, 2, 14, 0.019999999552965164],
            [2, 3, 11, 0.019999999552965164],
            [2, 3, 14, 0.019999999552965164],
            [2, 4, 6, 0.019999999552965164],
            [2, 4, 14, 0.019999999552965164],
            [2, 5, 2, 0.019999999552965164],
            [2, 5, 8, 0.019999999552965164],
            [2, 5, 11, 0.019999999552965164],
            [2, 5, 13, 0.019999999552965164],
            [2, 5, 16, 0.03999999910593033],
            [2, 6, 0, 0.019999999552965164],
            [2, 6, 5, 0.019999999552965164],
            [2, 6, 14, 0.019999999552965164],
            [2, 7, 6, 0.019999999552965164],
            [2, 7, 8, 0.019999999552965164],
            [2, 7, 12, 0.019999999552965164],
            [2, 8, 2, 0.019999999552965164],
            [2, 8, 10, 0.019999999552965164],
            [2, 8, 11, 0.019999999552965164],
            [2, 9, 17, 0.019999999552965164],
            [2, 10, 17, 0.019999999552965164],
            [2, 11, 3, 0.019999999552965164],
            [2, 11, 9, 0.03999999910593033],
            [2, 11, 10, 0.019999999552965164],
            [2, 11, 12, 0.03999999910593033],
            [2, 12, 1, 0.019999999552965164],
            [2, 12, 7, 0.019999999552965164],
            [2, 12, 9, 0.019999999552965164],
            [2, 12, 10, 0.019999999552965164],
            [2, 12, 13, 0.019999999552965164],
            [2, 13, 9, 0.019999999552965164],
            [2, 14, 6, 0.019999999552965164],
            [2, 14, 12, 0.019999999552965164],
            [2, 14, 14, 0.03999999910593033],
            [2, 15, 1, 0.019999999552965164],
            [2, 16, 3, 0.019999999552965164],
            [2, 16, 10, 0.019999999552965164],
            [2, 17, 1, 0.03999999910593033],
            [2, 17, 15, 0.019999999552965164],
            [3, 0, 12, 0.02083333395421505],
            [3, 1, 9, 0.0416666679084301],
            [3, 1, 13, 0.0416666679084301],
            [3, 1, 14, 0.02083333395421505],
            [3, 1, 17, 0.02083333395421505],
            [3, 2, 0, 0.02083333395421505],
            [3, 2, 5, 0.02083333395421505],
            [3, 2, 8, 0.02083333395421505],
            [3, 3, 1, 0.02083333395421505],
            [3, 3, 4, 0.02083333395421505],
            [3, 4, 7, 0.02083333395421505],
            [3, 4, 8, 0.0416666679084301],
            [3, 5, 10, 0.02083333395421505],
            [3, 5, 12, 0.02083333395421505],
            [3, 6, 7, 0.02083333395421505],
            [3, 6, 8, 0.02083333395421505],
            [3, 6, 13, 0.02083333395421505],
            [3, 7, 4, 0.02083333395421505],
            [3, 7, 5, 0.02083333395421505],
            [3, 8, 13, 0.0416666679084301],
            [3, 9, 6, 0.02083333395421505],
            [3, 10, 8, 0.02083333395421505],
            [3, 10, 9, 0.02083333395421505],
            [3, 10, 10, 0.02083333395421505],
            [3, 10, 16, 0.02083333395421505],
            [3, 11, 5, 0.0416666679084301],
            [3, 12, 0, 0.02083333395421505],
            [3, 12, 14, 0.02083333395421505],
            [3, 13, 3, 0.02083333395421505],
            [3, 13, 5, 0.02083333395421505],
            [3, 14, 1, 0.02083333395421505],
            [3, 14, 5, 0.0416666679084301],
            [3, 14, 14, 0.02083333395421505],
            [3, 15, 1, 0.02083333395421505],
            [3, 15, 2, 0.02083333395421505],
            [3, 15, 13, 0.02083333395421505],
