{
    "train_f1": 4.136198997497559,
    "train_prob": 35.69768142700195,
    "train_cov": 81.25,
    "valid_f1": 21.92026710510254,
    "valid_prob": 64.25042724609375,
    "valid_cov": 100.0,
    "len": 184,
    "binary_grammar": {
        "num_nt": 4,
        "num_pt": 14,
        "num_rhs": 324,
        "rule_probs": [
            [0, 0, 3, 0.01785714365541935],
            [0, 0, 6, 0.01785714365541935],
            [0, 0, 7, 0.01785714365541935],
            [0, 0, 14, 0.01785714365541935],
            [0, 0, 15, 0.01785714365541935],
            [0, 0, 17, 0.01785714365541935],
            [0, 1, 0, 0.01785714365541935],
            [0, 1, 17, 0.0357142873108387],
            [0, 2, 1, 0.01785714365541935],
            [0, 2, 10, 0.01785714365541935],
            [0, 2, 14, 0.01785714365541935],
            [0, 3, 0, 0.01785714365541935],
            [0, 3, 5, 0.01785714365541935],
            [0, 3, 6, 0.01785714365541935],
            [0, 3, 7, 0.01785714365541935],
            [0, 3, 11, 0.01785714365541935],
            [0, 4, 2, 0.01785714365541935],
            [0, 4, 13, 0.01785714365541935],
            [0, 4, 14, 0.01785714365541935],
            [0, 4, 16, 0.01785714365541935],
            [0, 4, 17, 0.01785714365541935],
            [0, 5, 14, 0.01785714365541935],
            [0, 5, 16, 0.01785714365541935],
            [0, 6, 1, 0.01785714365541935],
            [0, 7, 6, 0.01785714365541935],
            [0, 7, 12, 0.01785714365541935],
            [0, 8, 1, 0.01785714365541935],
            [0, 8, 9, 0.0357142873108387],
            [0, 9, 7, 0.01785714365541935],
            [0, 9, 9, 0.01785714365541935],
            [0, 10, 6, 0.01785714365541935],
            [0, 10, 10, 0.01785714365541935],
            [0, 10, 14, 0.01785714365541935],
            [0, 10, 17, 0.01785714365541935],
            [0, 11, 2, 0.01785714365541935],
            [0, 11, 13, 0.01785714365541935],
            [0, 12, 0, 0.01785714365541935],
            [0, 12, 7, 0.01785714365541935],
            [0, 12, 9, 0.01785714365541935],
            [0, 12, 15, 0.01785714365541935],
            [0, 13, 7, 0.01785714365541935],
            [0, 13, 9, 0.0357142873108387],
            [0, 13, 15, 0.01785714365541935],
            [0, 14, 10, 0.01785714365541935],
            [0, 14, 11, 0.01785714365541935],
            [0, 14, 14, 0.01785714365541935],
            [0, 15, 3, 0.01785714365541935],
            [0, 15, 10, 0.01785714365541935],
            [0, 15, 11, 0.01785714365541935],
            [0, 16, 6, 0.01785714365541935],
            [0, 16, 17, 0.01785714365541935],
            [0, 17, 8, 0.01785714365541935],
            [0, 17, 13, 0.01785714365541935],
            [1, 0, 16, 0.01923076994717121],
            [1, 1, 2, 0.01923076994717121],
            [1, 1, 3, 0.01923076994717121],
            [1, 1, 8, 0.01923076994717121],
            [1, 1, 9, 0.01923076994717121],
            [1, 1, 15, 0.01923076994717121],
            [1, 3, 2, 0.01923076994717121],
            [1, 3, 11, 0.01923076994717121],
            [1, 4, 0, 0.01923076994717121],
            [1, 5, 0, 0.01923076994717121],
            [1, 5, 5, 0.01923076994717121],
            [1, 5, 7, 0.01923076994717121],
            [1, 5, 13, 0.01923076994717121],
            [1, 5, 14, 0.01923076994717121],
            [1, 5, 15, 0.01923076994717121],
            [1, 6, 4, 0.01923076994717121],
            [1, 6, 5, 0.01923076994717121],
            [1, 6, 13, 0.03846153989434242],
            [1, 6, 15, 0.01923076994717121],
            [1, 6, 17, 0.01923076994717121],
            [1, 7, 14, 0.03846153989434242],
            [1, 8, 4, 0.03846153989434242],
            [1, 8, 10, 0.01923076994717121],
            [1, 8, 17, 0.01923076994717121],
            [1, 9, 5, 0.01923076994717121],
            [1, 10, 12, 0.01923076994717121],
            [1, 11, 7, 0.01923076994717121],
            [1, 11, 8, 0.01923076994717121],
            [1, 11, 13, 0.01923076994717121],
            [1, 13, 3, 0.01923076994717121],
            [1, 13, 4, 0.01923076994717121],
            [1, 13, 13, 0.01923076994717121],
            [1, 13, 15, 0.01923076994717121],
            [1, 14, 0, 0.01923076994717121],
            [1, 14, 8, 0.01923076994717121],
            [1, 14, 13, 0.01923076994717121],
            [1, 14, 17, 0.01923076994717121],
            [1, 15, 0, 0.01923076994717121],
            [1, 15, 1, 0.01923076994717121],
            [1, 15, 9, 0.01923076994717121],
            [1, 15, 14, 0.03846153989434242],
            [1, 16, 3, 0.01923076994717121],
            [1, 16, 6, 0.01923076994717121],
            [1, 16, 10, 0.01923076994717121],
            [1, 16, 12, 0.01923076994717121],
            [1, 16, 14, 0.01923076994717121],
            [1, 17, 1, 0.01923076994717121],
            [1, 17, 4, 0.01923076994717121],
            [2, 0, 9, 0.021276595070958138],
            [2, 0, 16, 0.021276595070958138],
            [2, 0, 17, 0.021276595070958138],
            [2, 1, 6, 0.021276595070958138],
            [2, 1, 10, 0.021276595070958138],
            [2, 2, 8, 0.021276595070958138],
            [2, 2, 13, 0.021276595070958138],
            [2, 2, 17, 0.021276595070958138],
            [2, 3, 3, 0.021276595070958138],
            [2, 3, 9, 0.021276595070958138],
            [2, 3, 11, 0.021276595070958138],
            [2, 3, 17, 0.021276595070958138],
            [2, 4, 0, 0.021276595070958138],
            [2, 4, 9, 0.021276595070958138],
            [2, 4, 12, 0.021276595070958138],
            [2, 6, 2, 0.021276595070958138],
            [2, 6, 16, 0.021276595070958138],
            [2, 8, 10, 0.021276595070958138],
            [2, 8, 14, 0.021276595070958138],
            [2, 9, 1, 0.021276595070958138],
            [2, 9, 2, 0.021276595070958138],
            [2, 9, 3, 0.042553190141916275],
            [2, 9, 6, 0.042553190141916275],
            [2, 9, 15, 0.021276595070958138],
            [2, 10, 0, 0.021276595070958138],
            [2, 10, 15, 0.021276595070958138],
            [2, 10, 16, 0.021276595070958138],
            [2, 11, 2, 0.021276595070958138],
            [2, 11, 7, 0.021276595070958138],
            [2, 12, 5, 0.042553190141916275],
            [2, 12, 9, 0.021276595070958138],
            [2, 12, 16, 0.021276595070958138],
            [2, 13, 0, 0.021276595070958138],
            [2, 14, 9, 0.021276595070958138],
            [2, 14, 13, 0.021276595070958138],
            [2, 15, 3, 0.021276595070958138],
            [2, 15, 7, 0.021276595070958138],
            [2, 16, 1, 0.042553190141916275],
            [2, 16, 2, 0.021276595070958138],
            [2, 16, 11, 0.021276595070958138],
            [2, 16, 14, 0.021276595070958138],
            [2, 17, 0, 0.021276595070958138],
            [2, 17, 5, 0.021276595070958138],
            [3, 0, 9, 0.02222222276031971],
            [3, 1, 8, 0.02222222276031971],
            [3, 2, 3, 0.02222222276031971],
            [3, 2, 7, 0.02222222276031971],
            [3, 2, 12, 0.02222222276031971],
            [3, 3, 0, 0.02222222276031971],
            [3, 4, 1, 0.02222222276031971],
            [3, 4, 3, 0.02222222276031971],
            [3, 5, 4, 0.02222222276031971],
            [3, 5, 6, 0.02222222276031971],
            [3, 5, 7, 0.02222222276031971],
            [3, 5, 12, 0.02222222276031971],
            [3, 5, 17, 0.02222222276031971],
            [3, 6, 7, 0.02222222276031971],
            [3, 6, 16, 0.02222222276031971],
            [3, 7, 0, 0.04444444552063942],
            [3, 7, 10, 0.02222222276031971],
            [3, 7, 15, 0.02222222276031971],
            [3, 7, 16, 0.02222222276031971],
            [3, 8, 7, 0.02222222276031971],
            [3, 8, 9, 0.02222222276031971],
            [3, 9, 4, 0.02222222276031971],
            [3, 10, 2, 0.02222222276031971],
            [3, 10, 13, 0.02222222276031971],
            [3, 11, 7, 0.02222222276031971],
            [3, 11, 13, 0.02222222276031971],
